YEAR,Begin_Date,BDD,BDD_Losses,Hail_Pop_PPH_Sum,Torn_Pop_PPH_Sum,Wind_Pop_PPH_Sum,All_Pop_PPH_Sum,Hail_Building_PPH_Sum,Torn_Building_PPH_Sum,Wind_Building_PPH_Sum,All_Building_PPH_Sum,Num_Hail,Num_Wind,Num_Torn,cat_risk,torn_prob,wind_prob,hail_prob,centroid_lat,centroid_lat_center,spread_lat,centroid_lon,centroid_lon_center,spread_lon,abs_days_from_may15,abs_days_from_july1
2015,20150102,0.0,0.0,0.0,0.0,0.0,0.0,0.0,0.0,0.0,0.0,0.0,7.0,0.0,1.0,0.0,0.0,0.0,37.129165780991315,-7.105427357601002e-15,0.0,-92.98214305533645,-1.4210854715202004e-14,0.0,133,180
2015,20150103,0.0,0.0,0.0,190618.8186,487308.7178,677927.5364000001,0.0,44268821.7202796,109677343.32962815,153946165.04990777,0.0,40.0,17.0,2.0,2.0,5.0,0.0,32.547867272727274,-4.581298508264048,0.9489887844348665,-89.88606727272727,3.0960757826091623,2.415600167894367,132,179
2015,20150104,0.0,0.0,0.0,157329.2327,495181.1803999999,652510.4131,0.0,31345911.151653543,87586406.04611395,118932317.1977675,0.0,51.0,11.0,3.0,5.0,15.0,5.0,32.79025,-4.3389157809913215,2.255173908081072,-82.62808666666666,10.354056388669775,3.029191166965698,131,178
2015,20150118,0.0,0.0,0.0,27320.8338,0.0,27320.8338,0.0,5532134.52401226,0.0,5532134.52401226,0.0,34.0,1.0,1.0,0.0,0.0,0.0,47.33,10.200834219008676,0.0,-122.59,-29.607856944663567,0.0,117,164
2015,20150123,0.0,0.0,0.0,0.0,0.0,0.0,0.0,0.0,0.0,0.0,0.0,5.0,0.0,1.0,0.0,0.0,0.0,37.129165780991315,-7.105427357601002e-15,0.0,-92.98214305533645,-1.4210854715202004e-14,0.0,112,159
2015,20150125,0.0,0.0,0.0,0.0,112362.1358,112362.1358,0.0,0.0,24092196.354304656,24092196.354304656,0.0,7.0,0.0,1.0,0.0,0.0,0.0,33.3195,-3.809665780991324,0.20143524021382228,-87.00923333333333,5.972909722003109,0.47462105586106357,110,157
2015,20150201,0.0,0.0,16788.026400000002,0.0,132534.1031,149322.1295,4060947.2511562207,0.0,31791326.653023027,35852273.904179245,2.0,23.0,0.0,1.0,0.0,0.0,0.0,32.40173125,-4.727434530991324,0.39409358570226166,-90.2758375,2.706305555336442,1.0789561102442162,103,150
2015,20150202,0.0,0.0,0.0,0.0,325439.8164,325439.8164,0.0,0.0,53934607.01537366,53934607.01537366,0.0,71.0,0.0,2.0,2.0,5.0,0.0,36.92923076923077,-0.19993501176055162,0.18616576567052373,-76.51384615384616,16.468296901490277,0.2596644777894019,102,149
2015,20150204,0.0,0.0,0.0,0.0,0.0,0.0,0.0,0.0,0.0,0.0,0.0,1.0,0.0,0.0,0.0,0.0,0.0,37.129165780991315,-7.105427357601002e-15,0.0,-92.98214305533645,-1.4210854715202004e-14,0.0,100,147
2015,20150205,0.0,0.0,0.0,64623.3915,126639.3282,191262.7197,0.0,9315708.724987216,20840320.13360099,30156028.858588208,0.0,40.0,2.0,1.0,0.0,0.0,0.0,26.797866666666668,-10.331299114324654,0.4922572931574155,-80.83563333333333,12.146509722003103,1.025493305032589,99,146
2015,20150206,0.0,0.0,0.0,0.0,0.0,0.0,0.0,0.0,0.0,0.0,0.0,88.0,0.0,1.0,0.0,0.0,0.0,37.129165780991315,-7.105427357601002e-15,0.0,-92.98214305533645,-1.4210854715202004e-14,0.0,98,145
2015,20150223,0.0,0.0,0.0,25398.6097,0.0,25398.6097,0.0,3889822.40578524,0.0,3889822.40578524,0.0,1.0,1.0,1.0,0.0,0.0,0.0,35.48,-1.649165780991325,0.0,-119.79,-26.80785694466357,0.0,81,128
2015,20150225,0.0,0.0,0.0,0.0,161530.32640000002,161530.32640000002,0.0,0.0,30713858.60904832,30713858.60904832,0.0,13.0,0.0,1.0,0.0,0.0,0.0,30.336176923076923,-6.792988857914398,0.16142612941035972,-83.67116153846155,9.31098151687489,0.4004965824624577,79,126
2015,20150311,0.0,0.0,41817.4091,0.0,69446.4553,111263.8644,8003224.314388628,0.0,13145652.986600356,21148877.300988983,3.0,4.0,0.0,2.0,0.0,5.0,0.0,35.614285714285714,-1.514880066705608,0.13327379623130867,-76.79857142857144,16.183571626765,0.3742739002134029,65,112
2015,20150318,0.0,0.0,10307.368,0.0,20805.113199999996,31112.481199999995,2396379.130879166,0.0,4809632.253557092,7206011.384436257,1.0,4.0,0.0,2.0,0.0,0.0,5.0,31.751633333333334,-5.3775324476579875,0.02758628886481967,-89.26803333333334,3.7141097220031014,0.20231560328687764,58,105
2015,20150319,0.0,0.0,48902.58210000001,0.0,0.0,48902.58210000001,9626230.482774343,0.0,0.0,9626230.482774343,5.0,0.0,0.0,1.0,0.0,0.0,0.0,33.874,-3.2551657809913195,0.2526459973955647,-101.338,-8.355856944663557,2.935407978458875,57,104
2015,20150322,0.0,0.0,20699.5411,0.0,0.0,20699.5411,4682946.479291533,0.0,0.0,4682946.479291533,2.0,0.0,0.0,2.0,2.0,5.0,0.0,31.66,-5.469165780991322,0.014142135623733162,-88.4,4.582143055336431,0.3535533905932738,54,101
2015,20150323,0.0,0.0,82541.0383,0.0,10209.321200000002,92750.3595,16077315.891205853,0.0,1945372.9471299113,18022688.838335764,4.0,6.0,0.0,2.0,2.0,5.0,0.0,35.815999999999995,-1.3131657809913264,5.909067608345666,-93.124,-0.1418569446635587,12.944206426042504,53,100
2015,20150324,0.0,0.0,1154528.8264,9299.309,0.0,1163828.1353999998,291355502.8778015,2500934.989990542,0.0,293856437.867792,89.0,10.0,1.0,2.0,0.0,0.0,5.0,37.37583777777778,0.24667199678646057,0.8995046185437426,-93.58803222222221,-0.605889166885774,1.0785579056853418,52,99
2015,20150325,0.0,0.0,2643610.0505999997,156274.9613,748789.8354,3548674.8472999996,652898444.1045657,39240800.18420786,183438941.81122932,875578186.1000029,205.0,59.0,12.0,4.0,2.0,15.0,30.0,36.05457426470588,-1.0745915162854445,0.9950251684774162,-95.16584007352941,-2.183697018192973,2.086336898683639,51,98
2015,20150326,0.0,0.0,283570.6614,0.0,230771.6793,514342.3407,37249461.70819119,0.0,33705547.98358779,70955009.69177899,16.0,8.0,0.0,5.0,5.0,30.0,45.0,31.31646956521739,-5.812696215773933,4.0798542667193365,-90.29499565217392,2.6871474031625127,7.941139845792597,50,97
2015,20150327,0.0,0.0,0.0,0.0,191732.20279999997,191732.20279999997,0.0,0.0,27842286.402805556,27842286.402805556,0.0,6.0,0.0,2.0,2.0,5.0,0.0,26.36315,-10.76601578099132,0.337481743209911,-80.2682,12.713943055336443,0.2310550064378609,49,96
2015,20150328,0.0,0.0,0.0,0.0,6530.9657,6530.9657,0.0,0.0,3429545.3054386415,3429545.3054386415,0.0,84.0,0.0,2.0,0.0,5.0,0.0,46.1515375,9.022371719008682,1.9068219026413689,-102.770425,-9.788281944663566,0.639270355841056,48,95
2015,20150329,0.0,0.0,10508.2699,0.0,0.0,10508.2699,2505935.7427560063,0.0,0.0,2505935.7427560063,1.0,13.0,0.0,1.0,0.0,0.0,0.0,34.37,-2.7591657809913244,0.0,-90.63,2.352143055336441,0.0,47,94
2015,20150330,0.0,0.0,23925.752300000004,0.0,0.0,23925.752300000004,5692572.16611967,0.0,0.0,5692572.16611967,3.0,0.0,0.0,1.0,0.0,0.0,0.0,32.233333333333334,-4.8958324476579875,1.4443106775667527,-88.56666666666666,4.415476388669774,2.9915937781278545,46,93
2015,20150331,0.0,0.0,3352966.1542,0.0,591750.393,3944716.5472,729727635.2834918,0.0,126733404.32190162,856461039.6053934,195.0,52.0,0.0,2.0,0.0,5.0,5.0,34.35145,-2.777715780991322,1.0407124674747819,-90.8326656779661,2.1494773773703315,5.200984185738928,45,92
2015,20150401,0.0,0.0,955712.1925,0.0,226160.5542,1181872.7467,208429941.54526836,0.0,52287722.859533966,260717664.40480232,70.0,31.0,0.0,3.0,0.0,15.0,15.0,37.069452222222225,-0.05971355876909712,3.8858910277569234,-96.46406555555556,-3.4819225002191274,2.363683391846325,44,91
2015,20150402,0.0,0.0,1385042.0178000005,213698.54149999996,1054526.4523,2653267.0116000003,343225143.62188864,54112521.60342088,259344204.78282657,656681870.008136,108.0,109.0,16.0,3.0,0.0,15.0,15.0,37.71740807174888,0.588242290757556,0.9075209766157599,-94.44515605381166,-1.4630129984752216,4.87729437768714,43,90
2015,20150403,0.0,0.0,736985.2434,127630.2889,1569998.257,2434613.7893000003,179217605.68932876,27035549.63952681,355315505.1389734,561568660.467829,49.0,78.0,5.0,4.0,5.0,30.0,30.0,36.10645877862596,-1.0227070023653653,1.1464830223084719,-88.76495190839694,4.2171911469394985,3.93321618804512,42,89
2015,20150406,0.0,0.0,0.0,0.0,0.0,0.0,0.0,0.0,0.0,0.0,0.0,0.0,0.0,0.0,0.0,0.0,0.0,37.129165780991315,-7.105427357601002e-15,0.0,-92.98214305533645,-1.4210854715202004e-14,0.0,39,86
2015,20150407,1.0,2069.0,1226413.2406,196267.8609,729334.2455,2152015.347,299273074.4036084,48188886.348572224,161988323.72128752,509450284.47346807,79.0,33.0,11.0,2.0,0.0,5.0,5.0,38.33493305785124,1.2057672768599161,2.320290918519646,-90.55550495867769,2.426638096658749,6.766476077654841,38,85
2015,20150408,1.0,2069.0,5792070.174699999,52386.3441,1254151.4608,7098607.979599999,1338501596.0673437,13678447.826590296,295765932.6652914,1647945976.559225,291.0,85.0,8.0,2.0,2.0,5.0,5.0,38.49431815718157,1.3651523761902453,1.8338477281598378,-90.70799918699187,2.2741438683445665,6.221061764964624,37,84
2015,20150409,1.0,2069.0,5862968.0132,907004.9091,3463742.4672999997,10233715.3896,1325986368.042709,192690779.77290344,780184488.930172,2298861636.7457848,239.0,129.0,27.0,4.0,10.0,15.0,30.0,39.29579088607595,2.166625105084627,2.5893440959196776,-87.28069696202532,5.7014460933111195,4.820516853040507,36,83
2015,20150410,0.0,0.0,276890.65520000004,0.0,1428305.0458,1705195.701,55809190.00092484,0.0,303972242.7675904,359781432.7685152,10.0,63.0,0.0,4.0,5.0,30.0,15.0,36.93640322580645,-0.19276255518487062,2.3622934173860557,-84.52821129032257,8.453931765013863,3.724999054289887,35,82
2015,20150411,0.0,0.0,70245.4016,3704.3345,0.0,73949.7361,20040551.53010579,1105991.8427484632,0.0,21146543.37285425,30.0,4.0,2.0,3.0,2.0,15.0,15.0,36.152634375,-0.9765314059913237,1.0964245265081536,-101.247875,-8.265731944663557,0.6294780095572275,34,81
2015,20150412,0.0,0.0,338998.79630000005,7755.690199999999,210014.6992,556769.1857,99556562.57497507,2382089.315189866,25738855.163901266,127677507.0540662,55.0,25.0,2.0,3.0,2.0,5.0,15.0,37.18622195121951,0.05705617022818643,5.1158185191854315,-98.40365365853658,-5.421510603200147,2.8259737811333454,33,80
2015,20150413,0.0,0.0,306627.4741,47679.159499999994,59200.5029,413507.1365,50923124.34748806,10558112.36228187,10138755.387271984,71619992.09704192,19.0,4.0,4.0,3.0,0.0,15.0,15.0,30.561230769230768,-6.567935011760554,1.8174222254103152,-95.96372692307692,-2.9815838677404827,5.11369341150271,32,79
2015,20150414,0.0,0.0,12991.6198,9697.2709,233724.6695,256413.5602,1323205.972324453,2513665.935646615,36070048.45746231,39906920.36543338,1.0,51.0,1.0,3.0,2.0,15.0,15.0,30.2054,-6.923765780991321,4.393328031458611,-94.58989375,-1.6077506946635651,10.41786895050799,31,78
2015,20150415,0.0,0.0,441749.11650000006,0.0,261384.7386,703133.8551,101853941.21468778,0.0,56632653.26483531,158486594.4795231,42.0,27.0,0.0,2.0,0.0,5.0,5.0,33.8049265625,-3.3242392184913214,3.5772059033549506,-91.9587328125,1.0234102428364338,6.031559286430967,30,77
2015,20150416,0.0,0.0,1511526.5591,69166.6932,671421.4074,2252114.6597,305128887.7085575,14215579.451867243,119906744.40658742,439251211.56701213,156.0,31.0,12.0,3.0,2.0,5.0,15.0,33.82829035532995,-3.300875425661374,3.124269303954285,-98.82398730964466,-5.841844254308228,2.687703153686818,29,76
2015,20150417,0.0,0.0,509345.5793,13705.257200000002,945345.2889,1468396.1254,94420467.76871713,3412642.363298538,153198973.3713472,251032083.50336283,45.0,36.0,4.0,4.0,5.0,15.0,30.0,32.083217647058824,-5.045948133932498,4.14466984236198,-97.90551058823529,-4.923367532898851,2.564692574170553,28,75
2015,20150418,1.0,1707.6,1774280.9579000005,56553.50740000001,1412531.7236,3243366.1889000004,344823641.9940214,11118908.806583986,250056458.61389512,605999009.4145005,132.0,48.0,4.0,4.0,5.0,30.0,30.0,34.12888152173913,-3.00028425925219,3.28845307585735,-98.03882826086956,-5.056685205533128,1.7075973960702209,27,74
2015,20150419,1.0,1707.6,3184437.5159,463455.1726000001,3574619.8304999997,7222512.518999999,652880041.3844358,93044625.94449352,719743376.4245045,1465668043.7534337,186.0,206.0,25.0,3.0,5.0,15.0,15.0,32.98319705159705,-4.145968729394269,2.0683170492689724,-88.42337862407862,4.5587644312578135,5.607469298362575,26,73
2015,20150420,1.0,1707.6,4175662.5102,89299.9927,2465512.4687,6730474.9716,770732933.2701008,17248613.512395274,472992081.052894,1260973627.83539,111.0,120.0,3.0,4.0,5.0,30.0,30.0,34.69123041474654,-2.43793536624478,3.361570324184965,-82.43148847926268,10.550654576073754,3.182165515256405,25,72
2015,20150421,0.0,0.0,158381.31579999998,24178.095900000004,60750.5748,243309.9865,40485409.93214545,2941007.8216885566,15692471.757507812,59118889.51134181,13.0,10.0,1.0,4.0,2.0,30.0,30.0,37.0255,-0.10366578099132084,1.0336927926002404,-94.88250000000001,-1.9003569446635709,5.33103611436197,24,71
2015,20150422,0.0,0.0,500753.7898,15663.9255,2328322.8040000005,2844740.5193000007,102278032.7785937,4052061.162230255,333592636.5260509,439922730.4668749,48.0,58.0,4.0,2.0,0.0,5.0,5.0,34.23435192307692,-2.8948138579144,3.601785826448865,-92.95517403846155,0.02696901687488662,9.781766136814904,23,70
2015,20150423,0.0,0.0,60631.5273,39619.5133,40161.6076,140412.6482,15184223.644968782,6472932.240159837,7962343.729753526,29619499.61488214,22.0,6.0,3.0,4.0,5.0,15.0,30.0,38.64462413793103,1.5154583569397104,5.270481737310655,-103.51983103448276,-10.537687979146327,12.604943857389094,22,69
2015,20150424,1.0,1255.8,754906.3417999999,259140.4095,1596022.6135000002,2610069.3648,155694933.88553685,51962279.61234798,285676640.9980975,493333854.4959823,81.0,107.0,24.0,3.0,5.0,15.0,15.0,34.04353103448276,-3.0856347465085605,4.260690284980492,-96.87057733990149,-3.888434284565051,3.193946603253479,21,68
2015,20150425,1.0,1255.8,2031514.4521,131916.2839,3699328.1384,5862758.874399999,437286943.57389754,30751030.671268724,746445682.7334006,1214483656.978567,102.0,248.0,10.0,4.0,10.0,30.0,30.0,33.11118571428572,-4.017980066705604,2.94974294031271,-86.47995210084034,6.5021909544961005,5.419165813622637,20,67
2015,20150426,0.0,0.0,1319464.0084,522607.2248,519678.9073,2361750.1404999997,244056655.74155164,91564405.58128504,90109742.86651208,425730804.1893488,87.0,20.0,19.0,4.0,5.0,30.0,30.0,32.3439008,-4.785264980991322,1.3580832587366072,-98.50872,-5.52657694466356,2.480719997364187,19,66
2015,20150427,0.0,0.0,793317.2255,80991.88150000002,1875742.2948,2750051.4017999996,133508630.46711835,17017433.181423467,348430505.3450278,498956568.9935696,31.0,88.0,6.0,4.0,10.0,30.0,30.0,30.1727552,-6.956410580991321,1.4549295542449765,-92.4174744,0.5646686553364333,4.792487844296161,18,65
2015,20150428,0.0,0.0,29390.2767,0.0,0.0,29390.2767,5197689.816221278,0.0,0.0,5197689.816221278,1.0,3.0,0.0,4.0,5.0,30.0,15.0,26.88,-10.249165780991323,0.0,-82.28,10.702143055336435,0.0,17,64
2015,20150430,0.0,0.0,14286.4772,0.0,0.0,14286.4772,2923826.7251689737,0.0,0.0,2923826.7251689737,2.0,0.0,0.0,2.0,2.0,5.0,5.0,40.64,3.5108342190086788,0.014142135623728137,-103.185,-10.202856944663566,0.035355339059330394,15,62
2015,20150501,0.0,0.0,86535.49870000001,0.0,0.0,86535.49870000001,16111872.256292038,0.0,0.0,16111872.256292038,7.0,1.0,0.0,1.0,0.0,0.0,0.0,39.544285714285714,2.415119933294392,1.5080324614416976,-103.81000000000002,-10.82785694466358,2.567008635227644,14,61
2015,20150502,0.0,0.0,75876.63119999999,0.0,61642.365300000005,137518.9965,23696918.266355675,0.0,12261214.151919777,35958132.418275446,15.0,6.0,0.0,2.0,0.0,0.0,5.0,41.91414761904762,4.7849818380562965,3.1932059043567866,-99.11702857142858,-6.13488551609214,3.647494887747327,13,60
2015,20150503,0.0,0.0,1228872.9286999998,18071.4377,196926.5577,1443870.9240999997,322327471.827654,5344582.274627594,54257401.68506751,381929455.7873491,79.0,15.0,2.0,2.0,0.0,5.0,5.0,42.74204526315789,5.612879482166569,2.8018902672549406,-94.06371157894738,-1.0815685236109402,3.1457285688544454,12,59
2015,20150504,0.0,0.0,558773.0733,3976.7033999999994,55323.0238,618072.8005,134312410.8708859,1489822.6027271638,13295805.187963566,149098038.66157666,57.0,5.0,3.0,3.0,2.0,15.0,15.0,36.64449692307692,-0.48466885791440006,3.7338236564951606,-97.77705538461538,-4.794912329278944,5.992571928125656,11,58
2015,20150505,0.0,0.0,244463.1473,20099.6662,86443.4737,351006.2872,56130222.440464765,5346149.983874024,20920311.595468976,82396684.01980776,17.0,11.0,6.0,3.0,2.0,15.0,15.0,35.44000882352941,-1.6891569574619112,3.49853646841488,-98.45352352941177,-5.471380474075332,6.821471531819919,10,57
2015,20150506,1.0,1691.9,949036.0464,436272.57,978214.7506,2363523.367,201486676.4716463,110962100.7953972,183664769.21426395,496113546.4813075,96.0,43.0,54.0,3.0,5.0,15.0,15.0,36.41675388601036,-0.7124118949809599,3.0310430775934236,-96.918603626943,-3.9364605716065597,5.724416884308072,9,56
2015,20150507,1.0,1691.9,1262016.4299,128526.6278,560114.0727000001,1950657.1304,248768565.73351207,23771167.751469567,113007526.07113533,385547259.55611694,88.0,36.0,10.0,3.0,5.0,15.0,15.0,35.8959,-1.2332657809913243,4.0773359631425885,-98.09319318181818,-5.111050126481743,5.275108101756809,8,55
2015,20150508,1.0,1691.9,543235.7494000001,124819.4278,702329.5142999999,1370384.6915,121653449.43407942,25253282.051919624,150252409.90348673,297159141.3894858,65.0,41.0,11.0,3.0,5.0,15.0,15.0,34.703994782608696,-2.425170998382626,2.2737815188769943,-98.66164956521739,-5.679506509880952,3.9989515879411552,7,54
2015,20150509,1.0,1691.9,1090024.5469,322368.65510000003,261600.97659999997,1673994.1786,212797291.14929295,63868400.19022904,54352652.10079169,331018343.4403137,96.0,20.0,31.0,5.0,10.0,30.0,45.0,35.53704726027397,-1.5921185207173494,2.9112414083483507,-99.61671369863014,-6.634570643293699,3.052188849732554,6,53
2015,20150510,1.0,1691.9,804790.1114999999,515356.6393,1874005.4973,3194152.2481000004,165660384.37431794,104649650.99461116,388018494.6327424,658328530.0016716,47.0,97.0,28.0,4.0,10.0,15.0,30.0,37.228375,0.09920921900867796,4.610696714082848,-93.17111453488371,-0.188971479547277,6.774549305280064,5,52
2015,20150511,0.0,0.0,698822.9677999999,42073.46440000001,6777347.4222,7518243.8544,133990072.39466745,8216253.811967448,1416919975.5406168,1559126301.7472515,29.0,229.0,3.0,4.0,5.0,15.0,30.0,37.749678927203064,0.6205131462117421,3.9864698077150225,-84.27212835249043,8.71001470284601,6.092557884157395,4,51
2015,20150512,0.0,0.0,211300.7003,0.0,434669.856,645970.5562999999,34837657.15993784,0.0,64569169.195027664,99406826.35496552,6.0,22.0,0.0,3.0,5.0,15.0,15.0,31.172778571428573,-5.956387209562749,4.981591837463138,-86.78909642857143,6.19304662676501,9.485529612831993,3,50
2015,20150513,0.0,0.0,17958.2621,38334.2631,24989.843900000003,81282.3691,4138669.156967673,5709777.56231715,4351211.069110213,14199657.788395034,4.0,2.0,3.0,2.0,2.0,5.0,5.0,31.298055555555557,-5.831110225435765,2.3033512091684543,-99.71367777777778,-6.731534722441339,1.4882213610362065,2,49
2015,20150514,0.0,0.0,156696.1482,10599.736,153064.45419999998,320360.3384,32737423.47924497,2744522.5795174856,27418130.431260407,62900076.49002286,20.0,13.0,1.0,3.0,5.0,15.0,15.0,34.278060606060606,-2.8511051749307157,3.2576571020193517,-101.88866969696969,-8.90652664163325,6.513491461453533,1,48
2015,20150515,0.0,0.0,451738.5922999999,134636.1682,529361.9895,1115736.75,93396203.66867228,21978491.93645798,112864905.11749645,228239600.7226267,61.0,41.0,12.0,3.0,2.0,15.0,15.0,37.876743859649125,0.7475780786578028,4.793307637821992,-98.62123596491229,-5.639092909575851,6.103075890162643,0,47
2015,20150516,0.0,0.0,612440.3418,635575.6817,2285413.1017000005,3533429.1252000006,128522744.08241317,166364280.50103155,438858799.7952422,733745824.3786869,69.0,120.0,62.0,4.0,5.0,30.0,30.0,36.83494578313253,-0.2942199978587894,3.803746989651459,-96.17058393574297,-3.1884408804065316,6.2409452531104295,1,46
2015,20150517,0.0,0.0,45726.241400000006,136057.88509999998,768321.9862,950106.1127,12806623.146053692,36439575.964246206,192321274.2765438,241567473.38684368,3.0,70.0,12.0,5.0,15.0,30.0,45.0,37.93967402597402,0.8105082449826995,3.75910459178087,-92.89938701298702,0.08275604234941625,2.1422194620330868,2,45
2015,20150518,0.0,0.0,342040.982,4405.9923,989936.9305,1336383.9048,60344885.55411872,962372.7849031464,160139481.58032095,221446739.9193428,26.0,38.0,2.0,4.0,5.0,15.0,30.0,35.56268615384615,-1.5664796271451706,4.314409110175059,-93.8026676923077,-0.8205246369712569,12.441209040210726,3,44
2015,20150519,0.0,0.0,794107.9855000001,710609.2172,1320183.3256,2824900.5283,143187931.786489,131503605.2944406,215553066.10287023,490244603.18379986,51.0,51.0,37.0,3.0,2.0,15.0,15.0,34.13979496402877,-2.9893708169625484,3.447196300615103,-94.26271870503598,-1.2805756496995429,9.467912720866057,4,43
2015,20150520,0.0,0.0,134602.0986,58939.7424,250034.2778,443576.11880000005,27216568.08275228,12306389.347315246,50365804.901282534,89888762.33135006,13.0,18.0,3.0,3.0,5.0,15.0,15.0,32.02486764705882,-5.104298133932502,2.216585412325383,-90.25855588235294,2.7235871729834997,8.631069289533128,5,42
2015,20150521,0.0,0.0,151496.0648,17860.911900000003,361985.82829999994,531342.8049999999,22754648.26061852,3469848.9734338825,65374696.74557288,91599193.97962528,7.0,19.0,1.0,3.0,2.0,15.0,15.0,33.231581481481484,-3.8975842995098375,4.609889409489213,-83.80152222222222,9.180620833114219,12.057189226519695,6,41
2015,20150522,0.0,0.0,202897.091,713.4513,2869.3046999999997,206479.847,32452086.929869324,217401.7197395636,597005.5311608387,33266494.180769727,9.0,2.0,1.0,3.0,2.0,15.0,15.0,31.100708333333333,-6.028457447657988,5.061266785096814,-94.74559166666667,-1.763448611330233,12.313832719009238,7,40
2015,20150523,0.0,0.0,84164.11679999999,481839.7697,603883.6956999999,1169887.5822,18231552.289950557,92071856.90456767,107696535.62677136,217999944.8212896,10.0,38.0,23.0,3.0,5.0,15.0,15.0,32.841322857142856,-4.287842923848466,4.024688876378383,-99.13409142857144,-6.151948373235001,5.810487152560485,8,39
2015,20150524,0.0,0.0,84133.4223,211522.0416,1236878.8071,1532534.2710000002,21416672.25047514,44006608.74467244,265641518.96807295,331064799.96322054,34.0,91.0,21.0,3.0,5.0,15.0,15.0,35.112070344827586,-2.0170954361637357,3.372325883531939,-95.2864220689655,-2.3042790136290705,4.88208573908889,9,38
2015,20150525,0.0,0.0,1054959.9018,681863.7006000001,3278148.2136999997,5014971.8160999995,238744019.57070935,130137605.77052334,647986202.0275773,1016867827.36881,89.0,179.0,35.0,3.0,5.0,15.0,15.0,34.43573531353135,-2.6934304674599687,4.0053749695787015,-95.4986402640264,-2.5164972086899695,3.8196368617004572,10,37
2015,20150526,0.0,0.0,1591396.7071,333478.4508,3670340.2202,5595215.3781,336503926.8571488,69633812.39626803,772396713.2786951,1178534452.532112,121.0,120.0,13.0,5.0,10.0,45.0,45.0,35.69519212598425,-1.4339736550070725,3.776363360667968,-92.06847086614172,0.9136721891947133,7.0787808571738555,11,36
2015,20150527,0.0,0.0,2247335.4446999994,58452.1508,5391417.379500001,7697204.975,504398506.85682994,15092505.703690045,932938142.2611768,1452429154.8216968,151.0,153.0,20.0,3.0,5.0,15.0,15.0,38.38986882716049,1.2607030461691693,4.5796322130625295,-89.6533712962963,3.328771759040137,11.477109877005796,12,35
2015,20150528,0.0,0.0,929000.2968,65849.28169999999,2648298.5732999993,3643148.151799999,186793093.5275374,16826888.05411679,438494403.7494496,642114385.3311038,108.0,122.0,14.0,3.0,5.0,15.0,15.0,38.31644362139918,1.1872778404078588,4.983683889842377,-92.81721934156378,0.16492371377265158,12.669253902249546,13,34
2015,20150529,0.0,0.0,243494.5901,77857.7797,680087.2251999999,1001439.595,57688368.93462381,19814879.66900513,147313881.08310303,224817129.68673196,32.0,58.0,7.0,3.0,5.0,15.0,15.0,37.84097319587629,0.7118074148849658,5.086627845318941,-98.67203917525772,-5.689896119921286,9.807430538378341,14,33
2015,20150530,0.0,0.0,506741.1223999999,28748.5342,2049758.0156000005,2585247.6722,104101710.93237396,6972389.318854461,445319636.7342971,556393736.9855255,30.0,89.0,1.0,3.0,2.0,15.0,15.0,39.17968235294118,2.0505165719498564,5.173887503422917,-91.77722016806723,1.2049228872692055,12.129392862036568,15,32
2015,20150531,0.0,0.0,789350.4018999999,32403.924,2652500.2486,3474254.5745,142907870.91472653,6796169.102593254,455058117.5657867,604762157.5831065,37.0,79.0,1.0,3.0,2.0,15.0,5.0,38.12881130434783,0.9996455233565058,4.912613340681974,-89.12218869565217,3.8599543596842665,14.944679518863484,16,31
2015,20150601,0.0,0.0,1563539.9065,38549.346399999995,2373183.594,3975272.8469,276520690.872575,6818133.754787759,398327471.9946499,681666296.6220126,92.0,92.0,1.0,3.0,2.0,15.0,15.0,39.48813945945946,2.358973678468139,5.510192115743508,-93.21424432432433,-0.23210126898788985,14.882334365067763,17,30
2015,20150602,0.0,0.0,518962.2114999999,853.7411000000001,570171.4626999999,1089987.4152999998,120789281.06200978,487934.5382256603,115036462.01846096,236313677.6186964,73.0,36.0,1.0,3.0,2.0,15.0,15.0,41.67925727272727,4.550091491735948,4.901378726018233,-96.03175272727273,-3.0496096719362953,9.823187179777118,18,29
2015,20150603,0.0,0.0,1394199.0357,11295.8369,589747.2297,1995242.1023,270901586.2704939,3597953.099231015,113206442.00821172,387705981.37793666,104.0,35.0,4.0,3.0,5.0,15.0,15.0,38.16747972027972,1.0383139392884004,3.9533719494251134,-97.78722447552447,-4.805081420188031,10.241674375970502,19,28
2015,20150604,0.0,0.0,1182217.0666,331864.49689999997,244251.9523,1758333.5158,248389520.51231453,59544429.30282067,57143428.07538681,365077377.890522,127.0,28.0,23.0,4.0,10.0,30.0,30.0,39.88073876404494,2.75157298305362,1.8192100540323104,-101.42776629213483,-8.445623236798397,4.37788286113996,20,27
2015,20150605,0.0,0.0,223830.9336,57864.7957,413120.1059,694815.8352,44132376.83641267,11578030.677026898,94050432.18148518,149760839.69492474,40.0,28.0,8.0,4.0,5.0,30.0,30.0,39.84571052631579,2.7165447453244695,3.3769085825383347,-100.73201842105263,-7.749875365716193,9.825353110542958,21,26
2015,20150606,0.0,0.0,114623.9636,1096.6323,126470.1232,242190.7191,33372894.57834765,273840.1679606968,37685404.704609774,71332139.45091811,26.0,15.0,1.0,3.0,5.0,15.0,15.0,41.13862142857143,4.009455647580111,2.5467320363829744,-99.41671428571429,-6.4345712303778555,6.674715617713755,22,25
2015,20150607,0.0,0.0,855478.5334,253793.061,1816449.8647,2925721.4591,201525809.330157,56945379.443702035,415441710.3669562,673912899.1408153,81.0,93.0,10.0,4.0,5.0,30.0,30.0,40.89577989130435,3.7666141103130286,3.2617515888564594,-93.41543152173912,-0.43328846640268637,4.893340819147409,23,24
2015,20150608,0.0,0.0,3550980.8224,66503.0055,7222555.0644,10840038.8923,738995985.3046117,10267658.705643866,1342432702.5991223,2091696346.609378,107.0,205.0,1.0,3.0,2.0,15.0,15.0,38.82299137380191,1.6938255928105903,2.6143517505857408,-84.30705591054313,8.67508714479331,5.318868657603033,24,23
2015,20150609,0.0,0.0,661014.3626999999,58255.7265,2988151.4947,3707421.5839,149602876.04527906,9606379.51732204,529128363.78508127,688337619.3476824,46.0,111.0,2.0,3.0,5.0,15.0,15.0,37.75072641509434,0.6215606341030195,5.6179091462032416,-85.95973836477988,7.022404690556556,9.973027394451535,25,22
2015,20150610,0.0,0.0,2229565.8709000004,83032.2142,2069369.8625,4381967.947600001,485557699.12666655,13012897.75264546,406540411.20551056,905111008.0848224,106.0,113.0,4.0,3.0,2.0,15.0,15.0,39.93172421524663,2.8025584342553103,3.9570816432217675,-90.49135605381166,2.4907870015247795,8.057165696589227,26,21
2015,20150611,0.0,0.0,727528.5423999999,27402.0636,1657193.8586,2412124.4645999996,161903462.20361722,7148468.993676128,333267778.7574027,502319709.95469606,79.0,70.0,2.0,3.0,2.0,15.0,15.0,38.58386158940397,1.4546958084126516,2.9352135543854616,-93.92587814569536,-0.9437350903589277,9.561277562110574,27,20
2015,20150612,0.0,0.0,365801.7263,18687.8864,10658989.512099998,11043479.124799998,73996266.01228678,4848377.393974836,1910739688.359712,1989584331.7659736,33.0,300.0,3.0,4.0,5.0,30.0,15.0,39.57574553571429,2.4465797547229684,3.749333313152398,-82.32454702380953,10.657596031526907,7.83678934854598,28,19
2015,20150613,0.0,0.0,163593.5797,33807.1641,1254722.4928999995,1452123.2366999998,34956147.096967906,7176191.275725743,275164945.68769556,317297284.0603892,22.0,75.0,2.0,3.0,5.0,15.0,15.0,35.81407272727272,-1.3150930537185985,4.656251366816798,-93.77855252525252,-0.7964094699160853,9.38064050640885,29,18
2015,20150614,0.0,0.0,328951.4037,9067.7678,1981950.8141,2319969.9856,65928982.33596434,2537672.810497159,371242500.6915592,439709155.8380207,39.0,82.0,2.0,3.0,2.0,15.0,15.0,40.23457317073171,3.1054073897403853,3.166888507825244,-93.39298373983739,-0.410840684500954,11.751530371795903,30,17
2015,20150615,0.0,0.0,84685.12920000001,105345.99850000002,627245.7269,817276.8546,18975844.3978037,23094247.85098908,110567733.1017323,152637825.35052508,14.0,19.0,4.0,3.0,2.0,15.0,15.0,39.98247297297297,2.8533071919816493,4.309988398131372,-96.14082972972973,-3.1586866743932944,14.874903200709598,31,16
2015,20150616,0.0,0.0,311864.772,5023.1810000000005,577283.7509,894171.7039,70219575.22541384,1077212.5839990897,103341514.02214518,174638301.8315581,68.0,29.0,2.0,3.0,2.0,15.0,15.0,40.43541717171717,3.3062513907258477,3.3018479439099133,-99.80460303030303,-6.822459974966591,9.151498623437945,32,15
2015,20150617,0.0,0.0,725771.3324999999,74008.55790000001,2124962.8675,2924742.7579,156647036.59390822,16682092.4050678,428047363.629301,601376492.6282771,83.0,124.0,5.0,3.0,5.0,15.0,15.0,37.742665566037736,0.6134997850464146,5.367501619236396,-90.86482547169811,2.117317583638325,10.552394584219,33,14
2015,20150618,0.0,0.0,1372044.021,182823.94659999997,10282534.7564,11837402.724,237349873.8948349,31927304.72284702,1976077447.5476089,2245354626.1652904,41.0,313.0,6.0,3.0,5.0,15.0,15.0,37.464035833333334,0.33487005234201206,3.36126508984339,-82.80645472222223,10.17568833311421,6.581843942487885,34,13
2015,20150619,0.0,0.0,516639.6614,200116.9247,1734162.3489,2450918.935,135740359.6765763,50033719.337064266,360386245.0320019,546160324.0456425,131.0,141.0,14.0,3.0,5.0,15.0,15.0,42.181657692307695,5.052491911316373,5.213970791066871,-96.68711538461538,-3.704972329278945,10.273110518099957,35,12
2015,20150620,0.0,0.0,930288.3588,259468.63689999995,10390421.8404,11580178.8361,241107416.90485147,50887460.40919655,1836490800.2172248,2128485677.531273,120.0,330.0,12.0,4.0,5.0,30.0,30.0,40.38297028199566,3.253804501004339,3.3003239726357188,-87.19543210412148,5.786710951214957,9.622301742345728,36,11
2015,20150621,1.0,1547.1,780975.8304,5039.2011,2084965.2153000005,2870980.2468000003,199550858.9166585,2508485.185799066,436487577.837599,638546921.9400566,118.0,118.0,7.0,4.0,5.0,30.0,30.0,41.15257037037037,4.023404589379048,4.2606407170979415,-94.64638888888888,-1.6642458335524424,8.48312200004727,37,10
2015,20150622,1.0,1547.1,1354801.9416,979647.6913,4362544.1118,6696993.7447,338852545.04863274,211002148.38264397,1045341895.3991652,1595196588.830442,84.0,291.0,33.0,4.0,5.0,30.0,30.0,39.49232010309279,2.3631543221014653,5.871801878650806,-89.12840644329897,3.8537366120374656,7.050586144470851,38,9
2015,20150623,1.0,1547.1,2423355.0813,178756.9479,25750859.422299996,28352971.451499995,393269952.663632,33182260.347342502,3826465876.034294,4252918089.045269,76.0,455.0,4.0,4.0,10.0,30.0,30.0,39.46534344569288,2.336177664701559,3.3241208916850002,-79.42749850187266,13.554644553463774,7.55788754342505,39,8
2015,20150624,1.0,1547.1,1798641.2027,20110.7405,3290920.855999999,5109672.799199999,427702631.7138176,3897207.0755714234,660476942.1934773,1092076780.9828663,152.0,160.0,2.0,4.0,5.0,30.0,15.0,37.48200796178344,0.35284218079211627,4.9555832859700475,-91.11520350318472,1.8669395521517202,7.679921767935994,40,7
2015,20150625,1.0,1547.1,2574224.2925,10089.4625,2155525.2051,4739838.9601,518434351.7837853,2460517.2540058848,425304262.595492,946199131.6332833,166.0,114.0,3.0,4.0,5.0,30.0,15.0,38.41862014134276,1.289454360351435,3.0163941957991898,-91.12421342756183,1.8579296277746096,10.562627566595308,41,6
2015,20150626,0.0,0.0,1232376.7281000002,18628.456,5719051.717300001,6970056.901400001,271313609.85487944,4183076.628666827,1261495740.7315328,1536992427.215079,58.0,255.0,1.0,4.0,5.0,30.0,15.0,37.26942172523962,0.14025594424829535,2.3232297769790002,-87.00714121405751,5.9750018412789245,5.820453561628303,42,5
2015,20150627,0.0,0.0,226573.3716,392489.4811,2799348.1297999993,3418410.982499999,66629191.475704506,74140293.4812842,536678653.8531507,677448138.8101394,55.0,130.0,29.0,4.0,5.0,30.0,15.0,39.28967320574163,2.160507424750307,6.297124992090386,-89.98376315789474,2.998379897441694,10.271062949267646,43,4
2015,20150628,0.0,0.0,759506.4774000001,74271.6594,339894.8935,1173673.0303000002,165393052.72701818,18405902.195555773,73070444.66173974,256869399.5843137,53.0,36.0,5.0,4.0,10.0,30.0,15.0,38.690101219512194,1.5609354385208718,3.4278368544339672,-95.3830012195122,-2.4008581641757587,8.974871259938354,44,3
2015,20150629,0.0,0.0,2059322.5691,1099.1089,988831.2447,3049252.9227,520425903.85728824,460023.0419959607,211266604.15085116,732152531.0501354,121.0,69.0,1.0,3.0,5.0,15.0,15.0,40.29167539267016,3.1625096116788356,5.5143444163927455,-95.2469560209424,-2.2648129656059695,9.471304987040032,45,2
2015,20150630,0.0,0.0,2270484.5745,155596.4391,10067098.7694,12493179.783,448662046.79461294,24538120.22038942,1783340418.26833,2256540585.2833323,97.0,353.0,7.0,3.0,5.0,15.0,15.0,36.48908881578947,-0.6400769652018496,5.036525113226414,-85.65161315789474,7.330529897441693,9.310530529263838,46,1
2015,20150701,0.0,0.0,487592.3955000001,92655.0044,4537955.681999999,5118203.081899999,101718726.24945976,21895539.9739533,780031175.3058481,903645441.5292612,45.0,176.0,6.0,3.0,2.0,15.0,15.0,38.84636211453745,1.717196333546127,4.317769519550176,-92.33515462555066,0.6469884297857789,12.151559013307944,47,0
2015,20150702,0.0,0.0,250230.2812,110300.94730000004,2905608.0737,3266139.3022000003,50907436.37443119,25381927.19845591,576993915.3894253,653283278.9623123,18.0,152.0,5.0,3.0,5.0,15.0,15.0,33.71696342857143,-3.4122023524198895,2.724022123610453,-85.39720285714286,7.5849401981935785,6.902114583788835,48,1
2015,20150703,0.0,0.0,287429.0043,0.0,1300182.767,1587611.7713,57085857.54394179,0.0,258742307.20184648,315828164.7457883,26.0,97.0,0.0,3.0,0.0,15.0,15.0,34.699472131147544,-2.4296936498437773,3.195583111787403,-90.46971475409836,2.5124283012380744,10.474252343168724,49,2
2015,20150704,0.0,0.0,158072.24310000005,0.0,1040443.9408,1198516.1838999998,40069144.92906645,0.0,213732957.4813669,253802102.41043335,56.0,102.0,0.0,4.0,2.0,30.0,15.0,39.53531582278481,2.406150041793488,7.315086235221628,-96.74203037974684,-3.7598873244104,9.998243959234568,50,3
2015,20150705,0.0,0.0,191837.72049999997,17874.8059,1418489.4176,1628201.944,49578798.62920497,5211390.800390521,296735895.88428015,351526085.3138756,39.0,130.0,2.0,3.0,2.0,15.0,15.0,38.56041111111111,1.4312453301197863,7.160405514046083,-92.83809590643274,0.1440471489036952,8.49957477661197,51,4
2015,20150706,0.0,0.0,79191.07090000002,94922.7791,639905.841,814019.6910000001,13637448.99217533,24918822.834055725,155449655.82147783,194005927.6477089,3.0,51.0,7.0,4.0,5.0,30.0,30.0,38.61378524590164,1.4846194649103168,3.2276515451556054,-95.53164262295081,-2.549499567614376,5.839645780223858,52,5
2015,20150707,0.0,0.0,63845.0319,40910.04,2273287.2468,2378042.3186999997,10996827.842560198,9412482.954416012,458468185.8351934,478877496.6321696,8.0,96.0,4.0,3.0,2.0,15.0,15.0,38.53619351851852,1.4070277375272013,3.444195515776096,-88.16007222222223,4.822070833114211,13.43694896543092,53,6
2015,20150708,0.0,0.0,231467.0629,80380.81509999999,662674.9545999998,974522.8325999998,48485396.63824023,18120234.195329797,131298425.65476152,197904056.48833156,44.0,34.0,5.0,2.0,0.0,5.0,5.0,36.712856626506024,-0.4163091544852975,3.6836997085112753,-99.0829530120482,-6.100809956711757,13.491696808546394,54,7
2015,20150709,0.0,0.0,126563.3246,343516.68970000005,5073625.9914,5543706.0057,23124621.053809088,59019471.01313644,918300283.9970648,1000444376.0640104,15.0,154.0,10.0,3.0,2.0,5.0,15.0,37.94451675977654,0.8153509787852187,1.7535698968997613,-86.6031748603352,6.378968195001235,10.332127705517799,55,8
2015,20150710,0.0,0.0,137580.10520000002,70317.1809,1452051.1403000003,1659948.4264000002,23280762.057346728,16784707.207019795,323849960.68154085,363915429.94590735,24.0,75.0,3.0,4.0,5.0,30.0,5.0,37.095153921568624,-0.03401185942269791,3.06746516107199,-91.0073774509804,1.9747656043560369,9.415314240991394,56,9
2015,20150711,0.0,0.0,142506.9428,26651.042600000004,487989.0592,657147.0446,31247408.861138895,6266042.808863221,99480651.18929784,136994102.85929996,22.0,27.0,3.0,3.0,0.0,15.0,5.0,39.06848461538462,1.9393188343932977,7.032473915926743,-92.80048846153846,0.18165459379797255,9.668016333912835,57,10
2015,20150712,0.0,0.0,390155.3757,94406.6613,1397363.4918000002,1881925.5288,111957054.37294652,29103172.68710917,367084151.2237863,508144378.283842,61.0,119.0,13.0,3.0,5.0,15.0,5.0,44.774158031088085,7.644992250096763,4.056169393851157,-94.7083683937824,-1.726225338445957,4.859348601405887,58,11
2015,20150713,0.0,0.0,3729586.0242,250800.78490000003,11851742.849500002,15832129.658600004,854995258.8827051,57884965.00325545,2651550389.524926,3564430613.410887,161.0,468.0,11.0,5.0,5.0,45.0,45.0,39.071242187500005,1.9420764065086829,2.938834393916814,-86.311249375,6.670893680336434,4.897668514513733,59,12
2015,20150714,0.0,0.0,1585605.8793,325358.05740000005,12668822.8142,14579786.7509,327558485.58653164,73022266.9639679,2732408482.4153485,3132989234.965848,72.0,535.0,14.0,5.0,10.0,45.0,30.0,37.340474718196454,0.211308937205132,2.9892638956376922,-85.75750016103059,7.224642894305845,5.3743411707089574,60,13
2015,20150715,0.0,0.0,318316.8638,0.0,1343612.9341,1661929.7979,64891896.218758546,0.0,268583380.3002354,333475276.5189939,35.0,102.0,0.0,4.0,5.0,30.0,30.0,37.398474452554744,0.2693086715634223,5.125177063397985,-92.88254817518249,0.09959488015394413,8.897315125437476,61,14
2015,20150716,0.0,0.0,56975.12559999999,167038.3702,238669.882,462683.3778,17046723.333160475,41806871.10267916,60967081.69800347,119820676.13384312,11.0,25.0,9.0,3.0,5.0,15.0,15.0,40.44823111111111,3.319065330119791,2.9169822336248146,-95.95870444444445,-2.9765613891080136,6.1104579880783705,62,15
2015,20150717,0.0,0.0,1125951.8643999998,91582.3257,2184287.8681000005,3401822.0582000003,308962773.28473705,22427692.793284334,525275092.32014096,856665558.3981624,151.0,145.0,5.0,3.0,2.0,15.0,15.0,42.19478795986622,5.0656221788748965,4.064348111691332,-95.71148862876255,-2.729345573426116,6.328000171826427,63,16
2015,20150718,0.0,0.0,134663.9465,249591.4147,4714452.325499999,5098707.6866999995,26067121.71875735,54786677.10233568,1014920785.8022796,1095774584.6233726,25.0,171.0,7.0,3.0,2.0,15.0,15.0,40.06232574257426,2.9331599615829376,3.614397961928753,-90.6740391089109,2.3081039464255326,9.877048149128575,64,17
2015,20150719,0.0,0.0,919957.9786,51293.72679999999,4962793.923400001,5934045.628800001,144430762.20680493,6727301.482787625,853573451.9259126,1004731515.6155052,36.0,187.0,1.0,3.0,5.0,15.0,15.0,38.596467857142855,1.4673020761515332,4.8380036784302645,-82.77804330357142,10.204099751765014,10.678003376353926,65,18
2015,20150720,0.0,0.0,177813.3076,9019.9197,1396763.4951,1583596.7224,34013314.67820082,1857824.5609220644,262511604.8927969,298382744.1319198,10.0,57.0,1.0,4.0,2.0,30.0,15.0,36.565173529411766,-0.5639922515795561,3.668710078594569,-87.9439161764706,5.038226878865842,12.279491694030511,66,19
2015,20150721,0.0,0.0,349279.78550000006,18889.415900000004,2121825.9413,2489995.1427,51133009.87093202,3328905.989980141,390604142.4697887,445066058.3307008,8.0,102.0,1.0,3.0,2.0,15.0,15.0,34.55061441441441,-2.57855136657691,3.591657453469507,-83.48381351351351,9.498329541822926,9.05871391384095,67,20
2015,20150722,0.0,0.0,898.7436,0.0,855062.5791999999,855961.3228,494222.6516872997,0.0,168345744.49037334,168839967.14206064,1.0,53.0,0.0,2.0,0.0,5.0,5.0,32.61370185185185,-4.515463929139472,3.260976480187509,-86.08393518518518,6.8982078701512535,7.033307396257332,68,21
2015,20150723,0.0,0.0,170155.1207,19390.7908,920980.548,1110526.4595,48322874.19538344,8009849.013562746,195031161.710669,251363884.9196152,43.0,92.0,8.0,2.0,0.0,5.0,5.0,40.82744125874126,3.698275477749938,6.312877539894802,-93.05308111888111,-0.07093806354467347,9.51087178444405,69,22
2015,20150724,0.0,0.0,602639.3925000001,10942.5714,1468198.11,2081780.0739,107815585.96916404,3440026.028564411,337671215.30574304,448926827.30347145,48.0,128.0,1.0,3.0,2.0,15.0,15.0,40.80791299435028,3.6787472133589603,4.138790487583817,-92.94239830508474,0.039744750251699656,9.071695513947828,70,23
2015,20150725,0.0,0.0,121029.4048,2555.8595,275571.73779999994,399157.0020999999,36799570.74214739,1401266.4664920983,76696334.91252601,114897172.12116551,41.0,55.0,2.0,3.0,2.0,15.0,15.0,41.866321428571425,4.737155647580103,4.342288023332552,-98.70942448979592,-5.727281434459485,5.260476347155422,71,24
2015,20150726,0.0,0.0,586954.9000000001,7281.8896,1022185.2288,1616422.0184,100585918.583566,2146211.900922118,178345783.21650708,281077913.7009952,45.0,50.0,4.0,3.0,2.0,15.0,15.0,42.33620404040404,5.20703825941272,2.8823911210447117,-94.50693636363637,-1.5247933082999339,11.794460628672992,72,25
2015,20150727,0.0,0.0,183366.2632,0.0,721513.5800999999,904879.8433,36509648.52645713,0.0,143272034.75120702,179781683.27766415,45.0,121.0,0.0,3.0,0.0,15.0,5.0,44.41951393939394,7.290348158402615,2.8282719101155047,-100.10414969696971,-7.122006641633277,9.545578642444914,73,26
2015,20150728,0.0,0.0,142882.3901,0.0,1583281.9804,1726164.3705,28309500.865655117,0.0,359103943.9688898,387413444.8345449,11.0,148.0,0.0,4.0,5.0,30.0,30.0,40.785698260869566,3.656532479878244,3.2482415027206546,-86.12313217391305,6.859010881423387,10.23296713712938,74,27
2015,20150729,0.0,0.0,31996.2858,0.0,656193.7583999999,688190.0441999999,6686463.376486063,0.0,134278786.1339547,140965249.51044077,4.0,41.0,0.0,3.0,2.0,15.0,15.0,35.00582444444444,-2.123341336546879,5.046983288836804,-84.02603333333333,8.956109722003106,7.82260468981923,75,28
2015,20150730,0.0,0.0,13756.2403,33807.6144,1787793.8296,1835357.6843,3784734.308770079,5879349.963138762,258819309.2729047,268483393.5448135,3.0,46.0,1.0,2.0,0.0,5.0,0.0,36.221076,-0.9080897809913253,4.69289574176603,-89.791562,3.1905810553364375,12.723323713604854,76,29
2015,20150731,0.0,0.0,100382.8696,8525.012999999999,396126.0203,505033.9029,23440657.040666252,1445000.3450646233,78175215.81909446,103060873.20482534,11.0,27.0,1.0,2.0,0.0,5.0,5.0,36.42633846153846,-0.7028273194528651,5.100068111857632,-97.12119230769231,-4.139049252355875,9.011135384779989,77,30
2015,20150801,0.0,0.0,202648.4064,0.0,247816.66209999996,450465.06849999994,39685495.188674465,0.0,46439944.47029106,86125439.65896553,31.0,36.0,0.0,2.0,0.0,5.0,5.0,42.78220746268657,5.65304168169525,4.691641097975865,-87.97195373134328,5.01018932399316,16.65457857587815,78,31
2015,20150802,0.0,0.0,5324421.6729,100022.373,3112313.2342999997,8536757.280199999,1234383222.678019,22307696.063735496,682657177.9540583,1939348096.6958127,247.0,126.0,6.0,3.0,5.0,15.0,15.0,43.5052074270557,6.37604164606438,1.9424836147609863,-89.00668381962865,3.9754592357077883,4.446627379247165,79,32
2015,20150803,0.0,0.0,3741862.9213,64096.5289,3744775.3093,7550734.759500001,771513918.9489664,9533185.258215116,703861747.4174454,1484908851.6246269,122.0,145.0,2.0,4.0,5.0,30.0,30.0,40.76845149253731,3.6392857115459876,3.105617525841559,-80.66606268656716,12.316080368769278,8.34455186706411,80,33
2015,20150804,0.0,0.0,4814848.1472,32946.8337,10648443.7071,15496238.688,753231272.098143,5040569.072752166,1569227669.183571,2327499510.3544664,144.0,206.0,1.0,3.0,2.0,15.0,15.0,41.33104700854701,4.201881227555688,2.348428140178841,-76.12025811965812,16.86188493567832,8.831710914668216,81,34
2015,20150805,0.0,0.0,140284.42230000003,0.0,1660336.6890999998,1800621.1113999998,31601988.783062205,0.0,351838126.81602085,383440115.59908307,16.0,89.0,0.0,3.0,5.0,15.0,15.0,37.57047714285714,0.44131136186582154,3.772960365937347,-89.58561047619048,3.396532579145955,11.402903768085393,82,35
2015,20150806,0.0,0.0,168133.91299999997,155554.6914,2906923.6293,3230612.2337,54566956.15731337,35497961.94367988,570648813.0022392,660713731.1032325,31.0,129.0,11.0,3.0,2.0,15.0,15.0,37.30405087719298,0.17488509620165615,5.040882301301307,-88.67414619883041,4.307996856506023,9.587229911006629,83,36
2015,20150807,0.0,0.0,302004.8877,0.0,1286008.4992999998,1588013.387,66665346.19783714,0.0,249838231.96091732,316503578.15875447,49.0,110.0,0.0,3.0,2.0,15.0,15.0,37.49876603773585,0.36960025674452623,6.2574454333716645,-96.25085597484276,-3.268712919506328,10.615341461005649,84,37
2015,20150808,0.0,0.0,185855.6619,32053.244100000004,860671.3022000002,1078580.2082000002,49571832.57142193,8316686.458460272,206821945.45431125,264710464.48419344,41.0,95.0,6.0,3.0,5.0,15.0,15.0,39.27775704225352,2.1485912612621973,5.209247391025649,-96.39620281690141,-3.414059761564971,5.439077170852464,85,38
2015,20150809,0.0,0.0,160133.92159999997,1876.296,463678.26199999993,625688.4796,59647978.74710956,928599.2092709364,136513315.18292707,197089893.13930756,42.0,64.0,1.0,3.0,5.0,15.0,15.0,42.02920280373832,4.900037022747,3.1124867651899555,-96.90193644859814,-3.919793393261699,3.5545307802857162,86,39
2015,20150810,0.0,0.0,266052.80970000004,106282.5018,1965320.2584,2337655.5699000005,52969734.63739888,23150082.305627417,399053729.0092474,475173545.9522737,10.0,81.0,3.0,3.0,5.0,15.0,15.0,37.815762765957444,0.6865969849661226,4.513180704134125,-90.69687553191488,2.2852675234215525,10.65770613215092,87,40
2015,20150811,0.0,0.0,155260.86990000002,0.0,2170915.0835,2326175.9534,27321963.102088787,0.0,395360630.5548552,422682593.656944,6.0,83.0,0.0,2.0,0.0,5.0,5.0,34.54505454545455,-2.584111235536774,3.361080007149763,-92.23275568181818,0.7493873735182603,13.717839960731547,88,41
2015,20150812,0.0,0.0,207037.4778,0.0,225342.0571,432379.5349,55877707.01426401,0.0,48309763.92467447,104187470.93893848,43.0,31.0,0.0,2.0,2.0,5.0,5.0,45.61256756756757,8.483401786576245,5.5733635256030745,-95.40364864864864,-2.4215055933122045,5.238326506355817,89,42
2015,20150813,0.0,0.0,37933.597700000006,34818.50220000001,242766.7814,315518.8813,12042671.289831378,5468228.77194992,50188010.82745096,67698910.88923226,17.0,30.0,1.0,3.0,0.0,15.0,15.0,38.810625531914894,1.6814597509235725,4.882113261847567,-97.8657574468085,-4.883614391472065,8.514494835400566,90,43
2015,20150814,0.0,0.0,537748.9142,0.0,1436148.1787,1973897.0929,133211798.17581873,0.0,326039934.965147,459251733.14096576,30.0,66.0,0.0,2.0,0.0,5.0,5.0,42.260653125,5.131487344008676,4.5946081828928484,-89.71200520833334,3.270137847003099,9.027250109382207,91,44
2015,20150815,0.0,0.0,488625.3993,0.0,2088315.1077,2576940.507,93495856.01686984,0.0,321531850.4474509,415027706.4643207,25.0,47.0,0.0,3.0,0.0,15.0,5.0,41.823819444444446,4.694653663453124,3.9612697425012637,-81.45997361111111,11.522169444225327,11.838946563790204,92,45
2015,20150816,0.0,0.0,91803.9987,15717.5174,45420.7732,152942.2893,18762427.67647598,2890724.1903179022,11050700.614490949,32703852.481284827,14.0,16.0,1.0,3.0,2.0,15.0,5.0,38.62222,1.4930542190086769,2.78420827480942,-102.56579,-9.58364694466357,2.5146893444046037,93,46
2015,20150817,0.0,0.0,181855.49019999997,65708.3795,762078.0717,1009641.9414,37457101.43401108,12392187.3700628,150868935.78743088,200718224.59150475,31.0,43.0,5.0,3.0,2.0,15.0,15.0,39.125504,1.9963382190086776,4.335863061298768,-98.97690399999999,-5.994760944663554,8.273232211082757,94,47
2015,20150818,0.0,0.0,261608.84270000004,483731.1684999999,1147611.5025,1892951.5137,55873885.274499126,98311747.26471812,227059957.46222943,381245590.0014467,31.0,65.0,11.0,3.0,5.0,15.0,15.0,38.79538584905661,1.6662200680652859,3.995428863170385,-92.03597735849056,0.9461656968458811,10.359638436679177,95,48
2015,20150819,0.0,0.0,72210.8857,0.0,847366.0045999999,919576.8903,5704804.867472173,0.0,169271003.8580667,174975808.72553888,4.0,50.0,0.0,3.0,2.0,15.0,15.0,34.27870925925926,-2.850456521732063,4.043667089635278,-90.9540962962963,2.028046759040137,9.253989861675128,96,49
2015,20150820,0.0,0.0,85386.29349999999,44206.2528,448448.9938,578041.5401,14610747.71282826,8032532.67309003,66409878.956726775,89053159.34264506,3.0,13.0,1.0,3.0,2.0,15.0,5.0,33.065717647058825,-4.063448133932496,4.938936126236511,-87.56081764705881,5.4213254082776245,13.424491748351,97,50
2015,20150821,0.0,0.0,54407.1159,0.0,50932.4947,105339.6106,12226707.495553149,0.0,12696822.4530312,24923529.948584348,11.0,12.0,0.0,2.0,2.0,5.0,0.0,35.23121904761905,-1.8979467333722724,3.1761829464971085,-99.64054761904762,-6.658404563711187,6.430090551121273,98,51
2015,20150822,0.0,0.0,198637.5337,0.0,631114.7901999999,829752.3239,48143031.30835941,0.0,130417422.90436764,178560454.21272704,24.0,76.0,0.0,2.0,2.0,5.0,5.0,35.61537076923077,-1.5137950117605499,4.078131201172413,-92.3351323076923,0.6470107476441314,8.425103546324133,99,52
2015,20150823,0.0,0.0,46694.1023,0.0,799584.9814,846279.0837000001,11220209.753939595,0.0,171916697.09644198,183136906.8503816,2.0,44.0,0.0,4.0,10.0,30.0,30.0,34.615028260869565,-2.514137520121757,3.85502393551659,-88.53968478260869,4.442458272727748,7.923252968431802,100,53
2015,20150824,0.0,0.0,192781.9768,0.0,384823.552,577605.5288,34042143.20228893,0.0,60655804.42987679,94697947.63216572,6.0,9.0,0.0,2.0,2.0,5.0,0.0,34.088006666666665,-3.041159114324657,3.406793446392215,-90.61886666666666,2.3632763886697745,8.989011659136684,101,54
2015,20150825,0.0,0.0,72053.9209,0.0,872266.3626000001,944320.2835,12940807.465048566,0.0,146600434.5412715,159541242.00632006,3.0,26.0,0.0,1.0,0.0,0.0,0.0,34.969806896551724,-2.159358884439598,4.999619254712662,-91.2834275862069,1.6987154691295387,12.853486604667024,102,55
2015,20150826,0.0,0.0,70192.72379999999,0.0,147061.2378,217253.9616,13049864.332487505,0.0,28112160.7098833,41162025.0423708,3.0,13.0,0.0,2.0,0.0,5.0,0.0,35.637925,-1.491240780991319,5.51944994089085,-89.2149,3.7672430553364364,12.418334767109473,103,56
2015,20150827,0.0,0.0,257866.4374,0.0,335813.70769999997,593680.1451,62285416.442499325,0.0,63944844.828677215,126230261.27117656,24.0,21.0,0.0,2.0,0.0,5.0,5.0,36.689831818181815,-0.4393339628095063,3.7791669962407997,-99.07755681818183,-6.095413762845396,9.845670659084725,104,57
2015,20150828,0.0,0.0,42054.3147,6790.8386,129068.4797,177913.63300000003,6206660.879655743,1821619.1572602373,25239478.758201204,33267758.795117185,10.0,12.0,1.0,2.0,2.0,5.0,5.0,39.29454545454546,2.165379673554135,8.918817841413267,-89.82318181818181,3.158961237154628,6.440755195563444,105,58
2015,20150829,0.0,0.0,1451.6072,14219.7148,230049.55329999997,245720.87529999996,473767.26698616584,2220618.9848576845,42851807.482716866,45546193.73456071,1.0,40.0,1.0,2.0,0.0,5.0,5.0,39.302839999999996,2.1736742190086744,7.6078824533921106,-104.321595,-11.339451944663566,12.175885593965724,106,59
2015,20150830,0.0,0.0,0.0,0.0,275620.2534,275620.2534,0.0,0.0,50978829.8557371,50978829.8557371,0.0,17.0,0.0,1.0,0.0,0.0,0.0,36.05133333333333,-1.0778324476579897,6.055431878742857,-99.62866666666667,-6.646523611330238,14.049651173436237,107,60
2015,20150831,0.0,0.0,24545.6248,0.0,438264.8545,462810.4793,4446994.639843545,0.0,79053837.78366308,83500832.42350662,1.0,25.0,0.0,2.0,0.0,5.0,5.0,33.56589,-3.5632757809913187,0.9033012144934078,-108.358325,-15.376181944663557,8.797494636954141,108,61
2015,20150901,0.0,0.0,0.0,0.0,63759.924000000006,63759.924000000006,0.0,0.0,14520564.97683932,14520564.97683932,0.0,2.0,0.0,1.0,0.0,0.0,0.0,39.78,2.6508342190086793,2.163746750430837,-83.745,9.237143055336432,2.7082189719444707,109,62
2015,20150902,0.0,0.0,253950.841,0.0,429806.9871,683757.8280999999,49522577.736348756,0.0,82853430.8311355,132376008.56748426,16.0,15.0,0.0,1.0,0.0,0.0,0.0,41.17615806451613,4.046992283524808,5.485117819018669,-83.11248064516128,9.869662410175152,6.723588432051211,110,63
2015,20150903,0.0,0.0,645955.9262999999,0.0,1405167.2109,2051123.1372,125970025.4286686,0.0,266387556.1360461,392357581.5647147,15.0,37.0,0.0,2.0,0.0,5.0,0.0,40.05886153846154,2.9296957574702205,4.853581756266832,-80.86836730769231,12.113775747644127,6.800301912955165,111,64
2015,20150904,0.0,0.0,1801901.821,0.0,2951257.5044,4753159.3254,381774629.4833715,0.0,589005635.8066155,970780265.289987,57.0,91.0,0.0,1.0,0.0,0.0,0.0,38.47528243243244,1.3461166514411147,3.103248156142341,-83.12028986486487,9.861853190471564,5.412156169553692,112,65
2015,20150905,0.0,0.0,79725.39240000001,0.0,352634.2649,432359.6573,17110005.936796978,0.0,68164869.2503455,85274875.18714248,20.0,24.0,0.0,2.0,2.0,5.0,5.0,39.03636363636363,1.90719785537231,7.994551575716207,-95.31913863636363,-2.336995581027196,10.72748412808146,113,66
2015,20150906,0.0,0.0,127155.124,0.0,210653.1442,337808.2682,35418567.58708634,0.0,51221099.09074566,86639666.677832,14.0,18.0,0.0,3.0,2.0,15.0,15.0,41.12166875,3.992502969008676,5.6481834601610705,-94.022521875,-1.0403788196635588,4.975119718691449,114,67
2015,20150907,0.0,0.0,151051.0386,0.0,218867.8183,369918.8569,45730732.9765201,0.0,59320200.956275746,105050933.93279584,34.0,34.0,0.0,3.0,2.0,15.0,15.0,40.95741470588235,3.828248924891028,1.9616095694770905,-98.20468088235295,-5.2225378270165095,1.6236517700006001,115,68
2015,20150908,0.0,0.0,136598.2126,12205.9393,410038.732,558842.8839,16295207.539646408,3232754.7812919924,87222831.33753462,106750793.658473,2.0,25.0,1.0,3.0,5.0,15.0,15.0,38.02744285714285,0.8982770761515297,4.485003968322999,-95.19834285714286,-2.2161998018064253,12.584263932047376,116,69
2015,20150909,0.0,0.0,275482.9232,0.0,525313.1773999999,800796.1006,92471034.0604949,0.0,78418720.90179002,170889754.96228492,67.0,26.0,0.0,2.0,0.0,5.0,5.0,41.62469032258065,4.495524541589326,2.5534843588909983,-93.96347096774194,-0.9813279124055043,10.189106030724371,117,70
2015,20150910,0.0,0.0,976596.5419,26894.5761,1451482.8495,2454973.9675000003,259601421.89686367,6601904.860946355,319192806.22703874,585396132.9848487,137.0,106.0,2.0,2.0,2.0,5.0,5.0,38.26259836734694,1.1334325863556174,2.359700422114735,-94.68999551020408,-1.7078524548676484,6.32338443231084,118,71
2015,20150911,0.0,0.0,53480.5721,0.0,213383.4564,266864.0285,11506856.009691812,0.0,46516889.34323924,58023745.35293105,3.0,12.0,0.0,4.0,5.0,15.0,30.0,34.93309333333333,-2.19607244765799,2.9795479969923204,-92.45034666666668,0.5317963886697612,6.446257538056665,119,72
2015,20150912,0.0,0.0,0.0,23098.1641,359434.8475,382533.0116,0.0,4133795.756841678,63473822.60643723,67607618.36327891,0.0,13.0,1.0,2.0,0.0,5.0,0.0,32.91352142857143,-4.215644352419893,3.8217168763988316,-80.71974999999999,12.262393055336446,2.533964053157091,120,73
2015,20150913,0.0,0.0,0.0,0.0,254368.279,254368.279,0.0,0.0,36766236.333744936,36766236.333744936,0.0,7.0,0.0,3.0,2.0,15.0,0.0,35.98337142857143,-1.145794352419891,4.931924589080913,-95.18287142857142,-2.2007283732349805,18.555550164008814,121,74
2015,20150914,0.0,0.0,3656.6588,0.0,158218.3791,161875.0379,1331537.3929493169,0.0,27661444.283862013,28992981.67681133,1.0,8.0,0.0,2.0,0.0,5.0,5.0,34.6078,-2.5213657809913244,3.0734172832765267,-110.48835,-17.50620694466356,5.117597602670337,122,75
2015,20150915,0.0,0.0,0.0,0.0,11679.928999999998,11679.928999999998,0.0,0.0,3028303.1169731924,3028303.1169731924,0.0,4.0,0.0,1.0,0.0,0.0,0.0,37.320075,0.19090921900868096,3.7334216507782783,-102.882025,-9.899881944663562,3.2861570791985373,123,76
2015,20150916,0.0,0.0,736.7207999999999,29336.4459,631.0473999999999,30704.2141,448420.4519013056,4154154.063483825,428667.60765203927,5031242.12303717,1.0,4.0,1.0,2.0,0.0,5.0,5.0,38.952999999999996,1.823834219008674,11.256256793446033,-94.38366666666667,-1.4015236113302336,12.256001400674425,124,77
2015,20150917,0.0,0.0,371513.9379,0.0,247157.1885,618671.1264,97921603.06940736,0.0,53427910.77902712,151349513.8484345,28.0,9.0,0.0,2.0,2.0,5.0,5.0,41.18187027027027,4.052704489278945,2.483249563337082,-93.31794054054055,-0.335797485204111,3.339628775066962,125,78
2015,20150918,0.0,0.0,505595.4225,98890.8356,620713.5293999999,1225199.7875,126304925.61007828,20837060.298497617,136946596.38314265,284088582.29171854,43.0,24.0,4.0,3.0,5.0,15.0,15.0,39.71115070422535,2.5819849232340317,2.094516870366404,-94.22330563380281,-1.2411625784663727,5.149008981955026,126,79
2015,20150920,0.0,0.0,11630.2424,0.0,5671.210999999999,17301.4534,3292259.960076628,0.0,1639516.8306840935,4931776.790760721,4.0,6.0,0.0,2.0,0.0,5.0,0.0,35.12,-2.0091657809913244,0.24000000000000105,-100.62126666666666,-7.63912361133022,0.07619991251088512,128,81
2015,20150922,0.0,0.0,144642.69999999998,10241.1692,23351.277200000004,178235.1464,43118956.142080635,1505814.599811367,4800904.8789574765,49425675.620849475,20.0,5.0,1.0,1.0,0.0,0.0,0.0,40.489584615384615,3.3604188343932933,3.3862541306514267,-99.32244615384616,-6.340303098509722,4.730275007669704,130,83
2015,20150923,0.0,0.0,10894.418999999998,7190.1103,15158.1452,33242.6745,2445920.81085888,2113989.0575347464,4418464.347770818,8978374.216164444,4.0,3.0,1.0,2.0,0.0,0.0,5.0,36.771437500000005,-0.35772828099131715,4.0101970068946935,-101.9008625,-8.918719444663566,4.2116385097684095,131,84
2015,20150924,0.0,0.0,0.0,10960.3949,1678.3285999999998,12638.7235,0.0,2138237.3695460637,68824.85360046139,2207062.223146525,0.0,1.0,1.0,1.0,0.0,0.0,0.0,31.1708,-5.958365780991322,2.1897682799785017,-92.21260000000001,0.7695430553364275,17.193159963194674,132,85
2015,20150925,0.0,0.0,0.0,0.0,57285.733400000005,57285.733400000005,0.0,0.0,9691430.827253897,9691430.827253897,0.0,2.0,0.0,1.0,0.0,0.0,0.0,30.532,-6.597165780991322,1.4170419894978397,-97.81665000000001,-4.834506944663573,0.9239764309764511,133,86
2015,20150926,0.0,0.0,0.0,23617.1574,25695.5554,49312.7128,0.0,2869789.770715013,3598512.906547996,6468302.677263009,0.0,2.0,2.0,2.0,2.0,0.0,0.0,27.808500000000002,-9.32066578099132,0.11442054011408981,-97.60079999999999,-4.618656944663556,0.3115172761394348,134,87
2015,20150927,0.0,0.0,0.0,0.0,21122.7049,21122.7049,0.0,0.0,4570064.17206605,4570064.17206605,0.0,2.0,0.0,1.0,0.0,0.0,0.0,30.67035,-6.458815780991323,0.027506453788159167,-88.159,4.8231430553364305,0.010323759005324656,135,88
2015,20150929,0.0,0.0,152312.4447,248747.31459999995,242323.35370000004,643383.1129999999,27365003.13563499,37461862.31900012,36351452.463030346,101178317.91766544,11.0,5.0,4.0,2.0,2.0,0.0,0.0,38.10455789473684,0.9753921137455208,4.38803344580029,-93.55506842105262,-0.5729253657161877,13.675146056341799,137,90
2015,20150930,0.0,0.0,3821.1307,0.0,46327.7862,50148.9169,1955853.3032856667,0.0,10043589.140638622,11999442.44392429,4.0,13.0,0.0,2.0,0.0,5.0,5.0,43.51,6.380834219008676,5.720741210717367,-95.63833333333334,-2.656190277996899,9.434768500957858,138,91
2015,20151001,0.0,0.0,2122.3736000000004,30157.8491,56128.2018,88408.4245,1187933.8851257844,5486530.5238507725,10596410.358030878,17270874.767007433,2.0,11.0,1.0,2.0,0.0,5.0,5.0,38.47257777777778,1.3434119967864575,6.725908973844684,-100.80238888888888,-7.820245833552448,14.07406650176526,139,92
2015,20151002,0.0,0.0,0.0,0.0,1415.5769,1415.5769,0.0,0.0,407083.14094831824,407083.14094831824,0.0,37.0,0.0,1.0,0.0,0.0,0.0,31.3911,-5.73806578099132,0.0,-103.48,-10.497856944663567,0.0,140,93
2015,20151003,0.0,0.0,110015.79129999998,0.0,10933.8852,120949.6765,12336780.11525829,0.0,2130949.9952589343,14467730.110517224,12.0,14.0,0.0,2.0,2.0,5.0,5.0,32.37461538461538,-4.75455039637594,0.26345826312768456,-104.30846153846154,-11.326318483125107,7.384699098083197,141,94
2015,20151004,0.0,0.0,11296.594199999998,0.0,8630.3858,19926.979999999996,1745551.596193973,0.0,1445545.6675874963,3191097.2637814693,1.0,7.0,0.0,2.0,2.0,0.0,0.0,34.4905,-2.6386657809913245,2.350564362020317,-112.8447,-19.862556944663567,4.425922764802833,142,95
2015,20151005,0.0,0.0,21197.977100000004,0.0,5287.6096,26485.586700000003,3407954.2639961257,0.0,588525.0538792325,3996479.3178753583,3.0,3.0,0.0,1.0,0.0,0.0,0.0,33.78125,-3.347915780991322,1.7862056497876508,-109.846625,-16.864481944663567,3.2707077056553566,143,96
2015,20151006,0.0,0.0,148956.4665,23873.7578,40402.990699999995,213233.215,21042570.52838774,4302380.535923141,6749828.510515945,32094779.57482683,10.0,3.0,1.0,2.0,2.0,5.0,5.0,32.779969230769225,-4.349196550222096,2.0461626525379244,-109.10391538461538,-16.12177232927894,2.8213462719790856,144,97
2015,20151007,0.0,0.0,40012.004799999995,4692.1769,6320.9113,51025.09299999999,6072279.841700922,611731.8392451946,1673623.9361517122,8357635.617097829,10.0,3.0,1.0,3.0,2.0,5.0,15.0,32.74972857142857,-4.379437209562752,1.9180483219342326,-104.70295,-11.720806944663565,2.040087573817887,145,98
2015,20151009,0.0,0.0,7903.0101,0.0,1145481.6802,1153384.6903,2000270.1730379595,0.0,171908582.59131536,173908852.7643533,1.0,23.0,0.0,2.0,2.0,5.0,5.0,36.485145,-0.644020780991319,6.83615799088124,-78.471755,14.510388055336435,7.6750102621892635,147,100
2015,20151011,0.0,0.0,0.0,0.0,0.0,0.0,0.0,0.0,0.0,0.0,0.0,127.0,0.0,1.0,0.0,0.0,0.0,37.129165780991315,-7.105427357601002e-15,0.0,-92.98214305533645,-1.4210854715202004e-14,0.0,149,102
2015,20151013,0.0,0.0,0.0,0.0,23503.796199999997,23503.796199999997,0.0,0.0,900771.8762246716,900771.8762246716,0.0,1.0,0.0,2.0,0.0,5.0,0.0,26.286,-10.84316578099132,0.0,-98.3057,-5.323556944663565,0.0,151,104
2015,20151014,0.0,0.0,0.0,0.0,0.0,0.0,0.0,0.0,0.0,0.0,0.0,0.0,0.0,0.0,0.0,0.0,0.0,37.129165780991315,-7.105427357601002e-15,0.0,-92.98214305533645,-1.4210854715202004e-14,0.0,152,105
2015,20151015,0.0,0.0,237631.39000000004,0.0,63668.75280000001,301300.14280000003,34654106.73240234,0.0,9538392.34781344,44192499.08021578,6.0,3.0,0.0,2.0,0.0,5.0,5.0,39.7218625,2.5926967190086785,5.882238057536919,-102.17395,-9.191806944663568,16.571530794536923,153,106
2015,20151016,0.0,0.0,0.0,0.0,71827.9132,71827.9132,0.0,0.0,11882925.607414007,11882925.607414007,0.0,5.0,0.0,2.0,0.0,5.0,5.0,33.681725,-3.4474407809913217,10.980473075836336,-80.009975,12.97216805533644,21.818000148252974,154,107
2015,20151017,0.0,0.0,0.0,80112.67990000002,0.0,80112.67990000002,0.0,9973664.619857747,0.0,9973664.619857747,0.0,0.0,1.0,2.0,0.0,5.0,0.0,33.6971,-3.432065780991323,0.0,-117.135,-24.15285694466357,0.0,155,108
2015,20151018,0.0,0.0,185541.13360000003,0.0,205924.2413,391465.37490000005,31932667.41987557,0.0,36772940.84546701,68705608.26534258,10.0,10.0,0.0,1.0,0.0,0.0,0.0,34.79743,-2.3317357809913233,2.4819195288070235,-112.777495,-19.795351944663565,1.0958871505843053,156,109
2015,20151019,0.0,0.0,44439.5082,0.0,0.0,44439.5082,8892508.487307679,0.0,0.0,8892508.487307679,11.0,0.0,0.0,2.0,0.0,5.0,5.0,35.311009090909096,-1.8181566900822261,1.734035147541449,-106.30633636363636,-13.324193308299925,1.3142142711694478,157,110
2015,20151020,0.0,0.0,358146.16610000003,1368.9168000000002,16077.3947,375592.4776,54595228.775745906,293359.60660826514,2993845.0084926495,57882433.39084682,46.0,5.0,1.0,2.0,0.0,5.0,5.0,33.63870769230769,-3.4904580886836314,1.6293264573576267,-106.58966538461537,-13.607522329278936,2.9895261215328612,158,111
2015,20151021,0.0,0.0,274166.8111,0.0,23743.8546,297910.6657,42147293.121451035,0.0,5300172.358054574,47447465.479505606,43.0,4.0,0.0,3.0,2.0,15.0,15.0,33.415787234042554,-3.7133785469487677,1.8851224571706588,-104.60047872340425,-11.618335668067814,3.3114969816591207,159,112
2015,20151023,0.0,0.0,2860.4928,50156.913799999995,0.0,53017.406599999995,842585.9732909985,17354566.252207667,0.0,18197152.225498665,1.0,0.0,7.0,3.0,5.0,15.0,5.0,41.4976875,4.368521719008676,3.7594224189504355,-96.3813625,-3.399219444663558,1.6855728978917404,161,114
2015,20151024,0.0,0.0,0.0,34286.1601,25792.2471,60078.4072,0.0,5694289.621361511,3169121.7544295993,8863411.37579111,2.0,2.0,1.0,2.0,0.0,5.0,5.0,24.339959999999998,-12.789205780991324,5.708533785745689,-84.70634,8.27580305533644,17.298476541244895,162,115
2015,20151025,0.0,0.0,0.0,22227.354300000003,21083.932899999996,43311.2872,0.0,4778278.412260068,4529739.495577486,9308017.907837557,0.0,4.0,2.0,2.0,2.0,5.0,0.0,29.5902,-7.538965780991322,0.2773518703740797,-90.570375,2.411768055336438,0.21974194524487312,163,116
2015,20151027,0.0,0.0,0.0,0.0,974.8845,974.8845,0.0,0.0,388428.5535411339,388428.5535411339,0.0,4.0,0.0,2.0,2.0,5.0,0.0,37.6,0.4708342190086796,0.0,-101.37,-8.387856944663568,0.0,165,118
2015,20151028,0.0,0.0,0.0,0.0,815791.6558000001,815791.6558000001,0.0,0.0,122745501.56260836,122745501.56260836,0.0,28.0,0.0,1.0,0.0,0.0,0.0,40.021820000000005,2.8926542190086835,0.25808105875652715,-76.41752,16.56462305533644,0.2582971492938529,166,119
2015,20151029,0.0,0.0,0.0,0.0,18701.5543,18701.5543,0.0,0.0,3115229.28735105,3115229.28735105,0.0,23.0,0.0,2.0,2.0,5.0,0.0,45.2275,8.098334219008677,0.13375973484822132,-68.825,24.157143055336434,0.2478574859336236,167,120
2015,20151030,0.0,0.0,4251.8857,155089.4918,193191.4973,352532.8748,483702.2561353008,21609524.526340134,33185675.518944364,55278902.301419795,1.0,21.0,7.0,2.0,2.0,5.0,5.0,29.71575789473684,-7.4134078862544825,1.465873251423793,-98.82984736842106,-5.84770431308462,1.296920198593754,168,121
2015,20151031,0.0,0.0,0.0,554794.0787000001,225553.0216,780347.1003,0.0,97800938.45621634,47204660.83986883,145005599.29608518,0.0,29.0,22.0,3.0,5.0,15.0,15.0,30.469017948717948,-6.660147832273374,0.8587852776395379,-92.4294564102564,0.5526866450800298,2.780508162737505,169,122
2015,20151101,0.0,0.0,0.0,21411.8576,9758.1675,31170.0251,0.0,4450578.823680338,2166223.5018633413,6616802.325543679,0.0,18.0,2.0,3.0,5.0,15.0,0.0,26.04632,-11.08284578099132,7.036595845080205,-77.43888,15.543263055336439,9.707490575684321,170,123
2015,20151102,0.0,0.0,45651.9696,64490.570900000006,107994.5688,218137.1093,7808482.800051089,12977262.990611054,21527084.87369152,42312830.66435366,1.0,15.0,5.0,2.0,2.0,5.0,0.0,32.59777142857143,-4.531394352419895,2.841155936594109,-89.38319285714286,3.5989501981935774,13.841852738286399,171,124
2015,20151104,0.0,0.0,0.0,0.0,1339.4901,1339.4901,0.0,0.0,468463.01306723413,468463.01306723413,0.0,1.0,0.0,1.0,0.0,0.0,0.0,37.04,-0.08916578099132266,0.0,-100.94,-7.957856944663561,0.0,173,126
2015,20151105,0.0,0.0,495128.7084,65042.6367,343146.2744,903317.6195,101933972.16408888,12794122.168220852,68534309.33880463,183262403.6711144,25.0,19.0,3.0,2.0,2.0,5.0,5.0,35.36301363636364,-1.7661521446276822,2.150086235651944,-96.04959545454545,-3.0674523992090172,1.14757656094688,174,127
2015,20151106,0.0,0.0,0.0,89387.85,353012.5684,442400.4184,0.0,16220658.334450504,67729629.01860254,83950287.35305303,0.0,13.0,3.0,3.0,2.0,15.0,15.0,41.57165,4.442484219008676,3.3043171883663542,-83.8501625,9.13198055533644,2.37659742429522,175,128
2015,20151111,0.0,0.0,165951.55590000004,359747.9113,1868457.3646,2394156.8318,44365468.8372989,98870279.47602092,481467983.9053472,624703732.218667,12.0,223.0,31.0,1.0,0.0,0.0,0.0,41.16855304878049,4.0393872677891665,0.9110717801803303,-92.34445975609756,0.6376832992388728,1.872735233898428,180,133
2015,20151112,0.0,0.0,0.0,0.0,18415.989,18415.989,0.0,0.0,2257760.685849749,2257760.685849749,0.0,25.0,0.0,4.0,5.0,30.0,15.0,43.9,6.770834219008677,0.0,-75.39,17.592143055336436,0.0,181,134
2015,20151115,0.0,0.0,66969.3459,38622.8416,58386.6785,163978.866,12186009.71695649,6822232.581564582,10684852.076097708,29693094.37461878,2.0,12.0,1.0,1.0,0.0,0.0,0.0,38.70012,1.5709542190086765,0.6994991579694717,-121.13636,-28.15421694466356,0.35593152150378293,181,137
2015,20151116,0.0,0.0,107042.6085,119874.8065,99336.4129,326253.8279,33598190.92042519,37198943.81382463,26728437.85698085,97525572.59123068,53.0,59.0,53.0,1.0,0.0,0.0,0.0,36.912899248120304,-0.2162665328710176,1.9127839575886574,-100.75487744360902,-7.772734388272582,0.8877457379480482,180,138
2015,20151117,0.0,0.0,0.0,173798.2466,1633822.9704,1807621.217,0.0,34097280.02340028,326861686.72480524,360958966.74820554,0.0,244.0,9.0,4.0,10.0,30.0,15.0,33.290295098039216,-3.8388706829521055,1.7097664552101455,-94.3792794117647,-1.3971363564282626,2.780413159779832,179,139
2015,20151118,0.0,0.0,0.0,269180.91730000003,111295.2348,380476.1521,0.0,56219351.55442311,23633328.626910582,79852680.18133369,0.0,240.0,18.0,4.0,10.0,30.0,5.0,32.54938076923077,-4.579785011760549,1.1930438050697814,-87.92404615384615,5.058096901490288,2.0272321799400816,178,140
2015,20151207,0.0,0.0,0.0,0.0,0.0,0.0,0.0,0.0,0.0,0.0,0.0,37.0,0.0,1.0,0.0,0.0,0.0,37.129165780991315,-7.105427357601002e-15,0.0,-92.98214305533645,-1.4210854715202004e-14,0.0,159,159
2015,20151208,0.0,0.0,0.0,0.0,0.0,0.0,0.0,0.0,0.0,0.0,0.0,28.0,0.0,1.0,0.0,0.0,0.0,37.129165780991315,-7.105427357601002e-15,0.0,-92.98214305533645,-1.4210854715202004e-14,0.0,158,160
2015,20151209,0.0,0.0,0.0,0.0,0.0,0.0,0.0,0.0,0.0,0.0,0.0,76.0,0.0,0.0,0.0,0.0,0.0,37.129165780991315,-7.105427357601002e-15,0.0,-92.98214305533645,-1.4210854715202004e-14,0.0,157,161
2015,20151210,0.0,0.0,4529.0543,19929.0906,10179.217099999998,34637.361999999994,1217143.8937059685,4845730.84505431,2642806.3345835074,8705681.073343785,2.0,25.0,1.0,1.0,0.0,0.0,0.0,43.274225,6.1450592190086795,2.1178141724822512,-123.56415,-30.58200694466356,0.8510539877117046,156,162
2015,20151212,0.0,0.0,8208.9536,160334.2542,119835.3195,288378.5273,2341398.4192232657,30743783.64969859,27422759.97513197,60507942.04405382,3.0,29.0,8.0,1.0,0.0,0.0,0.0,33.7333652173913,-3.3958005636000195,1.967427531207531,-97.44277391304347,-4.460630857707031,2.8483769680321096,154,164
2015,20151213,0.0,0.0,0.0,0.0,686576.9700999999,686576.9700999999,0.0,0.0,131297763.24657868,131297763.24657868,0.0,114.0,0.0,3.0,5.0,15.0,15.0,32.19788333333334,-4.931282447657985,1.0327362145568149,-94.67004444444444,-1.6879013891080064,2.473663780993054,153,165
2015,20151214,0.0,0.0,0.0,0.0,165002.1861,165002.1861,0.0,0.0,39881089.097967654,39881089.097967654,0.0,24.0,0.0,2.0,2.0,5.0,0.0,43.66285714285714,6.53369136186582,0.15955294687702837,-84.17714285714285,8.805000198193582,0.19525319337672808,152,166
2015,20151217,0.0,0.0,0.0,0.0,13799.917699999998,13799.917699999998,0.0,0.0,2649210.484877123,2649210.484877123,0.0,17.0,0.0,2.0,2.0,5.0,0.0,30.52,-6.609165780991322,0.0,-82.95,10.032143055336434,0.0,149,169
2015,20151221,0.0,0.0,12131.2431,20890.5158,3550.2648,36572.0237,3158580.539425156,4737335.533045269,960641.7800751192,8856557.852545545,1.0,55.0,2.0,1.0,0.0,0.0,0.0,35.5934,-1.5357657809913192,5.659426667664021,-98.0326,-5.050456944663566,9.660560251179358,145,173
2015,20151222,0.0,0.0,0.0,0.0,31965.618400000003,31965.618400000003,0.0,0.0,6768186.730764442,6768186.730764442,0.0,24.0,0.0,2.0,2.0,5.0,0.0,30.446725,-6.682440780991321,0.2096462953802589,-85.889925,7.092218055336431,0.5686229176703992,144,174
2015,20151223,0.0,0.0,889500.6371999999,921040.5274,4785708.442100001,6596249.6067,214237319.60418984,220069352.70727557,1129686551.8944006,1563993224.205866,55.0,234.0,49.0,3.0,5.0,15.0,15.0,37.631904854368926,0.5027390733776045,2.089975310193071,-87.737,5.245143055336442,2.7644919265947916,143,175
2015,20151224,0.0,0.0,40972.590500000006,141178.82890000002,322177.0371,504328.4565,8610087.485147648,25813406.450816043,62489420.50956719,96912914.44553088,3.0,42.0,5.0,5.0,15.0,45.0,15.0,33.394313636363634,-3.7348521446276877,2.0693634404939156,-90.87988636363637,2.102256691700063,12.68045280963674,142,176
2015,20151225,0.0,0.0,27655.0595,69175.4862,73663.3083,170493.854,6196604.840010498,15300902.787423456,17429510.749738727,38927018.37717268,2.0,14.0,4.0,3.0,5.0,5.0,5.0,33.54055833333333,-3.588607447657992,1.2387546909980605,-88.36125833333334,4.6208847220030975,1.8958817240910408,141,177
2015,20151226,1.0,2609.3,125692.4347,522869.9531,105673.2922,754235.68,27923911.82106694,91780483.29392956,20654732.463434856,140359127.57843134,12.0,25.0,15.0,3.0,5.0,15.0,5.0,33.29508484848485,-3.834080932506474,1.8345522175249616,-97.19505454545454,-4.212911490118103,2.3602065754519947,140,178
2015,20151227,1.0,2609.3,384949.1358,151064.9181,283726.6994,819740.7533,66724690.57370016,34942251.626090586,62149827.54359284,163816769.7433836,12.0,35.0,14.0,4.0,10.0,15.0,15.0,32.87887142857143,-4.250294352419893,1.261700856978388,-94.97524285714286,-1.993099801806423,2.783926673333909,139,179
2015,20151228,1.0,2609.3,0.0,92731.7154,541731.6785,634463.3939,0.0,19745734.8224726,122636360.59802791,142382095.42050052,0.0,98.0,6.0,4.0,10.0,30.0,15.0,31.623113793103446,-5.506051987887876,1.381472154185117,-89.57518275862068,3.406960296715752,2.1809730847006663,138,180
2015,20151229,1.0,2609.3,0.0,0.0,0.0,0.0,0.0,0.0,0.0,0.0,0.0,5.0,0.0,3.0,5.0,15.0,5.0,37.129165780991315,-7.105427357601002e-15,0.0,-92.98214305533645,-1.4210854715202004e-14,0.0,137,181
2015,20151230,0.0,0.0,22145.3704,0.0,32384.8336,54530.204,4589643.046904909,0.0,6427107.805405704,11016750.852310613,1.0,4.0,0.0,1.0,0.0,0.0,0.0,34.14735,-2.981815780991319,0.8306383358598308,-83.642,9.34014305533644,4.055964496886035,136,182
2015,20151231,0.0,0.0,0.0,0.0,18409.478000000003,18409.478000000003,0.0,0.0,3592029.2143016653,3592029.2143016653,0.0,3.0,0.0,1.0,0.0,0.0,0.0,32.7389,-4.390265780991321,0.0,-82.2741,10.708043055336432,0.0,135,182
2016,20160106,0.0,0.0,0.0,74126.754,673057.7784000001,747184.5324,0.0,12563019.708083564,80237139.68014486,92800159.38822845,0.0,14.0,2.0,1.0,0.0,0.0,0.0,34.00769090909091,-3.1214748719004106,1.5090193096541509,-118.20738181818182,-25.22523876284538,1.6495852980783863,130,177
2016,20160107,0.0,0.0,0.0,0.0,0.0,0.0,0.0,0.0,0.0,0.0,0.0,1.0,0.0,2.0,2.0,5.0,0.0,37.129165780991315,-7.105427357601002e-15,0.0,-92.98214305533645,-1.4210854715202004e-14,0.0,129,176
2016,20160108,0.0,0.0,593967.8455999999,11520.128700000005,38369.3359,643857.3101999998,106845686.81036007,1566954.7902469465,9131557.558904162,117544199.15951118,25.0,4.0,1.0,1.0,0.0,0.0,0.0,30.897536666666667,-6.2316291143246545,1.7465138084458283,-93.76549666666666,-0.7833536113302273,2.60792227942202,128,175
2016,20160109,0.0,0.0,100905.4104,25675.899,63826.1017,190407.4111,19446917.46552577,4523102.448422564,11919111.53537356,35889131.449321896,5.0,4.0,1.0,3.0,2.0,5.0,15.0,30.60075555555555,-6.5284102254357705,3.6275586928784183,-89.1269,3.8552430553364303,5.9678247282824906,127,174
2016,20160110,0.0,0.0,0.0,0.0,0.0,0.0,0.0,0.0,0.0,0.0,0.0,36.0,0.0,2.0,2.0,5.0,5.0,37.129165780991315,-7.105427357601002e-15,0.0,-92.98214305533645,-1.4210854715202004e-14,0.0,126,173
2016,20160112,0.0,0.0,0.0,0.0,0.0,0.0,0.0,0.0,0.0,0.0,0.0,6.0,0.0,0.0,0.0,0.0,0.0,37.129165780991315,-7.105427357601002e-15,0.0,-92.98214305533645,-1.4210854715202004e-14,0.0,124,171
2016,20160113,0.0,0.0,0.0,0.0,35394.2154,35394.2154,0.0,0.0,7001575.32541186,7001575.32541186,0.0,14.0,0.0,0.0,0.0,0.0,0.0,40.14336666666667,3.0142008856753506,0.17907323455316987,-122.13723333333333,-29.15509027799689,0.04584281114126144,123,170
2016,20160114,0.0,0.0,0.0,0.0,6878.383000000001,6878.383000000001,0.0,0.0,1499184.859293337,1499184.859293337,0.0,15.0,0.0,2.0,2.0,0.0,0.0,29.1,-8.02916578099132,0.0,-90.2,2.7821430553364337,0.0,122,169
2016,20160115,0.0,0.0,0.0,27009.3736,348469.11069999996,375478.4842999999,0.0,4697911.218527808,59325274.234050095,64023185.452577904,0.0,25.0,1.0,2.0,2.0,5.0,0.0,27.948700000000002,-9.18046578099132,1.6824678930814696,-82.61564705882353,10.36649599651291,1.7075404212337348,121,168
2016,20160116,0.0,0.0,0.0,0.0,14252.172300000002,14252.172300000002,0.0,0.0,3806327.998859031,3806327.998859031,0.0,7.0,0.0,3.0,5.0,5.0,0.0,43.7101,6.580934219008675,0.49511616818681975,-123.6571,-30.674956944663563,0.7960608142598139,120,167
2016,20160117,0.0,0.0,0.0,95367.4934,478329.9341,573697.4275,0.0,16434441.82140163,82841058.3290407,99275500.15044232,0.0,17.0,3.0,3.0,5.0,15.0,5.0,26.968988888888887,-10.160176892102434,0.5185425467697501,-81.78659999999999,11.195543055336444,0.514471216824786,119,166
2016,20160120,0.0,0.0,0.0,0.0,0.0,0.0,0.0,0.0,0.0,0.0,0.0,10.0,0.0,1.0,0.0,0.0,0.0,37.129165780991315,-7.105427357601002e-15,0.0,-92.98214305533645,-1.4210854715202004e-14,0.0,116,163
2016,20160121,0.0,0.0,670859.9471,80635.8931,299722.9544,1051218.7946,141933224.27987197,18454983.156036697,67589044.63821015,227977252.0741188,48.0,31.0,7.0,1.0,0.0,0.0,0.0,31.622395180722894,-5.506770600268428,0.6823099767457129,-91.01154698795182,1.9705960673846192,2.164846504069011,115,162
2016,20160122,0.0,0.0,0.0,16077.465300000002,153241.8687,169319.334,0.0,3464589.1029517693,31312538.134587348,34777127.23753912,0.0,14.0,2.0,4.0,10.0,15.0,15.0,30.46151875,-6.667647030991322,0.788147199634476,-86.0138375,6.968305555336443,1.1717370642910176,114,161
2016,20160123,0.0,0.0,67971.5661,0.0,0.0,67971.5661,13128598.798951669,0.0,0.0,13128598.798951669,5.0,18.0,0.0,3.0,5.0,15.0,0.0,39.98732,2.858154219008675,0.0576186775273425,-122.20506,-29.222916944663567,0.0390660722366605,113,160
2016,20160126,0.0,0.0,20779.2456,0.0,0.0,20779.2456,3461427.1371726547,0.0,0.0,3461427.1371726547,1.0,3.0,0.0,1.0,0.0,0.0,0.0,29.28,-7.849165780991321,0.0,-98.2,-5.217856944663566,0.0,110,157
2016,20160127,0.0,0.0,0.0,29551.505,0.0,29551.505,0.0,4187492.639277288,0.0,4187492.639277288,0.0,5.0,1.0,2.0,2.0,5.0,0.0,26.2349,-10.894265780991322,0.0,-80.1809,12.801243055336442,0.0,109,156
2016,20160128,0.0,0.0,0.0,29594.89810000001,29433.786800000005,59028.68490000001,0.0,4263611.588818742,4145531.660142904,8409143.248961646,0.0,5.0,1.0,2.0,2.0,5.0,0.0,26.358400000000003,-10.770765780991319,0.13915861453751105,-80.10125,12.880893055336443,0.001767766952979834,108,155
2016,20160131,0.0,0.0,20292.7284,0.0,959714.9217,980007.6501,3249030.2190433107,0.0,111608298.14197418,114857328.3610175,1.0,44.0,0.0,1.0,0.0,0.0,0.0,33.5971125,-3.5320532809913203,1.1477675751213732,-117.30353125,-24.32138819466357,0.8363147252231058,105,152
2016,20160201,0.0,0.0,0.0,0.0,27455.566,27455.566,0.0,0.0,6629635.688603011,6629635.688603011,0.0,28.0,0.0,2.0,2.0,5.0,0.0,35.722849999999994,-1.4063157809913278,0.7172184081575167,-96.9595,-3.977356944663569,0.04171930009000453,104,151
2016,20160202,0.0,0.0,18207.0479,134207.8531,186533.7095,338948.6105,4425779.795019227,31740010.551237464,43691566.29683551,79857356.6430922,2.0,15.0,12.0,2.0,0.0,5.0,0.0,33.522992307692306,-3.606173473299016,1.9160725798201017,-88.65147692307693,4.330666132259509,1.167063061640695,103,150
2016,20160203,0.0,0.0,0.0,107774.5012,470111.2236,577885.7248,0.0,21373772.30863076,95659474.11037776,117033246.41900854,0.0,17.0,4.0,4.0,10.0,30.0,5.0,34.511047619047616,-2.6181181619437055,1.4113698847641047,-83.24995714285714,9.732185912479295,2.6249808910869077,102,149
2016,20160215,0.0,0.0,389161.8419,267928.5011,1806947.8895000005,2464038.2325000004,84858188.32269464,57809909.87125936,382814101.38445807,525482199.57841206,33.0,200.0,21.0,1.0,0.0,0.0,0.0,31.2318465437788,-5.897319237212521,0.8168184020600993,-87.62550230414746,5.356640751188976,2.520397201306931,90,137
2016,20160216,0.0,0.0,29899.881800000003,200196.6013,2324266.6944000004,2554363.1775,4263751.25873862,29849693.9345021,336379642.79947215,370493087.99271286,1.0,95.0,7.0,3.0,5.0,15.0,15.0,33.29318461538461,-3.835981165606711,5.108044708601535,-78.22632615384614,14.755816901490292,2.7409158064799297,89,136
2016,20160218,0.0,0.0,0.0,0.0,0.0,0.0,0.0,0.0,0.0,0.0,0.0,187.0,0.0,1.0,0.0,0.0,0.0,37.129165780991315,-7.105427357601002e-15,0.0,-92.98214305533645,-1.4210854715202004e-14,0.0,87,134
2016,20160221,0.0,0.0,51613.5512,0.0,8584.1489,60197.7001,12287331.052451774,0.0,2192137.401324014,14479468.45377579,3.0,1.0,0.0,2.0,0.0,0.0,5.0,37.0375,-0.09166578099132039,1.2418366773989793,-89.998475,2.9836680553364374,3.7017141032905307,84,131
2016,20160222,1.0,1383.5,53834.6131,0.0,17013.508700000002,70848.12180000001,6313311.5475497795,0.0,2637880.677202225,8951192.224752005,8.0,4.0,0.0,1.0,0.0,0.0,0.0,29.704583333333332,-7.42458244765799,0.8340265145483665,-100.88130000000001,-7.899156944663574,0.618769385738559,83,130
2016,20160223,1.0,1383.5,354046.8405,533579.9077000001,596188.488,1483815.2362000002,72227074.22945094,114443137.94072951,128479036.3517859,315149248.52196634,31.0,57.0,41.0,3.0,2.0,5.0,15.0,31.129856692913386,-5.999309088077936,1.1338056906810452,-89.63330078740158,3.348842267934856,3.4337845504816356,82,129
2016,20160224,1.0,1383.5,1105503.0787,1116851.6298999998,10471937.9898,12694292.6984,201179403.4265682,189793936.02347547,1700767147.8441105,2091740487.294154,37.0,352.0,34.0,5.0,15.0,45.0,15.0,36.3696962962963,-0.7594694846950247,2.9553479330588344,-78.94799228395061,14.034150771385825,2.9054772476953263,81,128
2016,20160229,0.0,0.0,93797.5571,0.0,50355.3249,144152.882,20454490.847283147,0.0,11380431.436873157,31834922.2841563,7.0,47.0,0.0,1.0,0.0,0.0,0.0,35.265480000000004,-1.863685780991318,1.3117670607915795,-96.62828999999999,-3.646146944663556,4.7877427640103365,76,123
2016,20160301,0.0,0.0,186109.6919,65163.4798,189601.3388,440874.5105,41112244.95564369,13085422.772161258,41569018.056563,95766685.78436796,11.0,86.0,3.0,3.0,0.0,5.0,15.0,35.792130434782614,-1.3370353462087081,3.584027870913699,-91.50876086956522,1.4733821857712144,11.069306685266701,75,122
2016,20160302,0.0,0.0,143632.7682,0.0,18916.3455,162549.1137,31862525.122665744,0.0,4068315.343684808,35930840.466350555,9.0,58.0,0.0,3.0,2.0,15.0,5.0,35.30641818181818,-1.822747599173141,1.390345753270159,-97.35870909090909,-4.376566035572651,1.3842744044838395,74,121
2016,20160303,0.0,0.0,249501.1916,9509.1789,288162.85109999997,547173.2215999999,58697895.84820474,2079425.7243407313,59468899.671640344,120246221.2441858,25.0,26.0,1.0,1.0,0.0,0.0,0.0,31.667023076923076,-5.4621427040682455,0.9324807921304942,-87.55423269230769,5.427910363028744,2.816642752704235,73,120
2016,20160306,0.0,0.0,142976.714,0.0,0.0,142976.714,38885162.38683185,0.0,0.0,38885162.38683185,8.0,16.0,0.0,2.0,2.0,0.0,0.0,44.040725,6.91155921900868,0.6228044401851076,-88.9672375,4.014905555336441,1.9340944059817766,70,117
2016,20160307,0.0,0.0,143111.1653,29731.8211,573051.0697999999,745894.0562,26453312.789528355,5149779.561372516,85883518.84826644,117486611.19916733,8.0,14.0,1.0,2.0,0.0,5.0,0.0,33.93674545454545,-3.1924203264458697,1.6755123639188794,-101.43159999999999,-8.449456944663552,8.059969587086659,69,116
2016,20160308,0.0,0.0,524889.7774,335634.0822,1379696.6226,2240220.4822,94315363.64430337,58700333.20626132,244127593.3512804,397143290.20184505,40.0,55.0,12.0,3.0,5.0,15.0,15.0,32.64564857142857,-4.4835172095627485,3.88177793783671,-97.3087980952381,-4.3266550399016666,2.3928385156779237,68,115
2016,20160309,0.0,0.0,44047.8198,0.0,252904.9374,296952.7572,4249427.52849977,0.0,41094103.42115654,45343530.94965631,2.0,25.0,0.0,4.0,10.0,30.0,15.0,29.49134666666667,-7.637819114324653,2.230779513618716,-96.65153333333333,-3.6693902779968965,1.3337831407941352,67,114
2016,20160310,0.0,0.0,10439.6938,9810.485399999998,47472.694599999995,67722.8738,2380398.287429302,2316299.6911034663,11431625.940988917,16128323.919521684,1.0,17.0,1.0,3.0,5.0,15.0,5.0,32.19421428571429,-4.9349514952770335,0.8901076815542627,-90.84755714285714,2.134585912479295,1.63716342786046,66,113
2016,20160311,0.0,0.0,0.0,0.0,345628.51269999996,345628.51269999996,0.0,0.0,46002897.33528841,46002897.33528841,0.0,12.0,0.0,2.0,2.0,5.0,5.0,31.962014285714286,-5.167151495277036,2.2032360967665814,-105.95155714285714,-12.969414087520704,14.169951296065106,65,112
2016,20160312,0.0,0.0,0.0,13944.8261,0.0,13944.8261,0.0,3463115.399745465,0.0,3463115.399745465,0.0,10.0,1.0,1.0,0.0,0.0,0.0,36.551,-0.5781657809913199,0.0,-88.3257,4.656443055336439,0.0,64,111
2016,20160313,0.0,0.0,724884.7264,127477.7726,43051.434,895413.9330000001,173934118.83887917,31518786.086319774,9579133.593382971,215032038.51858193,67.0,33.0,13.0,1.0,0.0,0.0,0.0,34.365632142857145,-2.7635336381341773,0.98026151946547,-91.78640714285714,1.195735912479293,3.6083779779835385,63,110
2016,20160314,0.0,0.0,947315.7783,181902.7194,264504.37309999997,1393722.8708,190142866.78784212,42925501.14441915,55395342.9362187,288463710.86847997,31.0,37.0,5.0,4.0,10.0,15.0,30.0,36.50170652173913,-0.6274592592521913,1.8869005858994334,-81.5354652173913,11.446677837945131,2.084981793815247,62,109
2016,20160315,0.0,0.0,1715627.0255,267048.64759999997,193719.169,2176394.8421,406240270.01105106,63736784.04675322,42461826.25325304,512438880.3110573,81.0,7.0,12.0,3.0,0.0,15.0,15.0,40.781074,3.651908219008675,1.1957045853716481,-90.26705700000001,2.715086055336428,1.1588254103041882,61,108
2016,20160316,0.0,0.0,289096.721,0.0,236035.8311,525132.5521,55536672.31545387,0.0,45993286.341220126,101529958.656674,8.0,49.0,0.0,4.0,10.0,15.0,30.0,40.368807142857136,3.2396413618658144,2.8577093431531972,-83.53112142857142,9.451021626765012,4.191225237450732,60,107
2016,20160317,1.0,1609.8,2079308.2202,0.0,1270203.2903000002,3349511.5105000003,394887178.3517674,0.0,244832492.03409392,639719670.3858614,107.0,87.0,0.0,2.0,0.0,5.0,5.0,33.38601117318436,-3.7431546078069644,3.9378902116600405,-89.32191340782123,3.6602296475152087,7.75069800690968,59,106
2016,20160318,1.0,1609.8,1304519.4218,0.0,528559.9094,1833079.3312,235375309.3749915,0.0,67697199.01472951,303072508.38972104,80.0,37.0,0.0,3.0,2.0,5.0,15.0,30.11886034482759,-7.010305436163733,2.100747458483961,-95.78280344827587,-2.8006603929394345,3.3256420515098353,58,105
2016,20160319,0.0,0.0,29839.735900000003,28717.025600000004,98762.8698,157319.6313,4577011.844115682,4029242.7470428543,14139993.984241642,22746248.575400177,1.0,7.0,1.0,3.0,2.0,5.0,15.0,27.39761111111111,-9.731554669880211,0.6126133536833095,-91.50894444444445,1.4731986108919841,8.545644338654505,57,104
2016,20160323,1.0,2746.1,2916370.8159,96471.5582,270834.1751,3283676.5492,560381327.8958263,22005522.000895914,58976456.393438384,641363306.2901605,120.0,83.0,6.0,1.0,0.0,0.0,0.0,35.44516338028169,-1.6840024007096304,2.897218188413427,-95.99449788732394,-3.0123548319875084,1.3586978076631566,53,100
2016,20160324,1.0,2746.1,226231.68520000004,217143.5523,1627777.4846,2071152.7221,39163518.56145881,44687562.12749981,329102600.7816708,412953681.47062945,9.0,95.0,6.0,3.0,5.0,15.0,15.0,32.486978846153846,-4.642186934837476,3.8225711868554226,-88.68625480769232,4.295888247644115,4.959725768724267,52,99
2016,20160325,0.0,0.0,69683.5753,0.0,73732.872,143416.4473,10874798.10145227,0.0,13123503.196398357,23998301.297850627,3.0,4.0,0.0,3.0,5.0,15.0,5.0,27.178714285714285,-9.950451495277036,3.5731666769727624,-92.66427142857142,0.3178716267650117,27.632787289420897,51,98
2016,20160326,0.0,0.0,293888.24250000005,0.0,173635.0625,467523.30500000005,54377784.83750898,0.0,31698042.24944898,86075827.08695796,13.0,15.0,0.0,2.0,2.0,5.0,5.0,30.734585,-6.394580780991323,2.3269283978478,-85.28846999999999,7.693673055336447,6.225288586174775,50,97
2016,20160327,0.0,0.0,2634721.3503,84927.668,734413.1814999998,3454062.1998,627540088.6694769,20901070.24623465,173727759.15073484,822168918.0664463,82.0,24.0,5.0,2.0,2.0,5.0,5.0,39.7098752293578,2.580709448366477,1.4699136838576117,-85.72708256880735,7.255060486529089,1.4491880404687913,49,96
2016,20160328,0.0,0.0,37901.6101,0.0,0.0,37901.6101,6736616.828501673,0.0,0.0,6736616.828501673,1.0,33.0,0.0,3.0,2.0,15.0,15.0,28.3664,-8.762765780991323,0.0,-81.4314,11.55074305533644,0.0,48,95
2016,20160329,0.0,0.0,141675.5072,0.0,0.0,141675.5072,27547554.837254524,0.0,0.0,27547554.837254524,16.0,15.0,0.0,1.0,0.0,0.0,0.0,36.669375,-0.45979078099131954,6.666264789970467,-95.405,-2.4228569446635646,8.340388480160861,47,94
2016,20160330,0.0,0.0,1830110.1394,105695.8809,480843.7394,2416649.7597,402858743.0244201,27206553.424326107,93622857.95829514,523688154.4070413,112.0,23.0,9.0,2.0,0.0,5.0,5.0,36.19405104895105,-0.9351147320402688,3.070183752881932,-95.34416713286713,-2.362024077530691,2.3086142910320073,46,93
2016,20160331,0.0,0.0,1380131.7639,471444.95970000006,2570585.1521,4422161.8757,316600051.7776038,106161005.6477365,598589567.3596238,1021350624.784964,89.0,154.0,23.0,4.0,10.0,15.0,30.0,35.23780938775511,-1.8913563932362152,3.2862095394240574,-88.30189428571428,4.680248769622153,2.3947127577603684,45,92
2016,20160401,0.0,0.0,227740.5504,176909.1739,961064.1273,1365713.8516,39340620.99139389,32770702.570026617,175232129.37554222,247343452.93696272,12.0,52.0,8.0,4.0,10.0,15.0,30.0,32.54793285714286,-4.581232923848461,3.6313591297865964,-84.75733714285714,8.224805912479297,7.180445456937169,44,91
2016,20160402,0.0,0.0,548353.7664,0.0,1517046.9669,2065400.7333,79602155.76127492,0.0,208905657.2280285,288507812.9893034,7.0,307.0,0.0,3.0,5.0,15.0,5.0,38.398714285714284,1.2695485047229624,3.2418976293287876,-76.526475,16.45566805533643,2.9517704153452375,43,90
2016,20160404,0.0,0.0,0.0,0.0,11465.5488,11465.5488,0.0,0.0,3557339.8637116905,3557339.8637116905,0.0,11.0,0.0,1.0,0.0,0.0,0.0,46.37054,9.241374219008677,1.1778965141301676,-113.80118,-20.819036944663566,2.936637634608667,41,88
2016,20160405,0.0,0.0,0.0,0.0,3903.8591000000006,3903.8591000000006,0.0,0.0,1134442.9504952915,1134442.9504952915,0.0,85.0,0.0,1.0,0.0,0.0,0.0,37.65,0.5208342190086768,0.0,-98.7,-5.717856944663566,0.0,40,87
2016,20160406,0.0,0.0,758903.4090000001,166669.5141,1313567.7873,2239140.7104,141662941.24497405,33158844.411765452,274787724.3971644,449609510.05390394,24.0,110.0,9.0,2.0,0.0,5.0,5.0,35.309011764705886,-1.8201540162854357,2.893703908258319,-86.69672352941176,6.285419525924681,3.667577073447521,39,86
2016,20160407,0.0,0.0,95388.123,176008.0718,3055988.7801,3327384.9749000003,18079858.550474223,32966966.22947591,472179438.12387586,523226262.903826,4.0,82.0,8.0,3.0,0.0,15.0,0.0,38.22410394736842,1.0949381663770978,4.444087389793047,-77.6191447368421,15.362998318494334,3.7680933601100333,38,85
2016,20160408,0.0,0.0,4029.4561,0.0,0.0,4029.4561,687853.1193516178,0.0,0.0,687853.1193516178,1.0,0.0,0.0,2.0,0.0,5.0,0.0,32.28,-4.849165780991321,0.0,-104.1,-11.117856944663558,0.0,37,84
2016,20160409,0.0,0.0,1619.3014,0.0,0.0,1619.3014,452748.283950509,0.0,0.0,452748.283950509,1.0,26.0,0.0,2.0,0.0,0.0,5.0,31.5805,-5.548665780991321,0.0,-103.558,-10.57585694466357,0.0,36,83
2016,20160410,1.0,4618.1,568346.258,0.0,293875.94489999994,862222.2028999999,136990498.71059555,0.0,67702260.19830213,204692758.9088977,60.0,41.0,0.0,1.0,0.0,0.0,0.0,35.36114239130435,-1.7680233896869737,1.6913045634081403,-98.3376554347826,-5.355512379446168,2.547053171734046,35,82
2016,20160411,1.0,4618.1,3433225.2216,7413.695300000001,817934.7886999999,4258573.705599999,626740661.7193192,1939658.2499077488,180720571.43053183,809400891.3997588,128.0,65.0,1.0,4.0,5.0,15.0,30.0,33.16456476683938,-3.9646010141519383,0.7579728017067343,-94.75276580310882,-1.7706227477723786,2.8280717056252174,34,81
2016,20160412,1.0,4618.1,868212.0696,15908.8373,202707.6226,1086828.5295000002,140093630.81021357,2909475.3999381587,34295366.03156837,177298472.2417201,41.0,7.0,1.0,4.0,5.0,15.0,30.0,29.933930612244897,-7.195235168746425,2.035529509038953,-97.5598142857143,-4.5776712303778595,4.193496408974649,33,80
2016,20160413,0.0,0.0,250213.58150000003,0.0,237901.7023,488115.2838,43245526.50388524,0.0,39572253.05310049,82817779.55698574,9.0,12.0,0.0,3.0,5.0,15.0,15.0,29.485435294117647,-7.643730486873675,0.22509545181204973,-94.2622411764706,-1.2800981211341593,2.118654751563721,32,79
2016,20160414,0.0,0.0,379934.00000000006,0.0,80564.2756,460498.27560000005,75509349.40935768,0.0,16764160.522412237,92273509.93176992,21.0,20.0,0.0,2.0,2.0,5.0,5.0,31.927482142857144,-5.201683638134178,3.6286383641549973,-89.85956428571428,3.1225787696221516,6.8277683381481244,31,78
2016,20160415,0.0,0.0,287147.5746,28812.4346,839.6070000000001,316799.6162,56906969.92903128,7044849.434505781,347296.13928151963,64299115.502818584,64.0,2.0,12.0,2.0,0.0,5.0,5.0,36.379318181818185,-0.7498475991731368,2.7508096319049167,-100.84734675324674,-7.865203697910303,5.525269542569717,30,77
2016,20160416,0.0,0.0,131307.43550000002,22592.7103,34155.840299999996,188055.98610000004,32093616.00813066,5932240.234428859,9058440.017681696,47084296.26024121,30.0,14.0,6.0,3.0,5.0,15.0,15.0,32.93682826086957,-4.192337520121754,1.0822096758562596,-100.88184130434783,-7.899698249011394,0.6430480820370984,29,76
2016,20160417,0.0,0.0,212325.77810000005,49081.576799999995,36421.7608,297829.1157,25347386.5777862,7813740.712672984,6127313.598119842,39288440.888579026,11.0,1.0,2.0,3.0,5.0,15.0,15.0,28.976564285714286,-8.152601495277036,1.1181743400651885,-98.47656428571429,-5.494421230377853,1.4572761565052421,28,75
2016,20160418,0.0,0.0,43812.06719999999,72369.11559999999,52322.1141,168503.2969,3507079.0648944573,12066388.992298694,2637147.9796171184,18210616.03681027,3.0,3.0,2.0,3.0,5.0,15.0,15.0,27.4770125,-9.652153280991321,1.6895209722094935,-97.1001,-4.117956944663561,1.2669541134998854,27,74
2016,20160419,0.0,0.0,330129.69180000003,14710.1658,193653.0828,538492.9404000001,63687131.281362005,3633238.960249065,34456060.99848051,101776431.24009158,30.0,10.0,2.0,3.0,2.0,15.0,15.0,32.9441641025641,-4.18500167842722,1.574337330014589,-99.41426923076924,-6.432126175432799,2.284978718449082,26,73
2016,20160420,0.0,0.0,185001.68,0.0,66207.2701,251208.9501,24638749.43349692,0.0,11387022.508359635,36025771.94185656,22.0,3.0,0.0,2.0,2.0,5.0,5.0,33.0168125,-4.1123532809913215,3.7618810443149444,-101.460125,-8.477981944663568,4.565057897937521,25,72
2016,20160421,0.0,0.0,165553.90959999998,0.0,43021.5619,208575.4715,35554715.277157284,0.0,8110652.272594162,43665367.549751446,13.0,2.0,0.0,3.0,2.0,15.0,15.0,34.406166666666664,-2.722999114324658,4.28202066397007,-95.73835333333334,-2.7562102779968995,5.7953690080796,24,71
2016,20160422,0.0,0.0,283238.58239999996,23727.3738,211359.8767,518325.8328999999,59023909.31094444,4089806.9172259825,40380120.54559197,103493836.7737624,12.0,22.0,1.0,2.0,0.0,5.0,5.0,35.37602,-1.753145780991325,4.370616893719545,-89.98822,2.993923055336438,13.900444560816512,23,70
2016,20160423,0.0,0.0,24273.0173,0.0,12345.6626,36618.6799,4539892.937520351,0.0,3221499.23340331,7761392.170923661,1.0,12.0,0.0,2.0,0.0,5.0,5.0,37.7362,0.6070342190086748,1.990796464734653,-98.62968333333333,-5.647540277996896,10.466542502358013,22,69
2016,20160424,0.0,0.0,746867.9501,51107.5531,185438.4858,983413.989,176385608.7098277,10843824.480818758,50931195.88815459,238160629.07880104,89.0,33.0,5.0,2.0,0.0,5.0,5.0,38.851825000000005,1.7226592190086834,4.0654533674133555,-97.81813839285714,-4.8359953375207,4.443987633784934,21,68
2016,20160425,0.0,0.0,2615051.1292,15908.8373,93304.4988,2724264.4653,513373246.15721023,2909475.3999381587,22011720.77412682,538294442.3312752,76.0,22.0,1.0,4.0,5.0,15.0,30.0,37.86979880952381,0.7406330285324856,6.132519901912097,-93.62333571428572,-0.6411926589492793,6.804876758754829,20,67
2016,20160426,1.0,3160.8,5038537.774499999,582618.5491000001,4069258.5185,9690414.8421,1184306842.595909,138486107.8109826,936259125.6612666,2259052076.068158,342.0,254.0,40.0,3.0,2.0,15.0,15.0,37.46806789727127,0.3389021162799466,2.210277549752977,-93.84248282504012,-0.8603397697036854,5.109059816863856,19,66
2016,20160427,1.0,3160.8,1273274.636,493659.81850000005,2412821.1172999996,4179755.5718,315440394.06834376,114572473.77189276,503572667.1883734,933585535.02861,93.0,123.0,31.0,5.0,10.0,30.0,45.0,36.86468089430894,-0.2644848866823821,3.6745977960999756,-93.17900325203253,-0.19686019669609323,4.9255420344747,18,65
2016,20160428,1.0,3160.8,2451847.3365,34057.4418,323542.7769,2809447.5552000003,512680267.29556125,7948695.616640846,64542834.73639325,585171797.6485953,119.0,14.0,2.0,3.0,2.0,15.0,15.0,36.658634328358204,-0.4705314526331179,2.603391392678856,-87.1965880597015,5.785554995634939,9.497912518077825,17,64
2016,20160429,1.0,3160.8,2164731.2416000003,361193.2898,882979.8629,3408904.3943000003,440464397.18360233,71680888.18726464,202877954.24597976,715023239.6168467,130.0,66.0,19.0,3.0,2.0,15.0,15.0,34.041707476635516,-3.087458304355806,1.9679371553623273,-95.31632009345795,-2.33417703812151,3.3455113515289923,16,63
2016,20160430,1.0,3160.8,925009.5088,76603.1303,935528.7176,1937141.3567,198862923.81988692,15329669.408510316,172276402.35367143,386468995.5820687,55.0,49.0,5.0,4.0,10.0,15.0,30.0,33.82194591836735,-3.307219862623974,3.5722893059487175,-93.0346612244898,-0.05251816915335894,3.7762514245435956,15,62
2016,20160501,1.0,3160.8,3410900.2891,32353.703,1205914.3697000002,4649168.3618,757724940.8065842,7180854.055324629,270880213.0879237,1035786007.9498328,136.0,57.0,1.0,3.0,5.0,15.0,15.0,37.34449057591623,0.21532479492491063,2.7092454376420756,-85.04929685863874,7.932846196697696,3.8530869756176402,14,61
2016,20160502,1.0,3160.8,6043672.5943,0.0,2085931.5335,8129604.1278,1100615748.352563,0.0,348048569.15702903,1448664317.5095916,174.0,52.0,0.0,2.0,2.0,5.0,5.0,37.00895088495575,-0.12021489603557,2.097132578975208,-80.53018097345132,12.451962081885114,4.046803883982292,13,60
2016,20160503,0.0,0.0,1826515.6625,0.0,2147031.401,3973547.0635,355979433.4716829,0.0,375685278.45088094,731664711.9225638,75.0,82.0,0.0,3.0,2.0,15.0,15.0,34.49773630573248,-2.631429475258841,2.4271681110401833,-80.30111146496814,12.681031590368292,2.4881130308896973,12,59
2016,20160504,0.0,0.0,307056.3827,0.0,669399.9480999999,976456.3308,55867190.28089703,0.0,143672839.24778938,199540029.5286864,13.0,31.0,0.0,3.0,2.0,15.0,15.0,34.699774999999995,-2.4293907809913264,5.441615426832964,-87.92795227272728,5.0541907826091546,11.42587257956316,11,58
2016,20160505,0.0,0.0,199403.9201,12519.4601,32331.4832,244254.86339999997,37037029.52276652,2521344.4717035946,6088527.400590435,45646901.395060554,12.0,5.0,1.0,3.0,2.0,15.0,5.0,40.46897647058824,3.3398106895969164,3.9011575409629082,-113.44320588235294,-20.461062827016505,13.316322879574841,10,57
2016,20160506,0.0,0.0,63726.7003,0.0,60784.2486,124510.9489,14310188.350705348,0.0,11861634.035246186,26171822.385951538,6.0,7.0,0.0,2.0,0.0,5.0,5.0,42.3059,5.176734219008679,2.2445447993665955,-106.27736666666668,-13.295223611330243,8.820208714015095,9,56
2016,20160507,0.0,0.0,772821.0891,92369.43630000002,1521095.9093000002,2386286.4347,170028308.50172225,19024902.820371117,365835271.8143389,554888483.1364323,54.0,79.0,9.0,2.0,0.0,5.0,5.0,38.944449999999996,1.8152842190086744,1.2036114927568766,-92.61349788732394,0.3686451680124918,8.007531796988554,8,55
2016,20160508,1.0,2252.9,442008.3729,34665.7524,169155.14010000002,645829.2653999999,120781301.86034451,10407441.858818172,38045824.11889215,169234567.83805484,103.0,21.0,11.0,3.0,5.0,15.0,15.0,37.77085074626866,0.6416849652773351,3.5813290007399203,-99.32275970149253,-6.340616646156093,3.5515500340949195,7,54
2016,20160509,1.0,2252.9,1721721.9318999995,509854.2433000001,729169.2157000001,2960745.3909,426505326.9696772,114362864.0478018,170583899.38759553,711452090.4050745,187.0,66.0,35.0,4.0,10.0,15.0,30.0,37.236784615384614,0.10761883439329267,2.8352707658886516,-96.42843741258741,-3.446294357250977,2.4145951882939403,6,53
2016,20160510,1.0,2252.9,3139915.5651999996,219437.7523,2547614.8331,5906968.150599999,691461072.1276459,54726979.82810595,541267784.4407309,1287455836.3964827,163.0,109.0,14.0,4.0,10.0,15.0,30.0,36.38865302491103,-0.7405127560802924,2.6604249202093957,-89.78432740213523,3.1978156532012036,6.316611235006529,5,52
2016,20160511,1.0,2252.9,2871242.6035,65913.5521,2140802.6602,5077958.8158,642514516.4120313,16295669.00324116,483746141.13355494,1142556326.5488274,175.0,117.0,4.0,4.0,5.0,30.0,15.0,36.98476815068493,-0.1443976303063934,2.572931895739986,-91.59045239726028,1.3916906580761577,6.033397094805086,4,51
2016,20160512,0.0,0.0,1023114.9597,0.0,2046650.601,3069765.5607,202925011.95686424,0.0,442072858.8408227,644997870.7976869,45.0,95.0,0.0,3.0,2.0,15.0,15.0,35.07134244604316,-2.0578233349481607,1.9388335735162938,-86.83108057553957,6.151062479796863,6.402606816292895,3,50
2016,20160513,0.0,0.0,663178.0455999998,0.0,446543.47559999995,1109721.5211999998,154663521.41338435,0.0,99624661.89685184,254288183.3102362,71.0,40.0,0.0,3.0,0.0,15.0,5.0,36.10416636363636,-1.0249994173549624,3.0039516751227695,-96.6008490909091,-3.6187060355726572,4.971723451898261,2,49
2016,20160514,0.0,0.0,181873.3878,0.0,172106.5666,353979.9544,33927539.80894297,0.0,25713065.369566005,59640605.17850898,11.0,9.0,0.0,3.0,2.0,15.0,15.0,36.953855555555556,-0.1753102254357657,6.337742027699865,-100.59469444444444,-7.612551389108006,15.997057406670773,1,48
2016,20160515,0.0,0.0,70844.0396,0.0,0.0,70844.0396,13473341.155758072,0.0,0.0,13473341.155758072,15.0,6.0,0.0,2.0,0.0,5.0,5.0,35.159099999999995,-1.9700657809913267,2.9261944332919128,-106.34128000000001,-13.359136944663575,2.644265013517797,0,47
2016,20160516,0.0,0.0,164606.03600000002,17499.934800000003,113150.4865,295256.4573,44428817.49312781,4974629.385477409,29035977.972410224,78439424.85101545,61.0,29.0,8.0,3.0,5.0,15.0,15.0,35.83702659574468,-1.29213918524664,0.481088309505777,-101.2079404255319,-8.225797370195465,1.376681757707321,1,46
2016,20160517,0.0,0.0,530185.571,103104.3798,480860.3412000001,1114150.292,72784600.80079795,17491611.138701096,83857397.63882461,174133609.57832366,40.0,24.0,4.0,4.0,5.0,30.0,30.0,29.90228823529412,-7.226877545697203,1.4770712578460965,-94.69261911764706,-1.7104760623106188,8.32758773723044,2,45
2016,20160518,0.0,0.0,82954.2457,0.0,29444.2643,112398.51,9292407.483687077,0.0,4169368.432494983,13461775.91618206,10.0,1.0,0.0,4.0,5.0,15.0,30.0,30.52035454545455,-6.608811235536773,2.5863213150587603,-101.52100909090909,-8.538866035572653,10.61710673606087,3,44
2016,20160519,0.0,0.0,37761.5625,11356.8447,838199.1789999999,887317.5861999999,5812929.10481724,2442302.191789978,167430982.14473793,175686213.44134516,4.0,61.0,1.0,3.0,2.0,15.0,15.0,31.279621875,-5.849543905991322,3.387455685762686,-91.8008125,1.1813305553364302,7.421706867075368,4,43
2016,20160520,0.0,0.0,37601.378099999994,25482.9164,737790.6636,800874.9580999999,10703014.721343782,4543781.599231055,139870777.9102899,155117574.23086476,18.0,53.0,1.0,4.0,5.0,30.0,15.0,33.75343043478261,-3.375735346208714,5.973063833831917,-90.27477536231883,2.707367693017602,9.709791354961453,5,42
2016,20160521,1.0,1501.5,348105.5731000001,10880.304299999998,359804.9497,718790.8271000001,83052885.44931583,3661147.181194272,68307195.40950117,155021228.0400113,109.0,36.0,6.0,2.0,2.0,5.0,5.0,40.07201324503311,2.9428474640417903,6.190006554500304,-103.65833907284768,-10.676196017511245,6.003522510093259,6,41
2016,20160522,1.0,1501.5,331685.8636,61470.6742,89854.6515,483011.1893,91300799.81789282,18693087.276903983,26743437.35430596,136737324.44910276,107.0,36.0,27.0,3.0,5.0,15.0,15.0,38.307005952380955,1.177840171389633,4.834836704568686,-100.13243035714285,-7.150287301806415,3.397282261690935,7,40
2016,20160523,1.0,1501.5,871653.5329999999,23177.9642,161477.2311,1056308.7283,185931364.1310652,7264155.033386784,38334867.54572773,231530386.71017972,89.0,16.0,6.0,3.0,5.0,15.0,15.0,37.77369099099099,0.6445252099996708,3.9256866389681,-97.24722702702702,-4.265083971690586,6.387016270613464,8,39
2016,20160524,1.0,1501.5,1072166.1124,142445.45130000002,444734.498,1659346.0617,244710420.1190711,40171249.257571034,115853157.7486161,400734827.1252582,114.0,64.0,48.0,4.0,5.0,15.0,30.0,39.29413539823009,2.164969617238768,3.471189031593138,-98.80481194690266,-5.822668891566224,4.632852571373152,9,38
2016,20160525,1.0,1501.5,720515.6572,84642.2251,653862.0034,1459019.8857,209494244.59321645,22603549.535535123,170978113.24434358,403075907.3730951,101.0,49.0,9.0,4.0,10.0,15.0,30.0,42.23525786163522,5.106092080643897,3.237151935903614,-96.393513836478,-3.4113707811415566,4.4728392870079965,10,37
2016,20160526,1.0,1501.5,2926200.2338,306579.7016,2018038.7609,5250818.6963,685948595.8130566,57572818.28873791,492847728.87424266,1236369142.976037,273.0,199.0,15.0,3.0,2.0,15.0,15.0,38.09864958158996,0.9694838005986384,3.3221044364841377,-96.82645941422594,-3.8443163588895004,4.096504094709535,11,36
2016,20160527,0.0,0.0,629584.3609000001,78092.768,428077.0811,1135754.2100000002,154903923.71336547,20445347.55035695,86967682.44060665,262316953.70432907,67.0,25.0,15.0,4.0,10.0,15.0,30.0,36.67097358490566,-0.45819219608566186,3.625253771197446,-96.92995943396225,-3.9478163786258165,3.036562789539335,12,35
2016,20160528,0.0,0.0,747794.2555,26320.2171,804428.8945,1578543.3671,151609519.18180653,7572589.180843215,178187097.7405386,337369206.10318834,52.0,31.0,5.0,3.0,2.0,15.0,15.0,36.662161363636365,-0.467004417354957,5.519408723630648,-94.33071022727273,-1.3485671719362955,5.446343248583262,13,34
2016,20160529,0.0,0.0,1544454.6379,21282.3707,1513730.7277000002,3079467.7363,361129749.59670967,4227200.893657167,257867421.18335024,623224371.673717,181.0,60.0,2.0,3.0,2.0,15.0,15.0,37.79616625514403,0.667000474152708,3.59217464655269,-95.68122427983539,-2.699081224498954,8.095461425051118,14,33
2016,20160530,0.0,0.0,479364.9722,54356.5854,649931.0728,1183652.6304,134109538.081861,11779986.203234952,123975943.33478215,269865467.6198781,82.0,52.0,7.0,3.0,5.0,15.0,15.0,40.91822,3.7890542190086762,4.403471188858615,-97.26295999999999,-4.280816944663556,6.892504149512742,15,32
2016,20160531,0.0,0.0,392552.6406000001,130282.42789999998,617537.3836000002,1140372.4521000003,69294472.03411113,23542564.665608596,110901288.94392352,203738325.6436433,28.0,37.0,9.0,3.0,2.0,15.0,15.0,33.6275554054054,-3.501610375585919,5.385427342353149,-93.49793513513514,-0.5157920797987003,8.77792793692634,16,31
2016,20160601,0.0,0.0,433535.9647,46710.2832,1040890.5981,1521136.846,82297034.86177982,9122757.19115542,203032760.801232,294452552.8541672,34.0,40.0,3.0,2.0,2.0,5.0,5.0,34.481783116883115,-2.647382664108207,5.3642399822048334,-89.2615922077922,3.7205508475442315,7.729855362195638,17,30
2016,20160602,0.0,0.0,86763.2688,0.0,957034.3686,1043797.6374,15687590.852896277,0.0,176685613.0877412,192373203.94063747,6.0,49.0,0.0,2.0,0.0,5.0,5.0,36.17989636363636,-0.9492694173549623,6.206675781618907,-87.31056181818181,5.671581237154626,9.715537957418192,18,29
2016,20160603,0.0,0.0,165877.904,18353.1137,304305.13659999997,488536.1543,49357996.358352885,5841644.6284497995,79991869.56560989,135191510.55241257,25.0,25.0,2.0,3.0,0.0,15.0,5.0,41.11357115384615,3.9844053728548303,4.231169230298653,-93.54477884615383,-0.5626357908173958,5.482219363000136,19,28
2016,20160604,0.0,0.0,139678.6502,117258.59960000002,1551285.8175,1808223.0673,28043142.757004593,28212128.83278658,309700203.91941077,365955475.50920194,6.0,60.0,4.0,3.0,2.0,15.0,15.0,36.912521428571424,-0.2166443524198982,2.260804383008359,-81.72442142857143,11.257721626765004,3.761061807517785,20,27
2016,20160605,0.0,0.0,231700.3427,31051.6982,10034184.200699998,10296936.241599998,50139608.20754074,4609983.019725303,1649121994.238397,1703871585.465663,15.0,212.0,1.0,3.0,2.0,15.0,5.0,40.06676828193832,2.9376025009470013,3.561558591274049,-81.62231585903083,11.359827196305602,7.074418475961232,21,26
2016,20160606,0.0,0.0,258515.8767,19592.605600000003,973024.9081,1251133.3904,51366735.24454809,3560140.697946822,207169767.09022552,262096643.03272045,20.0,40.0,1.0,4.0,5.0,30.0,5.0,39.14284333333333,2.01367755234201,3.877189318782823,-91.74421333333333,1.237929722003102,11.73685927228601,22,25
2016,20160607,0.0,0.0,614609.6834000001,0.0,582099.4739,1196709.1573,105412631.89865102,0.0,94913520.54184929,200326152.44050032,32.0,23.0,0.0,3.0,5.0,5.0,5.0,41.575101818181814,4.445936037190492,2.7863272686387,-85.87467636363637,7.107466691700068,16.55926414501656,23,24
2016,20160608,0.0,0.0,151932.46490000002,4207.669800000001,8442439.7974,8598579.9321,45635319.8476641,1170127.4977785011,1156503435.1096709,1203308882.4551134,31.0,101.0,1.0,3.0,2.0,15.0,15.0,41.34590681818182,4.216741037190495,2.7231209370388725,-86.53392727272727,6.448215782609168,17.33947132213108,24,23
2016,20160609,0.0,0.0,402087.1956,0.0,202975.9876,605063.1832,101459208.79838976,0.0,51938317.2212588,153397526.01964855,70.0,62.0,0.0,3.0,0.0,15.0,15.0,45.43179545454546,8.302629673554137,3.9161080164648694,-103.35652575757577,-10.37438270223933,5.223378581477545,25,22
2016,20160610,0.0,0.0,402169.4048,15428.6431,1274035.1921999997,1691633.2400999996,117431500.09139337,4445467.117530994,358110922.2303612,479987889.4392856,52.0,118.0,1.0,3.0,5.0,15.0,15.0,44.46186094674556,7.332695165754238,3.464389612562713,-96.17130473372782,-3.189161678391386,7.68367796258508,26,21
2016,20160611,0.0,0.0,89343.3643,388.7801,379405.1743,469137.3187,21612691.682212956,263690.5515905698,82790099.65169948,104666481.885503,28.0,42.0,1.0,4.0,5.0,30.0,30.0,41.710325352112676,4.581159571121354,5.822273936719676,-101.57953521126761,-8.597392155931175,9.029544431192825,27,20
2016,20160612,0.0,0.0,517486.7642,0.0,853766.2315000001,1371252.9957,112596334.79627596,0.0,189311519.64730448,301907854.44358045,56.0,66.0,0.0,4.0,5.0,30.0,30.0,40.176069999999996,3.046904219008674,4.716905464882524,-96.8563025,-3.8741594446635617,8.668804762353862,28,19
2016,20160613,0.0,0.0,383826.3647,53718.0837,191686.11830000003,629230.5667000001,76872548.28223148,12005740.081887798,46839200.103613056,135717488.46773234,66.0,46.0,8.0,3.0,2.0,15.0,15.0,39.926343333333335,2.7971775523420135,4.083149625965526,-102.59712416666666,-9.614981111330223,4.919663770331115,29,18
2016,20160614,0.0,0.0,289483.91579999996,162682.6919,2167796.8102,2619963.4179,57225767.96344707,48181030.43169486,498140715.123805,603547513.5189469,15.0,113.0,15.0,4.0,5.0,30.0,30.0,39.54610909090909,2.4169433099177695,4.918318484150504,-89.59599790209789,3.3861451532385445,7.454184982933031,30,17
2016,20160615,0.0,0.0,944718.734,20146.1596,6659722.735799999,7624587.629399999,238538344.0224278,5263787.548975527,1515731482.7954445,1759533614.3668478,77.0,314.0,1.0,4.0,5.0,30.0,30.0,37.34652140992167,0.2173556289303491,2.876258395859079,-88.94676840731071,4.035374648025723,5.688385944393738,31,16
2016,20160616,0.0,0.0,2369261.8943,98400.2373,10466213.3764,12933875.508,440854594.04204607,19036494.371145707,1842151501.9501505,2302042590.3633423,79.0,320.0,3.0,3.0,5.0,15.0,15.0,38.439969077306735,1.310803296315413,2.9150651221441692,-81.13830049875313,11.843842556583311,5.645788563261072,32,15
2016,20160617,0.0,0.0,1445031.1491,0.0,6493933.340699999,7938964.489799999,353160337.52355367,0.0,1391320846.7367296,1744481184.2602832,149.0,490.0,0.0,4.0,5.0,30.0,15.0,37.1827672985782,0.05360151758687692,5.983871444467448,-89.7555298578199,3.226613197516542,7.1623059735340675,33,14
2016,20160618,0.0,0.0,115665.52280000002,0.0,416998.5438,532664.0666,21697302.372713793,0.0,92522204.68035348,114219507.05306728,24.0,65.0,0.0,3.0,2.0,15.0,5.0,41.31538314606742,4.1862173650760965,7.556947398725166,-101.04915280898875,-8.067009753652314,7.0880423566430375,34,13
2016,20160619,0.0,0.0,407755.4015,47671.8194,153899.9196,609327.1405,111044903.26417024,13635329.413771624,38653455.72438245,163333688.40232432,69.0,15.0,8.0,4.0,5.0,30.0,30.0,46.391947826086955,9.262782045095634,3.4536758180768574,-95.24849782608696,-2.2663547707505245,2.8893951304719887,35,12
2016,20160620,0.0,0.0,855791.5529,0.0,3694577.8608,4550369.413699999,152361300.76575217,0.0,615204933.5276377,767566234.2933899,39.0,128.0,0.0,4.0,5.0,30.0,30.0,41.789284375,4.660118594008679,1.7916230831339701,-84.648396875,8.333746180336433,9.502702746725873,36,11
2016,20160621,0.0,0.0,2648189.0448999996,123056.97419999998,6130561.799400001,8901807.818500001,418342620.2638028,22532349.26846287,963235169.2140174,1404110138.746283,99.0,140.0,6.0,3.0,0.0,15.0,15.0,41.413123265306126,4.283957484314804,3.8470442243903986,-85.5410963265306,7.44104672880583,12.045475687880598,37,10
2016,20160622,0.0,0.0,446807.8239,898933.8293,2554056.2966000005,3899797.949800001,100443700.76812656,183249942.56720147,563803950.144609,847497593.4799371,24.0,98.0,21.0,3.0,2.0,15.0,15.0,40.87265957446809,3.743493793476766,3.1113290165131957,-88.29927730496453,4.682865750371903,6.281028273782305,38,9
2016,20160623,0.0,0.0,1050810.6285,98938.9011,6923501.795600001,8073251.325200001,215480778.48874623,22013100.08745442,1532972311.695033,1770466190.2712338,50.0,287.0,4.0,5.0,10.0,45.0,15.0,38.19349090909091,1.0643251280995898,1.2884358581832482,-84.68365366568915,8.298489389647287,6.340458324625867,39,8
2016,20160624,0.0,0.0,212061.058,0.0,1109418.3022000005,1321479.3602000002,38948908.864520065,0.0,214815753.82710007,253764662.69162017,20.0,82.0,0.0,4.0,5.0,30.0,15.0,41.848496938775504,4.7193311577841826,5.8494318561447685,-93.00142448979592,-0.01928143445948649,12.803939370647967,40,7
2016,20160625,0.0,0.0,243859.1903,10867.4416,936999.335,1191725.9669,57837416.47154819,2166710.407466017,227669706.14888316,287673833.02789736,23.0,82.0,1.0,3.0,2.0,15.0,15.0,40.49112075471698,3.361954973725659,6.471422222704798,-91.05524811320754,1.9268949421288966,7.215262916547201,41,6
2016,20160626,0.0,0.0,199450.7473,23859.5397,1165437.1121,1388747.3991,49981926.67975025,6240964.422080352,250341596.21660888,306564487.3184395,26.0,63.0,2.0,4.0,5.0,30.0,30.0,36.78296043956044,-0.3462053414308812,4.879870028207243,-91.50026593406594,1.4818771212705002,7.0966824164412685,42,5
2016,20160627,0.0,0.0,246018.1034,14375.3459,479072.8417000001,739466.291,59102428.04769757,3168389.446357657,102077652.37772152,164348469.87177676,53.0,37.0,3.0,2.0,0.0,5.0,5.0,39.0417,1.912534219008677,3.358820404999863,-98.766011827957,-5.783868772620565,6.522984985166405,43,4
2016,20160628,0.0,0.0,1171165.4251,1483.6857,4303293.043699999,5475942.154499999,171271361.2382681,672314.7963907719,724942155.7755408,896885831.8101997,75.0,213.0,2.0,3.0,2.0,15.0,15.0,39.89096344827586,2.76179766728454,3.220904859274823,-93.54294448275863,-0.5608014274221915,11.78537083747488,44,3
2016,20160629,0.0,0.0,747222.7216,19270.7808,1787858.1405,2554351.6429,154745560.27861354,5425572.235869828,347170647.30561435,507341779.8200977,51.0,113.0,2.0,3.0,2.0,15.0,15.0,39.33049759036144,2.2013318093701173,4.30241930068459,-91.80056987951806,1.1815731758183716,12.365697354730306,45,2
2016,20160630,0.0,0.0,496585.9564,16646.455400000003,717929.937,1231162.3488,103015673.81993712,4912369.774826975,161162881.6539362,269090925.24870026,27.0,53.0,3.0,3.0,0.0,15.0,15.0,38.59696144578313,1.467795664791808,4.045247961190987,-96.1897891566265,-3.2076461012900666,11.528234053136902,46,1
2016,20160701,0.0,0.0,1461310.0719,0.0,4550653.6755,6011963.7474,198846301.99531695,0.0,639837754.4119983,838684056.4073153,25.0,79.0,0.0,2.0,0.0,5.0,5.0,40.19206634615385,3.062900565162529,2.62557305236827,-80.82245480769231,12.159688247644127,13.159374402391123,47,0
2016,20160702,0.0,0.0,47333.37040000001,21801.0708,337076.2506000001,406210.6918000001,12640785.020564718,4284587.150566343,76603641.48932621,93529013.66045728,13.0,39.0,2.0,3.0,5.0,15.0,15.0,38.54892592592592,1.4197601449345996,3.8600257043422768,-97.08355555555555,-4.101412500219112,9.326062288982815,48,1
2016,20160703,0.0,0.0,148713.1905,25325.7439,567775.9180000001,741814.8524000001,37453627.45671715,6405300.913681591,126257527.18446292,170116455.55486166,33.0,40.0,2.0,2.0,2.0,5.0,5.0,39.84839733333334,2.7192315523420163,4.895718764334025,-96.166388,-3.1842449446635612,9.013997206281681,49,2
2016,20160704,0.0,0.0,134403.2676,99790.31050000002,3103206.1903,3337399.7684,33078633.275244277,22331233.34348168,681801554.4856381,737211421.1043642,27.0,183.0,6.0,3.0,2.0,15.0,5.0,39.35590231481482,2.226736533823498,5.196524138856237,-89.19254166666667,3.789601388669766,8.504664717098256,50,3
2016,20160705,0.0,0.0,500605.9971,153750.3551,3921998.272700001,4576354.6249,150630181.5900035,43906749.57507004,961803512.1758592,1156340443.3409328,70.0,234.0,10.0,3.0,2.0,15.0,15.0,41.861653993610226,4.732488212618904,4.37502047310869,-92.73473865814697,0.24740439718947016,5.976028596449661,51,4
2016,20160706,0.0,0.0,291013.2578,50140.4211,6770399.3736000005,7111553.0525,72067922.41720766,14027492.522444123,1512706788.5246918,1598802203.4643435,60.0,431.0,13.0,4.0,5.0,30.0,30.0,38.320704382470126,1.191538601478804,4.20549957891381,-91.42897250996016,1.5531705453762754,8.022143773182204,52,5
2016,20160707,0.0,0.0,694957.4169000001,64758.2068,7260914.659700001,8020630.283400001,147254623.16994524,16732605.386171129,1596515010.5161068,1760502239.0722232,72.0,364.0,10.0,4.0,5.0,30.0,30.0,38.2224466367713,1.0932808557799802,3.4485480814785743,-89.7740020179372,3.20814103739923,7.8743341430084435,53,6
2016,20160708,0.0,0.0,2309191.3403,57596.3461,11943821.9394,14310609.6258,476461327.5452738,11732835.643944174,2505589069.8764734,2993783233.0656915,122.0,475.0,3.0,4.0,2.0,30.0,15.0,37.348896999999994,0.21973121900867199,2.895113482736187,-86.0883895,6.893753555336431,6.9197075583530525,54,7
2016,20160709,0.0,0.0,311305.6858,940.4814,2627098.9735999997,2939345.1407999997,82614641.10115951,542224.4213489152,469374937.22180533,552531802.7443137,74.0,146.0,1.0,3.0,2.0,15.0,15.0,40.678405429864256,3.549239648872934,6.651072342341593,-93.10736561085973,-0.12522255552329398,9.17333881889117,55,8
2016,20160710,0.0,0.0,76142.9692,13445.5577,879097.1720000003,968685.6989000004,31149008.595074635,3381541.9902142035,218442299.2092973,252972849.79458612,45.0,127.0,3.0,3.0,5.0,15.0,15.0,42.300109356725144,5.170943575733823,5.75263377505573,-98.72696725146199,-5.744824196125549,8.873425032035634,56,9
2016,20160711,0.0,0.0,569474.035,113279.1479,1989006.931,2671760.1139,144987234.44838798,28410985.187148977,424344821.9223398,597743041.5578768,49.0,131.0,8.0,4.0,5.0,30.0,30.0,39.875769942196534,2.7466041612052123,5.82034412285991,-90.11763294797689,2.86451010735955,7.091339121299203,57,10
2016,20160712,0.0,0.0,235288.6993,16231.769000000002,1396087.6069999998,1647608.0753,47089855.47095031,4745581.192385336,305244656.44253063,357080093.1058663,21.0,68.0,2.0,4.0,5.0,30.0,15.0,36.67907142857143,-0.4500943524198888,5.428693570142629,-89.52957252747252,3.4525705278639123,8.255308261517634,58,11
2016,20160713,0.0,0.0,1070317.4428,32400.58989999999,9528911.2204,10631629.2531,262616432.33939296,7442317.489152401,2158156813.5297914,2428215563.3583364,69.0,420.0,1.0,3.0,2.0,15.0,15.0,39.581451024590166,2.452285243598844,2.4309921706658746,-89.43457602459017,3.547567030746265,5.616056074788911,59,12
2016,20160714,0.0,0.0,658527.9924,106943.6319,7669174.5806,8434646.2049,139100428.43427828,14081415.30316309,1468790840.9794812,1621972684.7169223,86.0,381.0,1.0,3.0,2.0,15.0,15.0,37.17075299145299,0.04158721046167102,3.7888722039225593,-90.88140491452991,2.100738140806527,9.42036260304254,60,13
2016,20160715,0.0,0.0,671764.1381999999,9860.3397,3521200.8852,4202825.3631,137063323.42164287,2539051.8988263863,696078272.1102375,835680647.4307067,51.0,193.0,4.0,3.0,2.0,15.0,15.0,36.55354879032258,-0.5756169906687418,3.7007678415982084,-91.11293266129033,1.8692103940461067,10.641837410210991,61,14
2016,20160716,0.0,0.0,539932.2481999999,3062.1052,3528922.4277000003,4071916.7811,120931727.9213734,1412841.7562628698,633246621.7989717,755591191.4766079,75.0,151.0,2.0,3.0,2.0,15.0,15.0,41.53069298245614,4.401527201464816,4.839400410065005,-92.45323859649123,0.5289044588452043,10.828447370931046,62,15
2016,20160717,0.0,0.0,391238.1146999999,249159.4121,1178177.8693,1818575.3961,82130028.39954267,56223087.05483201,278341893.5102376,416695008.96461225,39.0,77.0,11.0,3.0,2.0,15.0,15.0,40.75945196850393,3.63028618751261,4.124925231219451,-93.44763937007875,-0.46549631474231035,9.04782569444224,63,16
2016,20160718,0.0,0.0,783531.3448,18261.5921,13371776.4285,14173569.365399998,114317952.61284858,1412637.621900233,1990763038.9449425,2106493629.179691,59.0,305.0,2.0,3.0,2.0,15.0,15.0,41.79450519125683,4.66533941026551,3.5370437207146526,-79.86351530054645,13.118627754789983,12.378023829532626,64,17
2016,20160719,0.0,0.0,1820853.0345,27752.1571,4975903.3331,6824508.524700001,316042216.497951,6763953.506150321,931764984.285804,1254571154.289905,72.0,222.0,7.0,3.0,2.0,15.0,5.0,38.591003322259134,1.461837541267812,5.332424944912233,-85.70783056478406,7.274312490552376,9.259367101664997,65,18
2016,20160720,0.0,0.0,147645.2157,978.7539,899281.7566000001,1047905.7262000002,40383971.04152331,481006.67989906104,182853646.88697255,223718624.60839495,36.0,64.0,1.0,3.0,2.0,15.0,5.0,40.40540198019802,3.2762361992067,7.286516189908321,-90.92276930693069,2.059373748405747,8.97838810119882,66,19
2016,20160721,0.0,0.0,389846.3726,0.0,4327687.644400001,4717534.017000001,90631057.34959409,0.0,1030270653.322546,1120901710.67214,19.0,267.0,0.0,3.0,2.0,15.0,15.0,43.589784615384616,6.460618834393294,4.718081629627941,-89.99803041958042,2.98411263575602,4.394641785296205,67,20
2016,20160722,0.0,0.0,130598.2584,35191.8001,3741893.4113,3907683.4698,41698010.11874252,8033111.847476769,619133036.7818183,668864158.7480376,53.0,148.0,4.0,3.0,2.0,15.0,5.0,42.11105804878049,4.981892267789171,4.465147402963561,-89.64106536585365,3.3410776894827876,14.455282548537726,68,21
2016,20160723,0.0,0.0,1578803.5651,90898.9528,9661987.1601,11331689.678,243020540.7359289,22850507.64059904,1549661109.7928348,1815532158.1693628,29.0,235.0,5.0,4.0,5.0,30.0,30.0,41.985366542750924,4.856200761759602,2.6419493682786723,-77.07699591078067,15.90514714455577,8.457904962793526,69,22
2016,20160724,0.0,0.0,231927.1871,0.0,2159232.7176,2391159.9047,45335275.39074747,0.0,442920133.2769232,488255408.6676707,14.0,78.0,0.0,4.0,2.0,30.0,15.0,40.05970108695652,2.9305353059652006,2.7363961008939888,-88.94890760869565,4.033235446640788,10.152108716600594,70,23
2016,20160725,0.0,0.0,703156.7740000001,159648.925,9840979.861,10703785.56,102988275.25142676,22050188.36058636,1431399312.284578,1556437775.8965912,12.0,155.0,2.0,2.0,2.0,5.0,5.0,40.56959763313609,3.440431852144769,1.3160991541543476,-78.7629875739645,14.219155481371942,7.796745355566452,71,24
2016,20160726,0.0,0.0,64069.1011,4715.105200000001,984363.1766,1053147.3829,22879727.448872373,2067306.5435611904,187356549.4984065,212303583.49084008,45.0,74.0,4.0,3.0,2.0,15.0,5.0,42.14442357723578,5.015257796244455,3.4564629739340824,-95.96585203252033,-2.9837089771838947,9.978343757968478,72,25
2016,20160727,0.0,0.0,371421.1125,85760.6982,1829864.8824,2287046.6931,87405219.63668588,22878672.22637837,384211342.14281905,494495234.0058833,86.0,99.0,7.0,3.0,2.0,15.0,15.0,39.96442931937173,2.83526353838041,4.624758833368516,-95.2406994764398,-2.258556421103364,11.358717917350853,73,26
2016,20160728,1.0,1920.0,929008.0878,5029.9642,2070505.4115,3004543.4635,168388935.09780443,1405476.1264645995,383887901.885804,553682313.1100731,69.0,125.0,1.0,2.0,2.0,5.0,5.0,38.98342871794872,1.8542629369573973,3.0279673179295346,-93.65891076923077,-0.6767677138943355,12.830764233911546,74,27
2016,20160729,1.0,1920.0,725197.8220000002,3879.1369,572284.0649,1301361.0238,138585352.35805294,885195.232332474,110158217.55962862,249628765.15001404,76.0,39.0,1.0,4.0,5.0,30.0,15.0,39.05083913043478,1.9216733494434592,3.6385540669601495,-104.44954260869567,-11.467399553359229,5.111009954767253,75,28
2016,20160730,1.0,1920.0,210304.7718,9714.682599999998,943032.027,1163051.4814,52164006.380877785,3102016.3757499675,168881540.56501615,224147563.3216439,37.0,60.0,1.0,3.0,0.0,5.0,15.0,41.01379897959184,3.8846331986005183,4.498399310854459,-95.85546734693878,-2.8733242916023443,10.589847059522496,76,29
2016,20160731,0.0,0.0,163544.8295,4452.437100000001,1656693.5543,1824690.8209,38028048.26317294,1077560.989676296,311911257.1470261,351016866.39987534,25.0,79.0,1.0,3.0,0.0,5.0,15.0,38.714513333333336,1.5853475523420144,6.176542879190135,-89.53325428571429,3.448888769622144,11.500450428210895,77,30
2016,20160801,0.0,0.0,187911.9799,40817.8864,1150127.8922,1378857.7585,40662555.97806372,7476642.3155296,222562205.7554879,270701404.0490812,31.0,53.0,2.0,3.0,2.0,15.0,15.0,40.47955465116279,3.3503888701714715,5.061695037288153,-91.77973953488372,1.2024035204527195,9.70404935763208,78,31
2016,20160802,0.0,0.0,57942.4241,0.0,313777.75440000003,371720.1785,12368521.650141183,0.0,64503921.85398172,76872443.5041229,14.0,31.0,0.0,3.0,2.0,15.0,15.0,41.488146666666665,4.358980885675344,4.283392772547142,-101.90398666666667,-8.921843611330232,8.716374120052864,79,32
2016,20160803,0.0,0.0,86028.2676,10058.5221,323184.4425,419271.2322,22835544.053286448,2757120.2798519707,79169704.38661857,104762368.719757,28.0,51.0,5.0,2.0,0.0,5.0,5.0,45.31028674698795,8.181120965996627,4.6316775122524625,-97.65129638554217,-4.669153330205731,4.378745589539727,80,33
2016,20160804,0.0,0.0,99417.0031,47815.4776,1557863.8288,1705096.3095,25908260.540683106,11377941.94074114,413689581.4854926,450975783.9669168,7.0,112.0,4.0,4.0,5.0,15.0,30.0,42.61470243902439,5.48553665803307,4.462032016265049,-92.5441780487805,0.4379650065559417,3.9992943077403065,81,34
2016,20160805,0.0,0.0,4494.659600000001,0.0,504222.98399999994,508717.6435999999,1183980.7612166165,0.0,118239659.11734976,119423639.87856635,2.0,30.0,0.0,3.0,2.0,15.0,15.0,35.69725,-1.431915780991325,2.689406458921804,-89.84005625,3.142086805336433,7.242862083722891,82,35
2016,20160806,0.0,0.0,48550.9895,0.0,1606865.0306999998,1655416.0201999997,8634292.407298382,0.0,280450298.45866287,289084590.86596125,7.0,77.0,0.0,2.0,0.0,5.0,0.0,37.982820238095236,0.8536544571039144,5.006678218760619,-84.61332857142857,8.368814483907869,13.148067068113379,83,36
2016,20160807,0.0,0.0,94136.2698,915.9853,217627.96080000003,312680.21590000007,21016141.40863389,314766.6109717069,51141437.88098641,72472345.900592,23.0,25.0,1.0,3.0,0.0,15.0,5.0,41.40651836734694,4.277352586355619,4.927982957376913,-103.59793265306124,-10.615789597724799,8.765637979381673,84,37
2016,20160808,0.0,0.0,114768.1924,0.0,87393.0104,202161.20279999997,25214441.256649543,0.0,18572490.905329,43786932.16197854,24.0,15.0,0.0,3.0,0.0,15.0,5.0,42.314815384615386,5.185649603624064,3.738537008435425,-102.3187641025641,-9.336621047227666,2.907815958348264,85,38
2016,20160809,0.0,0.0,76184.12449999999,60093.3789,391554.4373000001,527831.9407,19865015.78444525,11995715.930123717,91132165.52897777,122992897.24354672,35.0,53.0,2.0,2.0,0.0,5.0,5.0,44.03171888888889,6.9025531078975675,4.69784004259606,-100.70390888888889,-7.721765833552453,7.921121869480109,86,39
2016,20160810,0.0,0.0,190534.9351,173311.3241,498705.064,862551.3232,63405126.55038266,21813921.5402484,128129608.21451938,213348656.30515045,72.0,69.0,2.0,3.0,2.0,15.0,15.0,44.63860489510489,7.509439114113569,2.9322075172592488,-99.561693006993,-6.57954995165656,6.650902128078168,87,40
2016,20160811,0.0,0.0,58451.7653,10373.241599999998,2122478.8693000004,2191303.8762000003,13863709.595480816,3994083.285206172,389642862.64126134,407500655.52194834,18.0,106.0,4.0,3.0,5.0,15.0,15.0,41.3361859375,4.207020156508676,2.464410418151172,-92.50717265625,0.47497039908643046,10.24667077327366,88,41
2016,20160812,0.0,0.0,1162.8514,53789.5586,3480940.3197,3535892.7297,565864.3751510255,11746467.137538984,512689839.7368006,525002171.2494906,1.0,75.0,2.0,3.0,2.0,15.0,15.0,40.58640384615385,3.457238065162528,3.913715907920131,-79.04785256410257,13.934290491233867,10.973515962282727,89,42
2016,20160813,0.0,0.0,280960.84569999995,36445.5618,10156582.7432,10473989.1507,44188047.470397234,6441033.627739521,1499916567.9085782,1550545649.0067148,8.0,204.0,3.0,2.0,0.0,5.0,5.0,41.465333953488376,4.336168172497054,3.277195185525069,-76.00748232558139,16.974660729755044,5.385526595922365,90,43
2016,20160814,0.0,0.0,5301.7300000000005,27526.8198,2904583.273,2937411.8228,2026347.8142855829,6446947.878245103,473621476.6098677,482094772.3023984,6.0,88.0,1.0,3.0,0.0,15.0,0.0,38.29076947368421,1.1616036926928857,5.244959938533772,-85.54522736842105,7.436915686915384,10.496826970509577,91,44
2016,20160815,0.0,0.0,165921.1187,266628.90359999996,3339718.7052000007,3772268.727500001,29343358.524859063,61411673.086622395,552731155.1813737,643486186.7928551,13.0,74.0,8.0,2.0,0.0,5.0,5.0,39.19327553191489,2.0641097509235706,2.805716911190251,-82.79595425531915,10.186188800017291,7.884590523288321,92,45
2016,20160816,0.0,0.0,316600.96530000004,15407.4437,3924323.5585,4256331.9675,88454669.83678782,2798102.681608686,649523932.8116198,740776705.3300163,29.0,88.0,1.0,2.0,2.0,5.0,5.0,40.9591813559322,3.83001557494088,2.637126335274149,-82.72984745762712,10.25229559770932,8.641426605163597,93,46
2016,20160817,0.0,0.0,70462.1282,58154.39000000001,3606759.3153999993,3735375.833599999,13861222.387997927,13029796.67567206,597356399.1596441,624247418.2233142,6.0,82.0,2.0,3.0,5.0,15.0,15.0,38.67361555555556,1.5444497745642352,2.9293420055318364,-81.20489222222223,11.77725083311421,7.77455394457649,94,47
2016,20160818,0.0,0.0,262456.37159999995,14861.5932,1017587.5488,1294905.5136,66609852.16440823,4316654.515044585,242622524.5602951,313549031.2397479,27.0,69.0,1.0,2.0,0.0,5.0,5.0,41.301629347826086,4.1724635668347645,4.941009558685287,-92.86918260869565,0.11296044664078408,8.69419193607046,95,48
2016,20160819,0.0,0.0,191875.6392,19522.1942,640664.0907999999,852061.9241999999,43830760.36347862,4489871.047437596,157257537.7776614,205578169.1885776,17.0,53.0,1.0,3.0,5.0,15.0,15.0,39.518594366197185,2.389428585205863,3.5763449523975237,-96.7768971830986,-3.794754127762161,6.187464763673911,96,49
2016,20160820,0.0,0.0,68545.2318,451571.4261,132535.5551,652652.213,12902606.996694824,104580272.67577828,26926522.119890504,144409401.79236358,6.0,7.0,13.0,3.0,0.0,15.0,15.0,38.58384615384615,1.4546803728548312,3.940360266699557,-92.53312307692308,0.44901997841336083,12.245939674040788,97,50
2016,20160821,0.0,0.0,0.0,0.0,558609.3642,558609.3642,0.0,0.0,92865796.28301305,92865796.28301305,0.0,15.0,0.0,3.0,0.0,15.0,5.0,36.201186666666665,-0.927979114324657,2.1345327149608395,-84.52956,8.452583055336433,13.587044043016025,98,51
2016,20160822,0.0,0.0,35052.1396,44896.713500000005,299408.67899999995,379357.5320999999,9202283.707134737,7501851.830661176,47469537.249245875,64173672.78704178,10.0,10.0,1.0,2.0,0.0,5.0,0.0,41.702661904761904,4.573496123770582,4.261341883195502,-94.04234285714286,-1.0601998018064194,16.3273181614303,99,52
2016,20160823,0.0,0.0,142141.97259999998,24782.338599999995,142909.6757,309833.98689999996,40980655.17178482,6937714.6068484895,39732362.43322444,87650732.21185775,29.0,24.0,3.0,1.0,0.0,0.0,0.0,39.52744285714285,2.3982770761515297,4.198675238858395,-98.42000178571428,-5.43785873037784,2.8673979460315335,100,53
2016,20160824,0.0,0.0,471973.74279999995,937569.2059,542089.0271,1951631.9757999997,112806919.33675556,221871503.7222777,132719115.12130544,467397538.18033874,35.0,46.0,25.0,3.0,2.0,15.0,15.0,38.98379150943396,1.8546257284426417,1.689154491630025,-92.98383490566037,-0.0016918503239367055,4.921416817718475,101,54
2016,20160825,0.0,0.0,129592.3475,27672.2635,405087.204,562351.815,32894915.117704164,6443162.234107246,90327057.9977846,129665135.34959602,17.0,28.0,1.0,3.0,2.0,15.0,15.0,36.894445652173914,-0.23472012881740767,2.154527485160959,-94.92238043478261,-1.9402373794461738,6.070404136303694,102,55
2016,20160826,0.0,0.0,136359.8897,15384.896100000002,1037471.6763,1189216.4621,32582383.814039223,3595284.043224177,234199841.18717164,270377509.044435,15.0,50.0,2.0,3.0,2.0,15.0,15.0,37.60251044776119,0.47334466676986864,3.059123890778471,-92.59142388059702,0.39071917473941653,8.900862586137364,103,56
2016,20160827,0.0,0.0,97244.6557,8557.3113,1966333.741,2072135.708,28591006.356696993,2601288.35076079,436756513.050417,467948807.7578748,27.0,61.0,3.0,3.0,2.0,15.0,15.0,40.6616010989011,3.53243531790978,5.198672503747573,-88.43497142857143,4.547171626765007,7.506675486529539,104,57
2016,20160828,0.0,0.0,541028.5641,60873.9225,2995003.4283,3596905.9148999997,133293908.67992322,16054912.325185802,620954976.8402857,770303797.8453946,36.0,102.0,5.0,2.0,0.0,5.0,5.0,41.31858321678322,4.189417435791896,3.4603687407921573,-86.44724195804196,6.53490109729448,7.0473733001957175,105,58
2016,20160829,0.0,0.0,130782.54,4345.5012,137561.0681,272689.1093,30737498.28373465,1348312.6119117548,28547132.15972783,60632943.055374235,11.0,7.0,2.0,3.0,2.0,5.0,15.0,39.427589999999995,2.298424219008673,4.826846239512373,-94.21366,-1.2315169446635679,7.91551363598558,106,59
2016,20160830,0.0,0.0,0.0,0.0,31216.5097,31216.5097,0.0,0.0,6207587.324686349,6207587.324686349,0.0,2.0,0.0,2.0,0.0,5.0,5.0,39.09,1.9608342190086816,7.919595949289332,-97.6,-4.617856944663558,20.223253941935273,107,60
2016,20160831,0.0,0.0,35826.5853,0.0,187640.898,223467.4833,12488913.617508592,0.0,34313847.01362412,46802760.63113271,14.0,11.0,0.0,2.0,0.0,5.0,5.0,42.5063625,5.37719671900868,4.47716212871429,-95.27925833333335,-2.297115277996909,10.37789989720701,108,61
2016,20160901,0.0,0.0,0.0,124083.0588,237454.6431,361537.7019,0.0,21843295.028643243,44822207.195909515,66665502.22455276,0.0,16.0,6.0,2.0,2.0,0.0,0.0,36.449881818181815,-0.6792839628095066,6.162400782057373,-97.9834181818182,-5.001275126481758,15.10407583369899,109,62
2016,20160902,0.0,0.0,7708.673000000001,46338.0657,49403.33479999999,103450.0735,1561082.454438053,9112182.328667635,8841829.740444226,19515094.52354991,1.0,17.0,5.0,3.0,5.0,5.0,0.0,36.06652727272728,-1.062638508264044,5.966928035445192,-91.77403636363637,1.208106691700067,12.23887548447755,110,63
2016,20160903,0.0,0.0,58102.49779999999,5137.8895,26343.2597,89583.64699999998,13176827.810631389,1046222.8546083424,6393247.602908257,20616298.26814799,13.0,8.0,1.0,3.0,5.0,5.0,5.0,40.17345909090909,3.0442933099177694,1.88386078690471,-101.2655681818182,-8.28342512648176,5.806152757974892,111,64
2016,20160904,0.0,0.0,138760.7728,2464.7015,83080.5411,224306.0154,34286550.90526996,897870.2488644096,23126973.390370145,58311394.54450451,44.0,36.0,2.0,2.0,2.0,5.0,5.0,41.828676829268296,4.699511048276975,3.0128824254285957,-101.82360487804877,-8.841461822712333,2.2874095885743393,112,65
2016,20160905,0.0,0.0,31016.48669999999,0.0,45099.2101,76115.69679999999,12896333.29771868,0.0,13731429.403386416,26627762.701105095,23.0,27.0,0.0,4.0,2.0,30.0,15.0,42.09910882352941,4.969943042538091,3.4850338277013653,-99.23537058823528,-6.253227532898848,3.8245580028665453,113,66
2016,20160906,0.0,0.0,174022.8043,12333.1428,241577.33989999996,427933.2869999999,48644170.05928035,3859178.574890797,66598294.804277875,119101643.43844904,14.0,21.0,1.0,3.0,2.0,15.0,15.0,43.188738888888885,6.059573107897563,2.858986524055361,-92.02041388888888,0.9617291664475545,6.214828542131095,114,67
2016,20160907,0.0,0.0,76237.47520000002,11380.2838,1833583.2902,1921201.0492,24371453.655663587,3294610.033627701,326327484.45021105,353993548.13950235,15.0,52.0,1.0,3.0,2.0,15.0,15.0,42.57247941176471,5.443313630773389,3.5862659167356705,-88.87658676470588,4.10555629063056,9.087197840325983,115,68
2016,20160908,0.0,0.0,35507.6324,0.0,608965.4633000001,644473.0957000001,9974372.270559805,0.0,114225783.4189778,124200155.6895376,7.0,27.0,0.0,3.0,5.0,15.0,5.0,40.181532352941176,3.052366571949854,2.5737819809154794,-88.17256176470588,4.809581290630561,10.286376066281974,116,69
2016,20160909,0.0,0.0,67328.33380000001,110535.53800000002,316491.93850000005,494355.81030000007,18469995.952556044,24993682.81145367,75788817.04655544,119252495.81056516,10.0,28.0,6.0,2.0,0.0,5.0,5.0,38.12936744186047,1.0002016608691449,2.858298898089472,-95.75062558139534,-2.7684825260589037,3.6066518530476337,117,70
2016,20160910,0.0,0.0,37305.9254,0.0,4099558.0029,4136863.9283,8393274.2608073,0.0,762927218.9323783,771320493.1931856,1.0,135.0,0.0,3.0,2.0,15.0,15.0,40.01002015503876,2.8808543740474377,2.694888020266909,-82.7673054263566,10.214837628979836,3.5293409728816325,118,71
2016,20160911,0.0,0.0,56971.78740000001,0.0,5314807.5287999995,5371779.316199999,12156008.59355221,0.0,813496188.2655227,825652196.859075,4.0,127.0,0.0,3.0,2.0,15.0,5.0,42.01175859375,4.882592812758681,3.1227380449544415,-73.51958828125,19.462554774086442,5.242527667665617,119,72
2016,20160912,0.0,0.0,89506.6092,0.0,315351.6724999999,404858.28169999993,17780398.641166575,0.0,57267304.61231976,75047703.25348634,6.0,15.0,0.0,2.0,0.0,5.0,0.0,33.72512380952381,-3.404041971467514,3.553862040499709,-94.02380952380952,-1.0416664684730819,11.669184827866287,120,73
2016,20160913,0.0,0.0,37184.9895,30989.4516,100188.5138,168362.9549,7623558.9517548205,5279589.14353472,19304798.52259868,32207946.61788822,4.0,9.0,1.0,3.0,0.0,15.0,15.0,36.24066428571429,-0.8885014952770334,4.743351729381492,-101.26634285714286,-8.284199801806423,13.501816533609569,121,74
2016,20160914,0.0,0.0,92148.3864,1770.2345000000005,1037101.7781,1131020.399,18478334.158638876,508117.6766997098,130661306.06056316,149647757.89590174,15.0,13.0,1.0,2.0,2.0,5.0,5.0,39.372286206896554,2.243120425905232,2.93215080976943,-94.98854482758621,-2.006401772249774,14.26528437600442,122,75
2016,20160915,0.0,0.0,367765.5067,21394.1441,92691.0872,481850.738,90896536.40293354,4805553.0176612865,27858372.354357384,123560461.7749522,75.0,21.0,4.0,2.0,2.0,5.0,5.0,38.415514,1.28634821900868,3.2939480907337435,-100.923451,-7.9413079446635635,3.2704027089775787,123,76
2016,20160916,0.0,0.0,84732.43310000001,2687.9836,166484.19190000003,253904.60860000004,21339876.869189337,765710.5679394258,41166456.98316803,63272044.4202968,16.0,17.0,1.0,3.0,5.0,15.0,15.0,35.09708235294118,-2.032083428050143,2.856784419637787,-98.25654117647059,-5.274398121134155,4.921519241485678,124,77
2016,20160917,0.0,0.0,167401.34929999997,48476.8493,679055.5193,894933.7179,39879747.70155959,8713273.427109774,127458944.81637132,176051965.9450407,49.0,44.0,7.0,2.0,2.0,5.0,5.0,35.551713,-1.5774527809913224,3.011163915429857,-99.00571,-6.023566944663557,6.777642452373991,125,78
2016,20160918,0.0,0.0,9411.5356,0.0,310974.3119,320385.8475,2365800.0152439144,0.0,55337099.44239494,57702899.45763886,1.0,11.0,0.0,3.0,2.0,15.0,15.0,39.19598333333333,2.066817552342009,3.9608731509452286,-86.906,6.076143055336431,11.059618533779872,126,79
2016,20160919,0.0,0.0,723048.5693,0.0,432058.6314,1155107.2007,174224623.2594281,0.0,89001423.96993823,263226047.22936636,26.0,21.0,0.0,2.0,2.0,5.0,5.0,40.04301276595745,2.9138469849661277,4.483795565124872,-88.57111276595745,4.411030289378985,4.46553971413637,127,80
2016,20160920,0.0,0.0,273756.81429999997,0.0,25887.2918,299644.1061,69293204.99509558,0.0,3531559.050814225,72824764.0459098,13.0,2.0,0.0,3.0,5.0,5.0,15.0,42.27767142857142,5.148505647580102,6.315952884491846,-92.31772142857143,0.6644216267650052,3.5656284886028518,128,81
2016,20160921,0.0,0.0,632262.7719,11103.5216,299651.74,943018.0335,169143827.22758472,3490813.307066922,87635647.30571336,260270287.840365,34.0,30.0,1.0,3.0,2.0,5.0,15.0,43.667222033898305,6.5380562529069834,1.0894000609427175,-93.25730338983051,-0.27516033449407473,4.584653821209749,129,82
2016,20160922,0.0,0.0,35230.8341,12745.3148,227993.46249999997,275969.61139999994,6080272.313985305,2422662.3469013013,42868988.71309973,51371923.37398634,3.0,23.0,2.0,3.0,5.0,15.0,15.0,40.68175925925926,3.552593478267937,1.1549369853803408,-111.72474074074073,-18.74259768540429,3.8146474641287678,130,83
2016,20160923,0.0,0.0,11582.757200000002,0.0,18686.8167,30269.573900000003,3619764.0159189743,0.0,5381701.992556331,9001466.008475306,9.0,10.0,0.0,3.0,2.0,15.0,5.0,42.78767894736842,5.658513166377098,2.2881707462461383,-102.81717894736842,-9.835035892031982,2.8210676713256726,131,84
2016,20160924,0.0,0.0,24688.5293,0.0,40821.5467,65510.076,5234845.971719784,0.0,12436649.399502158,17671495.37122194,3.0,6.0,0.0,3.0,2.0,15.0,15.0,36.586866666666666,-0.5422991143246563,6.309449991679147,-92.3125,0.6696430553364365,5.416121042083528,132,85
2016,20160925,0.0,0.0,10842.2159,0.0,201826.71509999997,212668.931,2453666.119026249,0.0,44196209.308534786,46649875.42756104,1.0,13.0,0.0,2.0,2.0,5.0,5.0,33.075730769230766,-4.0534350117605555,4.350224901347939,-88.99770769230769,3.9844353630287515,1.0911780502905573,133,86
2016,20160926,0.0,0.0,72028.73060000001,0.0,285289.6515,357318.3821,13399549.907445792,0.0,58090019.25240887,71489569.15985467,2.0,14.0,0.0,2.0,0.0,5.0,0.0,34.93387142857143,-2.195294352419893,3.5815219144570727,-82.46432142857144,10.517821626764999,2.9142472019581436,134,87
2016,20160927,0.0,0.0,160148.9537,0.0,217326.7853,377475.739,31188116.150490344,0.0,43205500.53502682,74393616.68551716,6.0,7.0,0.0,2.0,0.0,5.0,0.0,35.82315384615385,-1.3060119348374712,1.1143084436960478,-83.08292307692308,9.899219978413356,8.209361784588157,135,88
2016,20160928,0.0,0.0,1472255.9241,0.0,647701.5528999999,2119957.477,277759088.8353059,0.0,111170464.1761014,388929553.0114073,47.0,19.0,0.0,1.0,0.0,0.0,0.0,36.723593939393936,-0.4055718415973857,1.0067153934192716,-79.14180757575758,13.840335479578854,1.4385223772822318,136,89
2016,20160929,0.0,0.0,804927.9422,0.0,591600.4697,1396528.4119000002,171015767.91096035,0.0,121566759.70411558,292582527.61507595,31.0,22.0,0.0,3.0,5.0,15.0,5.0,37.69092830188679,0.5617625208954706,1.9217626803954038,-80.69256981132075,12.289573244015685,0.7558604883953562,137,90
2016,20160930,0.0,0.0,372276.8714,0.0,178379.2225,550656.0939,70017060.93324962,0.0,35819254.75328239,105836315.68653202,17.0,6.0,0.0,2.0,2.0,5.0,5.0,36.0977347826087,-1.0314309983826249,5.410989208555012,-85.78930869565217,7.192834359684269,12.746318471047847,138,91
2016,20161001,0.0,0.0,261.683,0.0,449.5321,711.2151,164685.9614941072,0.0,245700.8536403338,410386.815134441,1.0,1.0,0.0,2.0,2.0,5.0,5.0,48.16,11.030834219008675,0.3394112549695381,-108.47999999999999,-15.497856944663553,0.33941125496955066,139,92
2016,20161002,0.0,0.0,95727.61699999998,0.0,121232.2853,216959.9023,18773810.907232456,0.0,23228715.45179656,42002526.35902902,10.0,18.0,0.0,2.0,0.0,5.0,5.0,41.41695,4.287784219008678,3.5180385809425117,-109.99920769230769,-17.017064636971256,7.174301344712146,140,93
2016,20161003,0.0,0.0,13030.8986,0.0,11524.372899999998,24555.2715,4262705.025549128,0.0,4891511.86469809,9154216.890247218,8.0,48.0,0.0,2.0,0.0,5.0,5.0,43.38280454545455,6.253638764463226,1.857196226132098,-101.96667272727272,-8.984529671936286,1.0218610609041772,141,94
2016,20161004,0.0,0.0,397875.4976,13815.735300000002,209819.8315,621511.0644,104426542.49099344,3709907.8935164446,54231666.9071923,162368117.29170218,51.0,26.0,2.0,3.0,2.0,15.0,5.0,38.36116794871795,1.2320021677266269,1.4063919819458013,-97.40249230769231,-4.4203492523558765,0.46032987205795134,142,95
2016,20161005,0.0,0.0,37586.560000000005,0.0,0.0,37586.560000000005,8672218.615355749,0.0,0.0,8672218.615355749,3.0,0.0,0.0,4.0,10.0,15.0,30.0,35.98413333333334,-1.1450324476579823,2.843134758208505,-96.67,-3.687856944663565,2.4077582935170274,143,96
2016,20161006,0.0,0.0,418863.5304,167285.4397,557186.7098,1143335.6799,108890955.4450977,43152919.294269376,127552379.68644996,279596254.425817,51.0,37.0,14.0,2.0,2.0,5.0,5.0,38.45338,1.324214219008681,2.488748770118424,-96.12399157894738,-3.141848523610946,3.4272297212882386,144,97
2016,20161007,0.0,0.0,0.0,0.0,0.0,0.0,0.0,0.0,0.0,0.0,0.0,1.0,0.0,4.0,5.0,30.0,30.0,37.129165780991315,-7.105427357601002e-15,0.0,-92.98214305533645,-1.4210854715202004e-14,0.0,145,98
2016,20161008,0.0,0.0,9230.285,38518.4597,0.0,47748.7447,1526959.1816364424,7426157.066620869,0.0,8953116.248257311,1.0,61.0,2.0,3.0,5.0,0.0,0.0,33.98393333333333,-3.145232447657989,1.2668159547990139,-88.74706666666667,4.235076388669768,18.17403819637598,146,99
2016,20161009,0.0,0.0,11187.8636,0.0,0.0,11187.8636,1916594.947563439,0.0,0.0,1916594.947563439,2.0,14.0,0.0,3.0,5.0,5.0,0.0,34.066599999999994,-3.062565780991328,1.334169074742781,-107.1619,-14.179756944663566,0.31381398949059197,147,100
2016,20161010,0.0,0.0,1466.2939,0.0,0.0,1466.2939,545041.4866391254,0.0,0.0,545041.4866391254,1.0,0.0,0.0,2.0,0.0,5.0,5.0,37.16,0.03083421900867478,0.0,-100.05,-7.067856944663561,0.0,148,101
2016,20161012,0.0,0.0,42016.9303,89704.8583,115553.5837,247275.3723,10745579.0533001,19125230.5707838,27580099.992222577,57450909.61630648,4.0,6.0,2.0,1.0,0.0,0.0,0.0,37.927550000000004,0.7983842190086818,3.076981942659813,-90.44710833333333,2.535034722003104,3.717768554940728,150,103
2016,20161013,0.0,0.0,0.0,0.0,0.0,0.0,0.0,0.0,0.0,0.0,0.0,16.0,0.0,2.0,0.0,5.0,5.0,37.129165780991315,-7.105427357601002e-15,0.0,-92.98214305533645,-1.4210854715202004e-14,0.0,151,104
2016,20161014,0.0,0.0,14564.9013,28031.257900000004,78006.18110000002,120602.34030000004,3562581.022252512,6918417.030411247,19456855.276948024,29937853.329611786,1.0,45.0,2.0,1.0,0.0,0.0,0.0,45.71841,8.589244219008677,0.4433815022703986,-122.75387,-29.77172694466357,2.5666672744804457,152,105
2016,20161015,0.0,0.0,0.0,0.0,0.0,0.0,0.0,0.0,0.0,0.0,0.0,28.0,0.0,2.0,2.0,0.0,0.0,37.129165780991315,-7.105427357601002e-15,0.0,-92.98214305533645,-1.4210854715202004e-14,0.0,153,106
2016,20161016,0.0,0.0,0.0,0.0,0.0,0.0,0.0,0.0,0.0,0.0,0.0,15.0,0.0,2.0,2.0,5.0,0.0,37.129165780991315,-7.105427357601002e-15,0.0,-92.98214305533645,-1.4210854715202004e-14,0.0,154,107
2016,20161017,0.0,0.0,135056.1784,0.0,72961.3724,208017.5508,37070728.28932425,0.0,13647005.89902008,50717734.18834433,12.0,60.0,0.0,2.0,0.0,0.0,5.0,45.06294736842106,7.933781587429735,0.9781558682702769,-85.81882105263158,7.163322002704859,5.335110161163911,155,108
2016,20161019,0.0,0.0,881870.4275,0.0,831816.2811,1713686.7086,208210897.63376373,0.0,192994386.76167423,401205284.3954379,40.0,31.0,0.0,1.0,0.0,0.0,0.0,38.46299428571429,1.333828504722966,0.7790934153373023,-87.79965428571428,5.182488769622154,3.575136027925341,157,110
2016,20161020,0.0,0.0,206764.1243,0.0,698575.3430000001,905339.4673,46349634.25856492,0.0,142514489.19442397,188864123.4529889,9.0,27.0,0.0,3.0,0.0,5.0,15.0,38.765571428571434,1.636405647580112,3.097438228560483,-82.17758285714285,10.804560198193585,4.766381403149111,158,111
2016,20161025,0.0,0.0,24875.1229,0.0,0.0,24875.1229,8077098.837680533,0.0,0.0,8077098.837680533,4.0,0.0,0.0,1.0,0.0,0.0,0.0,40.9525,3.8233342190086788,2.757116549344019,-96.9825,-4.000356944663565,2.971928386306327,163,116
2016,20161026,0.0,0.0,72002.23500000002,0.0,185647.5274,257649.76240000004,15252005.194011737,0.0,37151802.6864163,52403807.88042803,4.0,11.0,0.0,2.0,2.0,5.0,5.0,34.523515384615386,-2.6056503963759354,0.3370583328499517,-96.8857153846154,-3.9035723292789584,0.3827135391868463,164,117
2016,20161030,0.0,0.0,195739.69070000004,0.0,945752.3668,1141492.0575,32851657.321255103,0.0,138131615.66806296,170983272.98931807,3.0,45.0,0.0,1.0,0.0,0.0,0.0,41.386278571428576,4.2571127904372545,1.490163218094193,-97.13496785714287,-4.152824801806432,19.355965437350093,168,121
2016,20161102,0.0,0.0,569656.3681999999,0.0,121115.6444,690772.0125999999,131011973.62797032,0.0,28367315.78978245,159379289.41775277,34.0,11.0,0.0,1.0,0.0,0.0,0.0,38.15863777777778,1.0294719967864552,2.838665257594979,-94.53287999999999,-1.550736944663555,4.296317503482174,171,124
2016,20161104,0.0,0.0,107207.7282,0.0,9762.2097,116969.9379,12299240.888273424,0.0,1629639.8605065653,13928880.74877999,11.0,5.0,0.0,2.0,0.0,5.0,5.0,31.1773,-5.951865780991323,3.8991693707335506,-104.42284615384617,-11.44070309850973,11.588542905791003,173,126
2016,20161105,0.0,0.0,47209.4799,0.0,0.0,47209.4799,8939825.671096422,0.0,0.0,8939825.671096422,8.0,0.0,0.0,2.0,2.0,5.0,5.0,35.108824999999996,-2.020340780991326,0.06647589788788073,-106.6277,-13.645556944663568,0.22002864748547,174,127
2016,20161106,0.0,0.0,2081.5485,0.0,0.0,2081.5485,588979.7973990943,0.0,0.0,588979.7973990943,1.0,1.0,0.0,2.0,2.0,5.0,5.0,33.57,-3.5591657809913215,0.0,-104.63,-11.647856944663559,0.0,175,128
2016,20161107,0.0,0.0,18966.9272,0.0,13801.8391,32768.7663,3147022.983270373,0.0,1897910.4263898416,5044933.409660215,1.0,1.0,0.0,1.0,0.0,0.0,0.0,28.48,-8.649165780991321,0.3818376618407351,-98.025,-5.042856944663569,0.5868986283848282,176,129
2016,20161117,0.0,0.0,0.0,0.0,3837.1102,3837.1102,0.0,0.0,1385778.8991622585,1385778.8991622585,0.0,31.0,0.0,1.0,0.0,0.0,0.0,37.44,0.3108342190086759,0.03999999999999737,-100.86,-7.877856944663563,0.1252996408614136,179,139
2016,20161118,0.0,0.0,0.0,0.0,1426831.5313,1426831.5313,0.0,0.0,323849583.38235533,323849583.38235533,0.0,53.0,1.0,2.0,0.0,5.0,0.0,40.2219243902439,3.092758609252577,3.9173986738510855,-85.40261219512195,7.57953086021449,3.3618364416785043,178,140
2016,20161121,0.0,0.0,0.0,0.0,0.0,0.0,0.0,0.0,0.0,0.0,0.0,9.0,0.0,1.0,0.0,0.0,0.0,37.129165780991315,-7.105427357601002e-15,0.0,-92.98214305533645,-1.4210854715202004e-14,0.0,175,143
2016,20161122,0.0,0.0,0.0,8176.173100000001,0.0,8176.173100000001,0.0,2092429.3211403363,0.0,2092429.3211403363,0.0,1.0,1.0,2.0,0.0,5.0,0.0,39.1999,2.0707342190086777,0.0,-96.8252,-3.8430569446635587,0.0,174,144
2016,20161123,0.0,0.0,0.0,0.0,45723.399300000005,45723.399300000005,0.0,0.0,8180413.447440492,8180413.447440492,0.0,7.0,0.0,3.0,5.0,15.0,5.0,40.08833333333333,2.9591675523420093,0.15223884742951152,-112.92833333333334,-19.946190277996905,0.7861403606651082,173,145
2016,20161127,0.0,0.0,8355.1468,10613.2108,0.0,18968.3576,3006943.0782493236,3525120.4837356675,0.0,6532063.561984992,3.0,36.0,3.0,1.0,0.0,0.0,0.0,40.46,3.330834219008679,0.44904342774390893,-98.735,-5.752856944663563,0.5986568299117629,169,149
2016,20161128,0.0,0.0,25420.2556,82306.83410000001,654816.6873,762543.777,6731794.317604136,25070614.756478146,153820072.62806028,185622481.70214257,3.0,80.0,8.0,2.0,0.0,5.0,5.0,34.41880769230769,-2.710358088683634,3.173412686550335,-89.9679,3.0142430553364363,2.1010787445827654,168,150
2016,20161129,0.0,0.0,447905.8532,571116.5259,446156.4466,1465178.8257,103948077.64685272,127608950.84517916,99203120.4771058,330760148.96913767,39.0,55.0,31.0,4.0,5.0,30.0,15.0,33.484176530612245,-3.6449892503790764,1.204967781389105,-89.15205,3.830093055336434,2.3308977116367338,167,151
2016,20161130,0.0,0.0,28175.5463,697752.6898,1903596.7101,2629524.9462,6559125.912301462,134745699.80475068,376478736.4634524,517783562.18050456,2.0,67.0,23.0,4.0,10.0,15.0,15.0,34.53326477272727,-2.5959010082640503,1.4337805863047248,-84.43985909090908,8.542283964427355,2.1590099098246394,166,152
2016,20161204,0.0,0.0,0.0,0.0,0.0,0.0,0.0,0.0,0.0,0.0,0.0,11.0,0.0,2.0,2.0,5.0,5.0,37.129165780991315,-7.105427357601002e-15,0.0,-92.98214305533645,-1.4210854715202004e-14,0.0,162,156
2016,20161205,0.0,0.0,33365.3005,13668.578700000002,42839.10190000001,89872.9811,5552316.073192693,2969006.8052071803,9265367.699709175,17786690.57810905,1.0,7.0,1.0,2.0,2.0,5.0,0.0,30.157420000000002,-6.97174578099132,0.4808957080282583,-91.7428,1.239343055336434,2.408648953251599,161,157
2016,20161210,0.0,0.0,0.0,0.0,0.0,0.0,0.0,0.0,0.0,0.0,0.0,5.0,0.0,1.0,0.0,0.0,0.0,37.129165780991315,-7.105427357601002e-15,0.0,-92.98214305533645,-1.4210854715202004e-14,0.0,156,162
2016,20161213,0.0,0.0,27910.1815,25872.9146,8963.5966,62746.6927,6042292.556692273,5605142.466819009,1938537.2744894652,13585972.29800075,2.0,1.0,2.0,2.0,2.0,5.0,0.0,30.614440000000002,-6.51472578099132,0.1786988192462385,-88.63250000000001,4.349643055336429,2.108320875720772,153,165
2016,20161216,0.0,0.0,0.0,0.0,139613.4136,139613.4136,0.0,0.0,25310535.357603647,25310535.357603647,0.0,78.0,0.0,0.0,0.0,0.0,0.0,40.68228,3.553114219008677,0.45700012222568004,-112.38456666666666,-19.40242361133022,0.9253025958082655,150,168
2016,20161217,0.0,0.0,46966.1896,35607.884600000005,853268.5480000001,935842.6222,11752090.214450616,8636084.249825094,200434600.5178507,220822774.9821264,4.0,74.0,3.0,2.0,0.0,5.0,0.0,35.59242456140351,-1.5367412195878103,0.9683313014593528,-88.38262280701755,4.599520248318882,1.7846954242968918,149,169
2016,20161218,0.0,0.0,18724.4498,14067.9282,680117.9704999999,712910.3485,4411882.4607156515,3383431.3593537468,155690405.60663113,163485719.42670053,1.0,71.0,1.0,3.0,5.0,15.0,15.0,35.86900277777778,-1.2601630032135418,1.3568864711929094,-86.09400277777779,6.888140277558648,1.8884867124591882,148,170
2016,20161225,0.0,0.0,2163.3341,35261.122800000005,197194.475,234618.93190000005,859461.6458937459,11130445.150214173,55013053.9330635,67002960.72917142,1.0,255.0,12.0,2.0,0.0,5.0,0.0,38.83352083333333,1.7043550523420095,1.8143715988478422,-98.54870416666667,-5.5665611113302305,1.4754080266450547,141,177
2016,20161226,0.0,0.0,8510.7117,13417.6509,13416.506899999998,35344.8695,2124357.51692971,3369985.5506911324,3377371.66149716,8871714.729118,1.0,31.0,1.0,3.0,2.0,15.0,0.0,35.9252,-1.2039657809913251,1.753889018723816,-89.59543333333333,3.386709722003104,1.9612472468644413,140,178
2016,20161228,0.0,0.0,233693.1444,0.0,0.0,233693.1444,55360766.180068314,0.0,0.0,55360766.180068314,14.0,4.0,0.0,1.0,0.0,0.0,0.0,35.67673571428571,-1.4524300667056096,0.4181131896934142,-88.2515,4.730643055336444,0.8706679734548658,138,180
2016,20161229,0.0,0.0,0.0,39234.77079999999,83925.0397,123159.8105,0.0,7087217.807319126,15235363.29182636,22322581.099145487,0.0,13.0,1.0,2.0,2.0,5.0,5.0,33.07615,-4.053015780991323,0.8395319866846445,-84.033975,8.948168055336438,0.5594602123177941,137,181
2016,20161231,0.0,0.0,0.0,0.0,0.0,0.0,0.0,0.0,0.0,0.0,0.0,2.0,0.0,1.0,0.0,0.0,0.0,37.129165780991315,-7.105427357601002e-15,0.0,-92.98214305533645,-1.4210854715202004e-14,0.0,135,182
2017,20170101,0.0,0.0,0.0,0.0,49542.4777,49542.4777,0.0,0.0,10173676.27206551,10173676.27206551,0.0,14.0,0.0,1.0,0.0,0.0,0.0,32.13265,-4.996515780991324,0.7805755248532993,-101.91806666666666,-8.935923611330225,4.7368001307621,134,181
2017,20170102,0.0,0.0,128403.8563,537699.0543,3414113.9880999997,4080216.8987,27073121.221254632,114020587.32092354,674353283.2522442,815446991.7944224,9.0,211.0,42.0,3.0,5.0,15.0,15.0,31.483711240310075,-5.645454540681246,0.679318303636274,-88.90803992248063,4.074103132855811,4.350344568865257,133,180
2017,20170103,0.0,0.0,0.0,0.0,97524.363,97524.363,0.0,0.0,18896000.63745213,18896000.63745213,0.0,15.0,0.0,4.0,10.0,30.0,15.0,32.327866666666665,-4.801299114324657,0.16901119095097494,-82.28696666666666,10.695176388669779,0.8131194369012873,132,179
2017,20170106,0.0,0.0,0.0,0.0,35862.0332,35862.0332,0.0,0.0,6560305.351757654,6560305.351757654,0.0,7.0,0.0,1.0,0.0,0.0,0.0,30.244999999999997,-6.884165780991324,0.007071067811867836,-82.705,10.277143055336438,0.007071067811859044,129,176
2017,20170107,0.0,0.0,0.0,14235.524400000002,81060.1485,95295.6729,0.0,2665715.0684800097,14391584.30142232,17057299.36990233,0.0,9.0,1.0,2.0,2.0,5.0,5.0,29.661125,-7.468040780991323,0.7176594335058927,-82.68515,10.296993055336443,0.46845073380239977,128,175
2017,20170108,0.0,0.0,0.0,0.0,0.0,0.0,0.0,0.0,0.0,0.0,0.0,24.0,0.0,1.0,0.0,0.0,0.0,37.129165780991315,-7.105427357601002e-15,0.0,-92.98214305533645,-1.4210854715202004e-14,0.0,127,174
2017,20170109,0.0,0.0,0.0,34969.9808,0.0,34969.9808,0.0,6292063.72866509,0.0,6292063.72866509,0.0,75.0,1.0,1.0,0.0,0.0,0.0,38.8491,1.7199342190086782,0.0,-121.3272,-28.34505694466357,0.0,126,173
2017,20170110,0.0,0.0,0.0,0.0,770427.8983,770427.8983,0.0,0.0,179221491.522283,179221491.522283,0.0,198.0,0.0,2.0,0.0,5.0,0.0,39.72066818181818,2.5915024008268617,0.3539435163255829,-84.58655,8.395593055336434,1.0616621504351875,125,172
2017,20170112,0.0,0.0,0.0,0.0,428837.9703,428837.9703,0.0,0.0,89479692.90993413,89479692.90993413,0.0,14.0,0.0,1.0,0.0,0.0,0.0,40.95623846153846,3.82707268054714,0.3215966302126062,-80.07698461538462,12.905158439951819,0.7038975562847118,123,170
2017,20170113,0.0,0.0,0.0,29732.2693,0.0,29732.2693,0.0,5127124.356688964,0.0,5127124.356688964,0.0,0.0,1.0,1.0,0.0,0.0,0.0,30.722,-6.4071657809913205,0.0,-97.582,-4.599856944663557,0.0,122,169
2017,20170114,0.0,0.0,52037.2336,0.0,0.0,52037.2336,6370805.801500433,0.0,0.0,6370805.801500433,6.0,0.0,0.0,1.0,0.0,0.0,0.0,32.60081666666667,-4.528349114324655,0.329866223894881,-106.39371666666666,-13.411573611330226,0.42664593009504315,121,168
2017,20170115,0.0,0.0,417180.0016,323779.99120000005,629206.3705999999,1370166.3634,66924930.89559963,56078148.892140776,108304606.61996916,231307686.40770957,27.0,22.0,10.0,2.0,0.0,5.0,5.0,31.13048596491228,-5.9986798160790435,1.3895335361241876,-98.55798245614035,-5.575839400803915,1.630790138697316,120,167
2017,20170116,0.0,0.0,0.0,148207.27269999997,83416.28760000001,231623.5603,0.0,25091711.86107083,14637831.863144148,39729543.72421498,0.0,8.0,4.0,3.0,5.0,15.0,15.0,30.65657142857143,-6.472594352419893,1.3378586655725704,-95.35215714285714,-2.370014087520701,1.1810787454091072,119,166
2017,20170118,0.0,0.0,0.0,14807.9121,0.0,14807.9121,0.0,2919080.531212777,0.0,2919080.531212777,0.0,17.0,1.0,2.0,2.0,5.0,5.0,30.9883,-6.140865780991323,0.0,-93.6172,-0.6350569446635603,0.0,117,164
2017,20170119,0.0,0.0,171123.55820000003,45482.2184,55542.39469999999,272148.17130000005,28445540.755514957,9849206.35472976,12846233.25789572,51140980.36814045,4.0,11.0,3.0,2.0,0.0,5.0,0.0,33.787075,-3.3420907809913203,2.678594571488766,-100.519525,-7.537381944663565,15.9364116925603,116,163
2017,20170120,1.0,1436.5,484346.99269999994,0.0,422049.7537,906396.7464,83025679.18022378,0.0,52771977.86353971,135797657.0437635,17.0,17.0,0.0,2.0,2.0,5.0,0.0,32.47360416666667,-4.655561614324654,2.9537774085985404,-105.8909,-12.908756944663565,13.231277740493809,115,162
2017,20170121,1.0,1436.5,877044.3663000001,1456038.0678999997,1314948.9356,3648031.3698,199093225.15156156,283602625.659632,269888480.0941763,752584330.9053699,80.0,120.0,74.0,3.0,5.0,15.0,15.0,32.27844146341464,-4.8507243175766845,0.8212569515055643,-87.71090772357724,5.2712353317592004,4.1335992329240066,114,161
2017,20170122,1.0,1436.5,584448.9097000001,439587.8838,2187734.7909,3211771.5844,105444718.79880723,86450389.26463255,423993393.69749135,615888501.7609311,27.0,174.0,29.0,4.0,10.0,30.0,30.0,30.97198787878788,-6.157177902203443,1.4871759073306423,-84.85514797979798,8.12699507553846,5.61708763241453,113,160
2017,20170123,0.0,0.0,157571.48080000002,95208.87629999996,201309.8762,454090.2333,26464066.627658702,14042413.754491668,29590887.280178912,70097367.66232929,4.0,60.0,3.0,6.0,30.0,30.0,30.0,29.56312857142857,-7.566037209562751,5.473163584032766,-92.53192857142857,0.450214483907871,19.429516633499368,112,159
2017,20170205,0.0,0.0,0.0,0.0,0.0,0.0,0.0,0.0,0.0,0.0,0.0,12.0,0.0,0.0,0.0,0.0,0.0,37.129165780991315,-7.105427357601002e-15,0.0,-92.98214305533645,-1.4210854715202004e-14,0.0,99,146
2017,20170206,0.0,0.0,0.0,0.0,0.0,0.0,0.0,0.0,0.0,0.0,0.0,28.0,0.0,1.0,0.0,0.0,0.0,37.129165780991315,-7.105427357601002e-15,0.0,-92.98214305533645,-1.4210854715202004e-14,0.0,98,145
2017,20170207,0.0,0.0,447960.937,277878.92750000005,1726592.3857000005,2452432.2502000006,106208036.20183273,58497508.166494176,336286569.6185198,500992113.9868467,37.0,174.0,18.0,3.0,2.0,5.0,15.0,31.554268786127167,-5.5748969948641545,2.111042954394603,-86.0826,6.899543055336437,3.03363010062893,97,144
2017,20170208,0.0,0.0,186960.7635,0.0,136930.8045,323891.56799999997,42100210.350703776,0.0,30212869.96350196,72313080.31420574,9.0,27.0,0.0,4.0,5.0,30.0,30.0,35.09735333333333,-2.031812447657991,0.9851876716549741,-86.25364666666665,6.728496388669782,1.445275097326589,96,143
2017,20170212,0.0,0.0,0.0,0.0,3984927.3653,3984927.3653,0.0,0.0,605160252.6145277,605160252.6145277,0.0,109.0,0.0,1.0,0.0,0.0,0.0,39.29652222222222,2.1673564412309005,0.3975587878802201,-77.28461111111112,15.697531944225318,0.6559012930044227,92,139
2017,20170213,0.0,0.0,34392.47349999999,0.0,0.0,34392.47349999999,5983774.635283693,0.0,0.0,5983774.635283693,1.0,71.0,0.0,1.0,0.0,0.0,0.0,33.39,-3.7391657809913212,0.0,-97.2,-4.217856944663566,0.0,91,138
2017,20170214,0.0,0.0,0.0,235984.9138,170712.9831,406697.8969,0.0,39237479.59591483,27974264.666711103,67211744.26262593,0.0,8.0,7.0,2.0,0.0,5.0,5.0,29.290415384615383,-7.838750396375939,0.46092838172206696,-95.66466153846153,-2.6825184831250937,0.6510333830898671,90,137
2017,20170215,0.0,0.0,122432.50830000002,34561.3505,246244.9398,403238.7986,23366267.73385564,6762977.60010798,46183903.85115974,76313149.18512335,6.0,24.0,2.0,4.0,10.0,15.0,15.0,32.619157894736844,-4.510007886254478,1.994805304427753,-80.15778421052632,12.82435884481012,1.410281263225002,89,136
2017,20170216,0.0,0.0,0.0,0.0,0.0,0.0,0.0,0.0,0.0,0.0,0.0,3.0,0.0,3.0,5.0,5.0,0.0,37.129165780991315,-7.105427357601002e-15,0.0,-92.98214305533645,-1.4210854715202004e-14,0.0,88,135
2017,20170217,0.0,0.0,0.0,0.0,86657.44279999999,86657.44279999999,0.0,0.0,10745383.229858002,10745383.229858002,0.0,45.0,0.0,1.0,0.0,0.0,0.0,33.5323,-3.5968657809913225,0.0,-117.77,-24.78785694466356,0.0,87,134
2017,20170219,0.0,0.0,57763.3753,206733.8718,319521.9061,584019.1532000001,9358866.229731034,34653061.75740592,48201629.20184578,92213557.18898274,5.0,19.0,8.0,1.0,0.0,0.0,0.0,30.232948275862068,-6.896217505129254,2.1249307369587185,-98.65583103448276,-5.673687979146322,0.8627634289650878,85,132
2017,20170220,0.0,0.0,65728.47730000001,62517.7493,1300361.644,1428607.8706,11563142.081322905,10882273.00005785,231750626.13382512,254196041.21520588,2.0,101.0,2.0,3.0,2.0,15.0,15.0,31.27463333333333,-5.854532447657991,0.6960371808769421,-96.18949375,-3.2073506946635604,0.9484811922688645,84,131
2017,20170221,0.0,0.0,713.1776,0.0,8173.411700000001,8886.5893,404514.8713581456,0.0,1665295.768008995,2069810.6393671408,1.0,29.0,0.0,2.0,2.0,5.0,0.0,43.975,6.84583421900868,2.991061684419099,-107.27000000000001,-14.287856944663574,6.5478087937874285,83,130
2017,20170222,0.0,0.0,0.0,0.0,0.0,0.0,0.0,0.0,0.0,0.0,0.0,2.0,0.0,1.0,0.0,0.0,0.0,37.129165780991315,-7.105427357601002e-15,0.0,-92.98214305533645,-1.4210854715202004e-14,0.0,82,129
2017,20170223,0.0,0.0,105973.1139,0.0,0.0,105973.1139,24591908.935884897,0.0,0.0,24591908.935884897,5.0,36.0,0.0,1.0,0.0,0.0,0.0,42.53814,5.408974219008677,1.9336091378559432,-89.04422,3.937923055336441,2.9897340252938895,81,128
2017,20170224,0.0,0.0,1200949.5994,0.0,866293.3739999998,2067242.9734,276135648.82274806,0.0,194581366.09512705,470717014.9178751,40.0,23.0,0.0,3.0,0.0,5.0,15.0,40.1913126984127,3.06214691742138,2.312521929415956,-84.72194603174604,8.260197023590393,1.11260304630778,80,127
2017,20170225,0.0,0.0,4819358.1364,406841.1979,8489466.252500001,13715665.586800002,742227265.7405119,60440360.22990001,1222730615.117867,2025398241.0882788,93.0,137.0,6.0,4.0,5.0,30.0,15.0,39.968782532751085,2.8396167517597632,2.219647854390546,-76.4120441048035,16.570098950532937,2.7217937289754417,79,126
2017,20170227,0.0,0.0,870132.8476999999,0.0,0.0,870132.8476999999,154066074.30595604,0.0,0.0,154066074.30595604,27.0,6.0,0.0,2.0,0.0,0.0,5.0,32.69802222222222,-4.431143558769101,0.5876366101946207,-95.77857037037037,-2.796427315033938,1.9463180864657506,77,124
2017,20170228,1.0,2347.8,6031066.6742,1007490.0365000002,1094403.352,8132960.062700001,1389944152.2184515,222397325.00069445,242498557.1802087,1854840034.3993547,272.0,111.0,38.0,2.0,2.0,5.0,5.0,39.530863714285715,2.4016979332943933,1.9974780252899533,-90.69934057142856,2.282802483907872,2.8182287784613185,76,123
2017,20170301,1.0,2347.8,4320423.9596,969820.0388999998,23557753.6088,28847997.6073,938131430.5755446,226266263.03188944,4733877615.261029,5898275308.8684635,170.0,876.0,44.0,4.0,10.0,30.0,30.0,37.39953912195122,0.2703733409598996,2.0016539258006163,-84.695952,8.286191055336431,4.407603464353709,75,122
2017,20170305,0.0,0.0,125307.1712,52004.8719,0.0,177312.0431,21179969.225424528,8666548.422287956,0.0,29846517.647712484,5.0,40.0,2.0,2.0,0.0,5.0,0.0,36.10344285714286,-1.0257229238484626,5.089076122394299,-115.3265,-22.34435694466356,13.331189174513531,71,118
2017,20170306,1.0,2828.8,2579865.1466,911582.1334,5617385.2526,9108832.5326,685349985.9185821,236231858.69258416,1474153562.195396,2395735406.8065624,198.0,591.0,66.0,2.0,0.0,5.0,0.0,40.29603101361574,3.166865232624417,2.486155329679596,-93.43941316187595,-0.45727010653951083,1.8125932826885562,70,117
2017,20170307,1.0,2828.8,269075.0062,197694.0361,2733589.6263,3200358.6686,57088713.97225485,45310700.668337904,605800287.8831105,708199702.5237033,11.0,298.0,10.0,4.0,5.0,30.0,30.0,38.209250349650354,1.0800845686590321,2.9108272908756105,-90.30640209790211,2.6757409574343285,2.0136364201266193,69,116
2017,20170308,1.0,2828.8,0.0,0.0,552114.7364,552114.7364,0.0,0.0,85248606.62078905,85248606.62078905,0.0,156.0,0.0,3.0,2.0,15.0,5.0,42.766466666666666,5.637300885675344,0.2527202022119731,-73.80271666666667,19.179426388669768,0.13152051228426428,68,115
2017,20170309,0.0,0.0,3294652.3148999996,286396.7024,1938606.9791,5519655.9964,818539935.0023344,69360134.43268049,445557125.0961072,1333457194.5311222,247.0,108.0,20.0,1.0,0.0,0.0,0.0,36.413673150684936,-0.715492630306386,1.1862201908121108,-91.08260109589041,1.8995419594460259,3.172366648605643,67,114
2017,20170310,0.0,0.0,127714.9353,0.0,1561320.558,1689035.4933,26561010.891097527,0.0,321714774.05478406,348275784.9458816,5.0,65.0,0.0,3.0,5.0,15.0,15.0,34.3985359375,-2.7306298434913217,1.0389864191432876,-86.495903125,6.486239930336438,1.933601943078198,66,113
2017,20170311,0.0,0.0,12258.6025,24286.9548,8405.1843,44950.7416,2893960.301590433,4191956.568636255,1586522.384941602,8672439.255168289,4.0,5.0,1.0,1.0,0.0,0.0,0.0,31.721325,-5.407840780991322,0.8780076614537204,-102.234475,-9.252331944663567,3.2825270416686108,65,112
2017,20170313,0.0,0.0,0.0,60729.3613,27806.5605,88535.92180000001,0.0,10854500.745367443,5107935.60972112,15962436.355088564,0.0,1.0,2.0,1.0,0.0,0.0,0.0,27.046999999999997,-10.082165780991325,0.1410170557060375,-82.2746,10.70754305533643,0.27146211522053015,63,110
2017,20170316,0.0,0.0,0.0,0.0,0.0,0.0,0.0,0.0,0.0,0.0,0.0,9.0,0.0,0.0,0.0,0.0,0.0,37.129165780991315,-7.105427357601002e-15,0.0,-92.98214305533645,-1.4210854715202004e-14,0.0,60,107
2017,20170317,0.0,0.0,39458.6083,0.0,0.0,39458.6083,9589778.100494634,0.0,0.0,9589778.100494634,3.0,1.0,0.0,1.0,0.0,0.0,0.0,37.2942,0.16503421900867465,2.141264946240889,-90.12723333333334,2.8549097220031,0.40116336240157147,59,106
2017,20170318,0.0,0.0,22594.784300000003,0.0,52593.2188,75188.0031,4398033.219939145,0.0,10207357.478798555,14605390.6987377,1.0,3.0,0.0,1.0,0.0,0.0,0.0,34.66996666666667,-2.4591991143246545,0.06093212070274155,-78.9152,14.066943055336438,0.38755279640327417,58,105
2017,20170319,0.0,0.0,262150.2239,707.2901,0.0,262857.51399999997,64238092.637263775,197090.05229365057,0.0,64435182.689557426,12.0,2.0,1.0,1.0,0.0,0.0,0.0,41.05543846153846,3.926272680547136,3.391421987293446,-90.90366923076922,2.0784738245672116,4.0237936936396705,57,104
2017,20170320,0.0,0.0,1767256.7319999998,0.0,36782.213599999995,1804038.9455999995,378656914.02153605,0.0,8744323.976655541,387401237.9981916,49.0,2.0,0.0,2.0,0.0,0.0,5.0,40.24954509803921,3.1203793170478917,1.3267192776640775,-87.68424901960785,5.297894035728589,1.3099973321152303,56,103
2017,20170321,0.0,0.0,3790646.7499,80486.05619999999,4407803.380399999,8278936.186499999,772751647.0890975,14475034.860622684,879377091.5898129,1666603773.5395331,138.0,151.0,2.0,2.0,0.0,0.0,5.0,34.95269448275862,-2.1764712982326984,1.0687967068264626,-85.3858303448276,7.59631271050884,5.371461230133459,55,102
2017,20170322,0.0,0.0,124509.21540000002,0.0,10100.2465,134609.46190000002,21623711.13603394,0.0,1975035.638711567,23598746.77474551,4.0,29.0,0.0,4.0,2.0,30.0,15.0,32.465520000000005,-4.663645780991317,3.806949825910503,-96.88694000000001,-3.9047969446635733,21.991238399371692,54,101
2017,20170323,0.0,0.0,984503.4519,31935.630000000005,177210.12130000003,1193649.2032,234636854.6664786,5375626.569939857,46662136.678706594,286674617.9151251,68.0,94.0,1.0,2.0,0.0,5.0,0.0,38.29562631578947,1.1664605347981478,4.628844982522281,-96.41160789473685,-3.42946483940041,6.602037104180904,53,100
2017,20170324,0.0,0.0,179585.7309,189492.6882,850030.3824,1219108.8015,39514746.09530764,42582346.63251373,178085472.3837055,260182565.11152685,14.0,92.0,15.0,3.0,2.0,15.0,15.0,33.9041202247191,-3.225045556272221,2.9082108175185275,-94.77614044943819,-1.7939973941017513,3.6906591383678307,52,99
2017,20170325,0.0,0.0,180427.42,24279.4797,336058.467,540765.3667,41041369.08100579,6002189.130900376,75501372.33941923,122544930.5513254,14.0,28.0,2.0,4.0,5.0,30.0,15.0,32.995152272727275,-4.134013508264047,2.4405747808984475,-91.1934340909091,1.788708964427343,1.8186645116733537,51,98
2017,20170326,1.0,3476.6,3785812.1951,65640.3425,309733.9587,4161186.4962999993,700464494.112489,14442789.860313272,65036678.05644139,779943962.0292437,136.0,22.0,4.0,3.0,2.0,15.0,5.0,34.001278343949046,-3.1278874370422756,2.2908728804820213,-96.02275350318472,-3.0406104478482803,4.163513998515797,50,97
2017,20170327,1.0,3476.6,3538328.2419000003,137235.6702,1866763.6566,5542327.568700001,793240346.6996492,32918643.718832828,424045631.443746,1250204621.862228,182.0,98.0,8.0,5.0,10.0,30.0,45.0,35.418429432624116,-1.710736348367206,1.8093705852066522,-87.1720524822695,5.81009057306693,2.647813889278018,49,96
2017,20170328,1.0,3476.6,430423.7893,74469.57440000001,282013.8169,786907.1806,93467909.30086473,18346083.230214063,61062331.30869269,172876323.83977148,70.0,47.0,17.0,4.0,5.0,30.0,30.0,33.009478861788615,-4.119686919202707,1.6476151575590645,-99.441281300813,-6.4591382454765665,5.162647012035299,48,95
2017,20170329,0.0,0.0,861866.5095,478467.8548,2863120.5543,4203454.9186,180442521.2442467,85374520.74800411,511367178.0087622,777184220.001013,51.0,100.0,18.0,5.0,10.0,30.0,45.0,33.19697365269461,-3.9321921282967125,2.6857679357089634,-94.80347245508982,-1.821329399753381,2.25443002025448,47,94
2017,20170330,0.0,0.0,2380782.968,12307.2388,1087883.9515999998,3480974.1583999996,537313676.5517313,2745867.827827675,239855130.15920904,779914674.538768,79.0,85.0,1.0,4.0,10.0,30.0,30.0,37.67405476190476,0.5448889809134414,3.161284984903629,-86.30737222222223,6.674770833114209,3.488614038328435,46,93
2017,20170331,0.0,0.0,476025.2392,105719.25560000002,201547.7779,783292.2727,83975370.2815696,18228636.273405243,38018417.91408698,140222424.46906182,22.0,19.0,5.0,4.0,5.0,30.0,30.0,36.44792857142857,-0.6812372095627524,0.4618762379249057,-78.63358857142858,14.348554483907861,5.882563589055141,45,92
2017,20170401,0.0,0.0,129912.20519999998,0.0,0.0,129912.20519999998,26619719.352737088,0.0,0.0,26619719.352737088,21.0,4.0,0.0,3.0,2.0,15.0,15.0,32.12904761904762,-5.000118161943703,1.929447860819008,-100.19496666666667,-7.212823611330236,0.7002398327240034,44,91
2017,20170402,0.0,0.0,1521770.4375999998,357115.8633,1401871.7097,3280758.0105999997,255591152.23554805,78368542.38937975,270333195.4363242,604292890.061252,80.0,89.0,31.0,3.0,2.0,15.0,15.0,31.80794427083333,-5.32122151015799,3.051918915394871,-95.43862239583332,-2.456479340496884,4.932286737520315,43,90
2017,20170403,0.0,0.0,374216.3042,1234890.252,4337207.085499999,5946313.6417,76948071.12729283,232205418.62914217,850809155.0092778,1159962644.7657127,26.0,225.0,46.0,5.0,15.0,45.0,30.0,32.56995102040816,-4.55921476058316,1.4388778773950817,-84.51821428571428,8.463928769622157,4.169716858018173,42,89
2017,20170404,1.0,1259.2,1625091.7724,48913.8379,587656.8569,2261662.4672,374731460.7364616,12829114.076456197,139251799.6305475,526812374.44346535,107.0,63.0,4.0,4.0,5.0,30.0,15.0,35.56779155844156,-1.5613742225497589,2.108121255549169,-93.84641038961038,-0.8642673342739471,3.703732699582502,41,88
2017,20170405,1.0,1259.2,6971554.511899999,813490.0254999999,5046204.3341,12831248.871499998,1455526481.5859404,166012985.9677821,1080891661.3032382,2702431128.8569603,276.0,237.0,33.0,4.0,5.0,15.0,30.0,35.381364000000005,-1.7478017809913169,2.5332686377813047,-84.4724196,8.509723455336442,2.0396193937493705,40,87
2017,20170406,1.0,1259.2,350245.8786,663709.8171,6815855.2477,7829810.9434,64366635.26081342,101362731.28201136,997148709.4067868,1162878075.9496114,10.0,146.0,14.0,5.0,15.0,30.0,45.0,37.6917669117647,0.5626011307733805,3.0991420268162195,-77.4691955882353,15.512947467101142,1.8892076704413505,39,86
2017,20170407,0.0,0.0,36516.6735,0.0,61538.892799999994,98055.5663,6555458.970359979,0.0,12440612.326668631,18996071.297028612,1.0,47.0,0.0,4.0,5.0,30.0,15.0,43.86985000000001,6.740684219008685,4.467072114819726,-118.46391666666666,-25.481773611330226,2.4914880745583936,38,85
2017,20170408,0.0,0.0,52240.01620000001,0.0,11514.8325,63754.84870000002,8764659.046685068,0.0,2120476.1780676516,10885135.22475272,2.0,18.0,0.0,2.0,0.0,5.0,5.0,39.883266666666664,2.754100885675342,2.128436161441853,-115.46893333333333,-22.48679027799689,6.029757674511745,37,84
2017,20170409,0.0,0.0,1247335.5682999997,16858.777000000002,116818.7119,1381013.0571999997,367961106.53358006,5172354.9300266085,39233446.589193866,412366908.05280054,115.0,85.0,2.0,2.0,0.0,5.0,5.0,42.9307397260274,5.8015739450360755,2.134858254956471,-93.81980205479452,-0.8376589994580854,3.666113414323867,36,83
2017,20170410,0.0,0.0,4920938.0571,163501.2318,363160.6,5447599.8889,1004238042.731348,33995478.62302293,80106837.06536978,1118340358.419741,161.0,27.0,6.0,3.0,2.0,15.0,15.0,38.58653056994819,1.4573647889568662,4.69377978385448,-91.51027098445596,1.4718720708804796,3.9573497397363364,35,82
2017,20170411,0.0,0.0,676500.1355,0.0,47855.3222,724355.4577,111438102.135358,0.0,9235477.973356573,120673580.10871457,26.0,4.0,0.0,3.0,5.0,15.0,15.0,31.615875,-5.513290780991323,2.9664579299380933,-96.48619642857143,-3.5040533732349957,5.298482578477656,34,81
2017,20170412,0.0,0.0,170248.94250000003,1561.6917,3935.1552,175745.78940000004,32525288.586948596,463217.78908270935,687191.4339310331,33675697.80996234,52.0,1.0,1.0,2.0,0.0,5.0,5.0,33.88517037037037,-3.243995410620954,3.1988159755045715,-103.07643518518518,-10.09429212984874,2.153430982125123,33,80
2017,20170413,0.0,0.0,0.0,15009.8917,0.0,15009.8917,0.0,3534652.6031078277,0.0,3534652.6031078277,0.0,10.0,2.0,3.0,2.0,15.0,15.0,39.05075,1.921584219008679,7.030692014659719,-110.2188,-17.236656944663565,15.667789214819047,32,79
2017,20170414,0.0,0.0,92102.3558,28194.841200000003,12788.8088,133086.00579999998,27831321.928073466,7345334.258789278,3381010.968801423,38557667.15566417,35.0,8.0,9.0,2.0,2.0,5.0,5.0,36.16028541666667,-0.9688803643246544,4.185593358479622,-101.36746041666667,-8.385317361330237,1.898532746649882,31,78
2017,20170415,0.0,0.0,1372386.5916,43603.647800000006,194791.4623,1610781.7017,394355046.06779337,12360093.162201967,48859014.18280379,455574153.4127991,159.0,19.0,6.0,3.0,2.0,15.0,15.0,40.769505,3.6403392190086805,1.6979828583626213,-95.39969500000001,-2.417551944663572,3.5979951373833297,30,77
2017,20170416,0.0,0.0,474243.8405,18897.0627,841003.847,1334144.7502,114558561.54336052,5027315.309956877,162203172.03372544,281789048.8870428,71.0,57.0,3.0,3.0,2.0,15.0,15.0,36.167277669902916,-0.9618881110884061,3.5172829041784346,-94.55189805825242,-1.5697550029159828,9.70587971356094,29,76
2017,20170417,0.0,0.0,147767.7803,0.0,63888.611099999995,211656.3914,20949377.935519643,0.0,13415498.621775797,34364876.55729544,8.0,10.0,0.0,3.0,2.0,15.0,15.0,37.20057777777778,0.07141199678645904,6.709501043739967,-98.71266666666666,-5.730523611330227,6.0434084001156325,28,75
2017,20170418,0.0,0.0,118824.2248,7792.9135,68055.9896,194673.1279,24461095.68572002,1971996.4710080584,15645044.875432355,42078137.03216043,7.0,4.0,1.0,2.0,2.0,5.0,5.0,36.381591666666665,-0.7475741143246566,3.2819316225934387,-90.34790833333334,2.6342347220031,9.690446858957943,27,74
2017,20170419,0.0,0.0,747831.1929999999,0.0,336500.2338,1084331.4267999998,190545921.54318348,0.0,88350509.92547886,278896431.4686623,56.0,20.0,0.0,2.0,0.0,5.0,5.0,40.48634,3.3571742190086766,1.6357524840020607,-93.64884266666667,-0.6666996113302304,5.916005856839135,26,73
2017,20170420,1.0,1152.0,1188575.1137,64609.68690000001,1079927.9238999998,2333112.7245,257233387.17176375,12306572.869662136,217676270.9208768,487216230.9623027,45.0,32.0,2.0,4.0,10.0,30.0,30.0,40.22371818181818,3.0945524008268563,2.6137876612468216,-85.2773051948052,7.704837860531242,6.709858495191896,25,72
2017,20170421,1.0,1152.0,3160970.1256,32446.36499999999,2378126.4041000004,5571542.8947,535268215.8596997,5710011.082341126,398957796.4238808,939936023.3659216,98.0,68.0,1.0,4.0,5.0,30.0,15.0,35.643456287425145,-1.4857094935661763,2.223632535532276,-90.83101856287425,2.1511244924621877,9.169860814355543,24,71
2017,20170422,1.0,1152.0,562436.3885,93840.6813,1109155.7977999998,1765432.8675999998,117958488.59011967,21219661.147384368,232891752.26895857,372069902.00646263,25.0,55.0,5.0,4.0,5.0,30.0,30.0,34.82941807228916,-2.2997477087021636,1.5041067187054193,-85.37786385542168,7.604279199914757,4.180807873750501,23,70
2017,20170423,0.0,0.0,19363.3753,0.0,89020.68650000001,108384.0618,4720913.903736928,0.0,17465006.773422945,22185920.677159872,2.0,6.0,0.0,3.0,2.0,15.0,15.0,36.083083333333335,-1.0460824476579873,5.5590339169379686,-88.88133333333333,4.100809722003106,9.676686679161756,22,69
2017,20170424,0.0,0.0,64743.568,0.0,55232.965500000006,119976.5335,12740313.05441174,0.0,10965189.349111728,23705502.403523467,3.0,7.0,0.0,3.0,5.0,15.0,5.0,33.8512,-3.277965780991323,0.8047280285910255,-80.7474,12.234743055336438,0.14956202726627957,21,68
2017,20170425,0.0,0.0,496107.8109,72866.0451,176410.05229999998,745383.9083,117796991.3014176,17727508.076574687,44485143.95733455,180009643.33532682,36.0,26.0,5.0,2.0,2.0,5.0,5.0,36.18565,-0.9435157809913193,2.427930855979036,-96.79635740740741,-3.8142143520709766,3.090595633170776,20,67
2017,20170426,0.0,0.0,2105589.5884,90854.05070000002,2118100.0024,4314543.6415,446723792.656978,23087832.396479014,513286975.71195614,983098600.7654132,103.0,138.0,8.0,3.0,0.0,15.0,15.0,35.67131844262295,-1.4578473383683743,3.0467091011626017,-91.34049918032787,1.641643875008569,3.6081602180922006,19,66
2017,20170427,0.0,0.0,376251.9182,162319.99580000003,310769.6742,849341.5882000001,78785882.50444138,31531839.37557619,65640187.35928641,175957909.239304,14.0,21.0,9.0,5.0,15.0,30.0,30.0,37.791267647058824,0.662101866067502,3.8036750846421734,-85.17683235294118,7.805310702395261,7.450180855267495,18,65
2017,20170428,0.0,0.0,716083.1680000001,35401.3854,497810.69839999994,1249295.2518,173921078.69412196,8617278.314125225,117163618.82147126,299701975.8297185,39.0,21.0,2.0,2.0,2.0,5.0,0.0,37.70130666666667,0.5721408856753456,1.51088765770063,-88.93156333333333,4.050579722003107,4.2529305489938345,17,64
2017,20170429,0.0,0.0,2510302.7012,512688.4541000001,2274560.3046999997,5297551.46,542313604.1800067,101039140.828975,528966055.9728862,1172318800.9818678,137.0,158.0,22.0,4.0,10.0,30.0,30.0,35.53334025974026,-1.595825521251065,2.7351648832747903,-92.28001201298702,0.7021310423494214,4.665446932637418,16,63
2017,20170430,0.0,0.0,181906.2673,558721.0415,4741191.227100001,5481818.5359000005,36537688.601064,133479578.80484696,1038667201.0534476,1208684468.4593585,8.0,258.0,54.0,4.0,5.0,30.0,30.0,34.72460718954248,-2.40455859144884,2.480385955559798,-87.97248954248366,5.009653512852779,3.3102387653899332,15,62
2017,20170501,0.0,0.0,55803.4574,537089.3332,10946040.4413,11538933.2319,10209068.621630823,102431922.67157754,1858164345.3849387,1970805336.678147,2.0,331.0,17.0,4.0,10.0,15.0,15.0,40.87520181818182,3.7460360371904997,2.4564325497035076,-78.21232636363636,14.769816691700072,2.385250216195819,14,61
2017,20170502,0.0,0.0,115090.6631,34727.559,9522.1497,159340.3718,30773906.755208433,5394977.668028381,2685802.872683305,38854687.29592012,25.0,9.0,1.0,4.0,5.0,30.0,15.0,35.9849,-1.1442657809913186,1.8133721164882683,-99.33413793103449,-6.351994875698054,3.969971677877902,13,60
2017,20170503,0.0,0.0,2473615.3752,36884.1955,742242.2392000001,3252741.8099,457124395.1021713,7241352.829724084,154137235.21283346,618502983.1447289,103.0,62.0,2.0,2.0,2.0,5.0,5.0,31.751580379746837,-5.377585401244485,1.787170118095607,-94.64601265822785,-1.6638696028914097,2.4244740160472875,12,59
2017,20170504,0.0,0.0,172915.0941,309972.2702,653459.8790999998,1136347.2433999998,42925356.21095591,58920179.33465976,127629939.02968296,229475474.5752986,21.0,52.0,14.0,4.0,10.0,30.0,30.0,36.3587231884058,-0.7704425925855247,5.864365708496004,-96.0126884057971,-3.0305453504606703,19.233267397491073,11,58
2017,20170505,0.0,0.0,173463.0313,499738.393,4819988.0037,5493189.428,35471036.236018844,85540426.03730749,872510525.1787667,993521987.4520932,14.0,221.0,17.0,3.0,2.0,5.0,15.0,36.93734285714286,-0.19182292384846278,1.804891143450051,-80.88916228571429,12.092980769622145,9.024519721398073,10,57
2017,20170506,0.0,0.0,60243.3573,0.0,163464.7333,223708.0906,12541351.731810885,0.0,33620245.70392458,46161597.435735464,10.0,35.0,0.0,3.0,5.0,15.0,5.0,43.33321707317074,6.204051292179415,3.9597180891385713,-110.96991707317073,-17.987774017834298,2.656632024378082,9,56
2017,20170507,0.0,0.0,26218.0764,68884.94380000001,149659.26330000005,244762.28350000005,5450034.297697133,9049862.282584067,27503968.12509301,42003864.70537421,6.0,12.0,1.0,2.0,0.0,5.0,5.0,40.99262631578947,3.8634605347981505,3.700948151614081,-106.13517894736842,-13.15303589203198,3.4671234733611884,8,55
2017,20170508,1.0,4321.5,923855.8374,9529.4782,7525.413299999999,940910.7289,175195673.27546656,1889719.8580728187,1259764.499857268,178345157.63339666,70.0,2.0,2.0,2.0,0.0,5.0,5.0,38.620981081081084,1.4918153000897618,2.4728251495374916,-104.03118648648648,-11.04904343115004,3.356097947136494,7,54
2017,20170509,1.0,4321.5,266813.9766,35147.191100000004,104725.7046,406686.8723,59724509.393050864,7658623.183515507,22257997.502632387,89641130.07919875,68.0,19.0,9.0,3.0,2.0,15.0,15.0,35.520536842105265,-1.6086289388860564,2.060481807632782,-103.22845578947367,-10.246312734137234,4.474848503241287,6,53
2017,20170510,1.0,4321.5,782098.1623,121417.77379999998,1253712.2492,2157228.1853,177090441.50880313,28658669.023367222,296857792.791074,502606903.32324433,99.0,68.0,15.0,3.0,5.0,15.0,15.0,37.11366318681319,-0.01550259417813038,2.6740729203883733,-95.51383846153846,-2.5316954062020187,6.6024053085273575,5,52
2017,20170511,1.0,4321.5,1673555.6157999998,239014.3926,1693954.1830000002,3606524.1914,388392307.3398916,50431539.53477929,342191988.21856177,781015835.0932326,117.0,77.0,14.0,4.0,10.0,15.0,30.0,35.3099497584541,-1.8192160225372191,2.774180497289459,-92.27616859903382,0.7059744563026129,6.818461637507724,4,51
2017,20170512,0.0,0.0,166377.1126,91703.98249999998,383568.0862,641649.1812999999,33873145.38086465,19434467.162078112,81436718.60627836,134744331.14922112,9.0,40.0,6.0,3.0,2.0,15.0,15.0,34.296507999999996,-2.832657780991326,6.559323334029425,-91.108022,1.8741210553364311,9.064576699940156,3,50
2017,20170513,0.0,0.0,48012.3184,0.0,82732.8765,130745.1949,9581712.345845498,0.0,16055236.489407225,25636948.83525272,4.0,6.0,0.0,3.0,2.0,15.0,5.0,33.497550000000004,-3.631615780991318,3.65299025495248,-83.45115000000001,9.530993055336424,7.092127709455196,2,49
2017,20170514,0.0,0.0,452269.7944,0.0,737656.2664,1189926.0608,60806124.2307827,0.0,92441661.4042692,153247785.6350519,17.0,15.0,0.0,2.0,0.0,5.0,5.0,39.2878,2.1586342190086754,3.1087778155493235,-90.084275,2.8978680553364313,13.120230266714566,1,48
2017,20170515,1.0,1214.1,1655901.3040999998,12299.3403,1083269.2,2751469.8444,460181711.87229335,3823152.929552365,294608418.4783216,758613283.2801673,181.0,90.0,1.0,2.0,0.0,5.0,5.0,41.2262507518797,4.097084970888375,3.018688528224362,-96.32743157894737,-3.3452885236109324,5.093365473246113,0,47
2017,20170516,1.0,1214.1,1231781.6338,133794.28470000002,1100807.5110000002,2466383.4295,347100092.44356537,38110199.2068831,330642554.47489935,715852846.1253479,188.0,152.0,25.0,4.0,2.0,30.0,15.0,40.000960755813956,2.8717949748226346,3.776645747946404,-97.1154171511628,-4.133274095826366,3.674902162029908,1,46
2017,20170517,1.0,1214.1,1533802.9401,349110.4676,5389344.407499999,7272257.815199999,393652918.0429875,88141996.24094102,1402100863.378296,1883895777.6622248,89.0,346.0,19.0,4.0,10.0,30.0,30.0,42.43589586374696,5.306730082755635,1.4477845776817388,-91.64682846715328,1.3353145881831523,2.3670567695217684,2,45
2017,20170518,1.0,1214.1,3960418.6356,548429.6375000001,6987907.9887,11496756.2618,757916649.5808705,133496110.29771245,1256272939.622708,2147685699.5012913,245.0,282.0,55.0,4.0,10.0,15.0,30.0,38.77823444055944,1.6490686595681154,3.4238121801778174,-89.38045122377622,3.601691831560217,10.827992224289003,3,44
2017,20170519,0.0,0.0,2402051.1107,562570.1322,4009487.791,6974109.0339,504161510.35063267,131116146.41488215,813200499.5263432,1448478156.2918582,140.0,168.0,45.0,6.0,30.0,30.0,45.0,36.35772336182336,-0.7714424191679612,2.4319860706652463,-91.02921595441595,1.9529271009204905,7.566799332171078,4,43
2017,20170520,0.0,0.0,830430.8131000001,180039.6685,3229817.7815999994,4240288.2632,167731784.09024072,39540098.51971035,696448303.4459139,903720186.055865,42.0,142.0,5.0,4.0,5.0,30.0,30.0,35.11697936507937,-2.0121864159119554,2.8102690451286123,-86.51831957671958,6.46382347861686,4.6059132232829345,5,42
2017,20170521,0.0,0.0,548614.0554000001,38601.7484,469521.0314000001,1056736.8352,70090988.64769068,6611605.265487765,63672094.95631885,140374688.8694973,25.0,33.0,2.0,3.0,2.0,15.0,15.0,30.903968333333335,-6.225197447657987,3.4572576289176125,-95.59208166666667,-2.609938611330236,4.624939193644869,6,41
2017,20170522,0.0,0.0,397701.8596,61161.411,499428.4309,958291.7015,85368585.87386975,10046222.6103982,95143117.3961624,190557925.8804303,50.0,32.0,2.0,3.0,2.0,15.0,15.0,34.06750843373494,-3.0616573472563786,2.5393579623167883,-96.58827710843374,-3.606134053097307,8.688748210358394,7,40
2017,20170523,0.0,0.0,673973.1977,257383.34620000003,1230971.2883,2162327.8322,115261846.6419481,52015852.75867973,223954079.4339279,391231778.83455575,27.0,55.0,13.0,3.0,2.0,15.0,15.0,31.541424468085108,-5.587741312906214,2.861606643267508,-91.85220531914894,1.1299377361875003,6.765543209089518,8,39
2017,20170524,0.0,0.0,200580.6555,961994.9223,2540362.5135,3702938.0913,43027353.25317502,200776732.29594517,496508007.0700581,740312092.6191783,8.0,115.0,30.0,3.0,5.0,15.0,15.0,35.05950074626866,-2.069665034722661,3.4492679780331867,-84.16709850746268,8.815044547873754,7.695095029239101,9,38
2017,20170525,0.0,0.0,627209.8609,11553.129400000002,905559.9818,1544322.9721,105424599.9821231,2500410.4430485084,157765661.35897112,265690671.78414273,33.0,53.0,2.0,4.0,10.0,30.0,15.0,38.26056785714286,1.131402076151538,1.7394837612640643,-91.96882738095238,1.0133156743840601,11.414234890510507,10,37
2017,20170526,0.0,0.0,1235224.9615,58630.126800000005,981131.0473,2274986.1356,269644356.4830715,12617886.670309886,211296668.34403652,493558911.4974179,85.0,37.0,7.0,3.0,2.0,15.0,15.0,39.8749609375,2.7457951565086773,1.4755059567961222,-95.78737109375,-2.80522803841356,7.172675767797206,11,36
2017,20170527,0.0,0.0,5363560.1322,238370.4628,6059727.3325,11661657.927499998,1204260758.5837758,54565031.50170937,1390105517.1846812,2648931307.2701664,354.0,361.0,16.0,3.0,2.0,15.0,15.0,36.72688095890411,-0.4022848220872106,1.3304099929477173,-91.08642301369862,1.8957200416378157,5.955941856641072,12,35
2017,20170528,0.0,0.0,1713479.0032,79901.4096,4229697.9873,6023078.4001,334021967.53569037,17151893.874224182,899090038.9021581,1250263900.3120728,68.0,221.0,6.0,5.0,10.0,45.0,45.0,35.38806040955631,-1.7411053714350118,4.59202820414616,-90.43499488054607,2.5471481747903653,6.170768616148964,13,34
2017,20170529,0.0,0.0,560856.8093000001,0.0,1463504.2430000002,2024361.0523000003,109697481.78272232,0.0,280531354.8168682,390228836.59959054,23.0,57.0,0.0,3.0,2.0,15.0,15.0,34.09428607594937,-3.034879705041952,3.2861785665441086,-84.31234810126583,8.66979495407061,6.985452614887323,14,33
2017,20170530,0.0,0.0,1442558.9415999998,68010.81869999999,1295198.0540999998,2805767.8143999996,273997648.9260094,11585550.543575771,224952686.7690301,510535886.2386153,64.0,45.0,3.0,3.0,0.0,15.0,15.0,36.56688571428571,-0.5622800667056111,5.000843675989679,-85.78005982142858,7.202083233907857,10.010622671613197,15,32
2017,20170531,0.0,0.0,4830681.695300001,103943.2957,3551237.6593,8485862.6503,750885930.7484026,14438911.09725181,608214911.4620608,1373539753.3077152,136.0,111.0,2.0,3.0,2.0,15.0,15.0,39.5687156626506,2.439549881659275,3.9071665804383118,-81.82596024096387,11.15618281437257,10.71110635414587,16,31
2017,20170601,0.0,0.0,191596.7648,0.0,226145.9514,417742.7162,38751296.598279744,0.0,49798911.27180036,88550207.87008011,15.0,24.0,0.0,3.0,2.0,15.0,15.0,38.983466666666665,1.8543008856753431,6.913308052830665,-94.89752307692308,-1.9153800215866426,13.33503158531301,17,30
2017,20170602,0.0,0.0,198154.9587,0.0,64364.3495,262519.30819999997,44916574.7920777,0.0,18466671.41007712,63383246.202154815,27.0,18.0,0.0,2.0,0.0,5.0,5.0,45.99462666666667,8.865460885675347,4.439075227270162,-98.26099333333333,-5.278850277996895,1.94181233907446,18,29
2017,20170603,0.0,0.0,77891.20950000001,0.0,170455.4948,248346.70430000004,19528029.7313991,0.0,42099496.74995475,61627526.48135385,6.0,15.0,0.0,2.0,0.0,5.0,5.0,41.11814285714286,3.988977076151535,5.46254912111291,-89.21191904761905,3.7702240077173883,6.953315932173589,19,28
2017,20170604,0.0,0.0,370921.9116,0.0,1348747.834,1719669.7456,70200261.00354663,0.0,280781894.97724116,350982155.98078775,16.0,59.0,0.0,3.0,2.0,15.0,15.0,36.763458666666665,-0.36570711432465686,6.015960597940379,-92.71280266666666,0.26934038866977517,12.285921536688589,20,27
2017,20170605,0.0,0.0,783650.6991,67937.8334,1145803.5279,1997392.0604,171917792.80329388,11202060.666203955,234035684.08800423,417155537.5575021,36.0,41.0,3.0,3.0,0.0,15.0,15.0,38.288315,1.1591492190086754,5.365617918550799,-88.94484250000001,4.037300555336429,9.69033724213312,21,26
2017,20170606,0.0,0.0,64590.590200000006,25168.7033,52423.509900000005,142182.8034,14667188.54946848,4430598.763283892,11039572.09031836,30137359.403070733,17.0,13.0,1.0,3.0,2.0,15.0,15.0,36.556192,-0.5729737809913189,3.5498660782157194,-100.852356,-7.870212944663564,6.668308627198251,22,25
2017,20170607,0.0,0.0,126629.4346,35826.2921,184448.3234,346904.0501,29246412.87614359,9642130.529300148,32873041.949013967,71761585.3544577,32.0,15.0,10.0,2.0,2.0,5.0,5.0,40.748314035087716,3.6191482540963946,6.407564842976024,-100.15724736842105,-7.175104313084617,6.544718971351345,23,24
2017,20170608,0.0,0.0,51784.8057,0.0,97631.1588,149415.9645,14096039.602694342,0.0,25981160.708757535,40077200.311451875,21.0,44.0,0.0,2.0,2.0,5.0,5.0,40.97003384615385,3.8408680651625247,6.703217522374909,-106.62018153846155,-13.638038483125115,5.397930932423679,24,23
2017,20170609,1.0,3031.5,216262.62500000003,74949.9067,216229.0935,507441.6252,55675517.7143738,15009893.433514088,40735811.25098809,111421222.39887598,51.0,32.0,10.0,3.0,0.0,15.0,15.0,45.9931688172043,8.864003036212978,4.923333349425018,-98.01856236559141,-5.036419310254971,4.338198050982291,25,22
2017,20170610,1.0,3031.5,75221.7093,3815.6999,44844.855,123882.2642,24692313.166907582,1411577.940298705,15037521.072805513,41141412.1800118,21.0,20.0,1.0,3.0,5.0,15.0,15.0,47.11114285714285,9.98197707615153,0.843102417509967,-96.71783333333333,-3.735690277996895,4.561757908465453,26,21
2017,20170611,1.0,3031.5,1228580.0477999998,13535.601100000002,1997278.428,3239394.0769,332046936.2302952,3842655.744114064,574220144.0006359,910109735.9750452,95.0,192.0,1.0,2.0,2.0,5.0,5.0,44.830802166064984,7.701636385073662,1.4863462665629883,-93.96799927797834,-0.9858562226418996,6.303810785106087,27,20
2017,20170612,1.0,1946.7,858916.6797,117805.2334,1244534.2065,2221256.1196,198637051.67073444,26449511.914721195,318825967.781297,543912531.3667526,119.0,106.0,24.0,4.0,5.0,45.0,15.0,41.85168614718614,4.722520366194821,3.5012967834886686,-98.54521645021644,-5.563073394880007,8.649897707637813,28,19
2017,20170613,1.0,1946.7,2992419.0590999997,52455.553199999995,6217126.8509,9262001.4632,689451196.5129101,20202720.228127345,1320630122.2806246,2030284039.0216625,254.0,335.0,13.0,5.0,15.0,30.0,45.0,41.78365844827586,4.654492667284536,3.473491253861726,-92.4473853448276,0.5347577105088419,8.61045246536339,29,18
2017,20170614,1.0,1946.7,1253183.411,228102.3601,4678120.3092,6159406.0803,292241913.21282494,60736998.94695691,1052055214.2138036,1405034126.3735857,84.0,185.0,13.0,4.0,10.0,30.0,30.0,39.74824290780141,2.6190771268100903,4.298918071936236,-91.06928191489361,1.9128611404428284,5.714732423023289,30,17
2017,20170615,1.0,1946.7,2072564.5551,0.0,6267800.9115,8340365.4666,573190956.127213,0.0,1336616519.5503595,1909807475.6775725,238.0,346.0,0.0,3.0,2.0,15.0,15.0,37.76238030821918,0.6332145272278566,3.340012822045716,-92.44611335616439,0.5360296991720475,6.408369908401738,31,16
2017,20170616,1.0,1946.7,1024122.3743,123572.63,2982419.5853999997,4130114.5897,291823074.7859134,33853614.98550594,731984469.6758939,1057661159.4473132,96.0,241.0,14.0,4.0,2.0,30.0,30.0,39.42212165242165,2.2929558714303298,3.9593807256818914,-93.31175498575499,-0.32961193041855097,4.188347317174416,32,15
2017,20170617,0.0,0.0,792938.3541,13692.5394,2607131.8715,3413762.7649999997,207529377.35996768,3253360.29508381,601809923.1335965,812592660.788648,90.0,155.0,1.0,4.0,2.0,30.0,15.0,38.53293008130081,1.40376430030949,2.4042587417020247,-93.81701910569106,-0.8348760503546231,3.9930032343425745,33,14
2017,20170618,0.0,0.0,56885.03890000001,7505.7616,3992812.1481,4057202.9486,11480590.8384251,1939142.2221098167,727267412.3181394,740687145.3786744,4.0,143.0,3.0,4.0,2.0,30.0,30.0,39.761571333333336,2.6324055523420142,3.3900691481402996,-82.77342133333333,10.208721722003105,6.3350949681422115,34,13
2017,20170619,0.0,0.0,810279.5195,310146.3905,14901155.461200004,16021581.371200005,156439017.8323813,49657856.76308282,2245218056.0645976,2451314930.660062,28.0,248.0,6.0,3.0,2.0,15.0,5.0,39.99594892857143,2.866783147580108,2.465921007057087,-78.90330321428571,14.078839841050723,7.999034165153584,35,12
2017,20170620,0.0,0.0,104964.1397,4720.137600000001,384714.7946,494399.0719,36283020.93619624,949132.3816113812,78506855.46383868,115739008.78164633,64.0,43.0,1.0,4.0,2.0,30.0,5.0,38.768139814814816,1.6389740338234944,2.407533749724709,-101.95519907407407,-8.973056018737637,6.336074448749209,36,11
2017,20170621,0.0,0.0,265303.98510000005,68882.3211,3517233.6555000003,3851419.9617,57377735.16197223,16236729.074636271,482168674.6848381,555783138.9214466,26.0,76.0,8.0,3.0,5.0,15.0,15.0,39.457772477064225,2.328606696072903,4.216043584264832,-91.05983027522936,1.9223127801070774,11.89857834002858,37,10
2017,20170622,0.0,0.0,169437.8834,49999.752,1092833.2563,1312270.8917,58048038.41173838,11021567.608659824,236633048.65799585,305702654.678394,28.0,57.0,3.0,3.0,5.0,15.0,15.0,40.10111,2.9719442190086767,4.439940905970069,-92.47286,0.5092830553364394,7.000232491231355,38,9
2017,20170623,0.0,0.0,59913.635299999994,149307.2691,5630822.4039,5840043.308300001,12984817.997102289,32971858.171622403,1109983151.5261805,1155939827.6949053,9.0,244.0,6.0,3.0,5.0,15.0,15.0,36.09995,-1.029215780991322,3.3540890847709672,-87.89396627906977,5.088176776266664,8.901067256700951,39,8
2017,20170624,0.0,0.0,84146.8728,223473.39670000004,2062159.8122000005,2369780.0817000004,11300596.777312018,26889600.70478672,287635168.47110385,325825365.9532026,11.0,34.0,2.0,3.0,5.0,15.0,5.0,37.14310444444444,0.013938663453117783,3.261484645759544,-85.59966,7.3824830553364365,13.095820349801407,40,7
2017,20170625,0.0,0.0,184617.1534,4037.6388,243164.8748,431819.667,31559812.79092725,1178755.8746658615,45226368.41771795,77964937.08331107,33.0,26.0,3.0,2.0,0.0,5.0,5.0,36.5818,-0.5473657809913206,3.141425917125356,-97.46082903225806,-4.478685976921625,11.494294574998863,41,6
2017,20170626,0.0,0.0,253806.6938,5374.659900000001,260105.63609999997,519286.9898,51564172.90774047,1515010.6421939956,64943528.45671073,118022712.0066452,43.0,42.0,1.0,4.0,2.0,30.0,15.0,39.34357558139535,2.2144098004040274,4.176327452705336,-103.42380581395349,-10.441662758617056,9.188177002576282,42,5
2017,20170627,1.0,1838.3,2936661.494299999,0.0,1424548.3838,4361209.878099999,445739327.53177327,0.0,262226109.1416031,707965436.6733763,79.0,143.0,0.0,2.0,0.0,5.0,5.0,42.46198648648649,5.332820705495166,1.8001089655799596,-91.39141036036037,1.5907326949760687,14.254835860395431,43,4
2017,20170628,1.0,1838.3,600817.2080999999,543370.0271000001,1592119.8873,2736307.1225,168532146.6800167,136766845.26821828,375140173.5573484,680439165.5055834,65.0,75.0,31.0,4.0,2.0,30.0,15.0,41.82684518072289,4.69767939973157,1.8107309191379262,-93.86705,-0.8849069446635696,4.889615899567483,44,3
2017,20170629,1.0,1838.3,1171450.5697,4429.394899999999,858066.4444,2033946.409,325049791.61825806,1658604.854181944,211703133.6746355,538411530.1470755,160.0,64.0,1.0,4.0,5.0,30.0,30.0,40.62511793721973,3.4959521562284053,2.0898817842210944,-96.73932735426008,-3.7571842989236472,4.771026496705554,45,2
2017,20170630,0.0,0.0,506393.5084,127335.5113,3952093.3457,4585822.3654,110944688.58690748,23510929.42538474,638736246.1279125,773191864.1402048,50.0,123.0,4.0,3.0,2.0,15.0,15.0,37.163618644067796,0.034452863076474216,4.324118870246908,-89.34406271186441,3.6380803434720264,12.021450030687081,46,1
2017,20170701,0.0,0.0,351635.9074,95411.8242,4830519.2671,5277566.998699999,64118921.565969266,15997361.518187173,789837804.6874921,869954087.7716485,19.0,126.0,5.0,3.0,0.0,15.0,15.0,38.10645533333333,0.9772895523420075,4.104966111126236,-82.73905266666667,10.24309038866977,10.393803584381294,47,0
2017,20170702,0.0,0.0,279313.02499999997,0.0,761560.4837000001,1040873.5087,72768855.74208295,0.0,171500044.13448277,244268899.87656572,48.0,76.0,0.0,3.0,2.0,15.0,5.0,39.043747967479675,1.914582186488353,3.1061242473631543,-98.49121544715447,-5.509072391818037,5.017228042390497,48,1
2017,20170703,0.0,0.0,293852.3414,25955.9148,1218533.0298,1538341.2859999998,77700373.55987991,6332109.298622075,277682949.38789016,361715432.24639213,36.0,89.0,3.0,3.0,0.0,15.0,15.0,36.669646093749996,-0.4595196872413254,2.967273205388689,-95.81158515625,-2.8294421009135675,6.447779985745562,49,2
2017,20170704,0.0,0.0,449681.7193,0.0,1174656.7012,1624338.4205,118710737.95301796,0.0,219090551.6295629,337801289.58258086,64.0,67.0,0.0,3.0,0.0,15.0,15.0,39.89218854961832,2.763022768626996,6.33910123529585,-95.20083816793893,-2.2186951126024894,7.922354721521183,50,3
2017,20170705,0.0,0.0,150807.74369999996,84117.0218,2089155.47,2324080.2355,47971107.079441816,15709781.197110478,438089755.7695607,501770644.046113,40.0,117.0,3.0,2.0,0.0,5.0,5.0,40.165355,3.0361892190086763,5.778781436332896,-92.757221875,0.2249211803364375,8.766971078400926,51,4
2017,20170706,0.0,0.0,882096.2469,6643.287000000001,4288843.5523,5177583.0862,242181876.68647024,1324838.0392281434,877320931.6537901,1120827646.3794885,63.0,201.0,2.0,3.0,2.0,15.0,15.0,39.707805263157894,2.5786394821665723,5.458790029063786,-88.51193571428573,4.47020734105071,7.614508458391022,52,5
2017,20170707,0.0,0.0,3073900.2463999996,90165.8799,6534233.0951000005,9698299.2214,677047301.059495,14480770.44361582,1421804781.1859336,2113332852.6890445,104.0,222.0,3.0,4.0,2.0,30.0,30.0,39.31166139817629,2.182495617184969,3.135589694315377,-86.55979726443769,6.422345790898746,6.680838590173377,53,6
2017,20170708,0.0,0.0,464424.9237,4219.078699999999,3744901.5192,4213545.521600001,86363571.32893859,745189.7801225642,654271380.2193878,741380141.3284489,19.0,148.0,1.0,4.0,2.0,30.0,30.0,36.99389096385542,-0.13527481713590106,4.578781338725102,-83.30904457831325,9.673098477023188,10.787245426175598,54,7
2017,20170709,0.0,0.0,903218.3812,29755.131199999996,533017.2108,1465990.7232,244412207.21969783,8574854.350957122,113559498.84925908,366546560.419914,59.0,33.0,2.0,3.0,0.0,15.0,5.0,42.145504255319146,5.016338474327824,4.9913403564318335,-95.04840212765959,-2.066259072323149,4.049944989935151,55,8
2017,20170710,0.0,0.0,1055604.8494999998,264595.4721,2277662.2336,3597862.5552,241053712.91354328,59938429.44729349,519354248.356687,820346390.7175238,54.0,121.0,9.0,3.0,2.0,15.0,15.0,40.860235869565216,3.731070088573894,4.101619657257936,-91.31919836956521,1.6629446857712225,10.457301447212187,56,9
2017,20170711,0.0,0.0,620837.0849,74210.2737,2822697.097,3517744.4556,179280259.75289598,19342458.358486835,622826773.6079388,821449491.7193216,90.0,119.0,15.0,3.0,2.0,15.0,15.0,43.436994642857144,6.307828861865822,3.6904584195987553,-92.89124151785714,0.09090153747929719,6.77035958263841,57,10
2017,20170712,0.0,0.0,884200.0595999999,132509.3335,1852466.3473,2869175.7404,163316405.82114175,35173453.49699714,351450943.65807545,549940802.9762144,25.0,67.0,7.0,4.0,5.0,30.0,30.0,42.725263636363636,5.596097855372314,2.456404327860031,-86.73090404040404,6.251239014932395,10.759038944002151,58,11
2017,20170713,0.0,0.0,209339.7064,0.0,3054269.1239,3263608.8303,36504757.98268598,0.0,478777602.3978584,515282360.3805443,6.0,86.0,0.0,3.0,5.0,15.0,15.0,35.35328152173913,-1.7758842592521944,4.725276603891157,-83.87167391304348,9.110469142292956,8.955031331841175,59,12
2017,20170714,0.0,0.0,408664.0206000001,19530.6786,3401233.7259000004,3829428.4251000006,59100122.07719057,3225447.8168898304,534716131.89044505,597041701.7845254,10.0,83.0,1.0,3.0,2.0,15.0,5.0,38.18758085106383,1.0584150700725061,4.312396925251629,-83.7970159574468,9.185127097889634,10.96068929303991,60,13
2017,20170715,0.0,0.0,697007.5433,75699.00250000002,2158931.6904999996,2931638.2362999995,147928581.67852792,13427132.62510248,434313917.3822093,595669631.6858397,24.0,97.0,3.0,3.0,2.0,15.0,5.0,36.58644435483871,-0.5427214261526103,4.97384126613421,-90.54803064516129,2.434112410175146,11.201046657570418,61,14
2017,20170716,0.0,0.0,1322686.9704999998,0.0,838681.6854000001,2161368.6558999997,300297819.7200185,0.0,169408624.5031938,469706444.2232123,40.0,47.0,0.0,3.0,2.0,15.0,15.0,38.80686896551724,1.6777031845259174,4.928544512925303,-92.30117241379311,0.6809706415433254,12.260106932210263,62,15
2017,20170717,0.0,0.0,1673275.9035,25181.3841,2685697.9884999995,4384155.276099999,292258506.0475152,7984766.852525114,483075431.05104214,783318703.9510825,67.0,113.0,3.0,2.0,0.0,5.0,5.0,41.29053551912568,4.161369738134361,4.7830397865327905,-87.37620054644809,5.605942508888347,11.754247820123066,63,16
2017,20170718,0.0,0.0,609403.7311,0.0,954913.3303,1564317.0614,125955180.66352744,0.0,196102529.0936187,322057709.7571461,42.0,58.0,0.0,3.0,2.0,15.0,15.0,40.145527,3.0163612190086795,4.704888060559459,-91.55603300000001,1.426110055336423,11.441517049798035,64,17
2017,20170719,0.0,0.0,225070.1433,107548.8155,3185134.6213999996,3517753.5801999997,51090345.69870116,31006967.17313331,792271150.3356909,874368463.2075254,31.0,191.0,10.0,3.0,2.0,15.0,5.0,41.606370222222225,4.477204441230903,4.312371561788458,-92.37359733333334,0.6085457220031003,7.003260726350465,65,18
2017,20170720,0.0,0.0,270370.0772,145151.06010000003,5034553.2533,5450074.3906,57669790.03728224,15996080.114382708,798266566.8441252,871932436.9957901,26.0,152.0,4.0,4.0,5.0,30.0,30.0,40.45879285714285,3.3296270761515316,5.41499511037806,-86.5305978021978,6.451545253138633,11.705872048582506,66,19
2017,20170721,0.0,0.0,667357.3906,45597.41930000001,2402041.4348,3114996.2446999997,158654267.4404006,12815040.351236496,537836400.0214365,709305707.8130735,75.0,141.0,6.0,3.0,2.0,15.0,15.0,43.66397387387388,6.534808092882557,4.68424511828567,-92.59729909909909,0.38484395623734713,7.873787061857485,67,20
2017,20170722,0.0,0.0,270019.3661,105426.6967,8137407.7673,8512853.8301,67730610.82455292,17791264.462271336,1416142947.9505155,1501664823.23734,24.0,222.0,2.0,4.0,2.0,30.0,30.0,39.052265322580645,1.9230995415893233,2.442210279073786,-85.04115766129033,7.940985394046109,8.877367942220289,68,21
2017,20170723,0.0,0.0,899963.7949,38765.7772,5143639.4419,6082369.014,184605263.88209757,8312394.0764314495,1033853322.8906136,1226770980.8491426,26.0,170.0,1.0,3.0,2.0,15.0,15.0,37.64896836734694,0.5198025863556168,3.097689149924241,-85.62877040816328,7.35337264717316,6.06611421093812,69,22
2017,20170724,0.0,0.0,45498.56479999999,128727.0585,4198310.1212,4372535.7445,9118885.995321143,19708871.39766305,622356622.6969473,651184380.0899315,8.0,74.0,2.0,3.0,0.0,15.0,5.0,39.60091785714286,2.471752076151539,3.978947458969964,-84.6955119047619,8.286631150574536,13.446338354876861,70,23
2017,20170725,0.0,0.0,125608.9486,1800.991,479724.7862000001,607134.7258000001,39487554.257168755,888411.1330858243,99091989.47091004,139467954.8611646,17.0,33.0,1.0,2.0,0.0,5.0,5.0,39.872298039215686,2.743132258224364,5.327152715193746,-93.97978823529411,-0.9976451799576722,9.10693915312158,71,24
2017,20170726,0.0,0.0,11255.6325,20970.927,898087.7147,930314.2742,2269613.2385631856,5187390.69276016,179613496.43436915,187070500.3656925,2.0,53.0,1.0,4.0,5.0,15.0,30.0,35.24505357142857,-1.8841122095627512,3.5662400440272344,-91.53565,1.4464930553364326,9.16070689346624,72,25
2017,20170727,0.0,0.0,36040.3325,16586.4282,240233.0351,292859.79579999996,5842797.445287038,3012100.6514012143,52931415.22773315,61786313.324421406,9.0,29.0,1.0,3.0,2.0,15.0,5.0,38.73938717948718,1.6102213984958595,4.820514988276641,-99.77553076923077,-6.793387713894333,7.517712368874825,73,26
2017,20170728,0.0,0.0,37842.992900000005,0.0,605581.3067000001,643424.2996,6732131.190492089,0.0,121382984.67065634,128115115.86114845,2.0,24.0,0.0,2.0,0.0,5.0,5.0,36.018107692307694,-1.1110580886836274,2.8672497820626774,-89.05344615384615,3.9286969014902837,11.425183557885822,74,27
2017,20170729,0.0,0.0,3438.5085,9805.299599999998,225832.7314,239076.5395,1112938.1589153777,1555158.5882757015,42267876.47761192,44935973.224803,3.0,18.0,2.0,2.0,2.0,5.0,5.0,38.10401304347826,0.9748472624869393,6.892257493495168,-104.37465652173913,-11.39251346640269,8.710798467827997,75,28
2017,20170730,0.0,0.0,13752.8533,0.0,137738.4367,151491.28999999998,2978939.460804313,0.0,26316240.92115394,29295180.381958257,4.0,13.0,0.0,2.0,0.0,5.0,0.0,36.98032352941176,-0.1488422515795591,6.313462357487514,-98.71797647058824,-5.735833415251804,7.254108912155361,76,29
2017,20170731,0.0,0.0,74515.562,29365.2956,193247.5286,297128.3862,22512203.489412636,5367381.210237057,31227139.949852675,59106724.64950237,27.0,13.0,1.0,2.0,0.0,5.0,0.0,44.63328780487805,7.50412202388673,6.081767797737559,-96.08287073170732,-3.10072767637088,8.046906918352043,77,30
2017,20170801,0.0,0.0,313193.436,0.0,730335.2090999999,1043528.6450999998,78915132.99991696,0.0,115748716.55289736,194663849.5528143,26.0,26.0,0.0,2.0,2.0,5.0,5.0,41.81867058823529,4.689504807243971,3.9772519397842587,-98.5784137254902,-5.596270670153757,11.556551532858228,78,31
2017,20170802,0.0,0.0,1897537.5044,14430.9687,4667174.148899999,6579142.6219999995,295759382.2388859,3628775.6105360463,688443986.0030404,987832143.8524624,67.0,84.0,1.0,3.0,0.0,15.0,15.0,40.545155263157895,3.415989482166573,2.2927386456644183,-85.47588618421052,7.506256871125913,13.86088587819996,79,32
2017,20170803,0.0,0.0,994249.0899,42307.2252,3612326.1691999994,4648882.4843,191338860.8352711,10295751.862616953,586264435.8551375,787899048.5530255,24.0,88.0,5.0,3.0,2.0,15.0,15.0,38.85045431034482,1.721288529353501,3.9847186641488315,-90.58388793103448,2.3982551243019543,14.5659566984065,80,33
2017,20170804,0.0,0.0,266276.2059,93836.9694,7890500.5,8250613.6753,53800432.50431512,16744268.061050842,1307615101.9602523,1378159802.5256183,13.0,212.0,3.0,3.0,5.0,15.0,15.0,41.165972807017546,4.036807026026224,2.5755980786056663,-79.22532456140351,13.756818493932926,6.351399389181241,81,34
2017,20170805,0.0,0.0,148600.6014,7046.0663,383270.0723,538916.74,36027253.213953726,950617.9823662522,79752262.74095204,116730133.937272,22.0,34.0,2.0,3.0,2.0,15.0,5.0,38.39418620689655,1.2650204259052273,3.5139789529693664,-96.86086034482759,-3.8787172894911492,8.301331494192368,82,35
2017,20170806,0.0,0.0,29226.655199999997,79894.0557,683480.517,792601.2278999999,7821721.479946019,20652923.16530391,139450396.50852805,167925041.153778,7.0,40.0,6.0,3.0,2.0,15.0,15.0,36.38781132075472,-0.7413544602366002,3.830536094668953,-97.9797641509434,-4.997621095606959,8.28391336381949,83,36
2017,20170807,0.0,0.0,11986.5002,77910.63199999998,259329.89090000003,349227.0231,3919132.699722391,12228822.347568052,46556753.459200725,62704708.50649117,3.0,13.0,3.0,2.0,0.0,5.0,5.0,37.63489473684211,0.5057289558507847,4.594009049533207,-87.40687894736843,5.57526410796801,12.320259019985423,84,37
2017,20170808,0.0,0.0,69281.4861,0.0,12827.952,82109.4381,13990579.645113062,0.0,3013756.849109198,17004336.49422226,10.0,4.0,0.0,3.0,2.0,15.0,5.0,41.15351428571428,4.024348504722958,3.9857736990175736,-106.96449285714286,-13.982349801806421,9.366708993555049,85,38
2017,20170809,0.0,0.0,101332.7344,2231.9263,203076.0824,306640.74309999996,30830852.426338255,519560.28047318535,39879159.97635439,71229572.68316583,31.0,20.0,1.0,2.0,0.0,5.0,5.0,38.398392,1.2692262190086794,5.369622599091054,-99.109766,-6.127622944663557,9.578390358288765,86,39
2017,20170810,0.0,0.0,1072587.8613,0.0,709047.9548000001,1781635.8161,254081507.60747,0.0,167008417.95291302,421089925.560383,92.0,72.0,0.0,2.0,0.0,5.0,5.0,39.14039451219512,2.0112287312038006,2.651408669424798,-98.41210792682926,-5.429964871492828,6.537108133453534,87,40
2017,20170811,0.0,0.0,324621.3042,58056.356,1300563.1315,1683240.7917000002,68173052.85227503,8614314.036079848,215001431.60263023,291788798.4909851,13.0,44.0,2.0,3.0,2.0,15.0,15.0,38.015206779661014,0.8860409986696922,5.94463032950208,-87.82470847457627,5.157434580760167,12.67503738713507,88,41
2017,20170812,0.0,0.0,811274.8341999999,82408.73289999999,3571353.2914,4465036.8585,142883387.32528725,15252154.754379652,544125605.3994116,702261147.4790785,61.0,89.0,5.0,2.0,0.0,5.0,5.0,41.55322838709677,4.424062606105451,3.0523344733352977,-86.52355483870967,6.458588216626765,13.114939240726478,89,42
2017,20170813,0.0,0.0,193537.6193,2487.9283,131686.18099999998,327711.72860000003,54614495.96589168,704412.0791194902,28923979.490329504,84242887.53534067,57.0,36.0,1.0,3.0,2.0,15.0,15.0,39.34224086021505,2.213075079223728,4.027035830868023,-99.91560107526882,-6.933458019932388,8.384551148152003,90,43
2017,20170814,0.0,0.0,116421.814,0.0,68145.56450000001,184567.3785,33470459.40859627,0.0,16024473.355422264,49494932.764018536,54.0,17.0,0.0,3.0,2.0,15.0,15.0,41.24812794117647,4.1189621601851485,3.5349145141490994,-102.29371029411766,-9.311567238781222,3.651666596375754,91,44
2017,20170815,0.0,0.0,237614.8128,5171.838000000001,71544.99940000002,314331.65020000003,50898776.967254445,1130653.53702055,15305453.60320288,67334884.10747787,32.0,14.0,1.0,2.0,2.0,5.0,5.0,40.65597659574468,3.526810814753361,2.2927718490577407,-100.01873404255319,-7.036590987216755,6.854232335295272,92,45
2017,20170816,0.0,0.0,111632.5339,322089.38289999997,495050.0845,928772.0013,28839863.036277987,84157461.15549368,124547544.15609407,237544868.34786573,15.0,53.0,16.0,3.0,0.0,15.0,15.0,38.30250119047619,1.1733354094848707,4.375838674602063,-96.00485357142857,-3.0227105160921326,4.593869430627056,93,46
2017,20170817,0.0,0.0,18554.5868,79158.9378,545257.6532000002,642971.1778000002,5714941.329228109,16468548.050353002,109608281.99803944,131791771.37762056,11.0,28.0,3.0,4.0,5.0,30.0,30.0,38.0169,0.8877342190086779,3.4670062040648824,-93.1897380952381,-0.20759503990166195,9.805622154660897,94,47
2017,20170818,0.0,0.0,657484.2381,107035.7268,2814671.127,3579191.0919,163959195.68589017,26371792.445137896,426800069.5972641,617131057.7282922,52.0,60.0,8.0,3.0,5.0,15.0,15.0,40.27447666666667,3.14531088567535,3.7626901445849725,-88.2532575,4.728885555336433,9.00662210427344,95,48
2017,20170819,0.0,0.0,847144.1087,7934.270100000001,4680133.9543,5535212.3331,199054742.41975027,3376788.421015374,815623075.8130927,1018054606.6538584,40.0,105.0,5.0,3.0,2.0,15.0,15.0,40.01658,2.887414219008676,2.010256928051371,-82.86818666666666,10.113956388669777,7.8363542454012585,96,49
2017,20170820,0.0,0.0,53452.5521,0.0,123272.0902,176724.6423,12669471.854835795,0.0,26329448.203088164,38998920.05792396,5.0,8.0,0.0,3.0,0.0,15.0,15.0,37.20736923076923,0.07820344977790938,4.387525015766216,-94.26676153846155,-1.284618483125115,10.201371180347806,97,50
2017,20170821,0.0,0.0,457314.1021,27378.017699999997,1147410.3625,1632102.4823,103704743.10751882,8625426.341784596,205096621.61233947,317426791.0616429,34.0,44.0,3.0,2.0,0.0,5.0,5.0,40.96194444444444,3.8327786634531193,2.664036014583886,-91.63593950617283,1.3462035491636044,8.931349318673517,98,51
2017,20170822,0.0,0.0,308568.5486,81579.3503,11580756.2101,11970904.109,52971795.7494067,15612246.20948086,1837989402.804962,1906573444.7638495,10.0,271.0,3.0,3.0,2.0,15.0,15.0,41.21883767605634,4.089671895065017,2.320947477529776,-78.2364397887324,14.745703266604039,6.289083311131093,99,52
2017,20170823,0.0,0.0,37916.81080000001,0.0,417635.7091,455552.5199,7004147.136146276,0.0,77432356.45316252,84436503.5893088,2.0,16.0,0.0,4.0,5.0,30.0,5.0,35.619233333333334,-1.509932447657988,1.77275712115006,-80.44469444444445,12.537448610891985,7.955670556976564,100,53
2017,20170824,0.0,0.0,47780.1654,0.0,133656.0349,181436.2003,12108368.634445429,0.0,25932613.98570029,38040982.62014571,7.0,11.0,0.0,2.0,0.0,5.0,0.0,38.40083333333334,1.2716675523420164,6.889267415079096,-95.4267888888889,-2.444645833552457,12.03307075579575,101,54
2017,20170825,0.0,0.0,15429.4137,298097.97479999997,79011.4845,392538.873,6011712.187815863,49233576.953357786,18625275.63391279,73870564.77508643,11.0,12.0,10.0,2.0,0.0,5.0,5.0,36.988645454545455,-0.14052032644586632,7.026316949738446,-97.2293696969697,-4.247226641633262,6.346525190531661,102,55
2017,20170826,0.0,0.0,70543.0028,490235.3200999999,48319.4045,609097.7273999999,25061382.552077245,82926534.86806011,9191054.132773908,117178971.55291128,46.0,3.0,15.0,3.0,5.0,15.0,15.0,39.7132234375,2.5840576565086764,6.106670739880689,-99.9889671875,-7.006824132163558,4.453044967961151,103,56
2017,20170827,0.0,0.0,49688.329600000005,127655.5806,63278.0987,240622.0089,15129199.835385963,22365120.832016133,17438713.622201353,54933034.28960345,15.0,18.0,5.0,3.0,5.0,15.0,15.0,37.61056052631579,0.48139474532446513,3.990294699578063,-99.93627894736842,-6.954135892031985,4.3967286403463754,104,57
2017,20170828,0.0,0.0,91836.4599,17475.5854,4208.6141,113520.6594,18965266.515522733,3087121.203080851,912946.4530591792,22965334.171662763,3.0,1.0,1.0,3.0,5.0,5.0,5.0,36.212759999999996,-0.916405780991326,4.6319773410499305,-96.032,-3.04985694466356,9.692294362017696,105,58
2017,20170829,0.0,0.0,1748.3443000000002,33668.09700000001,53067.0812,88483.5225,792072.6432211758,7180042.996417925,13103070.56171758,21075186.20135668,2.0,6.0,3.0,3.0,5.0,5.0,0.0,39.4769,2.3477342190086787,6.882226230225216,-103.42809090909091,-10.445947853754475,11.672004121782564,106,59
2017,20170830,0.0,0.0,35971.067500000005,83203.1461,223714.7138,342888.9274,9986751.193708068,18212247.72542473,45180638.42568127,73379637.34481406,3.0,21.0,7.0,3.0,5.0,5.0,0.0,34.61553,-2.513635780991322,5.699156029965886,-92.98424,-0.0020969446635632494,12.263208326242676,107,60
2017,20170831,0.0,0.0,22002.8589,318580.75560000003,1036775.5449999998,1377359.1594999998,4315183.184381935,73054990.1395204,183853675.07067195,261223848.39457428,1.0,56.0,19.0,3.0,5.0,5.0,0.0,33.54941803278688,-3.57974774820444,1.6077185285893167,-87.21324590163934,5.768897153697097,9.56409379867523,108,61
2017,20170901,0.0,0.0,342369.1214,7138.385399999999,1199405.5216,1548913.0283999995,67892853.1259496,2210805.962442307,229420965.5240988,299524624.6124907,18.0,55.0,3.0,3.0,5.0,5.0,0.0,35.84625633802817,-1.2829094429631525,5.595634837512245,-84.24284647887325,8.73929657646319,7.845054226505312,109,62
2017,20170902,0.0,0.0,30808.2089,0.0,158677.31900000002,189485.5279,8540445.753964478,0.0,30527472.97889611,39067918.73286059,4.0,15.0,0.0,4.0,10.0,15.0,0.0,36.079426315789476,-1.0497394652018457,5.749666447894763,-88.95546315789474,4.026679897441696,12.035011944748275,110,63
2017,20170903,0.0,0.0,5047.1121,0.0,486045.1616,491092.2737,1538402.3541203348,0.0,69204294.08831322,70742696.44243355,1.0,13.0,0.0,2.0,2.0,5.0,0.0,36.27807857142857,-0.8510872095627491,3.215584994075085,-117.17310714285713,-24.190964087520697,6.809146972493839,111,64
2017,20170904,0.0,0.0,958433.607,78936.2863,2243975.2301000003,3281345.1234000004,224856452.5195065,18316483.66021915,364614295.2937792,607787231.4735049,41.0,68.0,2.0,2.0,0.0,5.0,5.0,41.85750810810811,4.728342327116785,2.3864350592514723,-84.98391171171171,7.998231343624724,7.183160992623831,112,65
2017,20170905,0.0,0.0,782632.828,0.0,4527233.381,5309866.209,135172156.85476905,0.0,705712798.8691111,840884955.72388,22.0,99.0,0.0,4.0,2.0,30.0,15.0,38.92565210084034,1.7964863198490164,3.5958705641155473,-80.41896722689076,12.56317582844568,9.557066529564757,113,66
2017,20170906,0.0,0.0,93267.9546,0.0,726390.8279,819658.7825,12823093.708258778,0.0,107365443.23423356,120188536.94249237,2.0,16.0,0.0,3.0,2.0,15.0,15.0,39.9237705882353,2.794604807243978,3.067457463593569,-78.7960588235294,14.18608423180703,15.127695365291883,114,67
2017,20170907,0.0,0.0,0.0,0.0,154590.8757,154590.8757,0.0,0.0,20144908.109321374,20144908.109321374,0.0,6.0,0.0,3.0,2.0,15.0,5.0,35.793366666666664,-1.335799114324658,4.095006603006477,-107.93755,-14.955406944663565,16.968044818628925,115,68
2017,20170908,0.0,0.0,70890.8379,0.0,260066.36820000003,330957.2061,13998451.831368582,0.0,26934741.23681516,40933193.06818374,7.0,9.0,0.0,2.0,0.0,5.0,5.0,37.124275,-0.0048907809913245615,4.807681675333066,-113.11920625,-20.13706319466357,6.254576417255741,116,69
2017,20170909,0.0,0.0,0.0,160840.151,95656.3122,256496.4632,0.0,23308889.051268283,12394097.358216511,35702986.409484796,0.0,2.0,6.0,2.0,0.0,5.0,0.0,29.735275,-7.39389078099132,5.488644742361921,-92.69969999999999,0.28244305533644365,17.258013345192925,117,70
2017,20170910,0.0,0.0,0.0,465624.18990000006,0.0,465624.18990000006,0.0,81300857.47746903,0.0,81300857.47746903,0.0,0.0,15.0,3.0,5.0,5.0,0.0,28.661413333333332,-8.46775244765799,0.732221670053023,-81.03694,11.945203055336435,0.4638111142634304,118,71
2017,20170911,0.0,0.0,128145.51219999998,125687.9569,409480.2872,663313.7563,20980555.102724932,23654917.827641524,70100227.75370875,114735700.6840752,4.0,89.0,8.0,4.0,10.0,5.0,0.0,35.16406,-1.9651057809913226,2.2006030066387714,-108.04736,-15.065216944663561,18.371412039879633,119,72
2017,20170912,0.0,0.0,0.0,0.0,805.4035999999999,805.4035999999999,0.0,0.0,432288.70615790586,432288.70615790586,0.0,12.0,0.0,3.0,5.0,5.0,0.0,41.12,3.9908342190086756,0.0,-101.34,-8.357856944663567,0.0,120,73
2017,20170913,0.0,0.0,744.8136000000002,16287.673599999998,12600.3671,29632.8543,447903.3888033955,3209169.4490243765,2232145.1947011063,5889218.032528878,1.0,3.0,1.0,2.0,0.0,5.0,0.0,38.744524999999996,1.615359219008674,1.7005405618508525,-109.500425,-16.51828194466357,9.57844920237613,121,74
2017,20170914,0.0,0.0,51504.27949999999,0.0,124576.4608,176080.74029999998,16088449.716174029,0.0,21892032.60188277,37980482.3180568,15.0,15.0,0.0,1.0,0.0,0.0,0.0,43.44808333333334,6.318917552342015,4.369250679155279,-99.22202,-6.239876944663564,11.809711010315723,122,75
2017,20170915,0.0,0.0,62440.9533,3030.4545999999996,38211.19409999999,103682.60199999998,17152931.376740847,1397589.3627958472,8774527.404108934,27325048.14364563,15.0,5.0,1.0,3.0,2.0,15.0,15.0,40.64755,3.5183842190086807,2.817010891651683,-99.064155,-6.082011944663563,4.584966103011365,123,76
2017,20170916,0.0,0.0,77441.2774,0.0,262403.5276,339844.805,16984193.262528837,0.0,66571553.80756571,83555747.07009456,7.0,25.0,0.0,2.0,2.0,5.0,5.0,37.238064516129036,0.1088987351377142,2.135750327722226,-96.12774193548387,-3.145598880147432,3.0884016466746664,124,77
2017,20170917,0.0,0.0,37444.7205,0.0,83699.1891,121143.9096,7757663.21520257,0.0,19428218.579141997,27185881.794344567,6.0,12.0,0.0,3.0,0.0,15.0,15.0,34.873783333333336,-2.2553824476579862,1.6090398014490046,-100.99478888888888,-8.01264583355244,2.1989681020849146,125,78
2017,20170918,0.0,0.0,106906.77479999998,0.0,28509.606399999997,135416.38119999997,27095364.829689424,0.0,7548958.89617463,34644323.72586405,12.0,6.0,0.0,3.0,5.0,15.0,15.0,36.69474705882353,-0.4344187221677913,3.728105231400673,-98.07153529411765,-5.089392238781215,8.24826688772717,126,79
2017,20170919,0.0,0.0,199161.11580000003,110550.8068,676091.4920000001,985803.4146,58042465.78343002,34961354.79598734,178486344.40499854,271490164.9844159,40.0,83.0,15.0,1.0,0.0,0.0,0.0,43.16342601626017,6.034260235268846,4.69007279496859,-96.41947073170732,-3.4373276763708844,4.300678487449981,127,80
2017,20170920,0.0,0.0,513234.4662,11355.0512,346683.308,871272.8254,132730000.43528076,3345572.8694427535,93345958.74361062,229421532.04833412,28.0,40.0,1.0,4.0,10.0,30.0,30.0,43.77329558823529,6.644129807243971,4.689190350265704,-92.44698970588236,0.5351533494540774,3.8334378956418713,128,81
2017,20170921,0.0,0.0,70877.2062,18504.7227,135068.43730000002,224450.3662,8921108.910530932,3561592.536897073,28680355.122642733,41163056.570070736,3.0,11.0,1.0,2.0,2.0,5.0,5.0,35.08689,-2.042275780991325,5.2821904647072735,-88.12523999999999,4.856903055336446,12.499547433602904,129,82
2017,20170922,0.0,0.0,310217.12940000003,0.0,279998.4921,590215.6215,80944304.65422654,0.0,73768489.89326826,154712794.5474948,35.0,38.0,0.0,2.0,0.0,5.0,5.0,44.0769625,6.947796719008679,4.989591505463235,-92.60559861111112,0.37654444422531697,4.765883559289114,130,83
2017,20170923,0.0,0.0,39001.04,0.0,219593.16020000004,258594.20020000005,10830365.142529087,0.0,45459704.53094596,56290069.67347504,8.0,14.0,0.0,3.0,2.0,15.0,15.0,34.921240909090905,-2.207924871900417,4.685888678601618,-94.03774545454544,-1.0556023992090076,7.323529893024673,131,84
2017,20170924,0.0,0.0,41274.48949999999,0.0,67185.4746,108459.96409999998,12707078.4912886,0.0,19710537.741706792,32417616.23299539,7.0,9.0,0.0,2.0,0.0,5.0,5.0,41.33081875,4.201652969008677,2.8226003481940203,-97.12798125,-4.145838194663568,2.587208097343226,132,85
2017,20170925,0.0,0.0,5646.4584,12843.6136,35155.4315,53645.5035,1525473.2425072417,1729505.6424045078,9808911.575903237,13063890.460814986,2.0,5.0,1.0,2.0,2.0,5.0,0.0,35.2426875,-1.8864782809913194,4.497758761058509,-98.9802625,-5.998119444663558,3.5000944040074504,133,86
2017,20170927,0.0,0.0,0.0,0.0,27163.8784,27163.8784,0.0,0.0,1896693.3492910424,1896693.3492910424,0.0,9.0,0.0,2.0,0.0,5.0,5.0,46.75666666666667,9.627500885675346,0.3255380162131609,-68.31333333333333,24.668809722003104,0.42050564800012435,135,88
2017,20170928,0.0,0.0,10542.090500000002,0.0,0.0,10542.090500000002,1147093.7918561478,0.0,0.0,1147093.7918561478,2.0,0.0,0.0,2.0,2.0,5.0,5.0,31.942999999999998,-5.186165780991324,0.03959797974644607,-108.33000000000001,-15.347856944663576,0.008768124086717876,136,89
2017,20170929,0.0,0.0,9716.744599999998,0.0,30702.7243,40419.46889999999,1903177.706951131,0.0,5205637.059591065,7108814.766542196,2.0,1.0,0.0,1.0,0.0,0.0,0.0,32.41623333333333,-4.712932447657991,4.016089459079984,-98.28123333333333,-5.299090277996896,15.43650314168767,137,90
2017,20170930,0.0,0.0,150497.88919999998,5257.689899999999,5217.807199999999,160973.38629999998,25126079.432912424,999461.2298357087,1041627.4568832202,27167168.119631354,12.0,1.0,1.0,2.0,0.0,5.0,5.0,36.617135714285716,-0.5120300667056057,2.6133761178295307,-100.97926428571428,-7.997121230377843,12.68313072189301,138,91
2017,20171001,0.0,0.0,66319.4703,4893.1125999999995,6629.3078000000005,77841.89069999999,24352021.528429218,2001941.9116529156,2923271.9748824695,29277235.4149646,34.0,5.0,3.0,2.0,0.0,5.0,5.0,40.18877857142857,3.0596127904372494,0.8641641949716936,-100.23259523809524,-7.250452182758806,0.9855815017349572,139,92
2017,20171002,0.0,0.0,66121.00850000001,15192.936099999995,8331.9145,89645.8591,22213402.276786715,5668272.433423813,2864942.8749873587,30746617.58519789,20.0,4.0,9.0,3.0,5.0,15.0,15.0,39.94005625,2.810890469008676,1.3383234475575236,-99.66095625,-6.678813194663562,1.7115008388107824,140,93
2017,20171003,0.0,0.0,0.0,0.0,0.0,0.0,0.0,0.0,0.0,0.0,0.0,2.0,0.0,3.0,2.0,5.0,15.0,37.129165780991315,-7.105427357601002e-15,0.0,-92.98214305533645,-1.4210854715202004e-14,0.0,141,94
2017,20171004,0.0,0.0,9030.7935,0.0,9433.856,18464.6495,1820094.7871783937,0.0,1732564.1906343908,3552658.9778127847,2.0,3.0,0.0,2.0,2.0,5.0,5.0,34.55495,-2.5742157809913238,1.2758842724427086,-106.689875,-13.707731944663564,1.704014885253843,142,95
2017,20171005,0.0,0.0,0.0,0.0,4771.656500000001,4771.656500000001,0.0,0.0,882899.52354004,882899.52354004,0.0,2.0,0.0,2.0,0.0,0.0,5.0,33.53,-3.5991657809913207,0.0,-106.34,-13.357856944663567,0.0,143,96
2017,20171006,0.0,0.0,157746.0929,35621.61740000001,179695.81829999998,373063.5286,48461323.39600684,8025885.502652925,49714162.11721599,106201371.01587576,53.0,48.0,4.0,2.0,0.0,5.0,5.0,38.23485490196078,1.1056891209694584,1.585967480759059,-99.66071274509804,-6.678569689761602,1.610716053525099,144,97
2017,20171007,0.0,0.0,0.0,214184.8438,952772.2033,1166957.0471,0.0,47576978.06522282,212410423.79085127,259987401.8560741,0.0,53.0,12.0,4.0,5.0,15.0,30.0,39.660635,2.5314692190086774,4.695691840320916,-85.08551250000001,7.896630555336429,1.9679660404860642,145,98
2017,20171008,0.0,0.0,0.0,522514.9609999999,69331.6767,591846.6377,0.0,105864709.31429586,13597330.782934302,119462040.09723017,0.0,16.0,16.0,3.0,5.0,5.0,0.0,35.186616666666666,-1.942549114324656,0.6369150005622222,-81.92687222222223,11.055270833114207,0.5046564093875628,146,99
2017,20171009,0.0,0.0,67821.0614,0.0,120392.1029,188213.1643,16297948.961799506,0.0,29835613.19995427,46133562.16175377,4.0,29.0,0.0,2.0,2.0,0.0,0.0,37.72139166666667,0.5922258856753473,1.086973928313523,-92.64591666666666,0.33622638866977184,2.602017156268404,147,100
2017,20171010,0.0,0.0,16535.706000000006,0.0,27133.6045,43669.31050000001,3872782.380208025,0.0,6827596.055271698,10700378.435479725,1.0,2.0,0.0,3.0,5.0,15.0,15.0,37.65606666666667,0.5269008856753459,0.42354421650322915,-89.53089999999999,3.451243055336448,0.7008691104621455,148,101
2017,20171012,0.0,0.0,0.0,38625.5135,0.0,38625.5135,0.0,9409372.183274727,0.0,9409372.183274727,0.0,0.0,2.0,1.0,0.0,0.0,0.0,45.490700000000004,8.361534219008682,0.332623029870158,-122.70855,-29.726406944663566,0.09793428919433217,150,103
2017,20171013,0.0,0.0,0.0,0.0,0.0,0.0,0.0,0.0,0.0,0.0,0.0,0.0,0.0,0.0,0.0,0.0,0.0,37.129165780991315,-7.105427357601002e-15,0.0,-92.98214305533645,-1.4210854715202004e-14,0.0,151,104
2017,20171014,0.0,0.0,164982.1823,22197.7198,1151160.4794,1338340.3815,40253045.61438547,6191606.631287746,269274970.58004886,315719622.8257221,10.0,75.0,2.0,2.0,0.0,0.0,5.0,38.67784302325581,1.548677242264489,1.7581946511083593,-94.18215697674418,-1.200013921407745,2.943919441814245,152,105
2017,20171015,0.0,0.0,4393.017,0.0,3234661.1328999996,3239054.1498999996,1580936.172863969,0.0,436875175.5995137,438456111.77237767,2.0,104.0,0.0,4.0,5.0,30.0,15.0,42.874356730769236,5.745190949777914,0.783014565793969,-77.74311346153846,15.23902959379798,2.1037498450839665,153,106
2017,20171016,0.0,0.0,0.0,0.0,7832.749699999999,7832.749699999999,0.0,0.0,1600713.098805833,1600713.098805833,0.0,2.0,0.0,3.0,0.0,15.0,0.0,30.27,-6.859165780991322,0.0,-84.27,8.71214305533644,0.0,154,107
2017,20171019,0.0,0.0,4770.704500000001,0.0,0.0,4770.704500000001,701360.9955662318,0.0,0.0,701360.9955662318,1.0,9.0,0.0,1.0,0.0,0.0,0.0,32.9205,-4.208665780991325,0.0,-107.5641,-14.58195694466356,0.0,157,110
2017,20171021,0.0,0.0,515835.9664,125895.7681,378415.90220000007,1020147.6367,119193853.63051943,28599933.454942096,91287966.72474352,239081753.81020504,49.0,43.0,10.0,1.0,0.0,0.0,0.0,35.395886363636365,-1.7332794173549573,1.6286962424457,-97.4429090909091,-4.460766035572661,2.0720223092503898,159,112
2017,20171022,0.0,0.0,20759.8471,10241.8313,599788.6828999999,630790.3612999999,5521632.940123911,2212840.5018191766,146146229.08662584,153880702.52856892,2.0,162.0,1.0,4.0,5.0,30.0,30.0,34.35395892857143,-2.775206852419892,2.3585815872932687,-92.52471607142857,0.4574269839078653,1.599460150718675,160,113
2017,20171023,0.0,0.0,0.0,657481.8734,1623265.4053,2280747.2787,0.0,134694640.7858941,324556499.5540159,459251140.33991,0.0,78.0,22.0,2.0,2.0,5.0,0.0,35.38806470588236,-1.7411010751089648,1.3820413906269815,-80.73435411764706,12.247788937689378,1.3732077952521229,161,114
2017,20171024,0.0,0.0,0.0,65914.3255,145796.6066,211710.9321,0.0,9762918.373503093,22030820.5586375,31793738.932140592,0.0,58.0,2.0,3.0,5.0,15.0,0.0,34.50805,-2.6211157809913246,8.958751362494661,-89.72595,3.256193055336439,32.78239412231816,162,115
2017,20171028,0.0,0.0,0.0,92039.5603,38294.9972,130334.5575,0.0,13120855.099870153,6750449.06662249,19871304.16649264,0.0,1.0,3.0,1.0,0.0,0.0,0.0,28.126975,-9.00219078099132,3.662083745060091,-81.09285,11.889293055336438,1.8395783149044413,166,119
2017,20171030,0.0,0.0,0.0,0.0,16385.922,16385.922,0.0,0.0,2965058.8263290804,2965058.8263290804,0.0,103.0,0.0,1.0,0.0,0.0,0.0,44.56,7.4308342190086805,0.49497474683057774,-69.43,23.55214305533643,0.028284271247471345,168,121
2017,20171102,0.0,0.0,42469.3702,0.0,0.0,42469.3702,10324682.586118149,0.0,0.0,10324682.586118149,3.0,3.0,0.0,2.0,2.0,5.0,0.0,37.72823333333333,0.5990675523420066,0.4853219172192138,-89.99816666666668,2.9839763886697597,1.1265966817514277,171,124
2017,20171103,0.0,0.0,123702.1603,0.0,22174.5207,145876.68099999998,30048639.999357272,0.0,5033788.515019296,35082428.514376566,13.0,2.0,0.0,2.0,2.0,5.0,5.0,33.62466666666667,-3.504499114324652,0.7584647111733263,-92.08944666666666,0.8926963886697763,1.2223233397724154,172,125
2017,20171104,0.0,0.0,41061.0056,0.0,0.0,41061.0056,6865957.845386223,0.0,0.0,6865957.845386223,1.0,12.0,0.0,2.0,0.0,5.0,5.0,37.9595,0.8303342190086767,0.0,-122.526,-29.54385694466356,0.0,173,126
2017,20171105,0.0,0.0,513702.4612,1023044.3234,4669092.3252,6205839.1098,119343390.50654534,232326080.58928645,1028243075.883129,1379912546.9789608,22.0,135.0,28.0,1.0,0.0,0.0,0.0,40.40242391304348,3.273258132052156,1.0888613810193288,-83.91616304347826,9.065980011858173,3.2246814543139224,174,127
2017,20171106,0.0,0.0,52894.9835,0.0,114951.6895,167846.673,13227714.12519813,0.0,26448445.169884596,39676159.295082726,5.0,9.0,0.0,4.0,10.0,15.0,30.0,35.99579,-1.1333757809913223,1.1265102390914072,-89.35041,3.63173305533644,3.3774429188202326,175,128
2017,20171107,0.0,0.0,71434.61559999999,0.0,166846.5643,238281.1799,13490566.855387978,0.0,32442293.561279647,45932860.416667625,2.0,5.0,0.0,2.0,0.0,5.0,5.0,34.573142857142855,-2.5560229238484666,0.5782930135526547,-83.38971428571428,9.59242876962216,0.852892473544336,176,129
2017,20171117,0.0,0.0,0.0,2225.0825999999997,0.0,2225.0825999999997,0.0,693572.6318660087,0.0,693572.6318660087,0.0,13.0,1.0,1.0,0.0,0.0,0.0,43.5577,6.428534219008675,0.0,-111.8378,-18.855656944663565,0.0,179,139
2017,20171118,0.0,0.0,82726.8955,351268.8704,3482215.4836000004,3916211.2495,18977965.067447577,82812947.43709846,776647839.7751502,878438752.2796962,4.0,243.0,17.0,1.0,0.0,0.0,0.0,36.108515789473685,-1.0206499915176366,1.55035547063809,-86.53573508771929,6.446407967617148,1.51252673444428,178,140
2017,20171119,0.0,0.0,0.0,59077.807700000005,25803.2864,84881.0941,0.0,12931913.3727125,5942167.309138687,18874080.681851186,0.0,74.0,2.0,3.0,2.0,15.0,5.0,40.448433333333334,3.319267552342012,0.02528919400323617,-79.72366666666666,13.258476388669777,0.018679489643276797,177,141
2017,20171122,0.0,0.0,0.0,29525.803,0.0,29525.803,0.0,4875018.583074971,0.0,4875018.583074971,0.0,13.0,1.0,1.0,0.0,0.0,0.0,26.42,-10.70916578099132,0.0,-81.53,11.452143055336435,0.0,174,144
2017,20171123,0.0,0.0,0.0,0.0,61769.3553,61769.3553,0.0,0.0,10881736.850950751,10881736.850950751,0.0,31.0,0.0,1.0,0.0,0.0,0.0,29.15585,-7.973315780991321,0.10868231226837279,-81.18515,11.796993055336443,0.18038293988069243,173,145
2017,20171126,0.0,0.0,0.0,0.0,0.0,0.0,0.0,0.0,0.0,0.0,0.0,37.0,0.0,0.0,0.0,0.0,0.0,37.129165780991315,-7.105427357601002e-15,0.0,-92.98214305533645,-1.4210854715202004e-14,0.0,170,148
2017,20171204,0.0,0.0,218487.5067,46799.7191,269645.9895,534933.2153,56414013.78800475,12449090.698432652,69232313.58977318,138095418.07621056,18.0,82.0,4.0,1.0,0.0,0.0,0.0,38.194311363636366,1.0651455826450444,2.110758578090859,-93.0259,-0.043756944663556396,1.2449694084221374,162,156
2017,20171207,0.0,0.0,0.0,0.0,0.0,0.0,0.0,0.0,0.0,0.0,0.0,12.0,0.0,0.0,0.0,0.0,0.0,37.129165780991315,-7.105427357601002e-15,0.0,-92.98214305533645,-1.4210854715202004e-14,0.0,159,159
2017,20171208,0.0,0.0,0.0,0.0,32213.0055,32213.0055,0.0,0.0,5790887.765167922,5790887.765167922,0.0,16.0,0.0,0.0,0.0,0.0,0.0,28.02,-9.109165780991322,0.0,-82.66,10.32214305533644,0.0,158,160
2017,20171219,0.0,0.0,0.0,42540.765,39946.3088,82487.0738,0.0,8152004.571359711,7755660.030908588,15907664.6022683,0.0,21.0,2.0,1.0,0.0,0.0,0.0,31.82975,-5.299415780991321,0.06555651505889053,-94.986925,-2.004781944663563,0.14890382522509746,147,171
2017,20171220,0.0,0.0,73037.02269999999,141445.7046,113847.7715,328330.49879999994,15997529.206328517,26919992.71889233,22210669.946899943,65128191.87212079,3.0,28.0,7.0,2.0,2.0,5.0,0.0,32.48505,-4.644115780991321,1.4871944073769672,-89.1967125,3.7854305553364327,3.937182521021009,146,172
2017,20171222,0.0,0.0,0.0,0.0,0.0,0.0,0.0,0.0,0.0,0.0,0.0,1.0,0.0,1.0,0.0,0.0,0.0,37.129165780991315,-7.105427357601002e-15,0.0,-92.98214305533645,-1.4210854715202004e-14,0.0,144,174
2017,20171223,0.0,0.0,0.0,0.0,72514.49260000001,72514.49260000001,0.0,0.0,16987743.914709605,16987743.914709605,0.0,7.0,0.0,2.0,2.0,5.0,5.0,34.89,-2.2391657809913212,0.06480740698408105,-87.63250000000001,5.349643055336429,0.29181900783419384,143,175
2018,20180109,0.0,0.0,0.0,0.0,0.0,0.0,0.0,0.0,0.0,0.0,0.0,26.0,0.0,1.0,0.0,0.0,0.0,37.129165780991315,-7.105427357601002e-15,0.0,-92.98214305533645,-1.4210854715202004e-14,0.0,126,173
2018,20180111,0.0,0.0,35769.9844,0.0,22522.5231,58292.50750000001,5983420.465486511,0.0,4913070.795074554,10896491.260561064,1.0,25.0,0.0,1.0,0.0,0.0,0.0,29.981399999999997,-7.147765780991325,0.30521381030353084,-92.7797,0.20244305533643114,2.787249204861319,124,171
2018,20180112,0.0,0.0,0.0,31855.8388,627885.7541999999,659741.5929999999,0.0,5217031.783727594,108128658.09572709,113345689.87945469,0.0,47.0,1.0,1.0,0.0,0.0,0.0,37.38769565217392,0.2585298711825956,1.568883201944576,-77.55672173913044,15.425421316205998,1.0414568157400346,123,170
2018,20180118,0.0,0.0,16908.595,0.0,14070.8334,30979.428400000004,4124284.75700771,0.0,3390223.060473228,7514507.817480939,2.0,12.0,0.0,0.0,0.0,0.0,0.0,44.3458,7.216634219008675,3.1167462569160196,-124.05866666666667,-31.07652361133023,0.13664689287844667,117,164
2018,20180121,0.0,0.0,449567.0223,132350.3767,223111.161,805028.56,79898399.90330529,28167789.561079204,49431942.1764525,157498131.640837,14.0,30.0,8.0,0.0,0.0,0.0,0.0,34.018616216216216,-3.1105495647751056,1.545835541689982,-95.06129459459459,-2.0791515392581488,1.4233652137229753,114,161
2018,20180122,0.0,0.0,368391.0845,79002.4191,587387.0174,1034780.521,83061561.36610872,17453878.56831031,136788100.4852039,237303540.4196229,13.0,89.0,6.0,3.0,5.0,15.0,5.0,37.65129069767442,0.5221249166830972,3.343962428076548,-87.90631860465116,5.075824450685275,3.7234594634339864,113,160
2018,20180123,0.0,0.0,16941.4733,0.0,156190.6924,173132.1657,3835843.91857723,0.0,25071618.716775645,28907462.635352876,1.0,22.0,0.0,2.0,2.0,5.0,0.0,40.741166666666665,3.612000885675343,1.915566344104703,-75.68176666666666,17.300376388669775,5.862647638624271,112,159
2018,20180125,0.0,0.0,364335.2503,1977.0009,0.0,366312.2512,60974807.516780645,502446.85916139145,0.0,61477254.37594204,9.0,7.0,1.0,1.0,0.0,0.0,0.0,37.96749,0.8383242190086762,1.129935497126571,-122.35099,-29.36884694466356,0.8200146021057605,110,157
2018,20180130,0.0,0.0,0.0,0.0,0.0,0.0,0.0,0.0,0.0,0.0,0.0,65.0,0.0,1.0,0.0,0.0,0.0,37.129165780991315,-7.105427357601002e-15,0.0,-92.98214305533645,-1.4210854715202004e-14,0.0,105,152
2018,20180204,0.0,0.0,0.0,0.0,38272.6919,38272.6919,0.0,0.0,7650213.363706361,7650213.363706361,0.0,10.0,0.0,1.0,0.0,0.0,0.0,31.915833333333335,-5.2133324476579865,1.3433640918728376,-82.84913333333334,10.133009722003095,3.168167649183562,100,147
2018,20180206,0.0,0.0,179704.14660000004,0.0,0.0,179704.14660000004,36965530.515512526,0.0,0.0,36965530.515512526,11.0,0.0,0.0,1.0,0.0,0.0,0.0,32.973763636363635,-4.155402144627686,0.5064719602756471,-94.16420909090908,-1.182066035572646,1.4787501725812515,98,145
2018,20180207,0.0,0.0,24448.557,213799.0801,219139.3726,457387.0097,4543811.250510953,43354938.80792042,44025724.07747997,91924474.13591136,1.0,20.0,12.0,2.0,0.0,0.0,5.0,32.55078846153846,-4.578377319452862,0.7307676327407621,-86.95600384615385,6.026139209182588,2.3032223129313016,97,144
2018,20180210,0.0,0.0,0.0,18987.6075,0.0,18987.6075,0.0,4451239.208701989,0.0,4451239.208701989,0.0,2.0,2.0,1.0,0.0,0.0,0.0,32.1261,-5.003065780991321,0.9322495803163459,-88.75864999999999,4.223493055336448,0.5294108470743627,94,141
2018,20180212,0.0,0.0,0.0,17125.1637,0.0,17125.1637,0.0,3112036.133706185,0.0,3112036.133706185,0.0,1.0,1.0,2.0,2.0,5.0,0.0,36.6685,-0.46066578099132016,0.0,-119.5134,-26.531256944663568,0.0,92,139
2018,20180215,0.0,0.0,0.0,26395.048500000004,56833.8775,83228.926,0.0,5689456.497606797,12530475.516827565,18219932.01443436,0.0,65.0,1.0,1.0,0.0,0.0,0.0,39.74956666666667,2.6204008856753447,0.26812788615385547,-80.81580000000001,12.166343055336426,1.9089423563848074,89,136
2018,20180219,0.0,0.0,9842.8536,0.0,0.0,9842.8536,2630128.883015628,0.0,0.0,2630128.883015628,1.0,41.0,0.0,1.0,0.0,0.0,0.0,41.02,3.8908342190086813,0.0,-96.1,-3.117856944663558,0.0,85,132
2018,20180220,0.0,0.0,10982.779100000002,0.0,191975.35589999997,202958.135,2722628.4336029436,0.0,41188426.67753123,43911055.11113417,1.0,24.0,0.0,2.0,2.0,0.0,5.0,35.85756666666666,-1.2715991143246583,2.447129585056869,-92.526,0.4561430553364403,3.0503524455082554,84,131
2018,20180221,0.0,0.0,10683.5629,0.0,84165.21900000001,94848.78190000002,2478305.727956228,0.0,19538799.619243473,22017105.3471997,1.0,4.0,0.0,2.0,0.0,5.0,0.0,34.76216,-2.3670057809913203,3.9652832594910548,-88.64406,4.3380830553364405,3.4984024093863173,83,130
2018,20180222,0.0,0.0,143964.7113,0.0,0.0,143964.7113,24555573.29842808,0.0,0.0,24555573.29842808,4.0,5.0,0.0,2.0,2.0,5.0,0.0,36.785849999999996,-0.3433157809913254,2.413532864909858,-115.6525,-22.670356944663567,13.620524647261814,82,129
2018,20180223,0.0,0.0,0.0,0.0,0.0,0.0,0.0,0.0,0.0,0.0,0.0,2.0,0.0,2.0,0.0,0.0,5.0,37.129165780991315,-7.105427357601002e-15,0.0,-92.98214305533645,-1.4210854715202004e-14,0.0,81,128
2018,20180224,0.0,0.0,35568.3223,515691.0229,1155472.5587000002,1706731.9039000005,7598657.062280523,124804680.8281858,272935199.5398207,405338537.430287,2.0,96.0,32.0,2.0,0.0,0.0,5.0,35.98605420560747,-1.1431115753838483,1.1223086559006374,-89.35932897196263,3.622814083373811,2.8885414656656243,80,127
2018,20180225,0.0,0.0,215989.669,82804.4108,376598.5781,675392.6579,34453927.18823204,18789984.681085832,80906890.73004045,134150802.59935832,12.0,45.0,3.0,4.0,10.0,30.0,15.0,32.86714333333334,-4.2620224476579835,5.249804329337745,-90.43999000000001,2.5421530553364278,8.15462910149812,79,126
2018,20180228,0.0,0.0,0.0,23276.3502,0.0,23276.3502,0.0,5012304.767927835,0.0,5012304.767927835,0.0,7.0,1.0,2.0,0.0,0.0,5.0,34.2948,-2.8343657809913196,0.0,-86.7239,6.258243055336436,0.0,76,123
2018,20180301,0.0,0.0,4385.3384,0.0,969488.8595,973874.1979,1148660.4090371793,0.0,191216817.0567385,192365477.46577567,2.0,92.0,0.0,3.0,2.0,15.0,15.0,34.49198205128205,-2.637183729709271,2.1602060896897144,-84.39870256410256,8.583440491233873,10.07778152491612,75,122
2018,20180302,0.0,0.0,391417.7258,0.0,0.0,391417.7258,65043991.70105617,0.0,0.0,65043991.70105617,9.0,270.0,0.0,1.0,0.0,0.0,0.0,37.63095555555556,0.5017897745642372,0.3762366679070209,-122.22065555555554,-29.2385125002191,0.22432226879598627,74,121
2018,20180305,0.0,0.0,195065.257,16409.297,46537.0611,258011.61509999997,36581285.874850035,4057379.837565696,9583130.54992988,50221796.26234561,10.0,104.0,2.0,2.0,0.0,0.0,5.0,31.956059999999997,-5.173105780991325,1.6257600766586497,-93.51924000000001,-0.537096944663574,3.2521636366754803,71,118
2018,20180307,0.0,0.0,0.0,0.0,0.0,0.0,0.0,0.0,0.0,0.0,0.0,4.0,0.0,2.0,2.0,5.0,0.0,37.129165780991315,-7.105427357601002e-15,0.0,-92.98214305533645,-1.4210854715202004e-14,0.0,69,116
2018,20180310,0.0,0.0,654266.2625000001,0.0,100704.9368,754971.1993000001,162060405.8309984,0.0,21886353.9177545,183946759.7487529,61.0,7.0,0.0,1.0,0.0,0.0,0.0,34.339347058823535,-2.7898187221677873,0.9882461672104487,-92.69601323529412,0.28612982004231924,1.7876674915290982,66,113
2018,20180311,0.0,0.0,255580.2606,27943.592900000003,225825.1984,509349.0519,54598376.29420833,6672203.137648963,49384651.79745349,110655231.22931078,18.0,18.0,3.0,3.0,2.0,15.0,15.0,32.305800000000005,-4.823365780991317,0.8297639071319902,-92.30595128205128,0.6761917732851543,2.204151308311781,65,112
2018,20180316,0.0,0.0,266179.7078,0.0,24226.293100000003,290406.0009,63262046.99301507,0.0,5958824.645817999,69220871.63883308,20.0,14.0,0.0,1.0,0.0,0.0,0.0,37.54518181818182,0.41601603719049507,1.0863293145513813,-94.55053636363637,-1.5683933082999317,11.292619698830926,60,107
2018,20180317,0.0,0.0,1755822.8185000003,170433.2669,485141.8731,2411397.9585,338628479.14008266,33357008.997663144,96675414.30506416,468660902.44280994,61.0,18.0,5.0,2.0,2.0,5.0,5.0,34.73118795180723,-2.397977829184093,2.3553000421673564,-89.83338674698796,3.1487563083484815,10.828798817378653,59,106
2018,20180318,1.0,1844.1,2063488.9973,7415.5698,282693.41349999997,2353597.9806,359979007.9133707,2165333.5408017067,49027274.76092614,411171616.21509856,68.0,45.0,3.0,3.0,5.0,15.0,15.0,31.167838749999998,-5.961327030991324,1.5864776312811282,-96.75487749999999,-3.7727344446635556,1.5424828871688803,58,105
2018,20180319,1.0,1844.1,2179707.1965,713034.5756999999,1137750.2717,4030492.0439,450079370.00267553,147197541.35369757,222270027.6464895,819546939.0028626,95.0,49.0,27.0,3.0,5.0,15.0,15.0,33.72842469879518,-3.4007410821961415,1.4354201140469345,-86.53256144578313,6.449581609553306,2.3481620901840055,57,104
2018,20180320,1.0,1844.1,1427173.5176,0.0,685234.7683,2112408.2859,261672465.2744379,0.0,123586788.3549486,385259253.6293865,64.0,29.0,0.0,4.0,10.0,15.0,30.0,31.013186516853935,-6.115979264137387,2.284363567186464,-81.22816741573033,11.75397563960611,1.0803404112903998,56,103
2018,20180321,1.0,1844.1,0.0,32248.6951,0.0,32248.6951,0.0,5837755.655041147,0.0,5837755.655041147,0.0,2.0,1.0,4.0,10.0,30.0,30.0,39.03,1.9008342190086793,0.0,-121.52,-28.53785694466356,0.0,55,102
2018,20180322,0.0,0.0,0.0,14689.5845,0.0,14689.5845,0.0,2714909.433091086,0.0,2714909.433091086,0.0,12.0,1.0,1.0,0.0,0.0,0.0,36.4864,-0.6427657809913185,0.0,-119.2519,-26.26975694466357,0.0,54,101
2018,20180323,0.0,0.0,25164.203199999996,0.0,7101.864500000001,32266.067699999996,10326515.34570684,0.0,2855101.1912254817,13181616.536932323,15.0,24.0,0.0,2.0,2.0,0.0,0.0,39.77907368421053,2.6499079032192085,0.2426802968747718,-99.80085789473685,-6.818714839400414,0.42471622070348786,53,100
2018,20180324,0.0,0.0,40732.392900000006,0.0,39411.7637,80144.1566,9959338.941813176,0.0,9750444.80430676,19709783.746119935,3.0,6.0,0.0,2.0,0.0,5.0,5.0,37.02153333333333,-0.10763244765799129,0.5001309255251714,-89.46056666666668,3.5215763886697573,0.4258243471980683,52,99
2018,20180325,0.0,0.0,369976.92520000006,0.0,0.0,369976.92520000006,70864208.48688817,0.0,0.0,70864208.48688817,20.0,0.0,0.0,1.0,0.0,0.0,0.0,34.004,-3.125165780991324,0.20103416834484916,-98.2055,-5.223356944663564,0.2848725476788744,51,98
2018,20180326,0.0,0.0,572574.2137999999,0.0,116553.0984,689127.3121999999,122819085.4287387,0.0,22742455.80707124,145561541.23580995,50.0,7.0,0.0,2.0,2.0,5.0,5.0,34.544044642857145,-2.585121138134177,2.3930803160111154,-97.77164285714287,-4.7894998018064285,2.8123132607651335,50,97
2018,20180327,0.0,0.0,169159.02310000002,13453.7252,153458.51200000002,336071.2603000001,22460104.098906755,3585288.054463945,31725891.730713647,57771283.884084344,11.0,19.0,2.0,3.0,2.0,15.0,15.0,32.23484761904761,-4.894318161943708,2.823802363236325,-97.92177142857142,-4.9396283732349815,3.1097516204904254,49,96
2018,20180328,0.0,0.0,228462.99559999997,142993.1435,486150.5725,857606.7116,34065474.136318155,31253294.91937956,99478656.18334489,164797425.23904258,13.0,39.0,13.0,3.0,2.0,15.0,15.0,31.497012698412696,-5.6321530825786255,1.8150383295954584,-93.17649047619048,-0.19434742085404366,3.3166829829307813,48,95
2018,20180329,0.0,0.0,0.0,123435.1032,311348.7175,434783.8207,0.0,22049638.21141374,53444093.16535033,75493731.37676407,0.0,14.0,7.0,3.0,5.0,15.0,15.0,29.609838095238096,-7.519327685753225,1.2286469865165466,-94.16429523809524,-1.1821521827587986,2.877004869908319,47,94
2018,20180331,0.0,0.0,0.0,35726.6907,0.0,35726.6907,0.0,5555819.837945973,0.0,5555819.837945973,0.0,1.0,1.0,1.0,0.0,0.0,0.0,26.7893,-10.339865780991321,0.0,-80.6356,12.34654305533644,0.0,45,92
2018,20180401,0.0,0.0,9523.1437,0.0,0.0,9523.1437,2554126.4790767515,0.0,0.0,2554126.4790767515,1.0,4.0,0.0,1.0,0.0,0.0,0.0,37.17,0.040834219008679895,0.0,-92.81,0.17214305533643426,0.0,44,91
2018,20180402,0.0,0.0,182652.6408,0.0,47404.4451,230057.08590000003,44124122.171385154,0.0,8550259.429917773,52674381.60130293,11.0,30.0,0.0,1.0,0.0,0.0,0.0,39.06210625,1.9329404690086776,1.3101990487294888,-96.588,-3.6058569446635573,10.285936446106085,43,90
2018,20180403,0.0,0.0,3861780.308,507192.3459,7119260.8954,11488233.5493,863132838.0370159,120326746.05840383,1603663266.269203,2587122850.3646226,187.0,383.0,24.0,2.0,0.0,0.0,5.0,35.79682081850534,-1.3323449624859833,2.7170086534326394,-88.2441950177936,4.737948037542836,3.8701870545714647,42,89
2018,20180404,0.0,0.0,0.0,0.0,1016632.1134,1016632.1134,0.0,0.0,213027697.08524248,213027697.08524248,0.0,160.0,0.0,4.0,10.0,30.0,15.0,36.203649999999996,-0.9255157809913257,1.419802094053631,-83.05398636363635,9.928156691700082,2.0659441960530005,41,88
2018,20180406,0.0,0.0,2749082.2059000004,173508.8225,598596.8859000001,3521187.9143000003,509798119.1725902,38642461.96550514,134795170.8192591,683235751.9573545,113.0,58.0,15.0,1.0,0.0,0.0,0.0,32.55314143646409,-4.576024344527234,0.7242385082094716,-94.0993497237569,-1.1172066684204651,2.5395090308654344,39,86
2018,20180407,0.0,0.0,2345.3298,87774.139,198761.1447,288880.6135,730275.9722815799,18057389.682285283,37019862.99801838,55807528.65258524,1.0,36.0,7.0,4.0,5.0,30.0,15.0,33.729052631578945,-3.400113149412377,6.270324229377653,-94.0118105263158,-1.029667470979362,12.718857852456493,38,85
2018,20180410,0.0,0.0,301873.6818,62141.29819999999,72163.145,436178.125,49763785.31722915,8690234.28409026,11904995.970984705,70359015.57230411,10.0,22.0,2.0,1.0,0.0,0.0,0.0,27.719671428571427,-9.409494352419895,1.6256122162380597,-80.95855714285713,12.023585912479305,0.7059414125987907,35,82
2018,20180411,0.0,0.0,0.0,0.0,3995.6181,3995.6181,0.0,0.0,1200441.5095397832,1200441.5095397832,0.0,35.0,0.0,2.0,0.0,5.0,5.0,45.994,8.864834219008678,0.0,-118.181,-25.19885694466356,0.0,34,81
2018,20180412,0.0,0.0,34459.95760000001,0.0,0.0,34459.95760000001,5865468.727732434,0.0,0.0,5865468.727732434,1.0,144.0,0.0,1.0,0.0,0.0,0.0,36.8033,-0.3258657809913217,0.0,-121.5171,-28.534956944663563,0.0,33,80
2018,20180413,1.0,1660.7,5223076.888,313275.6957,1663194.4686,7199547.052300001,1053986859.5346056,75313444.47849995,384735699.74810714,1514036003.7612126,231.0,214.0,29.0,1.0,0.0,0.0,0.0,36.381564566929136,-0.7476012140621862,4.258450031436462,-95.04620288713912,-2.0640598318026804,4.01495214641038,32,79
2018,20180414,1.0,1660.7,0.0,373972.4259,1620959.4632999997,1994931.8891999996,0.0,86785373.7758046,364491760.2301203,451277134.00592494,0.0,148.0,36.0,5.0,15.0,45.0,30.0,32.21975238095238,-4.909413400038943,1.6781915980467714,-90.47394821428571,2.5081948410507238,2.0455324054029775,31,78
2018,20180415,1.0,1660.7,419889.4225,664995.4591999999,5607116.0963,6692000.978,84027571.63764998,127272022.95480394,1074376744.243646,1285676338.8361,14.0,247.0,25.0,4.0,10.0,30.0,5.0,33.76400338345864,-3.3651623975326785,2.9147638350023453,-81.0972969924812,11.884846062855232,1.818298817148536,30,77
2018,20180416,1.0,1660.7,568211.1121,0.0,419070.5599,987281.672,94571129.56080228,0.0,64354028.22471561,158925157.7855179,14.0,76.0,0.0,4.0,10.0,30.0,5.0,37.466828,0.33766221900867777,0.5797087634608726,-102.140692,-9.158548944663565,22.94884138429651,29,76
2018,20180417,0.0,0.0,0.0,0.0,8473.6615,8473.6615,0.0,0.0,2494972.324020042,2494972.324020042,0.0,155.0,0.0,1.0,0.0,0.0,0.0,38.855000000000004,1.7258342190086822,0.04949747468306104,-98.235,-5.252856944663563,0.8697413408594462,28,75
2018,20180421,0.0,0.0,1060143.7563000002,0.0,24270.3435,1084414.0998000002,182604557.5111356,0.0,4272351.337998415,186876908.849134,31.0,14.0,0.0,3.0,2.0,15.0,15.0,32.640625,-4.488540780991322,0.2745546246842049,-97.5840625,-4.601919444663565,0.4755021751247672,24,71
2018,20180422,0.0,0.0,11728.1963,108394.6157,149046.7601,269169.5721,2352936.9514297033,22976668.821429823,32162331.101132434,57491936.87399196,1.0,19.0,10.0,2.0,2.0,5.0,5.0,31.636842857142856,-5.492322923848466,1.2324107787468535,-86.91587142857142,6.066271626765015,1.3074546478340507,23,70
2018,20180423,0.0,0.0,36170.415700000005,32434.0227,263906.4852,332510.9236,7827291.94304687,5890950.080616432,50096207.98647872,63814450.01014203,2.0,21.0,1.0,2.0,2.0,5.0,0.0,32.68889375,-4.4402720309913235,1.9653673636138183,-82.84300625,10.139136805336435,1.858366035156961,22,69
2018,20180424,0.0,0.0,124517.60100000002,0.0,103543.6494,228061.2504,20431107.11662885,0.0,20590950.383157615,41022057.49978647,5.0,6.0,0.0,2.0,2.0,5.0,5.0,31.859033333333336,-5.270132447657986,3.889573510682116,-84.60827777777779,8.37386527755865,9.275864789842748,21,68
2018,20180425,0.0,0.0,11888.329400000002,0.0,31463.4438,43351.7732,1202955.3667520504,0.0,851399.7227404001,2054355.0894924505,1.0,1.0,0.0,2.0,2.0,5.0,5.0,27.21,-9.919165780991321,1.1737972567696702,-99.03,-6.047856944663565,0.2969848480983562,20,67
2018,20180426,0.0,0.0,73843.4071,0.0,0.0,73843.4071,14073424.97630067,0.0,0.0,14073424.97630067,2.0,2.0,0.0,2.0,0.0,5.0,5.0,34.59,-2.5391657809913184,0.014142135623735673,-83.175,9.80714305533644,0.20506096654409317,19,66
2018,20180427,0.0,0.0,30257.64680000001,31105.8097,220068.9521,281432.40859999997,4315491.526122203,4493300.446404079,45981260.93661085,54790052.90913713,1.0,12.0,1.0,2.0,0.0,5.0,5.0,37.86481111111111,0.7356453301197874,6.576498294389738,-84.53023333333334,8.451909722003094,11.707767187534095,18,65
2018,20180428,0.0,0.0,0.0,0.0,15451.129000000004,15451.129000000004,0.0,0.0,2998860.9411678817,2998860.9411678817,0.0,4.0,0.0,2.0,0.0,5.0,0.0,35.316833333333335,-1.8123324476579867,0.30384713810291575,-106.17863333333332,-13.196490277996887,0.9007921532369905,17,64
2018,20180429,0.0,0.0,59977.713800000005,0.0,9944.5649,69922.27870000001,16091207.84478176,0.0,3028683.0714041856,19119890.916185945,33.0,32.0,0.0,1.0,0.0,0.0,0.0,38.1614175,1.032251719008677,5.354421085607069,-103.47905,-10.496906944663564,1.4359026256179133,16,63
2018,20180430,0.0,0.0,91553.1046,0.0,13890.749899999995,105443.8545,29536269.596134875,0.0,5883234.472154885,35419504.06828976,33.0,24.0,0.0,2.0,0.0,5.0,5.0,40.1066425,2.9774767190086777,3.567158998770088,-99.79908,-6.816936944663567,1.4862780944186471,15,62
2018,20180501,1.0,1751.3,931577.2856,71482.4781,105322.92810000002,1108382.6918,274813329.5643263,20502420.12546003,29988798.62905198,325304548.3188383,149.0,18.0,13.0,3.0,2.0,15.0,15.0,40.30692259887006,3.1777568178787376,1.5621164159155192,-97.73137231638418,-4.749229261047745,3.23191965309455,14,61
2018,20180502,1.0,1751.3,2969626.0717,371041.5572,3108042.5105,6448710.1394,648568111.9811797,85280457.46536171,696851565.840508,1430700135.2870493,140.0,150.0,34.0,4.0,10.0,30.0,30.0,38.51356261682243,1.3843968358311116,3.2398439761677817,-94.48132056074766,-1.4991775054112253,4.986622072676145,13,60
2018,20180503,1.0,1751.3,255027.4032,131059.4818,1736870.076,2122956.961,57171003.59012856,32172501.690539584,270068475.279603,359411980.56027114,19.0,47.0,10.0,5.0,10.0,45.0,30.0,37.92651842105263,0.7973526400613054,3.488538928079032,-91.13714736842105,1.8449956869153823,8.539621822922047,12,59
2018,20180504,1.0,1751.3,243058.6976,117986.8046,9700284.7967,10061330.2989,30841536.85044369,19099464.983665857,1599035785.2106133,1648976787.0447228,12.0,298.0,3.0,4.0,5.0,30.0,30.0,42.2054036231884,5.076237842197081,2.629714644109008,-76.78695326086957,16.19518979446687,5.666798440263354,11,58
2018,20180505,0.0,0.0,449795.5124,0.0,104798.3349,554593.8473,99670624.52366032,0.0,23611746.775916804,123282371.29957712,23.0,5.0,0.0,4.0,5.0,30.0,5.0,37.06498571428572,-0.06418006670560317,1.6840483717241845,-84.51192142857143,8.47022162676501,6.775682908556271,10,57
2018,20180506,0.0,0.0,453553.3715,0.0,668030.1768,1121583.5483,109869863.45617394,0.0,130397758.6432263,240267622.09940025,29.0,29.0,0.0,1.0,0.0,0.0,0.0,36.973610344827584,-0.15555543616373768,2.0913249332378605,-87.24349310344827,5.7386499518881635,7.436010987408766,9,56
2018,20180507,0.0,0.0,94846.1922,0.0,10099.2349,104945.4271,23253362.662029453,0.0,4342425.711150685,27595788.373180136,18.0,12.0,0.0,2.0,0.0,5.0,5.0,44.12140333333333,6.9922375523420115,2.8763552406957955,-100.91110333333333,-7.928960277996893,6.711227333381975,8,55
2018,20180508,0.0,0.0,77095.49130000001,2628.215,19654.568800000005,99378.2751,26521983.764396463,1244289.225987243,5562037.578598006,33328310.568981715,12.0,6.0,1.0,2.0,0.0,5.0,5.0,42.04121052631579,4.912044745324465,4.0514196899762815,-98.76854210526317,-5.786399049926729,5.557900072401025,7,54
2018,20180509,0.0,0.0,620676.5931,56992.5852,1721506.5171,2399175.6954,135649009.69137126,13791476.54443992,368917388.6790318,518357874.91484296,27.0,50.0,3.0,2.0,2.0,5.0,5.0,40.891146250000006,3.7619804690086838,2.1060238479989226,-90.04919,2.9329530553364407,6.038533708023555,6,53
2018,20180510,0.0,0.0,2612115.8438999997,0.0,3345427.3055999996,5957543.149499999,471434421.21441245,0.0,600464895.9385535,1071899317.152966,97.0,132.0,0.0,3.0,2.0,15.0,15.0,38.87176331877729,1.7425975377859686,2.3107929027013414,-86.74061353711791,6.2415295182185275,10.53824577629153,5,52
2018,20180511,0.0,0.0,105422.33460000002,1285.9569,111984.0696,218692.3611,23554407.47091076,352200.81784240215,34762272.4095709,58668880.69832406,15.0,37.0,2.0,3.0,2.0,15.0,15.0,40.4660225,3.3368567190086793,1.5156274500778477,-99.79111,-6.808966944663567,7.485501296088568,4,51
2018,20180512,0.0,0.0,1664591.6926999998,0.0,1590100.4618,3254692.1544999997,281481124.2955735,0.0,272102086.8739363,553583211.1695098,35.0,38.0,0.0,3.0,2.0,15.0,15.0,39.32109285714285,2.1919270761515293,1.8795780596750982,-79.55090142857144,13.431241626765,5.391694327778685,3,50
2018,20180513,1.0,1726.2,801750.4265999999,101714.1327,1167817.7194,2071282.2787,169738384.4576183,19536048.89731619,240283583.55756152,429558016.912496,69.0,44.0,3.0,4.0,2.0,30.0,15.0,38.36379646017699,1.2346306791856705,2.0783160346750336,-91.57270796460178,1.409435090734661,9.649367121550197,2,49
2018,20180514,1.0,1726.2,4409323.2343,190966.2965,5483008.9946,10083298.5254,961075331.901476,39700845.36350761,988945421.7347049,1989721598.9996889,254.0,193.0,12.0,3.0,2.0,15.0,15.0,38.19913041575492,1.0699646347636005,2.3874216495581564,-90.24102122538292,2.7411218299535136,8.815363185098194,1,48
2018,20180515,1.0,1726.2,5174633.4862,989047.406,24618102.8942,30781783.7864,842762021.6303273,137985367.65527594,3428678402.609409,4409425791.895012,153.0,370.0,14.0,4.0,2.0,30.0,15.0,39.00019180633147,1.87102602534015,3.4903706307988607,-82.33730782122905,10.64483523410739,10.804644558776827,0,47
2018,20180516,0.0,0.0,209970.037,10648.6949,184501.0118,405119.7437,52475597.20245731,2604489.743512136,37774181.97971685,92854268.9256863,37.0,14.0,1.0,4.0,5.0,30.0,30.0,36.77504230769231,-0.35412347329901195,5.458629448983712,-97.06439615384616,-4.0822530985097245,8.221999053089498,1,46
2018,20180517,0.0,0.0,338582.42079999996,10663.8585,286659.93220000004,635906.2115,85402374.3443732,2585610.026093802,75160368.36283164,163148352.73329863,82.0,83.0,1.0,2.0,0.0,5.0,5.0,39.37255304878048,2.24338726778916,5.442448395999677,-99.8623756097561,-6.880232554419663,6.335893652194364,2,45
2018,20180518,0.0,0.0,495072.0662,23079.8457,226462.1145,744614.0264,103187950.90553102,5337601.45787884,50166191.38707812,158691743.75048798,75.0,32.0,6.0,3.0,2.0,15.0,15.0,37.53684722222222,0.4076814412308991,2.6656655848710753,-99.95219537037038,-6.970052315033939,5.204288625925844,3,44
2018,20180519,0.0,0.0,1472221.721,86421.7984,699629.5755,2258273.0949,366709992.5235818,20250298.98686398,172157588.62285736,559117880.1333032,134.0,59.0,6.0,3.0,2.0,15.0,15.0,36.88798080808081,-0.24118497291051,1.5213845254068956,-94.72429393939393,-1.7421508840574944,3.5076085943026825,4,43
2018,20180520,0.0,0.0,755670.3074,26588.381500000003,1671989.4425,2454248.1314000003,175919929.20969835,4656578.757134802,364689899.4742123,545266407.4410454,44.0,78.0,1.0,4.0,5.0,30.0,30.0,35.99318699186992,-1.1359787891214026,2.1608539186012363,-88.85262520325203,4.129517852084405,5.170539553172088,5,42
2018,20180521,0.0,0.0,666580.1321,61079.5982,606332.4190999999,1333992.1494,131571829.57652722,12674779.535167515,125175762.27842005,269422371.3901148,53.0,27.0,5.0,2.0,2.0,5.0,5.0,36.40768588235294,-0.7214798986383784,3.5051391585428813,-96.52311294117646,-3.5409698858400276,11.7895442636967,6,41
2018,20180522,0.0,0.0,1024776.1372,1366.6038999999998,1989380.9975,3015523.7386,215059384.10977268,418888.03771316767,418321259.2886443,633799531.4361302,58.0,62.0,1.0,3.0,2.0,15.0,5.0,39.476422314049586,2.347256533058264,3.3982412714394776,-90.19133636363637,2.7908066917000696,11.519736100087835,7,40
2018,20180523,0.0,0.0,256133.7192,9141.6509,251671.622,516946.9921,64990268.728729054,1779360.6310528335,60292265.02720257,127061894.38698448,83.0,29.0,3.0,3.0,0.0,15.0,5.0,39.36846173913043,2.2392959581391096,5.229049631416928,-100.78234608695652,-7.800203031620086,6.521702559743854,8,39
2018,20180524,0.0,0.0,139394.69090000002,12050.2547,415002.5442999999,566447.4898999999,38969627.04722412,2381515.220411866,111673644.53181762,153024786.79945362,34.0,36.0,1.0,3.0,0.0,15.0,15.0,41.77656666666667,4.647400885675346,4.979985136366511,-97.13164347826087,-4.149500422924433,4.1108000409423004,9,38
2018,20180525,0.0,0.0,872760.0922000002,25397.7299,671301.8752000001,1569459.6973000003,229107487.30829263,7782318.551513067,168548963.0935354,405438768.9533411,75.0,53.0,4.0,3.0,0.0,15.0,15.0,39.94528538461538,2.8161196036240597,4.989627312085112,-95.65764076923077,-2.6754977138943303,6.9136176530909745,10,37
2018,20180526,0.0,0.0,695025.8717,0.0,818727.4631999999,1513753.3349,165559562.43934402,0.0,170594498.73015493,336154061.1694989,77.0,43.0,0.0,3.0,0.0,15.0,15.0,41.1418949579832,4.012729176991876,6.206558217585611,-94.83935630252101,-1.8572132471845748,9.249550418645077,11,36
2018,20180527,0.0,0.0,723460.1292,134799.2174,820223.5542,1678482.9008,175369198.64541256,26322571.776461624,189532535.27322415,391224305.69509834,97.0,88.0,9.0,3.0,2.0,15.0,15.0,40.342419170984456,3.2132533899931346,2.849603728900908,-98.36403937823835,-5.381896322901909,7.345365379066105,12,35
2018,20180528,0.0,0.0,854758.5449,255088.9115,1223837.5712,2333685.0275999997,209716908.6895459,50759281.42661339,283253297.2852529,543729487.4014122,125.0,86.0,30.0,3.0,5.0,15.0,15.0,39.645304149377594,2.5161383683862724,3.011332912817188,-97.7898755186722,-4.807732463335768,6.9048607388882095,13,34
2018,20180529,0.0,0.0,1230388.5127,53114.9377,1059582.5414,2343085.9918,341331663.71993893,11866750.812953988,287141979.7390965,640340394.2719895,176.0,120.0,8.0,4.0,5.0,30.0,30.0,40.222058561643834,3.0928927806525124,3.9685117126315936,-96.65949109589042,-3.67734804055398,3.355086685610622,14,33
2018,20180530,0.0,0.0,223668.5973,131554.3703,1813663.3667,2168886.3343,50873652.239387095,28430712.639288086,427847261.8969396,507151626.77561474,42.0,109.0,5.0,4.0,5.0,30.0,30.0,37.783314102564105,0.6541483215727837,3.694964284439525,-95.38311794871795,-2.400974893381516,8.596747299512522,15,32
2018,20180531,0.0,0.0,951476.2192,49334.734,8121052.666900001,9121863.6201,234452984.8676928,13231614.55502129,1878118268.597668,2125802868.020382,103.0,355.0,8.0,4.0,2.0,30.0,15.0,38.9130060475162,1.7838402665248765,2.958353602277883,-90.17390539956803,2.8082376557684086,7.963179160553031,16,31
2018,20180601,0.0,0.0,303229.4797,22193.328800000003,3984468.7142,4309891.5227,83776069.57220984,8404217.265028242,826455538.1681122,918635825.0053502,94.0,204.0,15.0,4.0,2.0,30.0,30.0,39.79031377049181,2.661147989500485,4.988511543880414,-93.61721409836065,-0.6350710430242117,8.924524643442508,17,30
2018,20180602,0.0,0.0,321641.83869999996,0.0,2343062.3997000004,2664704.2384,71810536.32883132,0.0,512441434.5196545,584251970.8484858,25.0,163.0,0.0,4.0,5.0,30.0,30.0,35.10647872340426,-2.0226870575870635,3.7539817193584577,-88.62571063829787,4.356432417038562,5.8012349712866005,18,29
2018,20180603,0.0,0.0,666845.5991999999,34952.621399999996,2328052.7934999997,3029851.0140999993,129532440.43398996,7742661.327117928,444769106.9639233,582044208.7250311,47.0,109.0,3.0,3.0,2.0,15.0,15.0,33.091598089171974,-4.037567691819348,2.6226247352817573,-91.5348458598726,1.4472971954638325,9.899148580258677,19,28
2018,20180604,0.0,0.0,72136.3932,0.0,395245.61530000006,467382.00850000005,15122509.296137484,0.0,72129213.57815927,87251722.87429675,11.0,18.0,0.0,3.0,2.0,15.0,15.0,35.1723724137931,-1.9567933671982232,7.533107073867648,-95.10673793103449,-2.124594875698051,10.784660464534609,20,27
2018,20180605,0.0,0.0,207772.15959999996,0.0,390916.5954,598688.7549999999,48742986.72483049,0.0,90947222.01014224,139690208.73497275,28.0,79.0,0.0,2.0,2.0,5.0,5.0,43.976350000000004,6.847184219008682,4.912573839230417,-98.69042156862746,-5.70827851329102,8.732523775168703,21,26
2018,20180606,1.0,1625.0,1475867.5917,15109.8664,626263.9132999999,2117241.3713999996,345079355.7854704,3223007.0483737476,169700889.06075373,518003251.8945979,119.0,86.0,3.0,3.0,2.0,15.0,15.0,40.68498243902439,3.5558166580330663,4.106012606900209,-97.62605804878048,-4.643914993444042,6.185398384335266,22,25
2018,20180607,0.0,0.0,409942.1039000001,836.3732,468463.74879999994,879242.2259,91726266.67669068,326055.1352008154,102236149.74568234,194288471.55757383,61.0,80.0,1.0,3.0,2.0,15.0,15.0,40.168536567164175,3.039370786172853,6.277666630368024,-101.41043507462686,-8.428292019290424,5.69175742577574,23,24
2018,20180608,0.0,0.0,715651.4862,19554.650599999997,1175302.1516,1910508.2884,187225870.47386935,6357332.034249997,268234135.03975883,461817337.54787815,85.0,89.0,7.0,3.0,2.0,15.0,15.0,41.192586033519554,4.063420252528232,4.951068666048514,-95.11913910614525,-2.1369960508088184,7.3919934049711,24,23
2018,20180609,0.0,0.0,675138.8011,142996.94280000002,3062335.853,3880471.5969,177362091.54041997,34805255.73100743,690559315.4484339,902726662.7198611,54.0,175.0,6.0,4.0,2.0,30.0,15.0,39.29219449541284,2.1630287144215217,4.382365535789812,-90.59957844036697,2.3825646149694677,7.004020108818967,25,22
2018,20180610,0.0,0.0,411523.1607,51248.9359,2885110.3645,3347882.4611,99948204.9922127,11222904.589001471,602804644.9022917,713975754.4835058,46.0,117.0,2.0,3.0,5.0,15.0,15.0,39.689506060606064,2.560340279614742,4.100659062253419,-89.58990363636363,3.3922394189728067,7.8774689899296915,26,21
2018,20180611,0.0,0.0,1262551.6203,62666.7755,2472013.5817,3797231.9775,293770185.731856,16391425.42976754,541197397.6940671,851359008.8556907,85.0,141.0,6.0,3.0,2.0,15.0,15.0,38.111479464285715,0.9823136832943931,3.076548787608618,-90.24683794642858,2.735305108907852,6.89917312279086,27,20
2018,20180612,0.0,0.0,495501.0914,2453.6088,649577.2936999999,1147531.9939,114727278.19029856,706368.1052931561,158570078.1339377,274003724.4295294,83.0,53.0,1.0,4.0,5.0,30.0,30.0,37.03385839416059,-0.09530738683073281,1.9631036868289742,-97.84628832116789,-4.8641452658314535,5.26273751126822,28,19
2018,20180613,1.0,1193.8,361409.4921,189900.2807,2460846.7868999997,3012156.5596999996,64189175.46072665,32004651.78103523,414936652.83465475,511130480.0764166,37.0,100.0,5.0,3.0,2.0,15.0,15.0,39.3064255319149,2.177259750923575,4.072932298136148,-88.4586390070922,4.523504048244234,11.098874618599696,29,18
2018,20180614,0.0,0.0,552793.4162,8696.8877,924121.2961,1485611.6,141751315.71023616,1646014.3887430767,208567754.45134312,351965084.55032235,93.0,71.0,4.0,3.0,2.0,15.0,5.0,42.07768214285714,4.948516361865821,5.701979951135592,-94.61027142857144,-1.6281283732350005,7.488164237181967,30,17
2018,20180615,0.0,0.0,749193.5478000002,10815.2488,551451.6063,1311460.4029,193194339.62883988,2589706.5371465622,124184015.42261104,319968061.5885975,74.0,39.0,1.0,4.0,5.0,30.0,30.0,41.43420370370371,4.305037922712387,5.370716033553655,-91.23166481481482,1.7504782405216162,7.576321980463052,31,16
2018,20180616,0.0,0.0,610450.1765,30250.5569,1972218.1140999997,2612918.8474999997,147349761.61030218,8085066.967492958,436145639.3152098,591580467.8930049,42.0,86.0,3.0,3.0,2.0,15.0,15.0,40.0737786259542,2.944612844962876,4.761087848332525,-90.5594290076336,2.42271404770284,8.39156458605435,32,15
2018,20180617,0.0,0.0,284996.7373,9020.5644,1502676.0676,1796693.3693,66821086.94331111,2881936.478451647,362333627.810256,432036651.2320188,21.0,103.0,5.0,4.0,5.0,30.0,30.0,41.1879512,4.058785419008679,4.3319629045305055,-90.8509312,2.1312118553364314,7.3482239057653,33,14
2018,20180618,1.0,2778.8,1225818.6211,83079.6838,8958630.3759,10267528.6808,217297615.17095497,16589842.935555046,1408204965.4614537,1642092423.5679636,65.0,218.0,6.0,3.0,2.0,15.0,15.0,41.31039024390244,4.181224462911118,2.0286827953552073,-84.54164111498258,8.440501940353855,13.572148528619879,34,13
2018,20180619,1.0,2778.8,1419931.5391,75633.2007,1124191.4670000002,2619756.2068,272322430.57911295,14434624.978463104,249615454.5953769,536372510.15295297,136.0,105.0,8.0,3.0,2.0,15.0,15.0,39.35511370967742,2.2259479286860966,1.4389187447741072,-100.34808911290322,-7.365946057566788,5.773156854708815,35,12
2018,20180620,0.0,0.0,150513.00160000002,67183.5246,1809146.7012,2026843.2274,31517165.791302577,20683743.94843797,347516547.1692962,399717456.9090368,8.0,75.0,7.0,4.0,5.0,30.0,30.0,37.24452222222222,0.11535644123090094,3.527888706484845,-86.82067666666666,6.16146638866978,9.407424776745417,36,11
2018,20180621,0.0,0.0,125334.1815,44326.2266,625592.7463000001,795253.1544000001,27346647.340365805,9795556.577898154,140873857.35433623,178016061.27260017,20.0,46.0,3.0,3.0,2.0,15.0,5.0,38.3645,1.2353342190086778,4.762595063093235,-95.10042898550725,-2.1182859301708135,11.122853865050336,37,10
2018,20180622,0.0,0.0,230906.8124,179552.0116,3457193.853,3867652.677,55857313.188344166,39075376.2371314,710579278.0637234,805511967.489199,62.0,220.0,9.0,2.0,2.0,5.0,5.0,36.47815807560138,-0.6510077053899437,3.0459333527069807,-93.51538384879724,-0.5332407934608057,9.017245987694938,38,9
2018,20180623,0.0,0.0,429894.788,16409.428000000004,1912715.3716,2359019.5876,100479736.04356503,4780242.246203007,394523571.1930414,499783549.4828094,63.0,98.0,3.0,4.0,5.0,30.0,30.0,36.70681288343558,-0.42235289755574,3.04455003004554,-93.50085214723926,-0.5187090919028208,8.025195060921831,39,8
2018,20180624,0.0,0.0,784454.3252000001,70718.8845,7673093.023900001,8528266.233600002,163580416.39316124,18068885.180332556,1397489476.4848905,1579138778.0583842,64.0,356.0,9.0,3.0,2.0,15.0,15.0,36.79323990498812,-0.335925876003202,2.570520595831563,-90.0598619952494,2.9222810600870304,10.03903799273853,40,7
2018,20180625,0.0,0.0,658394.3316,49843.8915,5650947.225100001,6359185.448200001,130913645.19712707,12246932.800064044,1126311389.6010578,1269471967.598249,26.0,244.0,3.0,4.0,5.0,30.0,30.0,35.69024169741697,-1.4389240835743493,3.835803987798441,-87.04185830258302,5.9402847527534135,10.499863899301143,41,6
2018,20180626,0.0,0.0,668889.3033,438652.25489999994,4845816.623500001,5953358.181700001,165523899.20288897,98514441.64543796,1109366502.837652,1373404843.685979,84.0,244.0,19.0,3.0,5.0,15.0,5.0,38.298475792507205,1.1693100115158828,3.258142326664014,-90.9368492795389,2.045293775797532,6.392988686289606,42,5
2018,20180627,0.0,0.0,251764.0364,181640.6532,2096425.8345,2529830.5241,60939822.97570556,34583016.12914176,438062922.1449093,533585761.24975663,44.0,89.0,5.0,4.0,5.0,30.0,30.0,38.4297094890511,1.3005437080597773,4.374934757091396,-89.56441240875913,3.4177306465773114,8.93616401291966,43,4
2018,20180628,0.0,0.0,550398.0118999999,60640.57840000001,8109247.937900001,8720286.5282,147680251.92264506,15909388.811047005,1823616047.8687353,1987205688.6024275,101.0,485.0,12.0,3.0,5.0,15.0,5.0,38.91431478991596,1.7851490089246411,5.383312966732877,-91.67360285714285,1.3085401981935831,6.595673058724515,44,3
2018,20180629,0.0,0.0,92804.6946,50390.0431,471878.67,615073.4077,31591863.423306488,11193144.269178491,143272952.03920466,186057959.73168963,62.0,183.0,7.0,5.0,10.0,45.0,30.0,45.384447435897435,8.255281654906113,3.324715050014317,-98.1924311965812,-5.21028814124476,5.874500799429601,45,2
2018,20180630,0.0,0.0,684595.5253,40214.0165,1904169.4932999995,2628979.0351,162918235.50104186,11090433.35915037,482884060.5910717,656892729.4512639,82.0,202.0,6.0,3.0,5.0,15.0,15.0,40.283988620689655,3.1548228396983333,3.553456522681791,-96.05985482758621,-3.0777117722497707,5.87177036688067,46,1
2018,20180701,0.0,0.0,53287.314900000005,0.0,2344100.5225,2397387.8374,17354974.789089933,0.0,541086880.3138888,558441855.1029787,7.0,101.0,0.0,4.0,5.0,30.0,30.0,41.574851851851854,4.445686070860532,3.439167747686277,-87.1711175925926,5.811025462743842,4.476310908055369,47,0
2018,20180702,0.0,0.0,165374.8383,0.0,2273781.8947,2439156.733,56395079.613750435,0.0,417160182.08046955,473555261.69422,66.0,96.0,0.0,3.0,5.0,15.0,5.0,42.53610931677019,5.406943535778865,3.996888346714256,-91.34793478260869,1.6342082727277472,11.99451982200237,48,1
2018,20180703,0.0,0.0,667570.2136,0.0,3137978.4006,3805548.6142,100347513.46029632,0.0,514419941.0050265,614767454.4653229,35.0,148.0,0.0,3.0,2.0,15.0,15.0,41.48318888888889,4.354023107897568,5.606218196871879,-93.67394666666665,-0.6918036113302151,10.902922465968818,49,2
2018,20180704,0.0,0.0,94245.8764,74952.2583,2461013.6888,2630211.8235,23450065.983554225,14397148.86446272,527562097.48693913,565409312.334956,16.0,156.0,6.0,3.0,2.0,15.0,15.0,42.86831011235955,5.73914433136823,4.51344879352381,-91.57686404494382,1.4052790103926185,7.8814031192399625,50,3
2018,20180705,0.0,0.0,175702.2629,42484.71910000001,2899230.0089,3117416.9909,37258531.62179186,6819485.106083135,640856977.6772895,684934994.4051645,10.0,122.0,2.0,3.0,2.0,15.0,15.0,37.58674104477612,0.45757526378479696,2.915261907867036,-87.5963671641791,5.385775891157337,7.145464492494531,51,4
2018,20180706,0.0,0.0,107034.5694,0.0,2629075.8117999993,2736110.3811999992,19546988.16745211,0.0,537108842.0406878,556655830.2081399,3.0,116.0,0.0,2.0,0.0,5.0,5.0,34.95789579831933,-2.171269982671994,2.0179922308981393,-86.74563613445378,6.236506920882661,6.462734444683371,52,5
2018,20180707,0.0,0.0,2796.5294999999996,0.0,200527.265,203323.7945,945784.9017910216,0.0,34380818.459118865,35326603.36090989,3.0,13.0,0.0,2.0,2.0,5.0,5.0,37.9133375,0.7841717190086754,6.855615086032277,-99.06805625,-6.085913194663561,9.973538418165592,53,6
2018,20180708,0.0,0.0,79720.60290000001,17988.3129,400393.0303,498101.94610000006,27463260.751518037,3970532.926384155,98040310.13429327,129474103.81219548,22.0,69.0,2.0,3.0,0.0,15.0,15.0,45.44369673913043,8.314530958139109,4.667676425912809,-97.95591739130435,-4.973774335967917,5.367412856161278,54,7
2018,20180709,0.0,0.0,39671.354,13951.8729,761311.4064000002,814934.6333000002,10421438.2324912,3268625.3056352604,133411208.73748045,147101272.2756069,20.0,48.0,3.0,3.0,2.0,15.0,15.0,39.89311126760563,2.763945486614311,7.309302536798057,-107.36310985915492,-14.380966803818481,6.77579140251012,55,8
2018,20180710,0.0,0.0,157875.5475,29348.0015,899268.3189999999,1086491.8679999998,34969090.966051444,4242313.871880252,157855971.53388807,197067376.37181976,17.0,61.0,1.0,2.0,2.0,5.0,5.0,44.49988101265823,7.370715231666907,3.8717042663629813,-87.54611645569621,5.436026599640229,16.031190955610207,56,9
2018,20180711,0.0,0.0,117158.22500000002,7180.928800000001,784427.5174,908766.6712,23346285.44472975,2294374.9601142793,142495792.7871097,168136453.19195372,8.0,37.0,3.0,4.0,5.0,30.0,15.0,39.40991666666667,2.280750885675346,5.731687447690619,-90.24999791666666,2.732145138669779,11.54972807146944,57,10
2018,20180712,0.0,0.0,38946.2307,11493.825,645592.0194000001,696032.0751000001,10959217.965781052,2080324.860307802,164606214.53464615,177645757.360735,8.0,51.0,1.0,3.0,5.0,15.0,15.0,40.49121052631578,3.362044745324461,4.9407085005841385,-92.94010350877193,0.04203954656451003,7.353369757561229,58,11
2018,20180713,0.0,0.0,99961.0358,845.52,1205067.2218,1305873.7776,25339954.755200543,348450.4316088336,293430098.0042009,319118503.19101024,7.0,61.0,1.0,3.0,0.0,15.0,5.0,41.262949275362324,4.133783494371002,3.0997267671153748,-92.04004492753623,0.9420981278002074,5.679582774535885,59,12
2018,20180714,0.0,0.0,86160.6485,1961.909,891880.7423999999,980003.2999,20323987.205075108,1085789.1309355125,173196994.7818992,194606771.11790985,8.0,39.0,2.0,2.0,0.0,5.0,0.0,38.65628979591837,1.5271240149270469,4.343052326045441,-91.13115714285715,1.8509859124792882,9.092656117920109,60,13
2018,20180715,0.0,0.0,73731.3218,0.0,757572.1538000001,831303.4756000001,17053474.302637655,0.0,154872759.5554366,171926233.85807428,6.0,35.0,0.0,3.0,2.0,15.0,15.0,38.627175609756094,1.498009828764772,3.238570844506917,-87.3621,5.620043055336438,11.176312921464758,61,14
2018,20180716,0.0,0.0,173948.9137,0.0,1659923.0011,1833871.9148,35411982.598719746,0.0,285670792.03032273,321082774.6290425,21.0,79.0,0.0,2.0,0.0,5.0,0.0,40.260046464646464,3.1308806836551426,3.819879089450751,-90.57276363636365,2.40937941897279,11.25255376189682,62,15
2018,20180717,0.0,0.0,35846.1207,65492.80790000001,3599255.8056000005,3700594.7342000008,10233776.689308569,9651484.650288306,568447474.373207,588332735.7128038,24.0,101.0,1.0,3.0,2.0,15.0,15.0,40.18045079365079,3.05128501265947,3.65759488581764,-89.75799523809525,3.224147817241189,14.544852206434319,63,16
2018,20180718,0.0,0.0,104890.1102,2149.6783,165776.1867,272815.9752,36177304.57394689,1230508.820574422,39372580.757527016,76780394.15204833,37.0,29.0,2.0,3.0,2.0,15.0,15.0,40.96756764705883,3.8384018660675068,4.086073351904808,-99.08203823529412,-6.099895179957684,5.980448924946134,64,17
2018,20180719,1.0,1981.6,718324.8999,237527.7925,1762698.7905,2718551.4829,185000916.79941997,73438923.58426648,438819256.6956107,697259097.0792972,80.0,156.0,24.0,4.0,5.0,30.0,15.0,38.99529729729729,1.8661315163059697,2.727724867437062,-95.12055057915059,-2.138407523814152,4.378973448959869,65,18
2018,20180720,1.0,1981.6,2767716.1909,269765.17380000005,4881541.5323,7919022.897,656451947.2504545,61102565.60483402,1120104987.163553,1837659500.0188415,145.0,203.0,10.0,3.0,2.0,15.0,15.0,37.419201675977654,0.29003589498633175,1.7910644737029369,-87.61071340782122,5.371429647515214,5.2795542711434065,66,19
2018,20180721,1.0,1981.6,2143102.1542,23979.142399999997,4337453.1425,6504534.439099999,421171235.03826225,4544036.001803064,877116775.3493965,1302832046.3894618,107.0,246.0,1.0,5.0,10.0,30.0,45.0,35.84697005649718,-1.2821957244941444,5.286939462187411,-89.61233728813559,3.3698057672008446,8.642795964762836,67,20
2018,20180722,1.0,1981.6,507230.0886000001,92577.1989,3586890.5319000003,4186697.8194,105660230.8586171,12915021.011671444,666710096.909346,785285348.7796345,47.0,176.0,1.0,3.0,2.0,15.0,15.0,34.192178636363636,-2.936987144627686,4.144431696029925,-85.53011,7.452033055336443,8.179843094999052,68,21
2018,20180723,0.0,0.0,271155.5835,77209.5784,1111224.6241,1459589.7859999998,51721913.40519502,14712244.973568909,207180450.83502993,273614609.2137939,16.0,41.0,4.0,3.0,2.0,15.0,15.0,36.12988196721311,-0.999283813778213,4.247657534944336,-89.586468852459,3.39567420287743,12.798888003983532,69,22
2018,20180724,0.0,0.0,246725.0078,60117.0784,163738.7111,470580.7973,46677280.818184905,8893985.758196352,29504204.707555417,85075471.28393668,24.0,13.0,1.0,3.0,2.0,15.0,5.0,39.75917894736842,2.630013166377097,3.7706976338644926,-102.08647631578947,-9.104333260453032,6.964999627963524,70,23
2018,20180725,0.0,0.0,392375.23550000007,26232.2062,628555.7231000001,1047163.1648,107874422.19817276,4645606.261361636,148808297.87609497,261328326.33562937,50.0,83.0,1.0,2.0,0.0,5.0,5.0,40.75656940298507,3.62740362199375,4.003114248457024,-99.43694701492538,-6.4548039595889435,8.849016435873507,71,24
2018,20180726,1.0,1063.8,811040.3319999999,113960.345,1346778.4838,2271779.1607999997,176554717.71819535,17782011.559035324,280456517.6082586,474793246.8854893,62.0,69.0,3.0,3.0,2.0,15.0,15.0,40.94697819548872,3.8178124144973964,2.642817627346785,-96.28875413533835,-3.3066110800019146,11.635762458912135,72,25
2018,20180727,1.0,1063.8,827043.4219999999,125998.3585,7367360.118399999,8320401.8988999985,152311135.31690735,20779484.552067287,1102282598.953192,1275373218.8221667,97.0,169.0,8.0,3.0,2.0,15.0,15.0,41.02545437956204,3.8962885985707203,3.2372280595024208,-89.93846313868613,3.043679916650305,14.547540368592061,73,26
2018,20180728,1.0,1063.8,718456.9756,20853.5823,2384374.2129,3123684.7708,122762380.18079457,4527187.444085246,377255585.94475055,504545153.5696304,53.0,90.0,5.0,4.0,5.0,30.0,30.0,40.82734121621622,3.698175435224897,3.570270597548348,-90.71784662162162,2.2642964337148186,14.968032736438824,74,27
2018,20180729,1.0,1063.8,918145.8361,107958.73140000002,537589.6131,1563694.1806,175654644.66818708,20642634.01152824,125814412.43583237,322111691.1155477,104.0,75.0,11.0,3.0,5.0,15.0,15.0,38.83599,1.7068242190086806,3.5687778450556147,-101.35431210526315,-8.372169049926711,4.701374203708087,75,28
2018,20180730,0.0,0.0,100510.3089,27443.722599999997,1438950.5156000005,1566904.5471000003,21850481.714350544,8381869.528107918,297805356.4493945,328037707.691853,16.0,84.0,4.0,3.0,5.0,15.0,15.0,35.44887980769231,-1.6802859732990143,2.2683740616933266,-101.78653942307693,-8.804396367740495,8.496003901062977,76,29
2018,20180731,0.0,0.0,106553.9273,138988.2911,593848.9554999999,839391.1738999999,24396397.149464644,32193611.96475792,128107805.10557824,184697814.2198008,21.0,36.0,4.0,2.0,2.0,5.0,5.0,36.46945573770492,-0.6597100432864025,4.736338299520866,-92.44342295081967,0.53872010451677,9.364375423333424,77,30
2018,20180801,0.0,0.0,474161.97539999994,72007.6823,2072966.2714,2619135.9291,116033071.42225836,13316856.46516235,333827356.1378815,463177284.02530223,34.0,51.0,2.0,2.0,2.0,5.0,5.0,38.65630229885058,1.5271365178592546,3.925941077848575,-90.77606206896552,2.206080986370921,11.057315950833988,78,31
2018,20180802,0.0,0.0,192946.896,177315.7858,2175348.1044,2545610.7862,38776913.77516801,24448021.534666747,387621622.42042667,450846557.73026145,9.0,74.0,3.0,3.0,2.0,15.0,5.0,37.75786511627907,0.6286993352877488,3.8951490146158627,-93.12254069767441,-0.14039764233797314,15.881528118328708,79,32
2018,20180803,0.0,0.0,514090.1662,86516.5155,3149056.4067999995,3749663.0885,132205725.02721465,16453182.160959858,467905184.2329944,616564091.4211689,45.0,101.0,3.0,2.0,2.0,5.0,5.0,43.26900202702702,6.139836246035699,2.808341855473931,-91.4465222972973,1.53562075803913,13.270423586090283,80,33
2018,20180804,0.0,0.0,30395.6043,127864.7156,1036924.6079,1195184.9278000002,10440902.535160547,19681483.441327043,175889545.88302833,206011931.8595159,14.0,32.0,3.0,3.0,2.0,15.0,15.0,43.07763404255319,5.948468261561871,2.294265699073749,-86.09849574468085,6.88364731065559,13.163633357208983,81,34
2018,20180805,0.0,0.0,198878.5409,6395.9061,709692.7757,914967.2227,55814319.891190216,2367759.253423431,194606174.43504053,252788253.5796542,29.0,69.0,1.0,3.0,2.0,15.0,15.0,41.99895656565657,4.869790784665248,3.6858705771170914,-94.92688787878788,-1.944744823451444,7.14136762664065,82,35
2018,20180806,1.0,1281.4,1202041.7648,75085.4802,3154124.2233,4431251.4683,240089084.6169516,16077469.790105404,676072948.8092659,932239503.2163228,108.0,137.0,3.0,3.0,5.0,15.0,15.0,39.09624475806452,1.9670789770732,3.3502011290116167,-93.16777862903227,-0.1856355736958335,9.591160237882136,83,36
2018,20180807,1.0,1281.4,583394.2133,47457.4239,5529288.7754999995,6160140.412699999,106154008.8405949,10141243.593990453,947378218.507898,1063673470.9424832,48.0,165.0,3.0,3.0,2.0,15.0,15.0,39.105881018518524,1.976715237527202,3.6877136854457775,-86.12304629629631,6.859096759040128,12.489182241506732,84,37
2018,20180808,0.0,0.0,411317.3605,11736.85,5657274.4427,6080328.6532,85365556.61475758,2244018.668515615,1077887202.0267231,1165496777.3099964,30.0,196.0,1.0,3.0,2.0,15.0,15.0,36.42598017621145,-0.7031856047798684,3.267145284103095,-86.9658524229075,6.016290632428934,10.481847966869125,85,38
2018,20180809,0.0,0.0,345633.28250000003,38456.351,2692207.4496,3076297.0831,65508487.0778805,8557498.564995876,497692832.4777243,571758818.1206007,20.0,104.0,2.0,2.0,0.0,5.0,5.0,34.877338095238095,-2.251827685753227,4.192189431251545,-86.9433507936508,6.038792261685643,11.283273866425443,86,39
2018,20180810,0.0,0.0,209357.9492,0.0,926243.9409,1135601.8901,44678072.882453255,0.0,211379959.58771777,256058032.47017103,13.0,57.0,0.0,2.0,0.0,5.0,0.0,35.988705714285715,-1.1404600667056073,2.849133373800883,-93.54611714285714,-0.5639740875207053,8.48377062081822,87,40
2018,20180811,0.0,0.0,372867.485,3364.539,1269700.5045,1645932.5285,69891864.96783115,935968.1344164804,232489385.900466,303317219.0027137,15.0,43.0,1.0,2.0,0.0,5.0,5.0,37.9651,0.8359342190086778,4.358546056490827,-91.76047796610169,1.2216650892347474,14.71593341535615,88,41
2018,20180812,0.0,0.0,538511.5492,0.0,2459972.0025000004,2998483.5517000007,93231404.25090528,0.0,432493617.8550334,525725022.1059387,15.0,90.0,0.0,2.0,0.0,5.0,5.0,35.88972038834952,-1.2394453926418052,3.113177886282611,-89.15259708737865,3.8295459679577846,13.315357927614324,89,42
2018,20180813,0.0,0.0,886687.27,0.0,1911023.0281,2797710.2981,161514893.15573248,0.0,305922238.10684323,467437131.26257575,26.0,45.0,0.0,2.0,0.0,5.0,5.0,37.37974225352112,0.25057647252980075,3.156171399956506,-80.28731830985915,12.694824745477291,5.822038607648155,90,43
2018,20180814,0.0,0.0,437107.0237,11412.0182,545479.3271999999,993998.3691,86647294.638028,2904780.6825629883,99623789.85893267,189175865.17952365,39.0,33.0,1.0,2.0,0.0,5.0,5.0,37.8760904109589,0.7469246299675802,3.8773958973117666,-97.64741780821917,-4.665274752882738,11.083540928135307,91,44
2018,20180815,0.0,0.0,94193.0921,35926.538,411622.3388,541741.9689,17426296.456695966,7623480.609449614,87354888.79116145,112404665.85730705,20.0,27.0,1.0,2.0,2.0,5.0,5.0,39.97422708333333,2.8450613023420104,3.147779290955774,-94.3552375,-1.3730944446635647,11.865157307609062,92,45
2018,20180816,0.0,0.0,506123.029,105716.60809999998,1135856.8677,1747696.5048,123843784.84428476,18069275.94484721,259784403.70300952,401697464.4921415,41.0,75.0,4.0,3.0,2.0,15.0,15.0,37.06749333333333,-0.061672447657990404,2.8784225120899873,-93.288335,-0.30619194466356703,7.377403056194955,93,46
2018,20180817,0.0,0.0,554880.4962,8166.111000000001,7859564.3436,8422610.9508,86769257.9803749,2027265.3940602492,1143536711.012343,1232333234.386778,24.0,137.0,1.0,3.0,2.0,15.0,15.0,39.21672901234568,2.087563231354359,3.3388265796205068,-82.93985617283951,10.042286882496924,11.804382797800619,94,47
2018,20180818,0.0,0.0,82545.40379999999,8938.9011,1208944.4981999998,1300428.8030999997,18235090.633209884,1946698.4157442916,199533390.6127144,219715179.6616686,23.0,43.0,2.0,3.0,2.0,15.0,15.0,37.10986,-0.019305780991324184,3.8183752614331943,-94.49126307692308,-1.5091200215866394,11.722008127204155,95,48
2018,20180819,0.0,0.0,109304.0178,154877.6984,401122.8954,665304.6116,24047528.717295375,39728564.25772224,87212579.575639,150988672.55065662,11.0,25.0,12.0,3.0,2.0,15.0,15.0,36.94008541666667,-0.1890803643246528,3.111325337905606,-92.00132291666667,0.9808201386697704,7.550240544181061,96,49
2018,20180820,0.0,0.0,82079.98849999999,148120.02140000003,545396.8768000001,775596.8867000001,18893046.116249405,31576712.341331504,126325258.51754937,176795016.97513026,5.0,43.0,6.0,3.0,5.0,15.0,5.0,35.044864814814815,-2.0843009661765066,3.7260293338436252,-91.83560555555556,1.1465374997808766,5.406524769845196,97,50
2018,20180821,0.0,0.0,3032.1726,56574.6042,920952.2963,980559.0731,788568.918361248,10970726.930563107,154459578.43866318,166218874.28758755,2.0,29.0,2.0,4.0,5.0,30.0,15.0,38.9395,1.8103342190086806,2.3418010136431318,-86.1581090909091,6.824033964427343,12.307715007398906,98,51
2018,20180822,0.0,0.0,122545.0805,0.0,47855.79290000001,170400.8734,23623404.88501106,0.0,8732265.908581639,32355670.7935927,16.0,7.0,0.0,3.0,2.0,15.0,5.0,39.94951304347826,2.8203472624869406,3.92203484307275,-110.24195217391303,-17.259809118576598,2.8627624568634547,99,52
2018,20180823,0.0,0.0,54381.104199999994,1859.1547,115077.6881,171317.947,16416568.901376802,1139618.9460220214,23923151.826628324,41479339.674027145,31.0,19.0,2.0,2.0,0.0,5.0,5.0,43.06960769230769,5.94044191131637,3.5035625543849904,-103.21427499999999,-10.23213194466355,3.771872686177954,100,53
2018,20180824,0.0,0.0,183203.7054,0.0,35035.0596,218238.765,52239614.036285944,0.0,9932817.97729326,62172432.013579205,12.0,6.0,0.0,3.0,5.0,15.0,15.0,42.518235294117645,5.389069513126323,2.6707565297451707,-94.48764705882353,-1.50550400348709,1.9695987199546634,101,54
2018,20180825,0.0,0.0,293456.99689999997,0.0,679142.0933,972599.0902,69882902.25735891,0.0,149205598.69453818,219088500.95189708,15.0,30.0,0.0,3.0,5.0,15.0,15.0,39.32314,2.1939742190086804,5.13419843201183,-90.6673,2.314843055336439,7.849823698686141,102,55
2018,20180826,0.0,0.0,326606.33339999994,15049.8883,774813.4737,1116469.6954,96255701.2281806,5044013.468323382,180808384.02618185,282108098.7226858,43.0,61.0,5.0,2.0,0.0,5.0,5.0,45.81570934579439,8.686543564803067,2.4474856227739963,-94.55074579439253,-1.5686027390560895,4.473418737033833,103,56
2018,20180827,0.0,0.0,194144.5125,71912.54000000001,1339305.9445,1605362.997,54732651.84348291,20010497.674221955,368551358.9854686,443294508.5031735,34.0,104.0,4.0,4.0,5.0,15.0,30.0,44.12756423357664,6.99839845258532,3.533315989135278,-92.77043138686132,0.21171166847511813,4.53147972775469,104,57
2018,20180828,0.0,0.0,736091.5457,717422.1968,3409049.1544000003,4862562.8969,212334154.3023191,175538733.96325958,822173225.9528764,1210046114.218455,68.0,173.0,29.0,4.0,5.0,45.0,15.0,42.22352111111111,5.0943553301197895,2.302754619070236,-90.75020333333333,2.231939722003105,3.9169402472715005,105,58
2018,20180829,0.0,0.0,62636.26490000001,0.0,1072736.3618,1135372.6267,13354706.469443018,0.0,201103367.5967992,214458074.06624225,7.0,43.0,0.0,4.0,2.0,30.0,15.0,38.581252,1.4520862190086774,5.011984696836419,-83.24954,9.73260305533644,8.551702119007944,106,59
2018,20180830,0.0,0.0,72079.7708,0.0,874701.3039,946781.0747,15625274.663108382,0.0,171172940.6922392,186798215.35534757,4.0,35.0,0.0,3.0,2.0,15.0,0.0,35.99185641025641,-1.1373093707349113,2.00210294687662,-84.2263794871795,8.755763568156937,6.066329076926851,107,60
2018,20180831,0.0,0.0,507853.1599000001,0.0,920751.1318,1428604.2917000002,144587973.06900308,0.0,181844220.53987715,326432193.6088802,64.0,51.0,0.0,3.0,0.0,15.0,5.0,41.65886842105263,4.529702640061309,5.289389212364587,-92.24259122807017,0.7395518272662684,7.161566687998391,108,61
2018,20180901,0.0,0.0,313412.48510000005,141970.41249999998,1124282.7427,1579665.6403,87360999.21177654,33626521.70411673,239707644.4131515,360695165.3290448,43.0,72.0,5.0,3.0,2.0,15.0,15.0,38.714531666666666,1.585365885675344,3.287687747317672,-93.24690916666667,-0.264766111330232,8.383499114111125,109,62
2018,20180902,0.0,0.0,172794.1591,3669.4993,492931.5615,669395.2199,40716865.89598964,1006179.40005729,111140084.71332976,152863130.0093767,18.0,31.0,1.0,2.0,0.0,5.0,5.0,38.401302,1.2721362190086793,5.71227371937812,-93.610118,-0.6279749446635634,9.00243678831618,110,63
2018,20180903,0.0,0.0,38152.1485,120903.5573,1530351.8286,1689407.5344,11378300.793846397,30262172.354970485,258319487.22989276,299959960.3787097,13.0,52.0,6.0,3.0,2.0,15.0,5.0,41.19360422535211,4.064438444360789,5.461083880472203,-84.77877605633803,8.203366998998405,10.237646086848358,111,64
2018,20180904,0.0,0.0,16945.4708,38162.5644,299051.98650000006,354160.02170000004,5171280.70035189,11740901.713044168,57014315.96553623,73926498.3789323,2.0,11.0,3.0,3.0,2.0,15.0,15.0,40.60061875,3.4714529690086806,5.201891787445378,-88.38441875,4.597724305336442,6.750746269484458,112,65
2018,20180905,0.0,0.0,67269.2171,8125.8215,1168264.9102,1243659.9488,15435605.876139536,2046943.577792893,238570186.470382,256052735.9243144,2.0,31.0,1.0,3.0,5.0,5.0,0.0,40.90420294117647,3.77503716018515,2.0406213083104094,-82.89162352941176,10.090519525924677,3.5338273566633545,113,66
2018,20180906,0.0,0.0,195924.8421,13194.209599999998,3651313.390399999,3860432.4421,34292046.12205249,2874854.6482506096,571448189.0812542,608615089.8515574,10.0,79.0,1.0,2.0,2.0,5.0,0.0,41.983399999999996,4.854234219008674,3.0693850825806366,-76.74330333333333,16.238839722003107,8.85780348769479,114,67
2018,20180907,0.0,0.0,0.0,0.0,180290.0801,180290.0801,0.0,0.0,25456316.48703973,25456316.48703973,0.0,6.0,0.0,2.0,0.0,5.0,0.0,41.61921666666667,4.490050885675345,7.943798970370958,-95.87833333333333,-2.8961902779968938,15.988910427751687,115,68
2018,20180908,0.0,0.0,10966.9814,115461.7447,186360.2241,312788.9502,2376937.8751515257,28745176.17176763,44977619.21569454,76099733.2626137,2.0,8.0,6.0,2.0,0.0,5.0,5.0,38.42804375,1.2988779690086787,1.1026418003859333,-88.7087375,4.2734055553364385,5.7503358742337785,116,69
2018,20180909,0.0,0.0,26063.3108,1273.3674,190990.4318,218327.11,9464740.491027717,361691.85013345006,39394984.8886695,49221417.22983067,17.0,9.0,1.0,2.0,2.0,5.0,5.0,42.00087037037037,4.87170458937905,5.217621593866366,-95.18781851851853,-2.2056754631820894,9.165456086601106,117,70
2018,20180910,0.0,0.0,1553.366,0.0,209046.4659,210599.8319,985829.4557747738,0.0,40562233.22116573,41548062.67694051,2.0,8.0,0.0,2.0,2.0,5.0,5.0,37.53628888888889,0.40712310789756856,4.3960437806181,-87.28158888888889,5.700554166447546,10.507083836922169,118,71
2018,20180911,0.0,0.0,24730.337299999996,0.0,2696.5015999999996,27426.838899999995,5066183.239836323,0.0,633654.7344938555,5699837.974330178,8.0,3.0,0.0,2.0,2.0,5.0,0.0,48.31,11.18083421900868,0.10416333327999847,-97.38777777777779,-4.405634722441349,0.49428680383401274,119,72
2018,20180912,0.0,0.0,28691.917,0.0,0.0,28691.917,8050381.161404084,0.0,0.0,8050381.161404084,11.0,10.0,0.0,2.0,0.0,5.0,5.0,48.03,10.90083421900868,0.5152281048234884,-95.79454545454546,-2.81240239920902,2.521945136740148,120,73
2018,20180913,0.0,0.0,36110.3358,34501.8556,35447.724599999994,106059.916,6523384.291281399,6694345.223449593,8361744.266063856,21579473.78079485,1.0,2.0,3.0,2.0,0.0,0.0,5.0,33.91766666666667,-3.2114991143246527,2.9787713142614125,-81.17618333333333,11.80595972200311,5.42753746460277,121,74
2018,20180914,0.0,0.0,88167.96149999999,97289.5896,40367.0621,225824.61319999996,28009356.59275192,18759923.54005329,13009576.882342856,59778857.015148066,16.0,14.0,7.0,3.0,5.0,0.0,0.0,44.23474838709677,7.10558260610545,5.0553689038401535,-91.29796774193548,1.6841753134009565,8.068409395842835,122,75
2018,20180915,0.0,0.0,8193.129,133717.2099,66962.04019999999,208872.37909999996,2427651.8659948306,26159676.650975723,19312844.102164384,47900172.61913493,2.0,22.0,9.0,3.0,5.0,0.0,5.0,41.50315714285714,4.373991361865819,6.368005453089021,-86.0819,6.900243055336432,7.348730606982405,123,76
2018,20180916,0.0,0.0,0.0,252975.3687,18341.2008,271316.5695,0.0,49287893.815075226,3331511.979460655,52619405.79453588,0.0,6.0,12.0,3.0,5.0,0.0,5.0,33.96393076923077,-3.1652350117605508,1.1774629232553453,-79.0661076923077,13.91603536302874,0.8519755908685973,124,77
2018,20180917,0.0,0.0,36718.77160000001,445526.9205,736534.0498999999,1218779.742,10658774.416677972,72829117.78091471,146441901.02876946,229929793.22636217,5.0,30.0,13.0,3.0,5.0,0.0,0.0,40.03711739130435,2.9079516103130274,3.7930048586724783,-84.94483695652174,8.037306098814696,8.213787712116432,125,78
2018,20180918,0.0,0.0,116674.86460000002,0.0,287940.7275,404615.5921,35387955.03907987,0.0,61479661.90783328,96867616.94691315,13.0,17.0,0.0,2.0,2.0,5.0,5.0,40.94237666666667,3.813210885675346,3.6036090458932546,-91.33639,1.6457530553364421,7.836868435152941,126,79
2018,20180919,0.0,0.0,35357.88880000001,790.7,58803.1823,94951.7711,5971688.334156055,465194.7070604776,10076836.433246596,16513719.474463128,2.0,4.0,1.0,2.0,2.0,5.0,5.0,38.045928571428576,0.9167627904372537,4.490340188565633,-92.4729,0.5092430553364409,12.429815219865498,127,80
2018,20180920,0.0,0.0,187411.6867,770583.1481999999,1731283.8964,2689278.7313,33148244.46060096,203701021.6668432,443096044.99376285,679945311.121207,10.0,106.0,40.0,2.0,2.0,5.0,5.0,42.079950000000004,4.950784219008682,3.7363786673557313,-92.56508974358975,0.4170533117466846,4.906063305420888,128,81
2018,20180921,0.0,0.0,0.0,22985.8766,2846329.85,2869315.7266,0.0,5625861.659879739,523818453.6518016,529444315.31168133,0.0,82.0,1.0,4.0,10.0,30.0,15.0,41.537463414634146,4.408297633642825,1.1164644957408743,-80.6298463414634,12.35229671387303,2.5000260173557307,129,82
2018,20180924,0.0,0.0,0.0,21535.6271,35095.8992,56631.5263,0.0,4949185.327992729,6767185.624504248,11716370.952496976,0.0,1.0,1.0,1.0,0.0,0.0,0.0,35.091049999999996,-2.038115780991326,0.98294913652742,-85.82169999999999,7.160443055336444,0.4784284481508184,132,85
2018,20180925,0.0,0.0,0.0,249206.4488,2352518.1633,2601724.6121,0.0,59080795.74552561,488019634.5443069,547100430.2898325,0.0,62.0,9.0,2.0,2.0,5.0,5.0,40.54645633802817,3.41729055703685,3.3277315959216094,-88.20345774647888,4.778685308857561,2.289404338291761,133,86
2018,20180926,0.0,0.0,3666.5623,31508.252799999995,912869.9845,948044.7996,539626.6894804306,7394016.069505943,139093695.2904046,147027338.04939097,1.0,17.0,1.0,3.0,5.0,15.0,15.0,39.19055,2.06138421900868,2.6623036312562105,-78.88206111111111,14.100081944225323,7.884929832440891,134,87
2018,20180927,0.0,0.0,22351.5566,0.0,1264165.4756999998,1286517.0322999998,4504484.813177995,0.0,242966369.29902956,247470854.11220756,1.0,37.0,0.0,3.0,5.0,15.0,0.0,34.685413157894736,-2.443752623096586,0.9006116531681038,-81.58444210526315,11.397700950073286,1.7996652908972588,135,88
2018,20180928,0.0,0.0,0.0,0.0,19433.7307,19433.7307,0.0,0.0,3473709.7775511425,3473709.7775511425,0.0,1.0,0.0,2.0,2.0,5.0,0.0,29.83,-7.2991657809913235,0.0,-82.89,10.092143055336436,0.0,136,89
2018,20180929,0.0,0.0,0.0,0.0,0.0,0.0,0.0,0.0,0.0,0.0,0.0,0.0,0.0,0.0,0.0,0.0,0.0,37.129165780991315,-7.105427357601002e-15,0.0,-92.98214305533645,-1.4210854715202004e-14,0.0,137,90
2018,20180930,0.0,0.0,6421.955599999999,0.0,128698.58370000002,135120.5393,1385374.8271373357,0.0,17073349.97228814,18458724.799425475,1.0,9.0,0.0,1.0,0.0,0.0,0.0,31.062509999999996,-6.066655780991326,1.2032734578363016,-94.54368,-1.5615369446635583,14.33800393366447,138,91
2018,20181001,0.0,0.0,0.0,0.0,0.0,0.0,0.0,0.0,0.0,0.0,0.0,0.0,0.0,0.0,0.0,0.0,0.0,37.129165780991315,-7.105427357601002e-15,0.0,-92.98214305533645,-1.4210854715202004e-14,0.0,139,92
2018,20181002,0.0,0.0,824169.1471,1234841.0394,4285505.8233,6344516.0098,143727448.57445374,183314985.76569268,663354624.5378714,990397058.8780178,22.0,78.0,21.0,3.0,5.0,15.0,15.0,40.7862,3.657034219008679,0.7087971050084616,-77.78559237288135,15.196550682455083,2.7610164930508097,140,93
2018,20181003,0.0,0.0,22608.3631,26283.3202,239800.6172,288692.3005,6178620.979511986,7853005.656255271,65280914.94644162,79312541.58220887,3.0,56.0,3.0,3.0,5.0,15.0,15.0,43.640404,6.511238219008675,3.0812158169138364,-93.46456400000001,-0.48242094466357344,8.81673227079625,141,94
2018,20181004,0.0,0.0,4901.9378,0.0,66645.18079999999,71547.11859999999,1155718.481825966,0.0,13085140.74521548,14240859.227041446,2.0,11.0,0.0,4.0,10.0,30.0,30.0,38.931223076923075,1.8020572959317533,2.8359067968211518,-106.41413076923078,-13.431987713894344,1.8366840911384372,142,95
2018,20181005,0.0,0.0,38305.1468,0.0,27292.3395,65597.4863,10942068.22463659,0.0,7723804.858107396,18665873.082743987,11.0,8.0,0.0,2.0,0.0,5.0,5.0,36.10625263157895,-1.0229131494123749,2.8783155512611143,-100.4287894736842,-7.446646418347768,1.8806461235717011,143,96
2018,20181006,0.0,0.0,167992.29429999998,0.0,549529.6041,717521.8984,32796169.008577075,0.0,119109422.85511644,151905591.8636935,6.0,22.0,0.0,3.0,2.0,15.0,15.0,39.49235,2.36318421900868,3.0385889139247007,-87.66341249999999,5.318730555336444,7.236558340532044,144,97
2018,20181007,0.0,0.0,72675.6501,74002.9927,107937.9844,254616.6272,16925039.38505634,16232299.676712552,23270217.11960991,56427556.1813788,6.0,7.0,6.0,3.0,0.0,15.0,5.0,35.77775555555556,-1.3514102254357638,1.814312052484592,-97.53298333333333,-4.5508402779968975,5.582516740076585,145,98
2018,20181008,0.0,0.0,12296.5857,58870.2441,137483.49870000003,208650.3285,3281975.844866226,15689825.942841737,26599852.239998706,45571654.02770667,4.0,8.0,7.0,3.0,5.0,15.0,15.0,35.50329444444444,-1.6258713365468793,4.539160499018479,-97.32575,-4.343606944663563,5.642360957055639,146,99
2018,20181009,0.0,0.0,179669.28310000003,323459.13149999996,321744.10370000004,824872.5183000001,46287681.249981545,84116327.31883922,75124166.2744807,205528174.84330148,9.0,23.0,26.0,3.0,5.0,15.0,15.0,38.283805263157895,1.1546394821665729,4.077819275334944,-94.4293245614035,-1.4471815060670679,4.263567330479114,147,100
2018,20181010,0.0,0.0,0.0,209600.5685,0.0,209600.5685,0.0,38733064.49896633,0.0,38733064.49896633,0.0,0.0,8.0,3.0,5.0,15.0,5.0,32.007875,-5.121290780991323,2.268838989281901,-82.4426,10.539543055336438,1.5209210583440222,148,101
2018,20181011,0.0,0.0,0.0,255820.2066,225361.2604,481181.467,0.0,41789879.90118904,40686386.887982816,82476266.78917186,0.0,78.0,8.0,3.0,5.0,5.0,0.0,36.96074,-0.16842578099132055,1.0057436792173813,-78.18948,14.792663055336433,1.3269837587551683,149,102
2018,20181012,0.0,0.0,107778.814,0.0,4500.0380000000005,112278.852,13597929.148833916,0.0,1250188.3635425635,14848117.51237648,4.0,6.0,0.0,4.0,10.0,5.0,0.0,35.42104,-1.708125780991324,7.343369452982738,-111.01552,-18.03337694466356,7.663319958542767,150,103
2018,20181013,0.0,0.0,54547.685,309326.7571,196525.7031,560400.1452,9965562.75595974,53178648.74043771,38507496.80613852,101651708.30253598,2.0,12.0,12.0,2.0,2.0,5.0,5.0,32.43459615384615,-4.694569627145171,1.9785804091784138,-98.5941076923077,-5.6119646369712655,6.069131504518458,151,104
2018,20181014,0.0,0.0,109142.7355,0.0,17707.679900000003,126850.4154,20059303.35701923,0.0,4230256.4401902,24289559.79720943,6.0,7.0,0.0,3.0,5.0,15.0,15.0,32.15998888888889,-4.969176892102432,0.47484085082384386,-98.06543333333333,-5.083290277996895,2.7794316204037117,152,105
2018,20181020,0.0,0.0,0.0,41003.4642,418805.0099999999,459808.47419999994,0.0,3173966.674398338,88846144.06711486,92020110.7415132,0.0,103.0,1.0,1.0,0.0,0.0,0.0,42.229645454545455,5.100479673554133,0.505300883362845,-82.42181818181818,10.560324873518255,1.4480111752456788,158,111
2018,20181021,0.0,0.0,287001.9938,6966.6712,39022.7463,332991.4113,48613597.67331714,1362895.4686979882,6448079.680730266,56424572.8227454,14.0,5.0,1.0,1.0,0.0,0.0,0.0,33.265541176470585,-3.863624604520737,1.1715858632953593,-111.75538235294118,-18.773239297604746,1.087508292632342,159,112
2018,20181023,0.0,0.0,302428.9066,244406.1652,42218.949400000005,589054.0212000001,49656725.77793296,38360985.185295545,7081628.465188924,95099339.42841744,10.0,3.0,5.0,2.0,0.0,0.0,5.0,37.131225,0.002059219008678781,4.692054936379156,-94.28224374999999,-1.3001006946635556,20.526334525805908,161,114
2018,20181028,0.0,0.0,186992.4668,45341.995299999995,62052.0138,294386.4759,42439770.82645628,10610630.02353537,14156570.23636918,67206971.08636083,8.0,8.0,2.0,1.0,0.0,0.0,0.0,39.668807692307695,2.539641911316373,1.8871206539158816,-84.95062307692307,8.031519978413371,11.343867577253201,166,119
2018,20181029,0.0,0.0,0.0,199916.7847,32277.6155,232194.40020000003,0.0,31807291.540441744,5319113.486033764,37126405.026475504,0.0,2.0,5.0,2.0,0.0,5.0,0.0,42.672149999999995,5.542984219008673,1.9371844927626272,-88.54661666666668,4.435526388669757,26.734434943077936,167,120
2018,20181030,0.0,0.0,0.0,0.0,2279.6471,2279.6471,0.0,0.0,447624.8280120948,447624.8280120948,0.0,1.0,0.0,2.0,2.0,5.0,0.0,35.298,-1.83116578099132,0.0,-109.1359,-16.15375694466357,0.0,168,121
2018,20181031,0.0,0.0,0.0,485052.2543,818198.1475999999,1303250.4019,0.0,94653946.76465896,153536379.10002708,248190325.86468607,0.0,36.0,29.0,2.0,0.0,0.0,5.0,31.40615230769231,-5.723013473299012,2.1776197643662782,-93.4613723076923,-0.47922925235586433,2.526783101563362,169,122
2018,20181101,0.0,0.0,0.0,495999.3119,1337646.2085,1833645.5204,0.0,110360373.51506144,303055773.3744897,413416146.8895512,2.0,117.0,40.0,4.0,10.0,30.0,15.0,31.601319745222927,-5.527846035768395,2.5243980041057847,-89.03377643312102,3.948366622215417,3.9944936755158227,170,123
2018,20181102,0.0,0.0,97393.533,489095.61649999995,3088868.7809,3675357.9304,13525790.414272808,78725865.49663356,446941676.7922963,539193332.7032027,1.0,67.0,10.0,3.0,5.0,15.0,0.0,36.57640980392157,-0.5527559770697508,5.175265415232535,-77.82426470588236,15.15787834945408,2.842305064684191,171,124
2018,20181103,0.0,0.0,0.0,0.0,176795.3814,176795.3814,0.0,0.0,28198639.79079988,28198639.79079988,0.0,73.0,0.0,2.0,2.0,5.0,0.0,37.3104,0.18123421900867953,5.35647526893074,-84.30725,8.67489305533644,15.07879516351799,172,125
2018,20181104,0.0,0.0,0.0,0.0,12423.563700000002,12423.563700000002,0.0,0.0,2662917.5022215443,2662917.5022215443,0.0,10.0,0.0,2.0,0.0,5.0,0.0,29.9722,-7.156965780991321,0.0,-90.1388,2.843343055336433,0.0,173,126
2018,20181105,0.0,0.0,0.0,370405.7806,594246.217,964651.9976,0.0,86237052.02078058,139052540.78766435,225289592.80844492,0.0,32.0,25.0,2.0,2.0,5.0,0.0,34.80670701754386,-2.3224587634474645,1.7745525368445172,-88.42642456140351,4.555718493932929,2.4424676523139937,174,127
2018,20181106,0.0,0.0,0.0,308068.9545,1246475.4041000002,1554544.3586000002,0.0,68338292.75714858,262712579.37530673,331050872.1324553,0.0,59.0,14.0,4.0,10.0,30.0,15.0,35.442509836065575,-1.6866559449257466,0.9229992316184781,-85.35078360655737,7.631359448779065,1.5593308567224486,175,128
2018,20181107,0.0,0.0,33319.54380000001,52505.4597,245491.9262,331316.92970000004,6360053.09863308,9182107.476452349,44733327.824360624,60275488.399446055,2.0,9.0,2.0,3.0,2.0,15.0,5.0,32.448469230769234,-4.680696550222088,1.0895114634432983,-86.73082307692309,6.251319978413349,4.784115240068573,176,129
2018,20181111,0.0,0.0,30353.4103,0.0,0.0,30353.4103,5275838.695568032,0.0,0.0,5275838.695568032,1.0,2.0,0.0,0.0,0.0,0.0,0.0,31.16,-5.969165780991322,0.0,-97.45,-4.467856944663566,0.0,180,133
2018,20181112,0.0,0.0,65931.9547,7921.8217,0.0,73853.7764,11564622.83484126,1714821.2035353524,0.0,13279444.038376613,2.0,12.0,1.0,2.0,2.0,5.0,5.0,30.9046,-6.224565780991323,0.4730286672073897,-93.34633333333333,-0.3641902779968973,5.498403517688869,181,134
2018,20181113,0.0,0.0,0.0,9702.6191,33306.0738,43008.692899999995,0.0,1912701.2228353191,6447751.037162171,8360452.25999749,0.0,15.0,1.0,3.0,5.0,5.0,0.0,35.03195,-2.09721578099132,0.3940442995400401,-76.54055,16.44159305533644,0.550818569645825,182,135
2018,20181124,0.0,0.0,0.0,32787.931899999996,20115.821,52903.75289999999,0.0,6474237.012889408,3955300.58507979,10429537.597969197,0.0,31.0,3.0,1.0,0.0,0.0,0.0,34.78488,-2.3442857809913207,0.13695175062772807,-76.78981999999999,16.192323055336445,0.2873264554474552,172,146
2018,20181125,0.0,0.0,8467.6241,0.0,0.0,8467.6241,1878136.0275718009,0.0,0.0,1878136.0275718009,1.0,77.0,0.0,2.0,2.0,5.0,0.0,30.93,-6.199165780991322,0.0,-85.51,7.472143055336431,0.0,171,147
2018,20181129,0.0,0.0,73554.82439999998,0.0,23519.2416,97074.066,12133266.8298812,0.0,4213450.1020862805,16346716.931967478,2.0,19.0,0.0,1.0,0.0,0.0,0.0,37.09,-0.0391657809913184,0.5935486500700681,-121.40666666666668,-28.424523611330244,1.3440362098296794,167,151
2018,20181130,0.0,0.0,461038.198,172618.52139999997,660726.0293,1294382.7487,89492397.921316,43188089.90819761,150055235.43066043,282735723.26017404,20.0,57.0,13.0,2.0,2.0,0.0,0.0,35.12811333333333,-2.0010524476579903,1.328348609845803,-95.409136,-2.426992944663567,1.3341354546124826,166,152
2018,20181201,0.0,0.0,801922.6006000001,744895.0119,1283467.5333999998,2830285.1459,179597457.94281343,176497306.27494615,319818529.1056831,675913293.3234427,31.0,111.0,42.0,4.0,10.0,30.0,30.0,37.58973828571428,0.4605725047229612,2.0937782439384924,-91.16120571428571,1.8209373410507226,2.695074508059128,165,153
2018,20181202,0.0,0.0,15277.0351,113657.1677,214675.2319,343609.4347,2812429.6765618864,22051372.38792439,43705732.094875485,68569534.15936176,1.0,15.0,8.0,3.0,5.0,15.0,15.0,31.671274999999998,-5.457890780991324,2.116170030410765,-83.71965,9.262493055336435,1.4484865582963558,164,154
2018,20181204,0.0,0.0,0.0,0.0,0.0,0.0,0.0,0.0,0.0,0.0,0.0,4.0,0.0,2.0,2.0,5.0,0.0,37.129165780991315,-7.105427357601002e-15,0.0,-92.98214305533645,-1.4210854715202004e-14,0.0,162,156
2018,20181207,0.0,0.0,0.0,0.0,32945.388,32945.388,0.0,0.0,5484551.12502321,5484551.12502321,0.0,1.0,0.0,1.0,0.0,0.0,0.0,29.6199,-7.509265780991321,0.0,-95.1745,-2.1923569446635582,0.0,159,159
2018,20181209,0.0,0.0,0.0,107527.5836,6745.132200000001,114272.7158,0.0,19069073.99916129,1439399.1606028406,20508473.15976413,0.0,2.0,3.0,2.0,2.0,5.0,0.0,28.67285,-8.456315780991321,1.069800786751129,-82.996925,9.985218055336432,1.9786362498363974,157,161
2018,20181213,0.0,0.0,0.0,0.0,0.0,0.0,0.0,0.0,0.0,0.0,0.0,68.0,0.0,1.0,0.0,0.0,0.0,37.129165780991315,-7.105427357601002e-15,0.0,-92.98214305533645,-1.4210854715202004e-14,0.0,153,165
2018,20181217,0.0,0.0,0.0,0.0,0.0,0.0,0.0,0.0,0.0,0.0,0.0,42.0,0.0,1.0,0.0,0.0,0.0,37.129165780991315,-7.105427357601002e-15,0.0,-92.98214305533645,-1.4210854715202004e-14,0.0,149,169
2018,20181218,0.0,0.0,0.0,27877.45080000001,0.0,27877.45080000001,0.0,5478757.301886405,0.0,5478757.301886405,0.0,28.0,1.0,1.0,0.0,0.0,0.0,47.507,10.377834219008676,0.0,-122.6395,-29.65735694466356,0.0,148,170
2018,20181219,0.0,0.0,0.0,0.0,0.0,0.0,0.0,0.0,0.0,0.0,0.0,6.0,0.0,1.0,0.0,0.0,0.0,37.129165780991315,-7.105427357601002e-15,0.0,-92.98214305533645,-1.4210854715202004e-14,0.0,147,171
2018,20181220,0.0,0.0,0.0,159396.3558,277477.6124,436873.9682,0.0,28487288.64917739,48784491.20506437,77271779.85424176,0.0,26.0,5.0,2.0,2.0,5.0,0.0,29.18194,-7.947225780991321,2.3312985424436743,-81.08064666666665,11.901496388669784,1.4309107468755011,146,172
2018,20181221,0.0,0.0,68363.87409999999,0.0,725587.3503,793951.2244000001,10509573.55904073,0.0,109644964.54609054,120154538.10513128,1.0,54.0,0.0,4.0,10.0,30.0,0.0,39.32641666666667,2.197250885675345,0.26494624440486575,-77.23864166666667,15.74350138866977,0.18328331500877637,145,173
2018,20181226,0.0,0.0,274617.47910000006,5916.792799999999,677145.281,957679.5529,49618726.90564182,1671918.2585046892,133155490.92831512,184446136.0924616,19.0,53.0,2.0,1.0,0.0,0.0,0.0,32.88843492063492,-4.2407308603564005,1.48924487881727,-98.37336984126983,-5.391226785933398,2.466246733047876,140,178
2018,20181227,0.0,0.0,28411.7105,32410.574900000003,703299.2215999999,764121.507,5283766.052055931,7115585.992295619,143468876.91572207,155868228.96007362,2.0,110.0,3.0,4.0,10.0,30.0,15.0,31.888072549019608,-5.241093231971714,1.0677519275708998,-92.57231176470589,0.40983129063054946,2.4618620350983997,139,179
2018,20181228,0.0,0.0,0.0,0.0,152875.2062,152875.2062,0.0,0.0,29793959.204134077,29793959.204134077,0.0,16.0,0.0,3.0,2.0,15.0,5.0,33.13632857142857,-3.992837209562751,1.4454276261303958,-85.60957142857144,7.372571626764994,8.645185208294512,138,180
2018,20181231,0.0,0.0,0.0,59395.8898,928311.6501,987707.5399,0.0,14550923.039693631,221004404.11047637,235555327.15017,0.0,85.0,3.0,1.0,0.0,0.0,0.0,36.2076962962963,-0.9214694846950238,1.3514089205536806,-87.50110000000001,5.481043055336428,1.0586982535526739,135,182
2019,20190103,0.0,0.0,0.0,0.0,0.0,0.0,0.0,0.0,0.0,0.0,0.0,8.0,0.0,1.0,0.0,0.0,0.0,37.129165780991315,-7.105427357601002e-15,0.0,-92.98214305533645,-1.4210854715202004e-14,0.0,132,179
2019,20190104,0.0,0.0,18695.4997,27143.3649,235498.8092,281337.6738,4349183.242443021,5569580.562212812,44374857.28352058,54293621.088176414,1.0,17.0,2.0,1.0,0.0,0.0,0.0,32.240341666666666,-4.888824114324656,3.272695978007993,-82.88102500000001,10.101118055336428,1.3872307628214502,131,178
2019,20190106,0.0,0.0,0.0,73289.70779999999,75251.1869,148540.8947,0.0,12168666.012454877,12379905.58535606,24548571.597810935,0.0,40.0,2.0,2.0,2.0,5.0,0.0,37.033625,-0.09554078099132113,0.08681936707901351,-122.15985,-29.17770694466357,0.15130015421890783,129,176
2019,20190108,0.0,0.0,943651.0149,69061.50450000001,147678.5837,1160391.1031000002,198155096.5277348,13771795.0411547,30002781.24384141,241929672.8127309,24.0,34.0,2.0,0.0,0.0,0.0,0.0,41.35573,4.226564219008679,0.21435456149679366,-81.27408666666666,11.708056388669775,1.031531025068152,127,174
2019,20190117,0.0,0.0,0.0,17655.074099999998,0.0,17655.074099999998,0.0,3277865.626473879,0.0,3277865.626473879,0.0,29.0,1.0,1.0,0.0,0.0,0.0,36.84,-0.2891657809913184,0.0,-119.56,-26.577856944663566,0.0,118,165
2019,20190118,0.0,0.0,0.0,50748.354,0.0,50748.354,0.0,9648458.065946894,0.0,9648458.065946894,0.0,23.0,1.0,1.0,0.0,0.0,0.0,41.3494,4.220234219008681,0.0,-88.2408,4.7413430553364435,0.0,117,164
2019,20190119,0.0,0.0,49152.1831,156621.4329,608614.4236,814388.0396,10943709.058164248,34156843.37606364,132419823.80608124,177520376.24030912,4.0,65.0,12.0,2.0,2.0,5.0,5.0,31.878233823529413,-5.250931957461908,1.1021892531386872,-89.1350544117647,3.8470886435717375,2.746009706445102,116,163
2019,20190120,0.0,0.0,89737.01189999998,0.0,69768.6717,159505.6836,15002245.20590147,0.0,12019137.27199538,27021382.47789685,2.0,33.0,0.0,3.0,5.0,15.0,0.0,38.8014,1.6722342190086792,1.92641691749216,-108.89095,-15.908806944663567,25.547086070691773,115,162
2019,20190123,0.0,0.0,0.0,0.0,144349.347,144349.347,0.0,0.0,30380563.567298494,30380563.567298494,0.0,31.0,0.0,0.0,0.0,0.0,0.0,30.937142857142856,-6.192022923848466,0.6208360191204776,-85.89999999999999,7.082143055336445,1.0548933595392458,112,159
2019,20190124,0.0,0.0,0.0,70003.13440000001,263820.4239,333823.55830000003,0.0,11541060.181059672,46585527.54268548,58126587.72374515,0.0,41.0,2.0,3.0,5.0,15.0,0.0,28.1998,-8.929365780991322,0.8804893450046212,-81.94433000000001,11.037813055336429,0.8000431489058017,111,158
2019,20190127,0.0,0.0,0.0,27435.2033,27435.2033,54870.4066,0.0,3838151.16350099,3838151.16350099,7676302.327001979,0.0,89.0,1.0,1.0,0.0,0.0,0.0,25.8921,-11.237065780991323,0.0011313708498970954,-80.31965,12.66249305533644,0.005586143571373267,108,155
2019,20190128,0.0,0.0,0.0,0.0,0.0,0.0,0.0,0.0,0.0,0.0,0.0,86.0,0.0,2.0,2.0,5.0,0.0,37.129165780991315,-7.105427357601002e-15,0.0,-92.98214305533645,-1.4210854715202004e-14,0.0,107,154
2019,20190202,0.0,0.0,27321.6121,84890.2462,57636.7766,169848.6349,4951537.483020508,15331044.732319882,10407192.478143822,30689774.693484213,1.0,39.0,3.0,1.0,0.0,0.0,0.0,38.58675,1.4575842190086803,0.9151400849050376,-121.19655,-28.214406944663565,0.9820510246417918,102,149
2019,20190205,0.0,0.0,0.0,0.0,0.0,0.0,0.0,0.0,0.0,0.0,0.0,1.0,0.0,1.0,0.0,0.0,0.0,37.129165780991315,-7.105427357601002e-15,0.0,-92.98214305533645,-1.4210854715202004e-14,0.0,99,146
2019,20190206,0.0,0.0,233605.9666,84992.06220000001,226487.25239999997,545085.2812,59117730.447846785,19566730.047054507,58100092.85315597,136784553.34805727,19.0,32.0,4.0,1.0,0.0,0.0,0.0,37.01044146341464,-0.11872431757668522,0.8024765790898829,-92.9996292682927,-0.017486212956256963,2.76418324494269,98,145
2019,20190207,0.0,0.0,165976.82480000003,96552.0732,766783.3088,1029312.2068,30377201.99836041,23762486.78133004,175879425.370857,230019114.15054744,6.0,51.0,5.0,3.0,5.0,15.0,15.0,35.98869482758621,-1.1404709534051136,1.8624827391096948,-91.6624948275862,1.3196482277502355,3.6307571241939383,97,144
2019,20190208,0.0,0.0,0.0,0.0,0.0,0.0,0.0,0.0,0.0,0.0,0.0,47.0,0.0,3.0,5.0,15.0,0.0,37.129165780991315,-7.105427357601002e-15,0.0,-92.98214305533645,-1.4210854715202004e-14,0.0,96,143
2019,20190211,0.0,0.0,0.0,0.0,15863.2877,15863.2877,0.0,0.0,3985691.182467277,3985691.182467277,0.0,35.0,0.0,1.0,0.0,0.0,0.0,33.45325,-3.6759157809913248,0.04702260094890133,-91.03455,1.9475930553364407,0.007707463914943039,93,140
2019,20190212,0.0,0.0,25814.9435,170353.927,1253180.5735,1449349.444,5189249.986870145,31120490.092189945,235563039.84750852,271872779.9265686,1.0,63.0,6.0,1.0,0.0,0.0,0.0,33.09681132075472,-4.032354460236604,0.8659973176056298,-83.87706037735849,9.105082677977947,2.245559591499803,92,139
2019,20190215,0.0,0.0,155764.82530000003,23293.7635,0.0,179058.58880000003,26411418.26887792,4188432.3685464943,0.0,30599850.637424413,6.0,12.0,1.0,2.0,2.0,5.0,0.0,38.620128571428566,1.4909627904372442,1.6550789897708695,-122.51065714285714,-29.528514087520705,1.5177007191331047,89,136
2019,20190216,0.0,0.0,0.0,0.0,0.0,0.0,0.0,0.0,0.0,0.0,0.0,4.0,0.0,1.0,0.0,0.0,0.0,37.129165780991315,-7.105427357601002e-15,0.0,-92.98214305533645,-1.4210854715202004e-14,0.0,88,135
2019,20190217,0.0,0.0,106361.3823,4671.829599999999,0.0,111033.2119,17324468.456161488,914484.2402266776,0.0,18238952.696388166,3.0,0.0,1.0,1.0,0.0,0.0,0.0,36.416799999999995,-0.7123657809913269,1.1021374143000504,-117.643775,-24.66163194466357,6.981400337265197,87,134
2019,20190219,0.0,0.0,190506.2488,0.0,0.0,190506.2488,41494469.1555507,0.0,0.0,41494469.1555507,9.0,1.0,0.0,1.0,0.0,0.0,0.0,33.91526666666667,-3.2138991143246542,1.0172764951083841,-87.14674444444444,5.835398610892,0.9671245203063444,85,132
2019,20190220,0.0,0.0,0.0,0.0,29708.6814,29708.6814,0.0,0.0,7033765.146517597,7033765.146517597,0.0,17.0,0.0,2.0,2.0,5.0,5.0,32.14906666666666,-4.980099114324659,0.10189869151924223,-89.6589,3.323243055336434,0.14682121781269045,84,131
2019,20190221,0.0,0.0,12378.5924,0.0,23816.5767,36195.1691,2798247.743022017,0.0,4357421.072509096,7155668.815531113,1.0,1.0,0.0,3.0,5.0,5.0,5.0,32.325,-4.804165780991319,1.6051323932934614,-101.65,-8.66785694466357,15.033090168026,83,130
2019,20190223,1.0,1547.2,42272.3697,123494.003,328593.3294,494359.7021,10601409.530054102,29071388.186689857,75914912.5576622,115587710.27440616,4.0,79.0,9.0,2.0,0.0,5.0,5.0,33.835477777777776,-3.2936880032135463,1.171304414771623,-88.79592222222223,4.186220833114206,1.591426015714234,81,128
2019,20190224,1.0,1547.2,0.0,57354.80589999999,61324.8344,118679.6403,0.0,10673739.999106651,11910045.035408637,22583785.03451529,0.0,502.0,2.0,5.0,15.0,30.0,15.0,33.684225,-3.444940780991324,1.1531566426552802,-85.39765,7.584493055336438,0.6627083244786721,80,127
2019,20190226,0.0,0.0,169100.0576,0.0,0.0,169100.0576,28823450.97903221,0.0,0.0,28823450.97903221,6.0,7.0,0.0,1.0,0.0,0.0,0.0,29.808333333333334,-7.320832447657988,0.6262401030488748,-94.91833333333334,-1.9361902779969,1.0767435473067195,78,125
2019,20190227,0.0,0.0,0.0,0.0,21928.4006,21928.4006,0.0,0.0,5237669.893198407,5237669.893198407,0.0,9.0,0.0,2.0,0.0,0.0,5.0,32.98,-4.149165780991325,1.4000714267493657,-89.49000000000001,3.4921430553364274,1.230365799264594,77,124
2019,20190301,0.0,0.0,95419.0929,31785.787,169141.8738,296346.7537,18276365.14665887,6177390.283138784,31250453.58875419,55704209.01855184,4.0,8.0,1.0,1.0,0.0,0.0,0.0,31.95171666666667,-5.177449114324652,2.079563507449377,-82.62058333333333,10.361559722003108,0.8455764626823671,75,122
2019,20190302,0.0,0.0,53229.587199999994,27443.8024,98243.9477,178917.3373,10208915.95371972,4836336.827766731,17822038.783650175,32867291.565136623,4.0,9.0,1.0,1.0,0.0,0.0,0.0,31.490850000000002,-5.63831578099132,2.885931598962263,-91.10539,1.8767530553364367,15.413683055176802,74,121
2019,20190303,0.0,0.0,305435.9266,1080681.1394,632860.7858,2018977.8518,59590516.941190064,209758029.9081602,128280282.52106434,397628829.3704146,19.0,51.0,58.0,2.0,0.0,5.0,5.0,31.73171484375,-5.39745093724132,0.9389152080396641,-84.35599218750001,8.62615086783643,1.8407483638865672,73,120
2019,20190304,0.0,0.0,0.0,0.0,0.0,0.0,0.0,0.0,0.0,0.0,0.0,0.0,0.0,0.0,0.0,0.0,0.0,37.129165780991315,-7.105427357601002e-15,0.0,-92.98214305533645,-1.4210854715202004e-14,0.0,72,119
2019,20190308,0.0,0.0,0.0,0.0,4992.071600000001,4992.071600000001,0.0,0.0,1272443.4332667682,1272443.4332667682,0.0,39.0,0.0,1.0,0.0,0.0,0.0,34.4297,-2.699465780991325,0.0702864140499423,-103.77314999999999,-10.79100694466355,0.6408508757893742,68,115
2019,20190309,0.0,0.0,853874.7276,198648.415,1358059.2961,2410582.4387,157059534.79375792,45202599.19729507,305903684.5947971,508165818.58585006,28.0,194.0,15.0,3.0,5.0,15.0,15.0,34.51644202898551,-2.612723752005813,1.5018828190029636,-93.56976739130434,-0.5876243359679023,5.424753372484932,67,114
2019,20190310,0.0,0.0,131113.12,0.0,0.0,131113.12,21947161.975313906,0.0,0.0,21947161.975313906,3.0,21.0,0.0,4.0,10.0,30.0,15.0,37.33493333333333,0.20576755234201016,0.00854478398400911,-121.88716666666666,-28.905023611330222,0.012413030787577765,66,113
2019,20190311,0.0,0.0,159381.07880000002,0.0,53178.6652,212559.744,31529537.46255372,0.0,10603650.908909518,42133188.37146324,11.0,7.0,0.0,2.0,0.0,5.0,5.0,31.558,-5.571165780991322,0.24246354659736283,-83.50266666666667,9.479476388669767,0.29793255868369234,65,112
2019,20190312,0.0,0.0,44468.01120000001,17405.3256,113653.0497,175526.3865,7715778.013768817,4127143.347733422,26350149.181398246,38193070.54290049,13.0,70.0,5.0,2.0,0.0,5.0,5.0,32.29483653846154,-4.834329242529783,1.065812134979771,-102.83201346153845,-9.849870406202015,1.3903022054086853,64,111
2019,20190313,0.0,0.0,9277.0636,95559.9517,1410752.5084000002,1515589.5237000005,1702569.210181365,16781899.06479824,250441408.74932823,268925877.02430785,1.0,307.0,5.0,4.0,5.0,30.0,15.0,32.802455357142854,-4.326710423848468,0.8762236997312844,-96.99192857142857,-4.009785516092137,2.4994659856358585,63,110
2019,20190314,0.0,0.0,3033334.3902000003,907317.9936,4766599.7675,8707252.1513,671076194.5754793,199718202.7542205,1071626982.8297209,1942421380.1594205,94.0,277.0,39.0,4.0,5.0,30.0,15.0,37.76149215686275,0.632326375871429,3.2359258798686765,-86.2149820261438,6.767161029192636,3.062284610821777,62,109
2019,20190315,0.0,0.0,900544.8973999999,0.0,1319929.572,2220474.4694,112027045.77928816,0.0,170803088.60572815,282830134.3850163,8.0,13.0,0.0,4.0,10.0,30.0,15.0,40.69821,3.5690442190086813,0.44940810301176387,-74.65604499999999,18.326098055336445,0.8211064809947508,61,108
2019,20190321,0.0,0.0,5603.8834,0.0,2695.2852,8299.168599999999,1072518.6597478157,0.0,582578.7018531944,1655097.36160101,1.0,1.0,0.0,1.0,0.0,0.0,0.0,36.055,-1.074165780991322,0.9828784258493014,-107.455,-14.472856944663562,1.0818733752154186,55,102
2019,20190322,1.0,1903.4,115188.38689999998,23098.2747,1253125.6642,1391412.3258,28961314.566041056,4873078.119559472,188904363.88071343,222738756.56631395,37.0,33.0,4.0,2.0,0.0,5.0,5.0,36.24897,-0.8801957809913219,1.7994880687758574,-95.11590857142856,-2.133765516092126,11.515851665292804,54,101
2019,20190323,1.0,1903.4,461861.8098,0.0,17446.697100000005,479308.5069,105841851.0789642,0.0,4480756.722065674,110322607.80102986,31.0,4.0,0.0,3.0,2.0,15.0,15.0,35.506957575757575,-1.622208205233747,0.9052683448950042,-98.07341818181817,-5.091275126481733,4.3060481842733775,53,100
2019,20190324,1.0,1903.4,2723604.0037,57838.4184,71318.62879999999,2852761.0508999997,537271446.7319129,13769401.32399843,15540103.255931515,566580951.3118428,118.0,5.0,4.0,2.0,2.0,5.0,5.0,35.29841825396825,-1.830747527023071,2.1531046692030875,-94.24121746031747,-1.2590744049810354,2.92531070158585,52,99
2019,20190325,0.0,0.0,576350.412,0.0,399075.01839999994,975425.4304,116649332.60605668,0.0,79012920.6006172,195662253.20667383,30.0,28.0,0.0,3.0,2.0,15.0,15.0,32.720895999999996,-4.408269780991326,0.9161142952844323,-89.389678,3.592465055336433,4.169605973959356,51,98
2019,20190326,0.0,0.0,75966.5402,0.0,0.0,75966.5402,15200972.678113213,0.0,0.0,15200972.678113213,6.0,0.0,0.0,3.0,2.0,5.0,15.0,31.150000000000002,-5.97916578099132,0.2824181297296605,-83.80333333333333,9.178809722003109,0.15526321736543647,50,97
2019,20190327,0.0,0.0,657258.3349,0.0,21528.4035,678786.7384,115065183.40844348,0.0,3831757.158246116,118896940.56668958,24.0,5.0,0.0,2.0,2.0,5.0,5.0,29.429931999999997,-7.6992337809913245,2.6280826521312726,-83.43642799999999,9.545715055336444,6.639820500743978,49,96
2019,20190328,0.0,0.0,84559.0292,0.0,8039.7799,92598.8091,24196794.172515303,0.0,2149933.1054205815,26346727.277935885,16.0,5.0,0.0,2.0,0.0,5.0,5.0,39.400411764705886,2.2712459837145644,2.1453802873506915,-98.11248235294117,-5.130339297604735,1.5341245415689426,48,95
2019,20190329,0.0,0.0,251161.3545,15575.521800000002,0.0,266736.8763,61570018.9359544,2772494.6627015136,0.0,64342513.59865591,22.0,1.0,1.0,2.0,0.0,5.0,5.0,37.35208260869565,0.2229168277043314,1.4431350446013445,-97.56608695652174,-4.583943901185307,2.3384274808092633,47,94
2019,20190330,0.0,0.0,131984.6927,0.0,364396.4719,496381.1646,30729244.69494283,0.0,86208397.3245931,116937642.01953591,9.0,64.0,0.0,3.0,0.0,5.0,15.0,35.882525,-1.2466407809913207,1.4808678553157306,-90.53306428571429,2.4490787696221474,5.051770333568396,46,93
2019,20190402,0.0,0.0,0.0,0.0,123197.0591,123197.0591,0.0,0.0,20064432.35129922,20064432.35129922,0.0,8.0,0.0,1.0,0.0,0.0,0.0,33.19199999999999,-3.9371657809913287,5.967668724049615,-104.274,-11.291856944663564,22.097363643656674,43,90
2019,20190403,0.0,0.0,139794.55900000004,0.0,11225.6499,151020.20890000003,34456815.03647533,0.0,2950294.92529272,37407109.96176805,25.0,50.0,0.0,1.0,0.0,0.0,0.0,34.85785714285714,-2.2713086381341796,0.3901030931438823,-99.82035714285713,-6.838214087520697,0.8561562774567377,42,89
2019,20190404,0.0,0.0,332747.8163,0.0,33708.1002,366455.9165,68548814.80515741,0.0,7136913.953261789,75685728.7584192,22.0,3.0,0.0,3.0,2.0,5.0,15.0,31.800996,-5.32816978099132,2.069780561533033,-93.926008,-0.9438649446635594,2.0424721334125167,41,88
2019,20190405,0.0,0.0,126725.5851,0.0,3150.4119,129875.99700000002,23711005.322859183,0.0,907820.7924739004,24618826.115333084,12.0,1.0,0.0,3.0,5.0,15.0,15.0,31.678815384615387,-5.450350396375935,2.5956940230717205,-96.56828461538461,-3.5861415600481763,9.28621382488096,40,87
2019,20190406,0.0,0.0,1599871.5750000002,96017.1548,476116.5519,2172005.2817,291998848.70267874,16851240.097499087,103137560.65068722,411987649.45086503,68.0,38.0,3.0,3.0,2.0,15.0,15.0,31.79833490566038,-5.330830875330943,2.0281521903560837,-92.29813490566038,0.6840081496760604,5.20707419197864,39,86
2019,20190407,0.0,0.0,875696.4558,126141.3294,1673025.3319,2674863.1171,202408166.5434889,23101683.791860923,299290556.9209994,524800407.2563492,66.0,88.0,6.0,4.0,5.0,30.0,30.0,32.46090314465409,-4.668262636337232,3.65323292343072,-92.91969937106919,0.06244368426725089,3.2692691873612927,38,85
2019,20190408,0.0,0.0,420304.3858,73833.67910000001,1513126.0902,2007264.1551,86447333.40984051,15617728.066554524,287730094.88824946,389795156.3646445,19.0,53.0,3.0,3.0,2.0,15.0,15.0,35.27057162162162,-1.8585941593697015,1.9077224222660152,-81.38540945945947,11.59673359587697,3.3861435028604587,37,84
2019,20190409,0.0,0.0,256066.7253,0.0,316048.60669999995,572115.3319999999,48247976.48605913,0.0,54993397.23529878,103241373.72135793,9.0,39.0,0.0,3.0,2.0,15.0,15.0,34.35833888888889,-2.770826892102434,4.708653262706726,-83.28694999999999,9.695193055336446,9.921338812185402,36,83
2019,20190410,0.0,0.0,136943.7969,0.0,21142.3236,158086.1205,41407362.182077534,0.0,5601775.841492711,47009138.02357025,28.0,140.0,0.0,2.0,2.0,5.0,0.0,40.34244,3.2132742190086816,0.752231875293048,-97.94793666666666,-4.965793611330227,1.574474716233153,35,82
2019,20190411,0.0,0.0,104255.3645,0.0,5421.9965,109677.361,25087553.044692893,0.0,1803046.6729874911,26890599.717680383,5.0,76.0,0.0,4.0,2.0,15.0,30.0,43.20166666666666,6.072500885675339,1.6994283352547326,-93.71333333333332,-0.7311902779968875,3.425444010149146,34,81
2019,20190412,0.0,0.0,63754.6566,128700.6111,1821537.1893,2013992.457,13437665.423338288,28652157.822956648,402852595.5742815,444942418.8205764,4.0,54.0,4.0,3.0,2.0,15.0,5.0,38.39600819672131,1.2668424157299896,1.886129694135153,-83.38345573770492,9.598687317631516,2.894377355870316,33,80
2019,20190413,1.0,1552.5,1950257.4832999995,722858.7651,1562326.9364999998,4235443.1849,351008283.30001295,149437631.62703022,329271162.90694183,829717077.8339851,82.0,121.0,46.0,3.0,2.0,15.0,15.0,32.16482553191489,-4.964340249076429,1.2716266050866278,-93.24049489361701,-0.25835183828057495,3.8839923668217176,32,79
2019,20190414,1.0,1552.5,1418223.2608,924180.7804,9658544.9551,12000948.9963,241542094.99616468,182540065.82393655,1889882462.251083,2313964623.071184,38.0,343.0,34.0,5.0,15.0,45.0,30.0,37.65783611111111,0.5286703301197875,3.587069157543033,-81.95073863636364,11.031404418972798,2.944345296695745,31,78
2019,20190415,0.0,0.0,217487.4538,513150.95220000006,11154196.979799995,11884835.385799997,31891162.631020367,79250784.61867222,1607328507.885004,1718470455.1346967,3.0,210.0,10.0,4.0,5.0,30.0,15.0,39.112488725490195,1.9833229444988731,1.9871247981119062,-76.16609362745099,16.816049427885446,1.4259562346584096,30,77
2019,20190416,0.0,0.0,0.0,65422.5593,0.0,65422.5593,0.0,9285538.206094746,0.0,9285538.206094746,0.0,5.0,2.0,1.0,0.0,0.0,0.0,35.61725,-1.5119157809913233,0.006151828996323699,-117.63745,-24.655306944663565,0.004313351365240448,29,76
2019,20190417,0.0,0.0,2133193.4058000003,51367.929,884924.8843000002,3069486.2191000003,450103121.2979652,13778647.056967791,204802933.83832228,668684702.1932552,151.0,68.0,10.0,1.0,0.0,0.0,0.0,36.030349333333334,-1.0988164476579882,2.8922877753222567,-97.28325155555555,-4.301108500219115,2.6264868522946316,28,75
2019,20190418,0.0,0.0,93249.9601,565972.8402000001,3402497.4578000004,4061720.2581000007,22109049.99652723,135223244.98366562,730091644.705071,887423939.6852639,6.0,223.0,57.0,4.0,5.0,30.0,30.0,32.736624285714285,-4.392541495277037,1.6387594302497446,-90.19557214285715,2.7865709124792915,2.958410788265286,27,74
2019,20190419,0.0,0.0,36664.1506,1613035.7344,11378104.6084,13027804.4934,7726926.515186014,291272564.56175774,2114867722.746915,2413867213.823859,2.0,534.0,54.0,4.0,10.0,30.0,5.0,33.232991681415925,-3.896174099575397,2.7390644171368135,-80.7638228318584,12.218320223478031,2.093118433186833,26,73
2019,20190420,0.0,0.0,187044.58619999996,0.0,25360.164299999997,212404.75049999997,39748524.73506951,0.0,4926928.175224175,44675452.91029369,7.0,6.0,0.0,5.0,10.0,45.0,5.0,38.57909090909091,1.4499251280995864,2.1412214016558613,-80.86272727272727,12.119415782609167,7.499660113510601,25,72
2019,20190421,0.0,0.0,89282.207,0.0,76570.8998,165853.1068,25886625.922727335,0.0,22470494.868528742,48357120.79125608,18.0,26.0,0.0,2.0,2.0,5.0,0.0,39.6805075,2.5513417190086756,1.0024862790511881,-99.31268250000001,-6.330539444663572,1.8119099789275308,24,71
2019,20190422,0.0,0.0,373636.3369,69312.8487,133286.5328,576235.7183999999,88603485.42190653,8017581.377591824,34776860.52952104,131397927.3290194,19.0,15.0,4.0,2.0,0.0,5.0,5.0,39.01951515151515,1.890349370523829,4.266701665229918,-94.93351818181817,-1.9513751264817358,6.756318212812659,23,70
2019,20190423,0.0,0.0,271915.674,0.0,357391.4265,629307.1005,54409243.201843955,0.0,64089786.4145542,118499029.61639816,36.0,15.0,0.0,3.0,2.0,15.0,15.0,32.811321568627456,-4.317844212363866,2.1309484143276434,-99.47280588235293,-6.490662827016493,5.951008073979125,22,69
2019,20190424,0.0,0.0,102853.23189999998,110827.6605,257625.9394,471306.8318,18820818.243773315,22848268.120203085,45193813.25367305,86862899.61764945,5.0,10.0,7.0,3.0,2.0,15.0,15.0,31.702745454545457,-5.426420326445864,2.421051117205337,-95.60062727272727,-2.6184842173908294,3.110105412573026,21,68
2019,20190425,0.0,0.0,40528.1193,203878.1798,839591.5174,1083997.8165,6240852.656964963,48074085.67274688,188824369.61596456,243139307.9456764,4.0,52.0,14.0,3.0,5.0,15.0,15.0,33.12570857142857,-4.003457209562754,3.5528715395771155,-89.09339428571428,3.888748769622154,4.087707352747502,20,67
2019,20190426,0.0,0.0,703650.3364,75100.3855,7756598.4048,8535349.126699999,118564162.26670824,11805833.676240811,1146691883.8519354,1277061879.7948844,25.0,175.0,2.0,3.0,5.0,15.0,5.0,39.116956249999994,1.9877904690086723,1.6816924552080152,-82.02770170454545,10.954441350790987,11.183976104881864,19,66
2019,20190427,0.0,0.0,33814.4579,2994.0894,3141.1657000000005,39949.713,8310519.490303656,872998.9764720844,894162.3159830644,10077680.782758806,8.0,3.0,1.0,3.0,5.0,15.0,5.0,33.643899999999995,-3.485265780991327,0.9084236089695896,-100.81317,-7.831026944663563,0.812154178096747,18,65
2019,20190428,0.0,0.0,261191.2558,790.2644,25987.4786,287968.99879999994,68633830.10911325,416951.5346900906,7852086.023954755,76902867.66775809,35.0,34.0,1.0,3.0,2.0,15.0,15.0,39.13933478260869,2.0101690016173706,1.4548805163949035,-98.06329782608695,-5.081154770750516,2.8190154937486835,17,64
2019,20190429,0.0,0.0,107801.6941,14303.4382,126548.93360000002,248654.0659,15087730.38189664,3358734.090329412,30197927.275804862,48644391.74803091,5.0,16.0,1.0,3.0,2.0,5.0,15.0,36.511676470588235,-0.6174893104030872,2.5866647000842167,-100.57748823529411,-7.595345179957675,7.756250931819633,16,63
2019,20190430,0.0,0.0,497560.4224,950163.5431,599539.3651,2047263.3306,120505937.22390687,226113127.03534788,146444303.01009065,493063367.2693454,61.0,48.0,69.0,3.0,5.0,15.0,15.0,35.99781022727273,-1.131355553718592,1.987696428333338,-95.59566420454544,-2.6135211492090065,3.6019219982864703,15,62
2019,20190501,0.0,0.0,1134911.9475999998,189235.90059999996,529278.7775,1853426.6256999995,224983730.94741192,36256299.63937087,116849845.15640894,378089875.7431917,68.0,33.0,10.0,4.0,10.0,30.0,30.0,34.49328348623853,-2.63588229475279,1.6198472716937407,-96.46169816513762,-3.4795551098011828,3.581191181870595,14,61
2019,20190502,0.0,0.0,357302.20929999993,198154.7906,1134223.6128,1689680.6127,76092874.14185432,46912646.88938,202482708.04726648,325488229.0785008,29.0,37.0,18.0,4.0,5.0,30.0,30.0,34.93136746987952,-2.1977983111118036,2.975460550091096,-90.4466421686747,2.535500886661737,7.649806767448298,13,60
2019,20190503,0.0,0.0,1499895.6284000005,235399.8955,1212551.6462,2947847.1701000007,259926804.63661847,39707905.26440188,205792432.40320316,505427142.30422354,58.0,45.0,9.0,3.0,5.0,15.0,15.0,34.62426936936937,-2.5048964116219494,4.910261437453626,-89.92108288288289,3.0610601724535513,9.82997137224976,12,59
2019,20190504,0.0,0.0,622404.8229,60994.1959,1433870.8988,2117269.9176000003,127435584.50170268,11706843.164336158,277958506.5579598,417100934.2239986,53.0,59.0,6.0,3.0,5.0,15.0,15.0,34.22276239316239,-2.906403387828931,2.8383349980507497,-89.67405384615384,3.3080892091825973,9.486769757709022,11,58
2019,20190505,0.0,0.0,757646.9807000001,162662.7348,1391217.1569,2311526.8724,204839824.37106523,38657641.02761268,265404454.22874483,508901919.6274227,134.0,70.0,22.0,3.0,2.0,15.0,15.0,36.155461946902655,-0.973703834088667,4.387442929114226,-95.90528362831857,-2.9231405729821347,6.927864389694535,10,57
2019,20190506,0.0,0.0,920886.2212,13379.3438,803180.4633,1737446.0283,223605220.21937644,3128906.9242466763,178918256.71727684,405652383.8608999,128.0,65.0,3.0,3.0,2.0,15.0,15.0,37.38768928571429,0.2585235047229659,2.5100901412228422,-98.05589642857142,-5.073753373234979,3.9886411414952088,9,56
2019,20190507,1.0,1862.4,340953.6576,103843.83770000002,326764.59789999994,771562.0932,82170031.38293312,27022095.988959268,72433829.32567716,181625956.69756955,72.0,33.0,24.0,3.0,2.0,15.0,15.0,35.1396375,-1.9895282809913226,2.32263839817166,-100.09440625,-7.112263194663569,3.914612189232369,8,55
2019,20190508,1.0,1862.4,166440.7013,274752.0356,732936.1186,1174128.8555,35779874.66096272,59690248.254999585,158999050.29154792,254469173.20751023,23.0,54.0,23.0,5.0,15.0,45.0,45.0,32.901493,-4.22767278099132,1.877458886999853,-94.75756,-1.7754169446635615,4.011383020577538,7,54
2019,20190509,1.0,1862.4,1363092.5556999997,132673.6919,1651365.7531,3147132.0006999997,228785552.2610665,28378584.913043275,339058434.90429807,596222572.0784078,51.0,86.0,6.0,3.0,5.0,15.0,15.0,31.67586474820144,-5.453301032789881,1.9905257312922882,-91.66534316546763,1.316799889868804,4.553912339097134,6,53
2019,20190510,1.0,1862.4,89583.2263,0.0,155933.5911,245516.8174,16104145.718905585,0.0,27466349.78618035,43570495.50508593,4.0,7.0,0.0,3.0,2.0,15.0,15.0,37.92999090909091,0.8008251280995893,6.900587997620862,-86.62465454545455,6.35748850988189,11.945571250079558,5,52
2019,20190511,1.0,1862.4,272739.95330000005,85387.7561,1005256.2175,1363383.9269000003,48503320.66771028,15799949.829421844,196933229.59543857,261236500.0925707,7.0,47.0,3.0,2.0,2.0,5.0,5.0,33.32517894736842,-3.8039868336229006,1.5673719393732257,-83.88858771929824,9.093555336038193,5.482952511879439,4,51
2019,20190512,1.0,1862.4,32385.601699999996,9587.9142,840427.5727,882401.0886,4916085.744574474,2117642.3644097587,169016387.76466164,176050115.87364587,1.0,60.0,1.0,3.0,2.0,15.0,15.0,32.134512903225804,-4.9946528777655175,2.0960140641722393,-83.59448870967742,9.387654345659016,4.550494372533669,3,50
2019,20190513,1.0,1862.4,773038.2555000001,58129.386000000006,178003.3663,1009171.0078,148592937.193582,10990428.531633075,32072260.98783438,191655626.71304947,38.0,11.0,2.0,3.0,2.0,15.0,5.0,36.401886274509806,-0.7272795064815156,3.9310804990495725,-83.39703921568628,9.58510383965016,10.89410180824612,2,49
2019,20190514,0.0,0.0,424298.1204,0.0,321387.9055,745686.0259,97763920.00768466,0.0,50808007.25826907,148571927.26595372,39.0,14.0,0.0,3.0,2.0,15.0,15.0,38.47822452830189,1.3490587473105649,6.158341547130813,-96.56892264150943,-3.5867795861729945,7.997847170684829,1,48
2019,20190515,0.0,0.0,410897.2735,0.0,40933.701,451830.9745,97647804.63748305,0.0,14031635.183136314,111679439.82061934,50.0,18.0,0.0,2.0,2.0,5.0,5.0,42.29350769230769,5.16434191131637,6.415453246320258,-95.00018769230769,-2.018044636971254,4.9265130074268715,0,47
2019,20190516,1.0,1196.9,3428652.8359000003,0.0,1909108.6041999997,5337761.4401,772865471.4028654,0.0,438297703.1760675,1211163174.5789328,124.0,89.0,0.0,3.0,2.0,15.0,15.0,40.5929758974359,3.463810116444577,2.2707568069643296,-90.18359538461539,2.7985476707210495,5.7756086970618545,1,46
2019,20190517,1.0,1196.9,712079.8393999999,54569.87509999999,587967.7755,1354617.4899999998,172725117.9941576,19481682.97922799,134935224.68089634,327142025.654282,109.0,36.0,29.0,3.0,2.0,15.0,15.0,39.39559,2.2664242190086767,2.564555181625763,-96.45500529411765,-3.472862238781218,8.002483264995929,2,45
2019,20190518,1.0,1196.9,1112907.806,347169.0624,3809514.0283,5269590.896699999,221213886.76418835,81188530.67718194,827407956.645417,1129810374.0867872,62.0,230.0,30.0,4.0,10.0,30.0,30.0,35.66297774294671,-1.4661880380446135,2.31297516773928,-93.46429028213166,-0.48214722679522026,5.39180511651386,3,44
2019,20190519,0.0,0.0,1771138.0077,600669.706,7617805.0215,9989612.7352,278348477.4637994,114451777.89804034,1298168314.1604123,1690968569.5222523,37.0,169.0,22.0,4.0,10.0,45.0,30.0,38.81344222222222,1.6842764412308995,4.186648357933359,-82.88723644444444,10.094906610891996,8.593711487337387,4,43
2019,20190520,0.0,0.0,513423.295,433329.4692,974455.3547,1921208.1189,134200136.58575468,107392876.24214414,204807379.55163407,446400392.3795329,109.0,78.0,45.0,3.0,5.0,15.0,15.0,35.14762568807339,-1.9815400929179319,2.3656201730057074,-97.88582752293578,-4.903684467599348,6.196891294892432,5,42
2019,20190521,0.0,0.0,228936.79120000004,488553.418,856693.939,1574184.1482000002,55872589.5261014,116148296.5990321,208160012.09975088,380180898.2248844,24.0,111.0,36.0,6.0,30.0,45.0,45.0,37.337976000000005,0.2088102190086829,1.6799314989586784,-94.4498624,-1.4677193446635641,3.770552635238911,6,41
2019,20190522,0.0,0.0,736978.4185,653823.9663,1272750.8396,2663553.2244,183366037.73474377,163638619.30437118,305088743.5276805,652093400.5667955,55.0,83.0,47.0,4.0,10.0,30.0,15.0,38.487685632183904,1.3585198511925825,2.0724162659532843,-92.92935517241379,0.0527878829226438,3.3000652789219904,7,40
2019,20190523,0.0,0.0,1210003.565,275872.83259999997,13086554.117,14572430.514599998,277269197.98436034,60255633.05924632,2506493971.575246,2844018802.6188526,141.0,336.0,25.0,4.0,10.0,15.0,30.0,39.344361983471074,2.2151962024797527,2.2190483589920915,-87.58593367768594,5.396209377650493,9.136492824499724,8,39
2019,20190524,0.0,0.0,462180.9537,196970.88,942925.6466,1602077.4803,111852041.81193918,52964895.92811174,230174756.77685377,394991694.5169047,54.0,96.0,20.0,4.0,10.0,30.0,30.0,38.52701987951807,1.39785409852675,4.172383211492184,-97.9862734939759,-5.004130438639464,6.374071573807464,9,38
2019,20190525,0.0,0.0,1241232.0599,353711.10689999996,4506310.4197,6101253.5865,269342379.1370176,83767853.47687218,833006514.2686794,1186116746.8825693,86.0,184.0,25.0,3.0,5.0,15.0,15.0,38.47842448979592,1.349258708804598,3.066638821975844,-89.67190034013606,3.310242715200374,9.49609100365655,10,37
2019,20190526,1.0,5655.6,1327356.0583,278105.1374,6736257.5287,8341718.7244,272424271.79244643,63852894.65783205,1213386033.3887668,1549663199.8390453,120.0,250.0,40.0,4.0,10.0,30.0,30.0,38.54102875318066,1.4118629721893399,2.2568964399199163,-92.65241119592875,0.329731859407687,11.15329712148746,11,36
2019,20190527,1.0,5655.6,2121666.767,1704541.0352,2385977.7329,6212185.5351,455246302.3072976,397099075.742058,515064363.3387819,1367409741.388137,121.0,97.0,67.0,5.0,15.0,45.0,45.0,40.55669856630824,3.42753278531692,1.172910694312431,-94.05074802867384,-1.0686049733374006,7.496170162068903,12,35
2019,20190528,1.0,5655.6,10182116.2362,783602.9647,5916479.9247,16882199.125600003,1835268481.082228,140493475.20869687,1002184893.3993407,2977946849.6902657,311.0,134.0,25.0,4.0,10.0,30.0,30.0,39.81566404255319,2.6864982615618658,1.9835235352599903,-86.72712234042552,6.255020714910913,9.571439935646874,13,34
2019,20190529,1.0,5655.6,5382220.957,1072354.1737,11748680.6342,18203255.764900003,827671308.5858213,211162696.44879612,1967540987.5965824,3006374992.6312,106.0,285.0,42.0,5.0,15.0,45.0,45.0,38.191592147806006,1.0624263668146838,3.0926897288177,-83.73126420323325,9.250878852103185,7.990869082508179,14,33
2019,20190530,0.0,0.0,688457.0556000001,136498.5541,3854939.6572,4679895.2669,130313339.61706674,20887058.73539769,606229181.0030892,757429579.3555536,28.0,87.0,3.0,4.0,10.0,30.0,30.0,37.16762711864406,0.03846133765274118,3.2265392389454797,-82.07119999999999,10.910943055336446,9.455739166585323,15,32
2019,20190531,0.0,0.0,2894427.4793,838.8993999999999,2162494.0431000004,5057760.421800001,564138362.4210805,197757.0614366213,410581699.9284247,974917819.4109418,128.0,92.0,1.0,3.0,5.0,15.0,15.0,36.45923891402715,-0.6699268669641754,3.217126611127431,-82.05190859728506,10.930234458051373,7.696376404780502,16,31
2019,20190601,0.0,0.0,5415185.955799999,1143.1195,2576037.5152000003,7992366.590499999,1212143456.316089,353978.21817361406,513985372.9235983,1726482807.4578605,227.0,110.0,1.0,3.0,5.0,15.0,15.0,38.79417529761905,1.6650095166277268,3.259453609116871,-91.96695684523809,1.0151862100983493,7.925117750157629,17,30
2019,20190602,0.0,0.0,6343967.7751,53860.871300000006,5143347.0897,11541175.7361,991515226.6599646,8729109.146991264,779887149.2733519,1780131485.0803075,184.0,98.0,5.0,4.0,2.0,30.0,30.0,38.89719094076655,1.7680251597752275,3.075910355537404,-86.64876655052265,6.333376504813785,12.529111545508178,18,29
2019,20190603,0.0,0.0,208223.6045,17483.0113,91034.00430000002,316740.62010000006,41264669.962190375,3967266.4485921687,24520222.247789588,69752158.65857214,28.0,25.0,5.0,3.0,2.0,15.0,15.0,38.02815789473684,0.8989921137455212,3.219764055793717,-101.75023333333333,-8.76809027799689,3.0400285335440373,19,28
2019,20190604,0.0,0.0,884318.3952,26996.8482,1972196.0249,2883511.2682999996,230991430.03426456,6171210.107204149,478947701.06099147,716110341.2024602,93.0,120.0,3.0,3.0,2.0,5.0,15.0,41.11872638888889,3.989560607897566,5.340277259860586,-93.2067662037037,-0.22462314836725739,6.578512301263541,20,27
2019,20190605,0.0,0.0,841562.0725,137852.3046,4341047.478800001,5320461.855900001,206294753.58705315,31459988.027482003,942015479.774656,1179770221.3891912,56.0,183.0,5.0,4.0,2.0,30.0,15.0,37.7891487704918,0.6599829895004774,2.873710605727679,-87.53665573770492,5.4454873176315175,7.332645841113661,21,26
2019,20190606,0.0,0.0,483900.3788,217902.71179999996,1028902.2009,1730705.2914999998,80437656.90927799,46924130.43028943,183479973.17823255,310841760.5178,21.0,69.0,17.0,3.0,2.0,15.0,15.0,34.04882095238096,-3.0803448286103645,6.237793891206424,-100.21400285714286,-7.231859801806422,8.268121253954126,22,25
2019,20190607,0.0,0.0,174782.87810000003,61732.5896,1255890.7376000003,1492406.2053000005,37212144.129913785,13083009.450833252,238687802.464109,288982956.0448561,35.0,81.0,3.0,4.0,5.0,30.0,15.0,37.45532818181819,0.32616240082686687,6.679722044801261,-92.57908636363636,0.40305669170007263,8.993007572925373,23,24
2019,20190608,0.0,0.0,770529.5967999999,70276.9038,374363.68149999995,1215170.1821,150922845.6598002,15632767.720581148,86618696.35282731,253174309.73320863,87.0,57.0,10.0,4.0,2.0,30.0,30.0,40.359655844155846,3.230490063164524,4.00368930478869,-99.46369285714286,-6.481549801806423,6.451170070140008,24,23
2019,20190609,0.0,0.0,777069.735,109415.5903,3424253.5286,4310738.8538999995,139438392.75808325,25753886.944367737,604966792.7694666,770159072.4719176,32.0,127.0,6.0,3.0,2.0,15.0,15.0,32.20261288343558,-4.926552897555744,3.072133362732362,-96.73599693251533,-3.753853877178898,3.7445123210205216,25,22
2019,20190610,0.0,0.0,3153.8321,0.0,36733.2029,39887.035,602413.6800626382,0.0,4242435.338173644,4844849.018236282,1.0,8.0,0.0,4.0,2.0,30.0,15.0,30.69485,-6.434315780991323,3.0788397484550374,-99.68415,-6.702006944663566,13.188801393227507,26,21
2019,20190611,0.0,0.0,237789.77329999997,4677.2094,40409.62589999999,282876.6086,68417223.61682892,1943919.3864651031,7269341.345602471,77630484.34889649,51.0,3.0,1.0,1.0,0.0,0.0,0.0,39.30945454545454,2.1802887644632207,4.116765536996165,-97.64307272727272,-4.660929671936287,3.625732739709031,27,20
2019,20190612,0.0,0.0,81084.119,17295.8096,378555.4283,476935.3569,15882747.487414071,4079127.6920436216,72782956.98050672,92744832.1599644,4.0,16.0,1.0,3.0,0.0,15.0,15.0,33.54919523809524,-3.579970542896085,4.665650030539817,-87.33832380952381,5.643819245812622,6.228971155407994,28,19
2019,20190613,0.0,0.0,80563.546,417223.8748,2838459.0763999997,3336246.4971999996,18570858.14211199,59461400.245534614,423868230.84365386,501900489.2313005,30.0,64.0,5.0,2.0,2.0,5.0,5.0,38.6707887755102,1.5416229945188817,3.401990196379828,-92.59198469387755,0.39015836145888727,15.245031697372324,29,18
2019,20190614,0.0,0.0,102880.8217,8540.7884,172987.43450000003,284409.0446,31965939.274494026,2677452.8238836834,45893760.46171243,80537152.56009012,39.0,38.0,1.0,3.0,0.0,15.0,15.0,40.544752,3.4155862190086808,4.409718467919858,-101.57578,-8.593636944663558,5.370899813886939,30,17
2019,20190615,0.0,0.0,337640.81460000004,560356.0818,1281769.3055999998,2179766.202,92649899.20536952,136792462.79832318,324530563.0995014,553972925.103194,51.0,96.0,30.0,3.0,2.0,15.0,15.0,38.652370056497176,1.5232042755058544,3.268675729793562,-95.26355197740114,-2.281408922064699,5.725896999251107,31,16
2019,20190616,0.0,0.0,1167306.4138,474800.4918,3020896.1100999997,4663003.015699999,226663902.1635228,93549602.83846858,600745012.0557737,920958517.0577652,66.0,111.0,15.0,4.0,5.0,30.0,15.0,36.08109583333333,-1.0480699476579929,3.7790772176618193,-92.06166458333333,0.9204784720031114,7.930991613921944,32,15
2019,20190617,0.0,0.0,1133709.0672,60294.065299999995,3274631.3381000003,4468634.4706,184385294.99624115,14817889.440010175,618259526.3590101,817462710.7952614,54.0,113.0,7.0,4.0,5.0,30.0,15.0,37.11223333333333,-0.016932447657993066,2.753514902292772,-88.52048505747126,4.461657997865174,11.097279124812312,33,14
2019,20190618,0.0,0.0,931972.3071,5832.897,1283032.8275,2220838.0316,173863160.2379331,1688229.8356516846,235440281.5330862,410991671.606671,86.0,81.0,3.0,3.0,2.0,15.0,15.0,36.63844176470588,-0.4907240162854407,3.4033099779822527,-96.99092529411763,-4.008782238781194,9.539934084126307,34,13
2019,20190619,0.0,0.0,1618431.0061,145797.56160000002,3837544.5533,5601773.120999999,323888785.0435223,33362533.18478328,843157737.8148844,1200409056.04319,111.0,244.0,11.0,4.0,10.0,30.0,30.0,35.21578164383562,-1.9133841371557025,3.4085585999759225,-93.76495671232875,-0.7828136569923174,5.50246916901661,35,12
2019,20190620,0.0,0.0,493275.9775,54979.32749999999,9033361.0837,9581616.3887,110125218.71455738,15378615.004491258,1724723766.9669702,1850227600.686019,51.0,391.0,5.0,4.0,5.0,30.0,30.0,35.828166206896555,-1.3009995740947673,3.5447571836118543,-85.19126850574713,7.790874549589304,8.522384917883489,36,11
2019,20190621,0.0,0.0,546835.0930999999,269063.3982,6833990.2491,7649888.7404,121907610.87316084,63978910.36606267,1551626908.8619113,1737513430.1011348,61.0,373.0,15.0,4.0,5.0,45.0,15.0,36.91832600896861,-0.21083977202270887,2.0529830250442354,-90.82378721973093,2.158355835605505,6.30673429714818,37,10
2019,20190622,0.0,0.0,796374.2559,13246.023,6503354.1902,7312974.4691,164163938.78518024,3229289.425677781,1310618279.1545796,1478011507.3654375,57.0,296.0,4.0,4.0,2.0,30.0,15.0,35.07505294117647,-2.0541128398148487,2.381864793371535,-87.02337422969188,5.958768825644555,7.392190286156719,38,9
2019,20190623,0.0,0.0,405228.072,236034.87140000003,4391485.0502,5032747.993600001,87866822.77536386,56508505.69328603,964692882.0128706,1109068210.4815204,46.0,238.0,14.0,4.0,5.0,30.0,30.0,35.65331683501683,-1.4758489459744908,2.4919138644199945,-91.37654646464647,1.60559659068997,5.752011513321905,39,8
2019,20190624,0.0,0.0,485176.7152,272211.5481,6139607.0487,6896995.312,98555250.7944662,62123196.00762427,1273448665.4381447,1434127112.240235,48.0,254.0,15.0,4.0,5.0,30.0,30.0,35.893992429022084,-1.2351733519692374,4.14021173262372,-86.68752933753943,6.294613717797006,6.886443404649017,40,7
2019,20190625,0.0,0.0,916768.1472,1881.1125,797792.5534000001,1716441.8131,232035318.47393805,641287.3447199757,187997719.85545513,420674325.6741131,102.0,67.0,2.0,3.0,2.0,15.0,15.0,39.09908362573099,1.969917844739669,4.087437616011915,-95.3441947368421,-2.362051681505662,5.805205572306365,41,6
2019,20190626,0.0,0.0,1083027.6923,0.0,2978387.1525,4061414.8448,236717599.54867473,0.0,516062631.3433393,752780230.892014,66.0,109.0,0.0,4.0,5.0,15.0,30.0,41.26992114285714,4.140755361865821,3.9972957474949484,-91.09924342857143,1.8828996267650098,13.34806092208573,42,5
2019,20190627,0.0,0.0,738207.2138000001,2781.3679,4965768.8087,5706757.3904,178955032.98710185,1149404.1833273424,1095090595.3326547,1275195032.503084,58.0,245.0,3.0,3.0,2.0,15.0,15.0,40.40443529411765,3.275269513126325,5.574638605732277,-91.87326405228758,1.1088790030488553,9.935080605638772,43,4
2019,20190628,0.0,0.0,1102665.3449,0.0,4209127.5683,5311792.9132,210467815.73077744,0.0,744855706.8502963,955323522.5810738,41.0,135.0,0.0,4.0,5.0,30.0,30.0,40.293946285714284,3.1647805047229625,4.687335137045702,-88.47629485714286,4.505848198193576,10.224052312304716,44,3
2019,20190629,0.0,0.0,3350357.3175,749.6716999999999,21099295.276199996,24450402.265399996,491470290.37617224,314964.4307623685,3039503216.3820696,3531288471.189004,64.0,327.0,1.0,3.0,2.0,15.0,15.0,40.89995207253886,3.7707862915475374,3.0338848913106373,-79.3987121761658,13.583430879170635,7.988396161545786,45,2
2019,20190630,0.0,0.0,1420506.8635000002,39932.9237,13075471.5782,14535911.3654,249419332.9967164,8338118.021960573,2447363722.2678013,2705121173.286478,74.0,365.0,2.0,4.0,5.0,30.0,15.0,41.794965831435086,4.665800050443764,2.5895667316361903,-88.1524054669704,4.829737588366044,8.359071559012492,46,1
2019,20190701,0.0,0.0,217390.92120000004,33829.7998,124143.545,375364.26600000006,53687828.31317763,8920944.908213478,33886375.41882345,96495148.64021456,53.0,33.0,2.0,3.0,2.0,15.0,15.0,42.0803367816092,4.951171000617876,3.235727573626123,-102.95649425287357,-9.974351197537132,5.671844284122994,47,0
2019,20190702,0.0,0.0,604081.8261999999,0.0,13137888.9236,13741970.749799998,140882147.29747805,0.0,2530345276.5771127,2671227423.874591,57.0,307.0,0.0,3.0,2.0,15.0,15.0,40.70856538461538,3.5793996036240614,2.561742083608472,-83.88581373626374,9.096329319072694,8.270792862944848,48,1
2019,20190703,0.0,0.0,283452.1907,6114.725300000001,1125324.5732,1414891.4892,79504362.20792249,2084776.99011014,256863819.7779446,338452958.97597724,80.0,88.0,6.0,3.0,2.0,15.0,15.0,40.56219770114942,3.4330319201581005,5.073293936738693,-95.41469425287357,-2.432551197537137,8.467737818097355,49,2
2019,20190704,1.0,1239.8,916875.9685,31043.605000000003,1699698.3027,2647617.8762,172512856.74191085,7860498.197123031,324967552.14803845,505340907.0870723,81.0,85.0,7.0,3.0,2.0,15.0,15.0,39.32812716763006,2.198961386638736,4.102817963035181,-96.47364335260114,-3.4915002972647073,11.502922963338206,50,3
2019,20190705,1.0,1239.8,1450234.3852000004,43086.2727,575735.6686,2069056.3265000004,268311378.71467012,12335044.914535245,129234269.18946037,409880692.81866574,122.0,54.0,7.0,4.0,5.0,15.0,30.0,40.28424972677596,3.1550839457846394,3.023745227633196,-101.54516284153006,-8.563019786193621,6.37060381186371,51,4
2019,20190706,0.0,0.0,143407.7008,114071.184,6444553.5425,6702032.427300001,29621951.25719721,15686951.517358918,1032336612.8199738,1077645515.59453,24.0,147.0,3.0,3.0,2.0,15.0,15.0,40.91333850574713,3.7841727247558055,2.8238304453348606,-83.89852183908046,9.083621216255978,12.941368874249921,52,5
2019,20190707,0.0,0.0,86908.05500000001,0.0,361416.1994,448324.2544,19626333.559825957,0.0,75930795.66714849,95557129.22697444,21.0,28.0,0.0,3.0,5.0,15.0,15.0,38.415944897959186,1.286779116967864,6.804824654949517,-95.80121020408163,-2.819067148745191,10.338318425547682,53,6
2019,20190708,0.0,0.0,133896.8155,10389.4406,275248.331,419534.5871,36410099.84086235,3335219.103486742,79485038.72785775,119230357.67220683,55.0,76.0,5.0,3.0,2.0,15.0,15.0,44.728116176470586,7.598950395479264,4.114362663469422,-99.90630367647059,-6.924160621134149,4.76133044679909,54,7
2019,20190709,0.0,0.0,21981.7221,65122.5368,191301.656,278405.9149,7687545.977041019,20171059.626326986,44079976.052345,71938581.65571299,15.0,25.0,9.0,3.0,2.0,15.0,15.0,41.68220612244898,4.55304034145766,4.888213372124835,-98.0203,-5.0381569446635694,6.615688187778846,55,8
2019,20190710,0.0,0.0,83798.27769999999,12648.9286,2145881.2377,2242328.444,21146728.42557173,2711239.4309522957,489752663.4931612,513610631.34968525,18.0,120.0,1.0,3.0,2.0,15.0,15.0,37.94120503597122,0.8120392549799007,3.247497735611303,-94.17275971223022,-1.1906166568937806,5.293280070444256,56,9
2019,20190711,0.0,0.0,152852.7139,102487.35,4564786.4298,4820126.4937,28931457.735350672,13361354.611691922,789370850.0025489,831663662.3495915,15.0,117.0,1.0,3.0,2.0,15.0,15.0,39.13541503759398,2.0062492566026577,3.543425689804442,-82.1041887218045,10.877954333531932,8.64928529913639,57,10
2019,20190712,0.0,0.0,75506.19030000002,5419.515300000001,283747.9651,364673.6707,28615191.269546695,1478362.3839225294,72870094.94575602,102963648.59922524,32.0,41.0,2.0,3.0,2.0,15.0,15.0,44.30627066666666,7.177104885675341,3.6713477574897806,-100.58430933333334,-7.602166277996901,6.506694210957797,58,11
2019,20190713,0.0,0.0,111087.5426,0.0,728251.2751,839338.8177,27820902.984806344,0.0,151375605.66866586,179196508.6534722,21.0,54.0,0.0,3.0,5.0,15.0,5.0,41.75728767123288,4.628121890241559,5.766387754525385,-97.51607534246575,-4.533932287129318,11.746153652316488,59,12
2019,20190714,0.0,0.0,314664.7267,10913.6226,472992.57480000006,798570.9241000001,78927540.59078732,2477368.374718045,120622083.81514674,202026992.7806521,59.0,88.0,1.0,3.0,5.0,15.0,15.0,44.596569784172665,7.467404003181343,4.274453287130764,-101.00905035971223,-8.026907304375797,8.47890211962946,60,13
2019,20190715,0.0,0.0,533516.0504,19107.5018,1440870.0645000003,1993493.6167,133465050.17818488,5090813.984222189,334551047.1584697,473106911.3208767,39.0,102.0,1.0,3.0,5.0,15.0,15.0,43.14057183098591,6.011406049994591,4.118707486309563,-93.33510211267607,-0.35295905733963195,8.15542186538979,61,14
2019,20190716,0.0,0.0,68471.6874,38155.666399999995,1056352.7957,1162980.1495,24789876.250986468,10429364.832375858,218694046.30196336,253913287.38532567,47.0,52.0,4.0,3.0,2.0,15.0,15.0,42.92282647058824,5.793660689596919,3.2632395170943305,-96.04704607843136,-3.064903023094928,11.209801734264488,62,15
2019,20190717,0.0,0.0,94523.84279999998,16788.6541,13245927.0082,13357239.5051,29610813.22606528,5268168.4820306,2017706453.8965085,2052585435.604604,40.0,286.0,10.0,4.0,2.0,30.0,15.0,40.799268749999996,3.670102969008674,3.6231532710057457,-85.46626279761905,7.515880257717384,11.297375004770046,63,16
2019,20190718,0.0,0.0,191862.328,53699.039,1600368.627,1845929.994,46710610.65255271,15665768.257167133,335801165.1270684,398177544.0367882,11.0,65.0,6.0,3.0,2.0,15.0,15.0,37.41541219512195,0.28624641413063046,5.069935540593724,-85.94191219512194,7.040230860214493,6.537927497669864,64,17
2019,20190719,0.0,0.0,835729.2749,98136.3895,3241377.1391999996,4175242.8036,209022928.22206643,28834392.793449424,689218135.4043144,927075456.4198304,63.0,163.0,8.0,3.0,2.0,15.0,15.0,42.59743803418803,5.468272253196709,4.826863968218787,-88.73129700854702,4.25084604678942,7.309921854037628,65,18
2019,20190720,0.0,0.0,259387.7417,150717.5305,8779440.189,9189545.4612,56367429.417913005,42757033.222374,1869823318.902769,1968947781.543056,24.0,410.0,9.0,5.0,15.0,45.0,30.0,42.78964285714285,5.66047707615153,1.9868483489504893,-88.97478253968254,4.0073605156539,8.842920636901333,66,19
2019,20190721,0.0,0.0,578479.1534999999,42250.9083,11502667.909800002,12123397.971600002,90363870.4466199,8265775.96313387,1733569740.4014688,1832199386.8112223,22.0,196.0,1.0,4.0,2.0,30.0,5.0,39.44713515981735,2.317969378826028,2.596558055608121,-81.42032328767124,11.561819767665199,9.585729682182158,67,20
2019,20190722,0.0,0.0,1374691.5103999998,9699.4139,23871646.398299996,25256037.322599996,172555032.63133615,1786052.388105041,3278763201.108188,3453104286.1276293,15.0,316.0,1.0,3.0,5.0,15.0,15.0,38.97668012048192,1.8475143394906013,2.2166103580244934,-78.22791626506024,14.754226790276192,8.444458565382018,68,21
2019,20190723,0.0,0.0,101196.5496,141791.7514,987683.9395,1230672.2405,15218300.443250794,24723655.808858085,174652439.9348311,214594396.18694,5.0,53.0,5.0,3.0,0.0,15.0,5.0,40.521568253968255,3.392402472976933,5.39802656499533,-90.44914603174603,2.5329970235904113,19.199069595289835,69,22
2019,20190724,0.0,0.0,13405.8792,0.0,72221.94000000002,85627.81920000001,3759666.1165719447,0.0,16159764.084834186,19919430.201406132,9.0,11.0,0.0,3.0,0.0,15.0,5.0,42.774550000000005,5.645384219008683,5.23738586086496,-100.98767777777778,-8.00553472244134,8.480198560838168,70,23
2019,20190725,0.0,0.0,95118.65940000002,30141.1585,13047.3465,138307.1644,13559450.194594804,4509376.560005455,2095296.903293053,20164123.657893315,6.0,2.0,2.0,3.0,2.0,15.0,15.0,33.75387,-3.3752957809913227,11.382530473790867,-88.09035,4.891793055336436,13.480379498717546,71,24
2019,20190726,0.0,0.0,787636.1359000001,11064.2328,35531.327900000004,834231.6966000001,209846991.11922255,729924.2951583879,10095873.322834982,220672788.7372159,55.0,11.0,1.0,3.0,2.0,15.0,15.0,44.631720895522385,7.502555114531063,2.9212393430278407,-95.09776417910447,-2.1156211237680367,3.676861586251919,72,25
2019,20190727,0.0,0.0,73322.8645,0.0,244307.01510000005,317629.87960000004,11379467.174011497,0.0,43747542.141917154,55127009.31592865,5.0,14.0,1.0,3.0,5.0,15.0,15.0,41.747110526315794,4.617944745324472,6.062640624888605,-91.09126315789473,1.8908798974417067,13.943621178286767,73,26
2019,20190728,0.0,0.0,169337.74300000002,131124.7368,2291537.1673999997,2591999.6471999995,39429949.0687688,35820633.62595257,382805832.3536347,458056415.04835606,17.0,77.0,10.0,2.0,0.0,5.0,5.0,42.76960961538461,5.640443834393288,3.5922775243493494,-84.53823365384616,8.443909401490274,11.143331069426099,74,27
2019,20190729,0.0,0.0,395879.8195,0.0,3066536.5506999996,3462416.3702,78925839.55095945,0.0,480346254.18200433,559272093.7329638,42.0,69.0,0.0,3.0,5.0,15.0,5.0,40.25490270270271,3.125736921711386,2.9077895464192998,-89.80213063063063,3.180012424705808,13.458356955889686,75,28
2019,20190730,0.0,0.0,433370.5482,25163.2669,5192667.2877,5651201.1028,74988934.46137583,4490624.850670643,781522521.7186453,861002081.0306919,34.0,134.0,1.0,2.0,0.0,5.0,5.0,41.46189585798817,4.332730076996846,4.467063517134462,-83.75566627218934,9.226476783147092,13.292676017990965,76,29
2019,20190731,0.0,0.0,1268446.8478,0.0,6135120.812899999,7403567.660699999,219991292.64845797,0.0,917444247.6105902,1137435540.2590482,54.0,134.0,0.0,2.0,0.0,5.0,5.0,40.58259574468085,3.45342996368953,3.701953508720827,-82.23350531914893,10.748637736187504,11.819510090522853,77,30
2019,20190801,0.0,0.0,1281232.326,0.0,3547068.0171,4828300.3431,228625166.4543389,0.0,619264120.0169821,847889286.471321,42.0,99.0,0.0,3.0,0.0,15.0,5.0,37.57136666666667,0.4422008856753479,3.09439988937774,-83.47723617021278,9.50490688512366,8.434851339652614,78,31
2019,20190802,0.0,0.0,100738.1669,3321.7969,669723.7706,773783.7344000001,22175215.665151495,930154.557726822,130142630.86372988,153248001.0866082,6.0,31.0,1.0,3.0,2.0,15.0,15.0,39.13900810810811,2.009842327116786,3.0766259086663226,-89.92145135135135,3.0606917039850856,12.301787329142721,79,32
2019,20190803,0.0,0.0,561558.8029,0.0,2167758.1958999997,2729316.9987999997,90799543.85689302,0.0,316350171.3624977,407149715.2193907,34.0,45.0,0.0,2.0,2.0,5.0,5.0,42.01554050632911,4.886374725337788,4.400834333382328,-87.83556075949367,5.146582295842762,14.31271802724916,80,33
2019,20190804,0.0,0.0,29451.286600000003,8052.499599999999,701118.6159000001,738622.4021000001,10039172.237213211,1173899.0435930088,127777396.41882367,138990467.6996299,15.0,44.0,1.0,2.0,0.0,5.0,5.0,40.60754,3.4783742190086784,5.490115896563107,-94.26532833333334,-1.2831852779969068,13.013872070049874,81,34
2019,20190805,0.0,0.0,1088055.7922,29616.1673,806091.6459,1923763.6054,294589752.6727722,7278198.837205103,200392992.67852613,502260944.1885035,67.0,62.0,2.0,3.0,0.0,15.0,15.0,44.38575190839695,7.256586127405626,2.717736291484887,-92.54313969465649,0.4390033606799477,5.109469281437229,82,35
2019,20190806,0.0,0.0,468723.41299999994,41967.960600000006,4342908.0243999995,4853599.397999999,125624162.05212069,9888608.753939096,800290598.9675261,935803369.7735858,91.0,151.0,2.0,4.0,2.0,30.0,15.0,41.53663483606557,4.407469055074252,3.7369302266572904,-91.54351680327869,1.4386262520577446,9.17386443738734,83,36
2019,20190807,0.0,0.0,1305914.6390000002,341953.8486,14578997.0902,16226865.5778,228556767.1411045,46316061.53588719,2181862122.7910433,2456734951.4680347,51.0,285.0,5.0,3.0,2.0,15.0,15.0,40.24064281524927,3.1114770342579448,3.010641138066815,-82.47802346041055,10.504119594925882,10.008148430150227,84,37
2019,20190808,0.0,0.0,608746.7642,16196.9955,9587665.845699998,10212609.605399998,113117286.38606644,2886243.318175846,1558910597.179499,1674914126.8837411,29.0,226.0,1.0,3.0,2.0,15.0,15.0,40.608961328125,3.4797955471336763,2.49193673300165,-81.126187109375,11.85595594596144,10.320677892948217,85,38
2019,20190809,0.0,0.0,313978.3234,41726.1698,502774.05529999995,858478.5484999999,71449273.5283436,9715573.056816977,100733073.0964267,181897919.68158728,37.0,44.0,4.0,3.0,0.0,15.0,15.0,41.16198690476191,4.032821123770589,3.649009874841931,-96.9191630952381,-3.937020039901668,14.956326237566671,86,39
2019,20190810,0.0,0.0,231557.6736,36574.9247,378532.5038,646665.1021,57400732.319488086,9097451.18171113,74581208.66739376,141079392.168593,64.0,38.0,3.0,3.0,5.0,15.0,15.0,42.08324571428571,4.954079933294388,5.431565723478547,-99.54131047619049,-6.5591674208540525,15.547808855683483,87,40
2019,20190811,0.0,0.0,236788.634,75221.55529999999,146957.48140000002,458967.6707,60732995.248018235,16109861.81464186,48686214.18984704,125529071.25250714,81.0,85.0,13.0,3.0,0.0,15.0,15.0,42.97221620111732,5.843050420125998,2.976616811742745,-105.10910000000001,-12.126956944663576,3.815888233323088,88,41
2019,20190812,0.0,0.0,29259.3635,83347.72710000002,312671.2432,425278.3338,8313813.600446282,19849079.393603805,76681527.89659652,104844420.8906466,6.0,26.0,6.0,4.0,5.0,30.0,15.0,39.741797368421054,2.612631587429732,4.02502529382597,-94.4606,-1.478456944663563,6.766791244608338,89,42
2019,20190813,0.0,0.0,634448.5121,60148.067899999995,3742680.2126,4437276.7926,145946850.98222324,15834860.40398065,782545554.0181239,944327265.4043278,68.0,202.0,6.0,4.0,5.0,30.0,15.0,38.10923345454545,0.9800676735541316,2.4686876014638326,-92.01774836363636,0.964394691700079,8.916781154606682,90,43
2019,20190814,0.0,0.0,132657.6273,0.0,884242.061,1016899.6883,30420252.790428583,0.0,183967735.10382208,214387987.89425063,39.0,45.0,0.0,4.0,5.0,30.0,30.0,37.845014285714285,0.7158485047229632,5.054105189310247,-93.274725,-0.29258194466356713,10.481455205230185,91,44
2019,20190815,0.0,0.0,1417666.8695,62555.5172,5669516.2224,7149738.609100001,288246119.9051683,15954424.19767304,1007664019.4823606,1311864563.585202,102.0,183.0,7.0,4.0,5.0,15.0,30.0,40.29258150684932,3.1634157258579947,2.4207330420543993,-86.89484280821918,6.0873002471172555,10.19642951869296,92,45
2019,20190816,0.0,0.0,644131.7985,0.0,1565844.6564,2209976.4549,122015272.05260617,0.0,233282662.57365692,355297934.6262631,63.0,56.0,0.0,3.0,5.0,15.0,15.0,40.95338983050848,3.8242240495171558,2.3544736752077156,-92.70354237288136,0.2786006824550782,11.811055575241232,93,46
2019,20190817,0.0,0.0,1052517.9712000005,52192.963,5330736.8414,6435447.7756,214576429.9695084,18375793.528221577,1018319692.075017,1251271915.572747,81.0,233.0,7.0,4.0,5.0,15.0,30.0,41.204352812500005,4.075187031508683,2.9512155665917774,-89.240475,3.741668055336433,10.452718452720786,94,47
2019,20190818,0.0,0.0,3296132.265,20389.0476,13668627.9737,16985149.2863,561810024.5623462,5074245.340943831,2478040675.7202835,3044924945.6235733,70.0,333.0,1.0,4.0,5.0,30.0,30.0,40.82853870967742,3.6993729286860955,1.7960744499993855,-81.17189255583126,11.810250499505173,6.10159330932765,95,48
2019,20190819,0.0,0.0,1133542.0423,0.0,7390206.3641,8523748.406399999,190617841.7889177,0.0,1121309330.5396645,1311927172.328582,40.0,142.0,0.0,3.0,5.0,15.0,15.0,38.69327087912088,1.5641050981295592,3.6971060961016984,-80.62771868131868,12.354424374017754,8.944733227987859,96,49
2019,20190820,0.0,0.0,788881.3496000001,28089.243700000003,8787629.2967,9604599.89,156652605.6425077,8340304.389146024,1809254730.6917272,1974247640.7233808,49.0,320.0,3.0,3.0,2.0,15.0,15.0,39.67548091397849,2.546315132987168,2.293764784841554,-87.34967688172043,5.6324661736160095,7.681535163651043,97,50
2019,20190821,0.0,0.0,603768.6257999999,124518.4252,6659764.7192,7388051.7702,110082756.81081748,21706197.61663169,1064319337.248216,1196108291.6756651,29.0,163.0,4.0,4.0,2.0,30.0,15.0,39.28334183673469,2.1541760557433705,2.9625655890494995,-84.83329183673469,8.148851218601749,11.537997201529269,98,51
2019,20190822,0.0,0.0,199359.48759999996,17570.1563,9700631.4978,9917561.1417,41709400.861790456,3181432.9041582034,1438082931.1815896,1482973764.9475384,23.0,180.0,1.0,3.0,2.0,15.0,15.0,38.729322058823534,1.6001562778322125,2.8700350917601387,-82.20686274509804,10.7752803102384,10.464338476912596,99,52
2019,20190823,0.0,0.0,265968.8915,8684.979200000002,1194930.8107,1469584.6814,53715962.93684442,2048370.7219774472,230315042.68571097,286079376.34453285,34.0,62.0,3.0,2.0,0.0,5.0,5.0,37.042160606060605,-0.08700517493071658,3.3114896192085745,-93.13672626262627,-0.1545832072898321,11.418513537337708,100,53
2019,20190824,0.0,0.0,78902.7829,3257.7120999999997,250576.009,332736.504,20088873.116962295,1043846.1584501364,44756151.24514479,65888870.520557225,24.0,17.0,1.0,3.0,2.0,15.0,15.0,37.35796190476191,0.22879612377058578,3.4219337984467764,-97.27039285714285,-4.2882498018064155,6.572939882222684,101,54
2019,20190825,0.0,0.0,60209.6693,0.0,99073.6292,159283.2985,15693466.739345796,0.0,18649114.39421421,34342581.13356,30.0,32.0,0.0,4.0,5.0,30.0,15.0,42.951617741935486,5.822451960944164,4.6830236526892834,-101.95843064516129,-8.97628758982485,3.27263376836339,102,55
2019,20190826,0.0,0.0,288857.7922,117756.6224,1431918.6146000002,1838533.0292,74805318.46902744,28334397.13591245,359900543.6976605,463040259.3026004,28.0,114.0,7.0,3.0,2.0,15.0,15.0,37.21624228187919,0.08707650088786778,2.1503204718474165,-95.07690604026845,-2.094762984932018,2.3232058888360996,103,56
2019,20190827,0.0,0.0,132284.4943,0.0,681593.5083999999,813878.0027,20225161.37957432,0.0,155262528.71262,175487690.09219432,16.0,61.0,0.0,4.0,5.0,45.0,15.0,37.8108987012987,0.6817329203073754,6.026012553886986,-92.7111961038961,0.27094695144033665,7.122160685095983,104,57
2019,20190828,0.0,0.0,37186.7512,0.0,217969.8672,255156.6184,5560170.265933485,0.0,36709301.8648725,42269472.130805984,5.0,8.0,0.0,2.0,0.0,5.0,5.0,32.38218461538462,-4.746981165606705,1.9050146652305826,-106.4208153846154,-13.438672329278958,6.731782334672613,105,58
2019,20190829,0.0,0.0,362363.2174,34687.5008,370352.6354,767403.3536,94405888.09522672,8847313.995706342,98806124.24284858,202059326.33378163,41.0,54.0,4.0,2.0,0.0,5.0,5.0,40.09318888888889,2.9640231078975674,1.7303766517484265,-97.11700707070706,-4.134864015370624,5.263586576665348,106,59
2019,20190830,0.0,0.0,110389.0683,0.0,847696.5970000001,958085.6653,23208471.44090627,0.0,197928203.95620155,221136675.39710784,11.0,52.0,0.0,3.0,2.0,15.0,15.0,37.372030158730155,0.24286437773883307,1.9786453100816337,-94.23900952380953,-1.256866468473092,5.966300678399397,107,60
2019,20190831,0.0,0.0,192623.4567,0.0,258313.8371,450937.2938,41448052.78767296,0.0,54630222.35875625,96078275.1464292,11.0,12.0,0.0,2.0,2.0,5.0,5.0,36.87823043478261,-0.2509353462087134,2.9391188677181943,-91.14242608695652,1.8397169683799177,10.276100654927319,108,61
2019,20190901,0.0,0.0,256144.5079,15875.461900000002,593546.2917,865566.2615,59777722.66110847,3986669.710831565,107883236.18340114,171647628.55534118,10.0,29.0,1.0,2.0,0.0,5.0,5.0,37.013799999999996,-0.11536578099132555,3.9596141242971297,-102.629605,-9.647461944663561,13.874775475530571,109,62
2019,20190902,0.0,0.0,343082.6856000001,147541.5104,1960698.3015,2451322.4975,86978467.60669799,26279806.398839805,358416510.02119184,471674784.0267296,44.0,89.0,4.0,3.0,2.0,15.0,5.0,44.66663777777778,7.537471996786458,3.1909250057340577,-93.78316962962963,-0.8010265742931892,8.782242014422714,110,63
2019,20190903,0.0,0.0,18650.3729,55019.6276,589749.8872,663419.8877,3789268.71130985,10684697.407624733,137062157.5338002,151536123.6527348,2.0,22.0,1.0,4.0,5.0,30.0,30.0,42.20194782608696,5.072782045095636,2.5274471268401135,-89.65122608695653,3.33091696837991,6.205279587226683,111,64
2019,20190904,0.0,0.0,365255.1772,71124.537,1751737.3127,2188117.0269,53553972.70981017,10091012.74641111,240543037.54232097,304188022.9985422,6.0,32.0,1.0,3.0,5.0,15.0,15.0,40.465667567567564,3.3365017865762425,3.3302626402978137,-80.22973783783785,12.752405217498591,15.211644340043357,112,65
2019,20190905,0.0,0.0,264646.2571,426360.83559999993,32439.5179,723446.6105999999,64539775.32802342,82175083.8498827,8343749.390256898,155058608.56816304,31.0,8.0,25.0,3.0,5.0,15.0,5.0,41.64451111111111,4.515345330119786,6.205753615255895,-89.43309523809523,3.5490478172412026,11.068108532778492,113,66
2019,20190906,0.0,0.0,115244.58539999998,19401.6904,24500.4786,159146.75439999998,20322449.093265917,3447912.2071238966,6408820.935840116,30179182.23622993,6.0,12.0,1.0,4.0,15.0,5.0,5.0,41.72772777777778,4.598561996786458,2.15513756181815,-108.03888333333333,-15.056740277996894,3.8307901734805774,114,67
2019,20190907,0.0,0.0,41956.5669,0.0,1966.8287,43923.3956,11295153.20179368,0.0,471731.31457729434,11766884.516370974,5.0,11.0,0.0,2.0,0.0,5.0,5.0,40.553333333333335,3.4241675523420128,3.0118941991156776,-102.77499999999999,-9.792856944663555,9.591656269904592,115,68
2019,20190908,0.0,0.0,0.0,57872.5952,175654.51099999997,233527.1062,0.0,11501636.21163477,32515047.625604365,44016683.83723913,0.0,22.0,3.0,2.0,2.0,5.0,5.0,39.939890000000005,2.8107242190086836,1.859910249645624,-104.38003499999999,-11.397891944663556,10.859118619040622,116,69
2019,20190909,0.0,0.0,335608.1057,33719.6884,1485945.2337999998,1855273.0279,69229879.5324867,12194944.395565504,344376604.93388325,425801428.8619355,31.0,98.0,7.0,3.0,0.0,15.0,5.0,37.471350735294116,0.3421849543027946,4.793055191528312,-90.56569338235295,2.4164496729834894,8.256181005437595,117,70
2019,20190910,0.0,0.0,472095.1637,63042.434799999995,2101250.7303000004,2636388.3288000003,100216291.57584605,16601361.654610282,455041967.4874447,571859620.717901,57.0,105.0,10.0,3.0,5.0,15.0,15.0,39.8803805882353,2.7512148072439757,4.284987368927644,-94.85288294117646,-1.870739885840024,8.342219049016776,118,71
2019,20190911,0.0,0.0,828082.5749,59478.47670000001,4764327.5449,5651888.5965,159853153.6247746,14471086.781276232,824504334.2268604,998828574.6329112,73.0,123.0,4.0,4.0,5.0,30.0,15.0,39.997214,2.868048219008678,2.07366228924897,-89.8674515,3.114691555336435,11.536190166640914,119,72
2019,20190912,0.0,0.0,108364.2521,24829.7408,430181.17519999994,563375.1680999999,21403859.560873695,7952027.294888496,105650896.93591268,135006783.79167488,6.0,25.0,2.0,4.0,5.0,15.0,30.0,39.20995454545454,2.0807887644632217,3.4871770325446376,-92.66946969696968,0.3126733583667516,6.8201228155402775,120,73
2019,20190913,0.0,0.0,418125.2301,0.0,2849829.1172,3267954.3473,90676646.78076547,0.0,587798976.7764598,678475623.5572252,11.0,77.0,0.0,3.0,5.0,15.0,15.0,39.68908409090909,2.5599183099177694,3.5103226184015126,-82.92860340909091,10.053539646245525,3.550511432237335,121,74
2019,20190914,0.0,0.0,250288.8172,0.0,164941.2145,415230.0317000001,74609600.97310771,0.0,29430746.912131708,104040347.88523942,27.0,7.0,0.0,3.0,2.0,15.0,5.0,41.01114117647059,3.881975395479266,2.445299857440509,-94.32518235294117,-1.343039297604733,5.780946620631282,122,75
2019,20190915,0.0,0.0,0.0,0.0,66009.8421,66009.8421,0.0,0.0,17161327.840961482,17161327.840961482,0.0,6.0,0.0,2.0,2.0,5.0,5.0,39.49,2.36083421900868,4.4139823289179585,-91.73666666666666,1.245476388669772,4.921851954972505,123,76
2019,20190916,0.0,0.0,33049.946,23697.9398,86775.3386,143523.2244,6070957.548674178,4061587.281394483,15606289.529158209,25738834.35922687,2.0,13.0,1.0,1.0,0.0,0.0,0.0,34.265011111111114,-2.8641546698802074,7.161543409497083,-107.78758888888889,-14.805445833552454,15.608593206183286,124,77
2019,20190917,0.0,0.0,4365.019700000001,0.0,35169.756100000006,39534.7758,1902436.0530356972,0.0,10171387.40978614,12073823.462821838,5.0,20.0,0.0,1.0,0.0,0.0,0.0,45.616155,8.486989219008677,4.269407415614025,-101.40044,-8.418296944663567,5.334857682450393,125,78
2019,20190918,0.0,0.0,65505.1931,33184.067599999995,147596.9831,246286.2438,18899254.2458007,5562623.8915145965,31706329.44830931,56168207.585624605,8.0,13.0,1.0,2.0,0.0,5.0,5.0,36.80463,-0.32453578099131875,5.692266030427413,-92.49339499999999,0.48874805533644405,9.03396165801,126,79
2019,20190919,0.0,0.0,13639.4893,14501.941300000002,115081.6394,143223.07,4575107.416692603,2739188.20959553,23070067.94435872,30384363.570646852,9.0,15.0,1.0,1.0,0.0,0.0,0.0,37.6439375,0.514771719008678,5.089149857321142,-99.99456666666667,-7.0124236113302345,3.867185853087336,127,80
2019,20190920,0.0,0.0,158680.8389,3636.8925,55340.93229999999,217658.6637,38281306.65330026,906820.1983415432,15463520.323856778,54651647.17549858,64.0,23.0,2.0,2.0,2.0,5.0,5.0,45.89484318181818,8.76567740082686,3.4954000272540604,-100.22539772727272,-7.243254671936285,2.8280931062636427,128,81
2019,20190921,0.0,0.0,192716.6463,59116.3478,83742.57220000001,335575.5663,59017753.62147883,15709055.159729475,23335457.79225245,98062266.57346076,33.0,13.0,5.0,3.0,5.0,15.0,15.0,42.060303921568625,4.931138140577303,3.400420020995101,-96.60833333333332,-3.6261902779968835,2.651159902734401,129,82
2019,20190923,0.0,0.0,199359.7895,57701.6725,263410.489,520471.951,34298231.422629856,10032139.897974154,41465127.71931531,85795499.03991932,11.0,12.0,3.0,2.0,2.0,5.0,0.0,34.781492,-2.3476737809913217,3.235845969619072,-107.842536,-14.860392944663559,12.354266946547927,131,84
2019,20190924,0.0,0.0,489231.5696000001,98453.7448,741512.5179999999,1329197.8324,139196093.653675,27349479.73961769,214636889.52828148,381182462.9215741,63.0,64.0,9.0,4.0,2.0,15.0,30.0,42.233061481481485,5.103895700490163,3.2472179535348378,-93.7869311111111,-0.8047880557746652,5.4714918358770905,132,85
2019,20190925,0.0,0.0,55090.47319999999,24891.460700000003,66057.5405,146039.4744,13853518.75792042,4304949.336219237,16169736.86700706,34328204.96114672,6.0,6.0,1.0,4.0,5.0,15.0,30.0,36.58131538461539,-0.5478503963759351,3.045755014728462,-93.56116153846155,-0.5790184831251111,6.420617173026599,133,86
2019,20190926,0.0,0.0,83992.21170000001,0.0,52101.4741,136093.6858,11901013.29832711,0.0,7805360.430463633,19706373.728790745,3.0,3.0,0.0,2.0,2.0,5.0,5.0,40.906216666666666,3.7770508856753437,4.504698032239974,-84.85746666666667,8.12467638866977,15.721403228295706,134,87
2019,20190927,0.0,0.0,1809077.4519,34345.8727,897395.6835,2740819.0081,417088379.7582784,7898519.124371058,190661717.2032318,615648616.0858812,101.0,28.0,2.0,2.0,0.0,5.0,0.0,39.662590076335874,2.5334242953445525,1.8341050887958712,-91.89538854961833,1.0867545057181047,4.028773068482438,135,88
2019,20190928,0.0,0.0,422420.6718,41398.32430000001,1323009.6835000005,1786828.6796000004,86520003.10560793,7252952.078754356,217907431.14599136,311680386.3303537,20.0,40.0,1.0,3.0,0.0,5.0,15.0,37.925629629629626,0.7964638486383038,2.7036488561236505,-88.03148148148148,4.950661573854958,13.599801650455275,136,89
2019,20190929,0.0,0.0,106751.5718,21903.3953,677554.5950999999,806209.5621999999,27327982.812621936,4859820.561417529,150157380.96262002,182345184.3366595,20.0,44.0,1.0,3.0,2.0,5.0,15.0,40.270860784313726,3.141695003322404,3.755256182476955,-93.2658862745098,-0.28374321917335976,9.363985241851244,137,90
2019,20190930,0.0,0.0,221213.7136,0.0,97355.77800000002,318569.49160000007,63504453.73980573,0.0,20607469.616284516,84111923.35609025,42.0,9.0,1.0,3.0,5.0,15.0,15.0,40.21884509803921,3.0896793170478887,4.5813221338086985,-93.76448823529412,-0.7823451799576873,8.540602852858742,138,91
2019,20191001,0.0,0.0,209135.7326,147419.00299999997,494667.6719000001,851222.4075,45723907.82364514,32564609.093498163,104133134.20535707,182421651.1225004,15.0,24.0,5.0,3.0,5.0,15.0,15.0,41.727413636363636,4.598247855372314,1.7533077699276856,-91.00955227272728,1.97259078260916,5.972462773993558,139,92
2019,20191002,0.0,0.0,0.0,50384.948,0.0,50384.948,0.0,7346582.360082742,0.0,7346582.360082742,0.0,0.0,1.0,3.0,2.0,15.0,5.0,41.5915,4.462334219008682,0.0,-71.2481,21.734043055336443,0.0,140,93
2019,20191003,0.0,0.0,36190.8336,0.0,89093.5452,125284.3788,6203281.615483743,0.0,19323434.029395934,25526715.64487968,1.0,7.0,0.0,2.0,2.0,5.0,0.0,32.3462625,-4.78290328099132,0.5325813122023171,-93.8314,-0.8492569446635656,1.9067588026356592,141,94
2019,20191004,0.0,0.0,13238.4713,23628.1239,30460.355,67326.9502,2902409.6813623128,5485517.632795056,6797973.156312112,15185900.47046948,1.0,5.0,1.0,2.0,0.0,5.0,0.0,37.513733333333334,0.3845675523420127,7.058052674121005,-101.98568333333333,-9.00354027799689,14.47979702515428,142,95
2019,20191005,0.0,0.0,25799.90430000001,0.0,62829.79250000001,88629.69680000002,6695606.812846291,0.0,13887771.450968258,20583378.26381455,2.0,9.0,0.0,2.0,0.0,0.0,5.0,33.306314285714286,-3.8228514952770354,1.9389718679655754,-89.94492857142858,3.03721448390786,3.9493125037632706,143,96
2019,20191006,0.0,0.0,79284.2428,0.0,159893.25770000002,239177.5005,19541678.344342977,0.0,32336383.0723137,51878061.41665667,7.0,11.0,0.0,2.0,0.0,5.0,5.0,34.5059,-2.623265780991325,0.9309752642614436,-93.8268,-0.8446569446635692,2.6503114000685533,144,97
2019,20191007,0.0,0.0,13758.277,0.0,12673.495899999998,26431.772899999996,3312507.7364935772,0.0,2568582.2487327093,5881089.985226287,1.0,3.0,0.0,2.0,0.0,5.0,5.0,32.9988,-4.130365780991319,3.5129064889347683,-90.8442,2.137943055336436,3.0190631129540813,145,98
2019,20191008,0.0,0.0,8095.397400000001,6400.4128,0.0,14495.8102,1598918.3939199725,673404.1194964544,0.0,2272322.5134164267,2.0,1.0,1.0,1.0,0.0,0.0,0.0,33.053333333333335,-4.075832447657987,1.0127849393298332,-106.38170000000001,-13.399556944663573,1.749629580797032,146,99
2019,20191009,0.0,0.0,9436.7347,0.0,2017.2928,11454.0275,2133180.127953768,0.0,648162.2919969443,2781342.419950712,1.0,11.0,0.0,2.0,0.0,0.0,5.0,35.09,-2.0391657809913184,0.6081118318204329,-99.53,-6.547856944663565,1.2727922061357937,147,100
2019,20191010,0.0,0.0,944647.8982000002,0.0,207486.3777,1152134.2759000002,176505852.3313718,0.0,43709460.502898216,220215312.83427003,37.0,70.0,0.0,2.0,2.0,5.0,5.0,34.52689791666666,-2.6022678643246593,1.8805053754288608,-96.5318625,-3.549719444663566,1.401886080390854,148,101
2019,20191014,0.0,0.0,0.0,0.0,0.0,0.0,0.0,0.0,0.0,0.0,0.0,0.0,0.0,0.0,0.0,0.0,0.0,37.129165780991315,-7.105427357601002e-15,0.0,-92.98214305533645,-1.4210854715202004e-14,0.0,152,105
2019,20191015,0.0,0.0,162535.03780000002,0.0,76819.76760000002,239354.80540000004,33228222.928384237,0.0,12869218.579571618,46097441.50795586,8.0,3.0,0.0,1.0,0.0,0.0,0.0,34.20443636363637,-2.9247294173549534,5.966377166635163,-95.57799999999999,-2.595856944663552,3.505419233130327,153,106
2019,20191016,0.0,0.0,0.0,13234.9535,96291.0619,109526.0154,0.0,2617076.20228072,14158653.391319642,16775729.593600364,0.0,134.0,1.0,2.0,2.0,5.0,5.0,32.964875,-4.1642907809913225,5.317015302701944,-87.745225,5.236918055336432,10.298007665037286,154,107
2019,20191017,0.0,0.0,0.0,0.0,0.0,0.0,0.0,0.0,0.0,0.0,0.0,231.0,0.0,1.0,0.0,0.0,0.0,37.129165780991315,-7.105427357601002e-15,0.0,-92.98214305533645,-1.4210854715202004e-14,0.0,155,108
2019,20191018,0.0,0.0,0.0,96603.8663,1058.2385000000002,97662.10480000002,0.0,17872939.41492868,442971.32761265326,18315910.74254133,0.0,9.0,3.0,1.0,0.0,0.0,0.0,35.252825,-1.8763407809913204,9.297598656418407,-97.12525,-4.143106944663558,19.254763934586855,156,109
2019,20191019,0.0,0.0,0.0,79288.0467,264744.31930000003,344032.36600000004,0.0,13932960.541955251,58960058.31956781,72893018.86152306,0.0,57.0,3.0,2.0,2.0,5.0,0.0,40.087308510638294,2.9581427296469727,5.482156608878828,-107.89648510638297,-14.914342051046532,12.754631161404435,157,110
2019,20191020,1.0,2113.1,1613303.3006000004,588566.4135,2072803.9389,4274673.653000001,315714473.12991923,112603655.16953371,427068409.95107055,855386538.2505236,69.0,152.0,23.0,3.0,5.0,5.0,0.0,34.11302821782178,-3.0161375631695435,1.6511142394417662,-95.78649257425744,-2.8043495189210006,1.7885869684407107,158,111
2019,20191021,0.0,0.0,71298.9537,249889.3727,1798932.3837,2120120.7101,17790105.643437874,60857604.493344665,411255240.85884106,489902950.9956236,6.0,193.0,21.0,4.0,10.0,30.0,30.0,35.42104534161491,-1.7081204393764153,2.050685671609329,-92.83175652173914,0.15038653359729892,1.7075218496692257,159,112
2019,20191022,0.0,0.0,0.0,51347.796700000006,41644.7001,92992.4968,0.0,10191862.07778725,7451324.165249176,17643186.243036427,0.0,51.0,2.0,3.0,5.0,15.0,0.0,32.74045,-4.388715780991319,3.0904075691295723,-80.53895,12.443193055336437,2.4126097370551514,160,113
2019,20191024,0.0,0.0,11706.6078,0.0,6796.116000000002,18502.7238,2618748.574221371,0.0,664888.0474422972,3283636.621663668,1.0,6.0,0.0,1.0,0.0,0.0,0.0,31.83,-5.2991657809913235,4.20021428024809,-99.39,-6.407856944663564,1.5839191898578728,162,115
2019,20191025,0.0,0.0,0.0,42724.4551,0.0,42724.4551,0.0,9283258.645689849,0.0,9283258.645689849,0.0,28.0,4.0,2.0,0.0,5.0,5.0,30.984875,-6.144290780991323,0.5870989773169988,-88.145625,4.836518055336441,0.2507565934659929,163,116
2019,20191026,0.0,0.0,0.0,0.0,920065.8269,920065.8269,0.0,0.0,221742749.9658961,221742749.9658961,0.0,85.0,0.0,3.0,5.0,5.0,0.0,35.33240172413793,-1.796764056853391,2.35696396800804,-88.19780862068966,4.78433443464678,1.0325317960839693,164,117
2019,20191027,0.0,0.0,0.0,0.0,40226.6437,40226.6437,0.0,0.0,9110714.194542354,9110714.194542354,0.0,27.0,0.0,2.0,2.0,5.0,0.0,42.231,5.10183421900868,0.0,-83.331,9.651143055336433,0.0,165,118
2019,20191028,0.0,0.0,0.0,0.0,0.0,0.0,0.0,0.0,0.0,0.0,0.0,3.0,0.0,3.0,2.0,15.0,0.0,37.129165780991315,-7.105427357601002e-15,0.0,-92.98214305533645,-1.4210854715202004e-14,0.0,166,119
2019,20191029,0.0,0.0,25164.3968,0.0,135603.2462,160767.64299999998,6562291.83455807,0.0,23443728.284822933,30006020.119381003,2.0,11.0,0.0,1.0,0.0,0.0,0.0,31.9264,-5.202765780991321,2.7358754455079577,-93.04765714285715,-0.06551408752071097,5.047566227353913,167,120
2019,20191030,0.0,0.0,0.0,0.0,0.0,0.0,0.0,0.0,0.0,0.0,0.0,24.0,0.0,2.0,2.0,5.0,5.0,37.129165780991315,-7.105427357601002e-15,0.0,-92.98214305533645,-1.4210854715202004e-14,0.0,168,121
2019,20191031,0.0,0.0,0.0,407880.4926,20851566.389700003,21259446.882300004,0.0,64235901.57910642,3215200118.054866,3279436019.6339717,0.0,499.0,9.0,2.0,2.0,5.0,0.0,38.329268814432986,1.200103033441664,2.374309074417147,-78.22541134020618,14.756731715130257,2.8488309061363024,169,122
2019,20191105,0.0,0.0,0.0,29752.755300000004,0.0,29752.755300000004,0.0,4694897.854232346,0.0,4694897.854232346,0.0,1.0,1.0,1.0,0.0,0.0,0.0,27.214,-9.915165780991323,0.0,-80.1729,12.809243055336438,0.0,174,127
2019,20191107,0.0,0.0,0.0,9692.4071,0.0,9692.4071,0.0,2121168.706244368,0.0,2121168.706244368,0.0,2.0,1.0,2.0,2.0,5.0,5.0,30.7248,-6.4043657809913235,0.0,-88.0548,4.927343055336436,0.0,176,129
2019,20191108,0.0,0.0,0.0,0.0,0.0,0.0,0.0,0.0,0.0,0.0,0.0,1.0,0.0,1.0,0.0,0.0,0.0,37.129165780991315,-7.105427357601002e-15,0.0,-92.98214305533645,-1.4210854715202004e-14,0.0,177,130
2019,20191120,0.0,0.0,0.0,0.0,0.0,0.0,0.0,0.0,0.0,0.0,0.0,4.0,0.0,2.0,0.0,5.0,5.0,37.129165780991315,-7.105427357601002e-15,0.0,-92.98214305533645,-1.4210854715202004e-14,0.0,176,142
2019,20191121,0.0,0.0,99053.5606,0.0,0.0,99053.5606,17631448.052741818,0.0,0.0,17631448.052741818,4.0,0.0,0.0,2.0,0.0,5.0,5.0,33.425,-3.7041657809913247,0.01290994448735778,-112.4325,-19.450356944663568,0.06075908711185778,175,143
2019,20191122,0.0,0.0,53642.3233,0.0,0.0,53642.3233,12507233.92637378,0.0,0.0,12507233.92637378,3.0,0.0,0.0,1.0,0.0,0.0,0.0,34.666666666666664,-2.4624991143246575,0.23692474191889046,-87.60333333333334,5.378809722003098,0.5398456569551372,174,144
2019,20191124,0.0,0.0,0.0,0.0,0.0,0.0,0.0,0.0,0.0,0.0,0.0,40.0,0.0,1.0,0.0,0.0,0.0,37.129165780991315,-7.105427357601002e-15,0.0,-92.98214305533645,-1.4210854715202004e-14,0.0,172,146
2019,20191126,0.0,0.0,44158.5427,34994.3595,148896.16700000002,228049.06920000003,7413595.656564085,8523294.667498613,38114295.83250889,54051186.15657159,1.0,203.0,4.0,0.0,0.0,0.0,0.0,36.97496875,-0.15419703099131965,3.8865113198889585,-93.05968125,-0.07753819466356049,7.811287181185845,170,148
2019,20191127,0.0,0.0,48214.1578,60979.2735,271543.1215,380736.5528,8102145.8410152765,13273697.588739775,56077282.79657566,77453126.22633071,2.0,280.0,5.0,4.0,5.0,30.0,5.0,36.40942222222222,-0.7197435587691032,4.83123232197427,-91.37782222222222,1.6043208331142154,11.823248343813015,169,149
2019,20191128,0.0,0.0,0.0,0.0,85653.4317,85653.4317,0.0,0.0,10515880.39029118,10515880.39029118,0.0,4.0,0.0,1.0,0.0,0.0,0.0,34.201499999999996,-2.927665780991326,1.457771340094193,-115.84985,-22.867706944663567,2.0759947988855876,168,150
2019,20191129,0.0,0.0,103164.6054,103249.62549999998,221016.87860000003,427431.1095,26294466.106540084,18354972.54138986,38060422.25005224,82709860.89798218,8.0,58.0,4.0,2.0,0.0,5.0,5.0,34.44767727272727,-2.681488508264053,1.916353178735421,-105.30337727272727,-12.321234217390838,8.624080228441853,167,151
2019,20191130,0.0,0.0,372489.1534,18287.7597,49495.83869999999,440272.7518,83651420.99797341,5464059.07188114,9854663.91469221,98970143.98454677,25.0,131.0,2.0,2.0,2.0,5.0,5.0,34.71587,-2.4132957809913194,2.4008135448936545,-91.02001,1.9621330553364373,2.937656277556816,166,152
2019,20191209,0.0,0.0,128798.9087,0.0,0.0,128798.9087,23046916.37916062,0.0,0.0,23046916.37916062,5.0,4.0,0.0,1.0,0.0,0.0,0.0,33.522,-3.6071657809913233,0.1402497771834225,-111.9,-18.91785694466357,0.19544820285692177,157,161
2019,20191212,0.0,0.0,0.0,0.0,0.0,0.0,0.0,0.0,0.0,0.0,0.0,1.0,0.0,1.0,0.0,0.0,0.0,37.129165780991315,-7.105427357601002e-15,0.0,-92.98214305533645,-1.4210854715202004e-14,0.0,154,164
2019,20191213,0.0,0.0,0.0,0.0,0.0,0.0,0.0,0.0,0.0,0.0,0.0,3.0,0.0,2.0,2.0,0.0,0.0,37.129165780991315,-7.105427357601002e-15,0.0,-92.98214305533645,-1.4210854715202004e-14,0.0,153,165
2019,20191214,0.0,0.0,0.0,82659.72360000001,194896.9769,277556.70050000004,0.0,14598302.674918178,34440361.94410452,49038664.6190227,0.0,8.0,3.0,3.0,5.0,15.0,0.0,29.591590000000004,-7.537575780991318,0.10560679113264029,-81.93005000000001,11.052093055336428,0.3471673059683674,152,166
2019,20191216,0.0,0.0,246820.4845,731480.6807,1622348.3531,2600649.5183,56153923.217999265,166257938.71822086,367218421.329232,589630283.2654521,19.0,95.0,52.0,1.0,0.0,0.0,0.0,33.46874720496895,-3.660418576022373,1.5188039754631821,-88.69119378881987,4.290949266516563,1.9485372613735639,150,168
2019,20191217,0.0,0.0,0.0,75137.2917,211109.5945,286246.88619999995,0.0,15326463.687855445,41334341.39194691,56660805.07980236,0.0,41.0,6.0,4.0,10.0,30.0,15.0,31.018780952380954,-6.110384828610368,0.6499547450546447,-84.08393333333333,8.898209722003102,1.4093820164644237,149,169
2019,20191225,0.0,0.0,41942.7133,55777.5341,0.0,97720.2474,6970738.468985376,7450478.7776139695,0.0,14421217.246599346,1.0,10.0,1.0,1.0,0.0,0.0,0.0,36.0426,-1.0865657809913216,2.5554839072081856,-120.87445,-27.89230694466356,2.284874142048094,141,177
2019,20191228,0.0,0.0,0.0,58008.60890000001,198239.3185,256247.9274,0.0,13876450.150320409,50394357.290127136,64270807.44044754,0.0,22.0,4.0,2.0,2.0,0.0,5.0,36.26529090909091,-0.8638748719004141,1.0615470080922507,-93.39442272727273,-0.41227967193628956,1.577618897166543,138,180
2019,20191229,0.0,0.0,0.0,113453.1154,131040.8686,244493.984,0.0,27328075.07091599,30568698.51340359,57896773.584319584,0.0,11.0,11.0,3.0,2.0,15.0,0.0,33.590334999999996,-3.5388307809913258,1.3256987743410902,-88.733475,4.248668055336438,1.7437799438289212,137,181
2019,20191230,0.0,0.0,476373.8988,0.0,271067.2233,747441.1221,65881411.20536647,0.0,56384046.401544474,122265457.60691094,6.0,69.0,0.0,3.0,5.0,15.0,0.0,38.54756666666666,1.4184008856753394,3.3387110262295354,-79.65190000000001,13.330243055336425,5.622275296278443,136,182
2020,20200102,0.0,0.0,0.0,0.0,33086.9981,33086.9981,0.0,0.0,7607993.939829851,7607993.939829851,0.0,11.0,0.0,1.0,0.0,0.0,0.0,31.540000000000003,-5.589165780991319,0.09539392014169389,-91.33999999999999,1.6421430553364473,0.08717797887081935,134,181
2020,20200103,0.0,0.0,0.0,0.0,22449.2797,22449.2797,0.0,0.0,4376287.828182955,4376287.828182955,0.0,19.0,0.0,3.0,5.0,15.0,0.0,33.39,-3.7391657809913212,0.0,-81.84,11.142143055336433,0.0,133,180
2020,20200104,0.0,0.0,0.0,71340.1393,0.0,71340.1393,0.0,12580172.375540083,0.0,12580172.375540083,0.0,81.0,2.0,2.0,2.0,5.0,0.0,28.8711,-8.258065780991323,0.1855448193833535,-81.6374,11.344743055336437,0.40446507883870714,132,179
2020,20200110,1.0,1401.8,803608.4697,394080.03049999994,2240025.2947999993,3437713.794999999,159745684.79275736,79301847.8772742,412856154.9893298,651903687.6593614,44.0,133.0,19.0,1.0,0.0,0.0,0.0,32.9604935483871,-4.168672232604223,2.9125601751250305,-95.61406709677419,-2.631924041437756,2.1442062073771093,126,173
2020,20200111,1.0,1401.8,26596.9164,1325732.6433,13100433.262099998,14452762.821799995,5756462.416642381,295067774.5686478,2768038310.1702247,3068862547.1555147,2.0,764.0,78.0,5.0,15.0,45.0,30.0,34.19401983914209,-2.9351459418492283,2.1665172915935087,-86.98488378016086,5.99725927517558,3.7134821807331284,125,172
2020,20200112,1.0,1401.8,0.0,0.0,903127.9395,903127.9395,0.0,0.0,156999915.06055945,156999915.06055945,0.0,136.0,0.0,4.0,10.0,45.0,0.0,36.42489259259259,-0.7042731883987301,1.3705401049125836,-78.38952962962964,14.592613425706801,0.718826377782563,124,171
2020,20200113,0.0,0.0,57201.0317,53315.939900000005,71844.8232,182361.7948,13484799.957792915,9735807.708252613,13828016.199439663,37048623.8654852,3.0,16.0,2.0,1.0,0.0,0.0,0.0,35.0052375,-2.123928280991322,1.0354545391655645,-82.33347499999999,10.648668055336444,4.417676167640957,123,170
2020,20200115,0.0,0.0,11976.8746,0.0,64542.6663,76519.54089999999,2926314.763402843,0.0,14510491.614793696,17436806.378196537,1.0,12.0,0.0,2.0,0.0,5.0,5.0,34.739525,-2.3896407809913214,0.31892372520713835,-87.4751,5.507043055336439,0.9467552517238399,121,168
2020,20200117,0.0,0.0,0.0,0.0,0.0,0.0,0.0,0.0,0.0,0.0,0.0,76.0,0.0,1.0,0.0,0.0,0.0,37.129165780991315,-7.105427357601002e-15,0.0,-92.98214305533645,-1.4210854715202004e-14,0.0,119,166
2020,20200121,0.0,0.0,0.0,0.0,0.0,0.0,0.0,0.0,0.0,0.0,0.0,1.0,0.0,0.0,0.0,0.0,0.0,37.129165780991315,-7.105427357601002e-15,0.0,-92.98214305533645,-1.4210854715202004e-14,0.0,115,162
2020,20200124,0.0,0.0,0.0,0.0,30420.537600000003,30420.537600000003,0.0,0.0,5957452.718232155,5957452.718232155,0.0,1.0,0.0,1.0,0.0,0.0,0.0,34.6482,-2.480965780991319,0.0,-80.0397,12.94244305533644,0.0,112,159
2020,20200128,0.0,0.0,0.0,31816.7434,0.0,31816.7434,0.0,5560355.129438666,0.0,5560355.129438666,0.0,6.0,1.0,1.0,0.0,0.0,0.0,31.7094,-5.419765780991323,0.0,-97.1457,-4.1635569446635685,0.0,108,155
2020,20200129,0.0,0.0,0.0,0.0,28507.013000000003,28507.013000000003,0.0,0.0,4349358.637728204,4349358.637728204,0.0,17.0,0.0,1.0,0.0,0.0,0.0,26.893,-10.236165780991321,0.0,-80.0566,12.925543055336433,0.0,107,154
2020,20200131,0.0,0.0,0.0,21206.529700000003,0.0,21206.529700000003,0.0,3039114.8877797024,0.0,3039114.8877797024,0.0,13.0,1.0,0.0,0.0,0.0,0.0,25.464,-11.665165780991323,0.0,-81.123,11.859143055336432,0.0,105,152
2020,20200201,0.0,0.0,0.0,0.0,0.0,0.0,0.0,0.0,0.0,0.0,0.0,59.0,0.0,3.0,5.0,15.0,0.0,37.129165780991315,-7.105427357601002e-15,0.0,-92.98214305533645,-1.4210854715202004e-14,0.0,104,151
2020,20200205,1.0,1532.2,353009.68760000006,286412.01039999997,1027776.5517000002,1667198.2497000005,79995344.85045466,66559413.268645845,238347743.2281021,384902501.34720254,31.0,62.0,21.0,2.0,2.0,5.0,5.0,33.56533660714286,-3.563829173848461,1.6093219691409013,-88.99732321428571,3.9848198410507223,2.054347246145255,100,147
2020,20200206,1.0,1532.2,132928.4986,589150.9071999999,4735149.9023,5457229.3081,25526957.659070898,115815006.496779,895684121.1440461,1037026085.299896,5.0,225.0,19.0,3.0,5.0,15.0,5.0,32.78994152542373,-4.3392242555675935,2.5332009114977425,-81.95430762711864,11.027835428217799,2.7293929236060794,99,146
2020,20200207,1.0,1532.2,0.0,412260.64229999995,14106139.0007,14518399.643,0.0,61686751.22318329,1971320014.855338,2033006766.0785215,0.0,307.0,6.0,4.0,5.0,45.0,0.0,39.04574414893617,1.916578367944851,1.7995384219881403,-75.8562585106383,17.12588454469814,1.1679015972860116,98,145
2020,20200209,0.0,0.0,96336.8277,0.0,7877.119200000001,104213.9469,21508514.130834557,0.0,1682538.147185285,23191052.27801984,8.0,52.0,0.0,0.0,0.0,0.0,0.0,33.0267,-4.102465780991324,1.2336260565908947,-93.00714444444445,-0.025001389108012972,2.6451300658526704,96,143
2020,20200210,0.0,0.0,61141.37200000001,28041.1366,48792.57779999999,137975.0864,14108132.617785176,6658864.00225334,11217444.620359251,31984441.240397766,8.0,16.0,3.0,3.0,2.0,5.0,15.0,32.3799875,-4.749178280991323,0.8481544858298702,-92.040325,0.9418180553364408,5.665994395279027,95,142
2020,20200212,0.0,0.0,0.0,37356.9986,1453445.1092,1490802.1078,0.0,8726575.068556694,325494833.04384744,334221408.1124041,0.0,70.0,2.0,2.0,2.0,5.0,0.0,35.18783880597015,-1.9413269750211697,0.4457575159397031,-86.75811940298507,6.224023652351363,0.988268698163278,93,140
2020,20200213,0.0,0.0,0.0,24076.4994,507723.5569000001,531800.0563,0.0,4706942.252412338,99598307.89857312,104305250.15098546,0.0,22.0,1.0,3.0,5.0,15.0,0.0,34.04986842105263,-3.0792973599386926,0.49362694421848474,-81.64625789473685,11.335885160599588,1.440066260943026,92,139
2020,20200218,0.0,0.0,34762.9115,0.0,30559.0685,65321.98,8498571.952789266,0.0,5570878.659324818,14069450.612114085,3.0,2.0,0.0,1.0,0.0,0.0,0.0,34.353875,-2.7752907809913197,0.9035723227832947,-92.48145,0.5006930553364413,4.905193225212095,87,134
2020,20200223,0.0,0.0,0.0,0.0,2388.1635,2388.1635,0.0,0.0,709281.305750928,709281.305750928,0.0,16.0,0.0,1.0,0.0,0.0,0.0,35.23,-1.899165780991325,0.0,-100.9,-7.917856944663569,0.0,82,129
2020,20200224,0.0,0.0,0.0,0.0,6995.503,6995.503,0.0,0.0,1969533.9384911535,1969533.9384911535,0.0,17.0,0.0,2.0,2.0,0.0,5.0,35.699999999999996,-1.429165780991326,0.12288205727445019,-101.35666666666667,-8.374523611330233,0.32036437588054967,81,128
2020,20200226,0.0,0.0,17670.5416,0.0,85801.8257,103472.3673,3575115.6252109,0.0,13040321.110379873,16615436.735590773,1.0,8.0,0.0,1.0,0.0,0.0,0.0,38.51333333333333,1.3841675523420065,0.2302896726588808,-78.70333333333333,14.278809722003103,1.1061796116966411,79,126
2020,20200301,0.0,0.0,79621.5937,0.0,0.0,79621.5937,19765717.13192982,0.0,0.0,19765717.13192982,7.0,26.0,0.0,1.0,0.0,0.0,0.0,36.174771428571425,-0.9543943524198966,1.1136542861443226,-93.29698571428571,-0.3148426589492743,3.2353037453633187,75,122
2020,20200302,1.0,2850.0,551998.0452,109091.075,138486.0818,799575.202,135384203.78152648,26421510.17306484,33950927.86320217,195756641.8177935,40.0,30.0,7.0,1.0,0.0,0.0,0.0,36.892229824561404,-0.23693595642991738,0.5100856675125829,-89.56715087719297,3.4149921781434642,1.6963614295564262,74,121
2020,20200303,1.0,2850.0,237857.82350000003,253345.11280000003,4217567.9944,4708770.9307,56193105.792481154,57526349.94247317,640156855.7006257,753876311.43558,14.0,89.0,12.0,3.0,2.0,5.0,15.0,38.20408736842106,1.0749215874297349,1.924901035380508,-80.65040947368422,12.331733581652216,4.796149444042594,73,120
2020,20200304,1.0,2850.0,454122.1918,22673.78650000001,958486.643,1435282.6213,93864592.81098214,5218902.144337409,192645146.11662716,291728641.07194674,31.0,100.0,2.0,3.0,5.0,15.0,15.0,31.949967346938774,-5.179198434052548,1.6113706956242564,-90.20021428571428,2.781928769622155,4.913151617516091,72,119
2020,20200305,0.0,0.0,47174.3129,0.0,0.0,47174.3129,9786259.660473809,0.0,0.0,9786259.660473809,4.0,1.0,0.0,3.0,5.0,15.0,15.0,31.5475,-5.581665780991322,0.4246861586316803,-84.635,8.347143055336431,2.266458323758308,71,118
2020,20200307,0.0,0.0,0.0,0.0,0.0,0.0,0.0,0.0,0.0,0.0,0.0,0.0,0.0,0.0,0.0,0.0,0.0,37.129165780991315,-7.105427357601002e-15,0.0,-92.98214305533645,-1.4210854715202004e-14,0.0,69,116
2020,20200310,0.0,0.0,0.0,0.0,0.0,0.0,0.0,0.0,0.0,0.0,0.0,11.0,0.0,2.0,0.0,5.0,5.0,37.129165780991315,-7.105427357601002e-15,0.0,-92.98214305533645,-1.4210854715202004e-14,0.0,66,113
2020,20200311,0.0,0.0,246207.3534,0.0,59781.061400000006,305988.4148,56265238.40762224,0.0,12160519.35304333,68425757.76066557,15.0,14.0,0.0,2.0,0.0,5.0,5.0,35.73875555555556,-1.3904102254357653,1.292239831237958,-89.2949888888889,3.6871541664475416,6.848710022451962,65,112
2020,20200312,0.0,0.0,588208.2973000001,40016.473,402799.0357,1031023.806,144163646.5839975,9629021.085146412,94818639.93287288,248611307.6020168,39.0,22.0,3.0,3.0,5.0,15.0,15.0,36.8551828125,-0.27398296849132464,0.9611987265504071,-88.3819546875,4.600188367836438,2.9322832023370133,64,111
2020,20200313,0.0,0.0,23512.1999,15013.7055,6228.299000000001,44754.2044,4331200.911085739,2639393.912689265,1436156.0722448956,8406750.896019898,1.0,19.0,4.0,4.0,10.0,15.0,15.0,32.12284285714286,-5.006322923848465,0.8310928926362422,-104.68401428571428,-11.701871230377847,3.77093955022201,63,110
2020,20200314,0.0,0.0,47439.3221,0.0,0.0,47439.3221,10115392.173129171,0.0,0.0,10115392.173129171,4.0,5.0,0.0,3.0,5.0,15.0,15.0,35.958925,-1.1702407809913211,3.208388061914163,-101.11865,-8.136506944663566,15.472236919398561,62,109
2020,20200317,0.0,0.0,155917.4563,12607.0533,0.0,168524.5096,27810782.773775004,2669039.721877853,0.0,30479822.49565286,8.0,0.0,2.0,2.0,0.0,5.0,5.0,34.86229,-2.2668757809913203,1.7811585745426128,-109.29627,-16.31412694466357,10.481770424572584,59,106
2020,20200318,0.0,0.0,47826.461200000005,167478.2892,336931.4376,552236.1880000001,10051864.160345357,29782099.58219162,59425721.702583864,99259685.44512084,6.0,16.0,7.0,3.0,2.0,15.0,15.0,33.30719285714286,-3.821972923848463,0.5845671003074864,-99.736375,-6.754231944663559,5.140092968724367,58,105
2020,20200319,0.0,0.0,559254.6483,160662.3955,252186.1325,972103.1763,122895983.38984837,39270277.72246428,57525510.863443576,219691771.97575623,46.0,78.0,15.0,4.0,5.0,30.0,15.0,36.824245000000005,-0.30492078099131703,3.9727536765009623,-95.4638225,-2.4816794446635697,3.497299835658928,57,104
2020,20200320,0.0,0.0,136269.6641,0.0,1097374.4271,1233644.0912,23680896.946647212,0.0,169210092.8179242,192890989.76457143,7.0,49.0,0.0,4.0,10.0,30.0,30.0,40.33199111111111,3.2028253301197864,5.256177794307733,-80.93954222222222,12.042600833114221,7.9266210856056265,56,103
2020,20200321,0.0,0.0,41387.1582,2708.9982,0.0,44096.1564,6986746.748004136,583450.2496575267,0.0,7570196.997661662,2.0,0.0,1.0,2.0,2.0,5.0,5.0,31.876266666666666,-5.252899114324656,4.159318431345853,-101.47913333333334,-8.4969902779969,5.952875124957126,55,102
2020,20200322,0.0,0.0,8579.0262,0.0,0.0,8579.0262,2360341.412321143,0.0,0.0,2360341.412321143,2.0,0.0,0.0,1.0,0.0,0.0,0.0,36.2013,-0.9278657809913184,3.6787937398011326,-96.05265,-3.0705069446635633,7.470795275270236,54,101
2020,20200323,0.0,0.0,38411.620500000005,0.0,0.0,38411.620500000005,9016507.299880857,0.0,0.0,9016507.299880857,4.0,3.0,0.0,2.0,0.0,5.0,0.0,35.0925,-2.0366657809913207,2.2900855151427555,-92.8175,0.16464305533644108,6.849653884199788,53,100
2020,20200324,0.0,0.0,170293.9696,57568.911300000014,810663.2183,1038526.0992,34716353.16148547,13046125.209623698,174551018.52198157,222313496.89309072,8.0,33.0,3.0,3.0,0.0,5.0,15.0,35.10438809523809,-2.0247776857532287,0.7432070522658849,-86.69000952380952,6.292133531526915,3.544738028492201,52,99
2020,20200326,0.0,0.0,75841.677,0.0,0.0,75841.677,15785229.3983949,0.0,0.0,15785229.3983949,4.0,11.0,0.0,1.0,0.0,0.0,0.0,38.247375,1.1182092190086763,0.877565322829781,-100.2464,-7.264256944663558,14.966542904313837,50,97
2020,20200327,1.0,3120.9,1094825.6556,0.0,0.0,1094825.6556,272510689.1855841,0.0,0.0,272510689.1855841,80.0,19.0,0.0,3.0,0.0,5.0,15.0,37.19176875,0.06260296900867957,1.1615967214090657,-94.26923000000001,-1.2870869446635709,1.95899134039609,49,96
2020,20200328,1.0,3120.9,4513477.9172,386219.4209,1849264.5035,6748961.841600001,1023352211.9399072,98954510.37638275,430767685.8825193,1553074408.1988091,145.0,92.0,23.0,3.0,5.0,5.0,15.0,39.29138502024292,2.1622192392515984,2.457952178097723,-85.96755263157894,7.014590423757497,4.5649544386170575,48,95
2020,20200329,0.0,0.0,645029.9155,23146.4135,2448805.9639,3116982.2929,106804425.6157483,5090742.932202771,498916395.13194245,610811563.6798935,24.0,108.0,1.0,5.0,15.0,15.0,30.0,36.547649586776856,-0.5815161942144655,2.807013745576248,-84.0685694214876,8.913573633848841,4.200736321464827,47,94
2020,20200330,0.0,0.0,2278.4333,4325.6666,10031.3458,16635.4457,861706.586811608,1225622.9365624648,2792952.3768519172,4880281.9002259895,2.0,5.0,2.0,3.0,2.0,15.0,5.0,40.50678333333333,3.3776175523420093,5.8647429605794885,-106.86558333333333,-13.883440277996897,8.103291478508387,46,93
2020,20200331,0.0,0.0,3050.773999999999,217608.75239999997,1805527.7357,2026187.2621,1685685.2804938816,43657644.21103056,353459612.4958252,398802941.9873496,3.0,102.0,16.0,3.0,2.0,15.0,15.0,32.3244094017094,-4.804756379281919,2.914356084910047,-85.99999914529916,6.98214391003728,4.645534374657017,45,92
2020,20200402,0.0,0.0,8608.169399999999,0.0,0.0,8608.169399999999,2369836.5610989328,0.0,0.0,2369836.5610989328,2.0,0.0,0.0,2.0,0.0,5.0,5.0,35.18,-1.949165780991322,0.11313708498984519,-99.525,-6.542856944663569,0.2333452377915645,43,90
2020,20200403,0.0,0.0,105814.43080000002,0.0,43093.2387,148907.66950000002,13745252.092380594,0.0,7031762.295310725,20777014.38769132,7.0,10.0,0.0,2.0,0.0,5.0,5.0,28.879733333333334,-8.249432447657988,0.7785625472625821,-98.89796666666666,-5.915823611330225,1.096070691150886,42,89
2020,20200404,0.0,0.0,0.0,0.0,16122.4738,16122.4738,0.0,0.0,995133.2577519792,995133.2577519792,0.0,1.0,0.0,3.0,2.0,15.0,15.0,26.4827,-10.64646578099132,0.0,-97.6959,-4.713756944663558,0.0,41,88
2020,20200406,0.0,0.0,137185.7697,0.0,17003.1328,154188.9025,29735936.19599501,0.0,3261110.43976882,32997046.63576383,12.0,3.0,0.0,1.0,0.0,0.0,0.0,42.74213846153846,5.612972680547138,4.655674321466664,-98.72646153846154,-5.744318483125099,12.538803881121625,39,86
2020,20200407,1.0,3543.9,7818930.712399999,299948.04429999995,3766981.9087,11885860.665399998,1753415870.47043,66537951.76282857,764340151.4014308,2584293973.6346893,276.0,103.0,8.0,2.0,0.0,5.0,5.0,41.708743489583334,4.579577708592012,1.8083004706998935,-85.49437369791667,7.487769357419765,4.9110612941814615,38,85
2020,20200408,1.0,3543.9,6844974.249299999,938524.9027,14659968.9152,22443468.0672,1559147434.532154,213144641.4686178,3165011175.343168,4937303251.34394,307.0,529.0,32.0,3.0,5.0,15.0,15.0,38.149189710982654,1.020023929991332,2.2786181695624705,-84.55544427745664,8.426698777879793,3.6845860411448745,37,84
2020,20200409,0.0,0.0,1026278.6748,0.0,13113365.3268,14139644.0016,171588689.26706222,0.0,1973481643.8483667,2145070333.115429,31.0,243.0,0.0,4.0,5.0,30.0,30.0,36.223115648854964,-0.9060501321363574,3.9549203412672567,-83.1118354961832,9.870307559153233,8.170657965861466,36,83
2020,20200410,0.0,0.0,31777.3995,0.0,181221.168,212998.5675,8247658.645309289,0.0,24781678.872009933,33029337.51731922,12.0,9.0,0.0,4.0,2.0,30.0,30.0,32.45054375,-4.6786220309913205,2.8459833456923707,-96.97651875,-3.9943756946635602,10.022399659444089,35,82
2020,20200411,0.0,0.0,1242377.8556,0.0,59710.1546,1302088.0102,274610307.5590432,0.0,14542254.608680002,289152562.16772324,111.0,19.0,0.0,3.0,2.0,15.0,15.0,36.46094365079365,-0.6682221301976696,3.9728214422195456,-98.56912698412698,-5.586983928790545,4.4306769841262446,34,81
2020,20200412,1.0,4236.2,963538.5687,1785938.6438,5502957.0806,8252434.293099999,200622405.0442602,378751967.3294128,1163962192.7765706,1743336565.1502435,65.0,388.0,102.0,4.0,5.0,15.0,30.0,33.39231319587629,-3.736852585115031,1.3939941704553587,-90.47834989690722,2.503793158429218,4.174706351902202,33,80
2020,20200413,1.0,4236.2,244225.8785,2124267.2581999996,16642953.5983,19011446.735,37402513.57323128,398536323.2998357,2972432472.7920275,3408371309.6650944,4.0,780.0,87.0,5.0,15.0,45.0,30.0,34.67359142419602,-2.455574356795303,2.88471333295019,-80.8317156202144,12.15042743512204,2.937642516036566,32,79
2020,20200414,0.0,0.0,0.0,0.0,73823.5896,73823.5896,0.0,0.0,13358558.028800553,13358558.028800553,0.0,4.0,0.0,4.0,10.0,30.0,5.0,29.9775,-7.151665780991323,0.2660043859287526,-82.91499999999999,10.067143055336444,0.7311406613413548,31,78
2020,20200415,0.0,0.0,0.0,17464.4915,49149.552599999995,66614.0441,0.0,3168700.6737320456,8784732.158257771,11953432.831989815,0.0,2.0,1.0,3.0,2.0,15.0,15.0,29.860500000000002,-7.26866578099132,0.7528417828468335,-82.29746666666666,10.684676388669772,0.5436278629111417,30,77
2020,20200416,0.0,0.0,6397.260400000001,0.0,0.0,6397.260400000001,1739436.6194234183,0.0,0.0,1739436.6194234183,1.0,5.0,0.0,2.0,0.0,5.0,0.0,37.9,0.7708342190086768,0.0,-97.43,-4.44785694466357,0.0,29,76
2020,20200418,0.0,0.0,926575.1634,0.0,148738.91950000002,1075314.0829,165739267.16564798,0.0,28078612.059864536,193817879.2255125,36.0,14.0,0.0,1.0,0.0,0.0,0.0,31.943812244897963,-5.185353536093359,2.477262823295155,-90.21368775510204,2.7684553002343932,7.939391520676952,27,74
2020,20200419,0.0,0.0,1673833.8571999995,273879.9717,1767323.6071,3715037.436,309713522.55765545,58914045.014189765,373066961.1814334,741694528.7532786,71.0,137.0,23.0,3.0,2.0,15.0,15.0,31.81387186147186,-5.315293919519462,1.3535368624894648,-89.98858787878787,2.9935551765485684,4.4211279811369,26,73
2020,20200420,0.0,0.0,296113.22740000003,128157.3901,1631001.8998,2055272.5173,71498580.26285554,23167649.700855497,339177462.3251761,433843692.28888714,23.0,78.0,5.0,5.0,15.0,45.0,30.0,35.12242285714286,-2.0067429238484635,5.9254303810138325,-86.73990952380953,6.242233531526907,4.701335957685202,25,72
2020,20200421,1.0,1660.6,1098025.9489000002,145078.66150000002,5781286.4098,7024391.020199999,184668662.0884712,21355381.602856975,767208582.3073009,973232625.9986292,57.0,83.0,4.0,3.0,2.0,15.0,5.0,37.5452213740458,0.41605559305448025,2.4827257365802855,-86.20795572519084,6.774187330145594,12.142261500314694,24,71
2020,20200422,1.0,1660.6,1578793.1891,524382.3211000001,688558.5046,2791734.0148000005,338981113.7561967,105363617.10261616,149754940.94480452,594099671.8036174,110.0,61.0,30.0,3.0,2.0,15.0,15.0,33.323879591836736,-3.805286189154586,1.9092951979230832,-94.880525,-1.8983819446635692,2.975372443851052,23,70
2020,20200423,1.0,1660.6,295069.28390000004,393422.9691000001,1875429.9412,2563922.1942,60053725.69264504,81816333.73118357,390538269.40597105,532408328.82979965,20.0,196.0,34.0,4.0,10.0,30.0,30.0,31.107405909090907,-6.021759871900414,0.965249003155547,-86.16197818181818,6.820164873518252,3.118405764963168,22,69
2020,20200424,0.0,0.0,2560429.3779,101724.44759999998,1278680.3324,3940834.1579,501416038.7639399,20383782.872772187,236911971.86021772,758711793.4969298,132.0,57.0,5.0,4.0,10.0,30.0,15.0,33.91418969072165,-3.2149760902696727,2.6642964867916756,-91.33858092783505,1.643562127501383,6.682753569244569,21,68
2020,20200425,0.0,0.0,1260012.2633,94079.8946,246938.1862,1601030.3441,249364321.2296248,20979214.705000076,49656922.28153475,320000458.2161596,41.0,31.0,4.0,4.0,10.0,30.0,30.0,34.468242592592595,-2.6609231883987263,2.565021484672378,-85.3524425925926,7.629700462743841,5.7815963851674965,20,67
2020,20200426,0.0,0.0,241406.286,0.0,716059.1718,957465.4578,39967552.52111866,0.0,118391088.87436092,158358641.3954796,8.0,33.0,0.0,3.0,5.0,5.0,15.0,29.8381375,-7.291028280991323,4.413226677346764,-79.831453125,13.15068993033644,1.2301404074029152,19,66
2020,20200427,1.0,1263.3,34752.8022,0.0,46305.8121,81058.6143,9096620.591513157,0.0,5331656.641343396,14428277.232856551,5.0,15.0,0.0,2.0,0.0,5.0,5.0,32.271007142857144,-4.858158638134178,5.126208455718857,-100.99685714285715,-8.014714087520716,3.6412639679341847,18,65
2020,20200428,1.0,1263.3,3978620.381,64013.45429999999,2602058.5384999993,6644692.373799999,800685763.0363356,15083078.12317035,570773654.3311309,1386542495.4906368,191.0,213.0,5.0,2.0,0.0,5.0,5.0,34.77028189189189,-2.358883889099431,2.2693581887764203,-95.05531783783785,-2.073174782501411,2.4893137487321204,17,64
2020,20200429,1.0,1263.3,571095.0543,43587.6679,1119683.0583,1734365.7805,105988167.06701016,8537376.730155969,216556024.05213013,331081567.8492963,24.0,74.0,2.0,5.0,10.0,45.0,30.0,31.936897802197805,-5.192267978793517,2.3655544864660274,-94.09889890109889,-1.1167558457624551,4.4074988997413245,16,63
2020,20200430,1.0,1263.3,3860.5437000000006,0.0,786473.6127999999,790334.1564999999,1057832.3276062172,0.0,144693599.95061117,145751432.2782174,1.0,94.0,0.0,3.0,2.0,15.0,5.0,38.72575277777778,1.5965869967864563,5.909154670222461,-97.52686111111112,-4.5447180557746805,15.506828960675671,15,62
2020,20200502,0.0,0.0,123136.2432,0.0,41300.8155,164437.0587,28130919.667450357,0.0,9626686.9477791,37757606.61522946,8.0,8.0,0.0,2.0,0.0,5.0,0.0,40.10504615384615,2.9758803728548315,3.7848852793304446,-99.2422923076923,-6.260149252355859,11.23631780488768,13,60
2020,20200503,1.0,2598.9,801511.9140999999,11131.4896,5027494.783600001,5840138.1873,201844927.80136245,2760738.9751049355,1139540848.470984,1344146515.2474513,110.0,265.0,1.0,2.0,0.0,5.0,5.0,37.22818164893617,0.09901586794484984,2.7974410717908533,-91.14932553191488,1.8328175234215536,6.214708889541512,12,59
2020,20200504,1.0,2598.9,3752617.563099999,53505.2248,2512735.3625,6318858.1504,879488380.6745526,11833404.249376409,574321603.7141266,1465643388.6380556,262.0,162.0,3.0,3.0,0.0,15.0,15.0,36.810509929078016,-0.3186558519133058,1.6463768297366186,-93.79112411347518,-0.8089810581387411,3.629828931104811,11,58
2020,20200505,1.0,2598.9,1317547.7971,124121.43319999998,892112.9357,2333782.166,256947053.7107799,24683416.053530034,173766949.9381065,455397419.7024164,48.0,31.0,5.0,4.0,5.0,15.0,30.0,34.09861851851852,-3.030547262472801,2.1854995231131435,-85.5151925925926,7.466950462743839,6.184135857291983,10,57
2020,20200507,0.0,0.0,977897.4898,0.0,70995.4682,1048892.958,188062630.6090129,0.0,13716283.887507891,201778914.4965208,67.0,65.0,0.0,1.0,0.0,0.0,0.0,34.85820136986302,-2.270964411128304,2.1193382730683967,-98.24779452054794,-5.265651465211505,3.8245836482147673,8,55
2020,20200508,0.0,0.0,381130.6672,10262.6396,1203353.6988,1594747.0055999998,68915842.81518973,2358798.9868041896,249206084.56393343,320480726.36592734,21.0,93.0,1.0,3.0,2.0,15.0,15.0,33.358719417475726,-3.770446363515596,1.885139755783359,-95.3248417475728,-2.342698692236368,1.8221763569394243,7,54
2020,20200509,0.0,0.0,0.0,0.0,6764.3482,6764.3482,0.0,0.0,1306288.7079417112,1306288.7079417112,0.0,36.0,0.0,3.0,2.0,15.0,5.0,35.03,-2.0991657809913207,0.0,-110.72,-17.737856944663562,0.0,6,53
2020,20200510,0.0,0.0,214853.73440000004,0.0,2058594.9521999997,2273448.6865999997,48750780.49293588,0.0,476452062.7774726,525202843.2704085,8.0,59.0,0.0,2.0,0.0,5.0,0.0,39.76579090909091,2.6366251280995883,1.8680591154974218,-85.12380151515151,7.858341540184924,6.252881674642071,5,52
2020,20200511,0.0,0.0,555881.3315,0.0,72182.4911,628063.8226,87214492.66098474,0.0,14493542.573751638,101708035.23473638,29.0,17.0,0.0,2.0,0.0,5.0,5.0,36.72544565217391,-0.4037201288174117,3.949536212699553,-98.81319782608696,-5.8310547707505265,12.44675888304509,4,51
2020,20200512,0.0,0.0,2017.1286,92876.6628,0.0,94893.7914,656882.308104485,16002058.721896611,0.0,16658941.030001096,2.0,2.0,3.0,3.0,2.0,15.0,15.0,35.697379999999995,-1.4317857809913264,7.792820658914204,-100.78684000000001,-7.804696944663576,4.822600488636813,3,50
2020,20200513,0.0,0.0,164811.71130000002,1693.9907999999998,41490.81530000001,207996.51740000004,42278625.7281788,478526.0193818479,10753168.131054277,53510319.878614925,33.0,14.0,1.0,2.0,2.0,5.0,5.0,34.45466363636364,-2.674502144627681,1.8802584970839087,-100.50240909090908,-7.5202660355726465,1.6078825082637573,2,49
2020,20200514,0.0,0.0,569123.9546,64777.8193,1621911.9438,2255813.7177,142718715.47263852,15532280.438210096,361933875.1918493,520184871.1026979,48.0,64.0,5.0,4.0,5.0,30.0,30.0,40.02615145631068,2.896985675319357,1.967282495233405,-91.66497281553399,1.3171702398024507,5.461906433694202,1,48
2020,20200515,0.0,0.0,984034.8229,49385.81109999999,8831930.6821,9865351.3161,193841163.5670691,10246348.345190672,1397708885.7402103,1601796397.6524704,82.0,251.0,3.0,3.0,5.0,15.0,15.0,38.948204229607256,1.8190384486159346,4.706467441367112,-84.70022326283988,8.281919792496552,12.681773813994058,0,47
2020,20200516,0.0,0.0,56629.1015,273029.958,310273.15560000006,639932.2151,11453372.050543249,56116562.55591607,52628344.530237354,120198279.13669668,7.0,17.0,17.0,4.0,5.0,30.0,30.0,32.90806829268293,-4.221097488308395,3.495145990329946,-94.46175365853658,-1.4796106032001433,5.775244109520286,1,46
2020,20200517,0.0,0.0,30743.687100000003,188386.52140000003,217447.5766,436577.7851,5818386.975185046,37930094.16057817,34356439.03841899,78104920.1741822,5.0,16.0,8.0,2.0,2.0,5.0,5.0,32.956199999999995,-4.172965780991326,5.732025678007149,-90.87812727272727,2.104015782609167,8.967921798657695,2,45
2020,20200518,0.0,0.0,54328.7108,72171.5048,340483.76410000003,466983.9797,10331952.322790904,14619380.754511548,69009659.07358587,93960992.15088832,4.0,18.0,2.0,3.0,5.0,5.0,5.0,36.58080454545455,-0.548361235536774,7.6696222003233405,-91.3272,1.6549430553364317,13.447863321626333,3,44
2020,20200519,0.0,0.0,30485.1622,28719.629600000004,12515.5273,71720.31910000001,8877016.96790356,6127971.265947,3360105.0414352464,18365093.275285807,14.0,17.0,2.0,2.0,2.0,5.0,5.0,43.09378095238095,5.964615171389632,3.9303281461754644,-106.7859619047619,-13.803818849425468,5.44904100961593,4,43
2020,20200520,1.0,1948.6,265404.4199,109266.4867,195193.64399999997,569864.5506,56207548.9292386,20040461.348212544,44042800.656456366,120290810.93390752,59.0,76.0,8.0,3.0,2.0,15.0,15.0,42.043776470588234,4.914610689596913,6.58615104665602,-101.47062205882354,-8.4884790034871,8.809924803485293,5,42
2020,20200521,1.0,1948.6,1530915.6547,77638.3964,160182.25489999997,1768736.306,277907030.03634846,14948019.738430366,16616387.89586578,309471437.67064464,112.0,15.0,10.0,4.0,2.0,30.0,30.0,33.07312164179105,-4.056044139200274,4.3029994984153435,-94.39684402985075,-1.414700974514318,9.205118793314085,6,41
2020,20200522,1.0,1948.6,2110354.4189,274764.1836,3661306.4789,6046425.0814,421790931.0541034,57288122.200035706,740129884.686704,1219208937.940843,115.0,168.0,15.0,3.0,5.0,15.0,15.0,34.19441404109589,-2.9347517398954324,1.9068361415252546,-89.7125441780822,3.2695988772542393,7.4590745876544755,7,40
2020,20200523,1.0,1948.6,1283271.5816,561351.6945,2179357.4621,4023980.7382,288858353.5613175,123156809.82630706,472201421.5169268,884216584.9045513,117.0,100.0,20.0,4.0,5.0,15.0,30.0,38.54063319148936,1.411467410498041,4.3170147814494,-94.29993361702128,-1.3177905616848449,7.338403779521887,8,39
2020,20200524,0.0,0.0,1526709.2018,24914.1353,1836456.4513,3388079.7884,312728002.60919136,4724767.172626696,389522372.39989376,706975142.1817118,115.0,131.0,2.0,4.0,10.0,15.0,15.0,35.83230931174089,-1.2968564692504287,3.7298279494249207,-95.49067935222672,-2.5085362968902842,6.083308179753545,9,38
2020,20200525,0.0,0.0,351093.45119999995,168316.79129999998,1302599.8674,1822010.1099,62398742.21804377,38506763.39681441,308847862.8520189,409753368.4668771,17.0,78.0,12.0,3.0,2.0,15.0,15.0,37.52534485981309,0.39617907882176695,4.251336230455514,-91.09337009345793,1.8887729618785016,4.806379835279767,10,37
2020,20200526,0.0,0.0,663869.8003,103501.8536,1293509.7773,2060881.4312,123648636.72323352,30182936.906987723,312862855.5258721,466694429.15609336,30.0,50.0,9.0,3.0,5.0,15.0,15.0,38.28754606741573,1.1583802864244106,5.8526542979360405,-91.59832134831461,1.3838217070218235,3.993785667146803,11,36
2020,20200527,1.0,1722.0,2645215.4389,154018.7793,1550970.5824,4350204.8006,459534346.36931705,27614057.302477054,264296423.5275551,751444827.1993492,115.0,68.0,5.0,3.0,5.0,5.0,5.0,31.250139893617018,-5.879025887374304,3.0175314455479296,-94.83337712765959,-1.8512340723231517,6.122626006324767,12,35
2020,20200528,0.0,0.0,421936.1022,100202.5,483694.07490000007,1005832.6771,75241425.59705226,23247109.272788167,94998375.89186735,193486910.76170775,21.0,20.0,5.0,4.0,5.0,30.0,30.0,33.674837777777775,-3.454328003213547,4.286477360113742,-91.01376666666667,1.9683763886697676,8.757056932943744,13,34
2020,20200529,0.0,0.0,98780.5,25927.0442,4350611.314300001,4475318.858500001,18908040.889789335,4750821.14043575,707774807.2947778,731433669.3250028,3.0,117.0,1.0,3.0,2.0,15.0,15.0,41.40536611570248,4.276200334711156,2.9460323390551832,-76.60483057851239,16.377312476824045,4.285800284988453,14,33
2020,20200530,0.0,0.0,201811.4047,16428.1351,710986.3392,929225.879,45421844.10513735,3296360.4483992076,158456560.69641787,207174765.24995443,27.0,126.0,1.0,3.0,2.0,15.0,15.0,42.8858816,5.756715819008676,3.2463036832080827,-114.57943039999999,-21.597287344663556,7.184757888665825,15,32
2020,20200531,0.0,0.0,14544.9466,0.0,14201.0008,28745.947399999997,4382532.806299546,0.0,4058867.568064985,8441400.37436453,10.0,13.0,0.0,4.0,2.0,30.0,15.0,45.38867777777778,8.259511996786458,2.0190587240696662,-106.98521666666666,-14.003073611330223,4.2335920690771545,16,31
2020,20200601,0.0,0.0,117939.0197,29160.091,19425.0182,166524.12889999998,33729489.23110523,5309083.991049616,3374950.441105507,42413523.663260356,12.0,2.0,1.0,3.0,2.0,15.0,15.0,43.838586666666664,6.709420885675343,6.09619576069098,-94.98548000000001,-2.003336944663573,5.845291047159242,17,30
2020,20200602,0.0,0.0,1266246.1541000002,30751.850800000004,2458537.9312,3755535.9361,277206356.00690526,6460653.287484884,580637926.5224321,864304935.8168223,89.0,114.0,6.0,2.0,0.0,5.0,0.0,43.47047655502392,6.3413107740326,1.512374688571052,-91.57315693779904,1.4089861175373954,6.531331716342833,18,29
2020,20200603,0.0,0.0,1023375.7646,0.0,34165340.8305,35188716.5951,229586467.680155,0.0,4874233514.968084,5103819982.648239,78.0,463.0,0.0,4.0,5.0,30.0,30.0,40.14432661737523,3.015160836383906,1.538719090261329,-81.74123622920519,11.240906826131251,9.578933347425831,19,28
2020,20200604,0.0,0.0,1578409.1196,74266.2666,10293941.3725,11946616.758699998,343630870.2520893,17939035.396972302,1874533690.511861,2236103596.160923,133.0,384.0,6.0,4.0,2.0,30.0,15.0,39.89932898272553,2.7701632017342064,3.207675661216741,-91.18684088291747,1.795302172418971,10.08121033303839,20,27
2020,20200605,0.0,0.0,402427.5866,0.0,2198278.8363,2600706.4229,98242855.93306842,0.0,503226925.6966584,601469781.6297268,37.0,215.0,0.0,3.0,2.0,15.0,15.0,37.340037872340424,0.21087209134910267,3.8042313887790162,-95.71444723404257,-2.73230417870613,9.241627811299706,21,26
2020,20200606,0.0,0.0,317606.15619999997,262694.583,5594944.8026,6175245.5418,59677856.276943885,46231458.63981318,972490217.3572506,1078399532.2740076,33.0,478.0,8.0,3.0,0.0,15.0,5.0,41.51086738197425,4.381701600982929,2.9400421330402824,-99.50245987124464,-6.520316815908203,12.173222840924042,22,25
2020,20200607,0.0,0.0,205709.2683,126101.0943,296305.87149999995,628116.2341,58799426.57087384,25298780.254578155,113363881.79318056,197462088.61863256,93.0,159.0,11.0,4.0,5.0,30.0,30.0,45.6955846473029,8.56641886631158,2.778020924382139,-99.00853692946059,-6.026393874124153,3.6945759777235847,23,24
2020,20200608,0.0,0.0,296349.1408,25452.3981,201756.6457,523558.1846,72697818.62357484,8713829.586544717,42809923.86964871,124221572.07976829,64.0,65.0,12.0,4.0,10.0,30.0,30.0,43.37575892857143,6.246593147580107,3.2953517231122205,-99.79071875,-6.80857569466356,2.936858360071651,24,23
2020,20200609,0.0,0.0,165249.5741,155346.47379999998,2980177.5571,3300773.605,42852088.13622508,35383450.062490925,666672075.6352981,744907613.8340142,18.0,315.0,7.0,4.0,5.0,30.0,30.0,41.03078609271523,3.90162031172391,3.3462253030549656,-92.34816092715232,0.6339821281841154,5.844808617659193,25,22
2020,20200610,0.0,0.0,947074.8768,165238.6302,17597459.562200002,18709773.0692,197473414.82094115,36244020.131772205,3795157704.768237,4028875139.7209506,23.0,518.0,5.0,4.0,10.0,15.0,30.0,40.43410133587786,3.3049355548865407,2.0513518431549116,-83.33534198473282,9.646801070603615,2.4533059328477718,26,21
2020,20200611,0.0,0.0,44682.1244,0.0,403550.98270000005,448233.1071,11325004.821458386,0.0,78791840.46152243,90116845.2829808,8.0,13.0,0.0,5.0,5.0,45.0,15.0,40.633180952380954,3.504015171389632,5.212542146651578,-91.75994761904762,1.222195436288814,15.203925824655252,27,20
2020,20200612,0.0,0.0,23993.8477,0.0,189552.32920000004,213546.17690000005,5460264.475089088,0.0,37115644.74489203,42575909.21998112,3.0,12.0,0.0,2.0,0.0,5.0,5.0,34.1006,-3.028565780991322,6.149235691260065,-87.90434615384615,5.077796901490288,13.004999421479889,28,19
2020,20200613,0.0,0.0,2390.9143000000004,17855.338799999998,49981.7461,70227.9992,624038.9852170243,4401318.858092991,11696190.398297658,16721548.241607672,2.0,34.0,1.0,2.0,2.0,5.0,5.0,45.57584545454545,8.44667967355413,3.3145300515649687,-107.93615454545456,-14.95401149011812,9.78270289146754,29,18
2020,20200614,0.0,0.0,556746.6100999999,0.0,259561.60939999996,816308.2194999999,116821197.04064572,0.0,52688815.10544994,169510012.14609566,45.0,29.0,0.0,3.0,2.0,15.0,15.0,41.253649230769234,4.124483449777912,5.613622636612516,-95.84471846153846,-2.8625754062020263,9.145313754986978,30,17
2020,20200615,0.0,0.0,156166.8696,0.0,125951.61070000002,282118.48030000005,28965922.667745456,0.0,22528746.96399544,51494669.6317409,9.0,10.0,0.0,3.0,2.0,15.0,15.0,39.43864615384616,2.3094803728548357,7.6278566444114775,-92.77806153846154,0.2040815168748935,10.238295549434197,31,16
2020,20200616,0.0,0.0,15249.3101,0.0,5672.737900000001,20922.048000000003,3365611.3546832986,0.0,2715096.2283987873,6080707.5830820855,5.0,15.0,0.0,2.0,2.0,5.0,5.0,45.01224545454546,7.8830796735541355,5.030372996381807,-103.2481090909091,-10.26596603557266,3.4223085186623825,32,15
2020,20200617,0.0,0.0,44474.6727,13103.268,141519.5133,199097.45399999997,16320342.045596031,2215863.3252956285,37627518.39264094,56163723.7635326,28.0,50.0,4.0,3.0,2.0,15.0,15.0,44.91561,7.786444219008679,4.878449504815849,-98.613585,-5.631441944663564,2.024568049889382,33,14
2020,20200618,0.0,0.0,188839.7513,10044.5964,429533.3669,628417.7146,38199552.77431767,3252567.1346675064,98514647.35493876,139966767.2639239,19.0,33.0,1.0,3.0,0.0,15.0,15.0,38.2866,1.1574342190086782,5.078302841906696,-95.02877884615386,-2.046635790817419,6.455109755733308,34,13
2020,20200619,0.0,0.0,371411.66170000006,5361.1601,1090509.8255,1467282.6473,80769260.61659408,1514907.067747638,184539328.4298099,266823496.1141516,48.0,47.0,2.0,3.0,0.0,15.0,0.0,34.57050515463917,-2.5586606263521503,4.122139871989303,-93.52556391752577,-0.5434208621893362,10.425021673560456,35,12
2020,20200620,0.0,0.0,435829.2877,70071.64080000001,1382924.4813,1888825.4098,117712870.1277985,19290482.378955137,241502260.27744097,378505612.7841946,104.0,37.0,6.0,3.0,0.0,15.0,15.0,40.17098231292517,3.041816531933847,4.83025906833363,-94.87632040816327,-1.89417735282683,8.02872849072629,36,11
2020,20200621,0.0,0.0,732706.5301,1007.995,3208846.5544,3942561.0795,201501753.47666156,518465.2827839585,727585221.7820318,929605440.5414772,104.0,195.0,1.0,3.0,2.0,15.0,15.0,39.0425077181208,1.9133419371294806,3.5231305624651403,-93.17083489932887,-0.1886918439924301,7.417365148404871,37,10
2020,20200622,0.0,0.0,697865.8807999999,2758.9934000000003,5312811.2968,6013436.171,139355195.05573142,746355.4521690381,949844411.0673774,1089945961.5752778,56.0,197.0,1.0,4.0,5.0,30.0,30.0,36.91227244094488,-0.21689334004643968,3.467878983434028,-89.36506181102362,3.617081244312814,10.14862018580116,38,9
2020,20200623,0.0,0.0,200471.7346,0.0,1263974.0070999998,1464445.7417,37131536.21718933,0.0,229232125.0685152,266363661.2857045,19.0,78.0,0.0,3.0,2.0,15.0,15.0,33.232681443298965,-3.896484337692357,2.9510741993146152,-91.32372268041236,1.6584203749240771,9.888373128879124,39,8
2020,20200624,0.0,0.0,336533.42699999997,172332.3788,589063.8137,1097929.6195,74853943.5645288,37422084.589357555,111598174.93829072,223874203.0921771,55.0,52.0,14.0,3.0,0.0,15.0,15.0,37.92691440677966,0.797748625788337,6.840555929253393,-99.2814533898305,-6.299310334494066,11.835235953455381,40,7
2020,20200625,0.0,0.0,464998.9207,0.0,2926521.4272,3391520.3479,86187578.29441203,0.0,497995561.2216827,584183139.5160948,36.0,112.0,0.0,3.0,5.0,5.0,5.0,37.289094594594594,0.1599288136032726,4.9631334394781135,-88.95797972972973,4.0241633256067075,11.139228976438096,41,6
2020,20200626,0.0,0.0,596621.1429999999,29147.1185,4274323.5281,4900091.7896,119506748.69047228,5342703.13914405,902706681.3653076,1027556133.194924,61.0,120.0,1.0,3.0,2.0,15.0,15.0,40.68929175824176,3.5601259772504363,2.225254964146033,-94.04421428571428,-1.062071230377839,8.351075555443328,42,5
2020,20200627,0.0,0.0,77354.9046,29398.8582,6278555.9898,6385309.752599999,19727546.554876868,6961461.516904661,981202988.7858398,1007891996.8576212,13.0,179.0,2.0,4.0,5.0,30.0,15.0,37.05687165775401,-0.0722941232373131,4.114767913979212,-86.7144898395722,6.267653215764241,10.830591553962652,43,4
2020,20200628,0.0,0.0,2513880.0389,32884.4983,5529901.5664,8076666.1036,378494804.8252727,9887116.282208055,867432736.6360852,1255814657.743566,92.0,188.0,5.0,3.0,2.0,15.0,15.0,41.684987984496125,4.555822203504803,3.9655031566032277,-89.05138604651164,3.9307570088247985,13.432178771045086,44,3
2020,20200629,0.0,0.0,1911944.7518,0.0,2981597.7795,4893542.5313,285718222.0073245,0.0,460606387.6788122,746324609.6861367,66.0,78.0,0.0,3.0,5.0,15.0,15.0,41.68956571428571,4.560399933294391,4.614165672803936,-88.80417,4.177973055336437,13.080220611337255,45,2
2020,20200630,0.0,0.0,198653.8368,0.0,2197569.8926000004,2396223.7294000005,48206112.907651946,0.0,467717975.1485361,515924088.0561881,34.0,117.0,0.0,3.0,5.0,15.0,15.0,36.13413642384106,-0.9950293571502584,4.704323696423442,-89.43505562913907,3.547087426197365,7.622964870955269,46,1
2020,20200701,0.0,0.0,768987.0651,11284.3514,1642418.2613,2422689.6777999997,113934180.11632912,2888800.3725280156,318627907.69662154,435450888.1854787,24.0,94.0,2.0,3.0,2.0,15.0,15.0,36.85999663865547,-0.26916914233585487,4.458556970265968,-88.3217025210084,4.660440534328032,9.35986469189522,47,0
2020,20200702,0.0,0.0,209609.874,64210.825,2883171.4544,3156992.1534,51341145.04886428,12743961.290183416,483687980.4799304,547773086.8189781,70.0,144.0,9.0,2.0,0.0,5.0,5.0,41.14144751131222,4.0122817303209,3.5890089711070607,-93.47302533936652,-0.4908822840300786,12.71687355482651,48,1
2020,20200703,0.0,0.0,185876.3143,0.0,4194923.3668,4380799.6811,37764730.51224494,0.0,564865628.8171351,602630359.32938,29.0,73.0,0.0,2.0,0.0,5.0,5.0,41.708493,4.579327219008675,3.904174020516474,-91.610942,1.3712010553364422,14.139982206946495,49,2
2020,20200704,0.0,0.0,73168.0935,39751.0379,273158.6192,386077.7506,20570424.464838836,8859912.013012478,66723566.78134045,96153903.25919177,31.0,66.0,4.0,3.0,2.0,15.0,15.0,44.55744950495049,7.428283723959169,4.573893713732836,-99.85282574257425,-6.870682687237817,5.746035574527076,50,3
2020,20200705,0.0,0.0,860246.7156,0.0,3225049.5542,4085296.2698,165319144.3720072,0.0,612874664.3778292,778193808.7498364,77.0,152.0,0.0,3.0,2.0,15.0,15.0,41.11224148471615,3.983075703724829,4.879940368018917,-90.9229384279476,2.059204627388837,10.890229060766963,51,4
2020,20200706,0.0,0.0,7445911.602600001,3212.5862,15032620.8376,22481745.0264,1008644943.9844152,1051063.774426571,2153902456.824904,3163598464.583746,146.0,240.0,3.0,3.0,2.0,15.0,15.0,41.419998200514144,4.290832419522822,2.330861927379452,-84.54566658097687,8.436476474359566,12.118264351932309,52,5
2020,20200707,0.0,0.0,396363.7312,20083.2636,1598722.5111,2015169.5059,99211045.6738474,5678899.2237425335,358427025.5352857,463316970.4328756,65.0,161.0,4.0,3.0,5.0,15.0,15.0,45.01152202643172,7.882356245440398,3.505536655310438,-100.58315154185023,-7.601008486513791,9.518706575425973,53,6
2020,20200708,0.0,0.0,862846.7302999999,114898.76450000002,4701878.994,5679624.4888,202720634.59877208,33165580.861482475,890329492.9031954,1126215708.36345,74.0,286.0,20.0,4.0,5.0,30.0,15.0,42.95159920212766,5.822433421136338,2.9144203150951564,-90.2206614361702,2.761481619166233,10.657085377235285,54,7
2020,20200709,0.0,0.0,848550.1584999999,0.0,4154917.3078,5003467.4662999995,191005035.54335013,0.0,962511330.21853,1153516365.7618802,88.0,202.0,0.0,4.0,2.0,30.0,15.0,41.496317993079586,4.367152212088264,2.9419068689740637,-92.63837612456747,0.3437669307689646,8.242319549002296,55,8
2020,20200710,1.0,1459.1,226616.3164,1948.4611,4353160.815800001,4581725.593300001,61550886.27789341,690918.0978772822,935204647.1735028,997446451.5492736,79.0,211.0,2.0,3.0,2.0,15.0,15.0,40.61151958762886,3.4823538066375406,3.344781646323193,-92.62519999999999,0.3569430553364441,9.932100367231426,56,9
2020,20200711,1.0,1459.1,3142901.1043999996,76511.4988,6684749.3464,9904161.9496,835762920.3912486,16669343.3264266,1524013174.9719615,2376445438.689637,231.0,316.0,6.0,4.0,5.0,30.0,30.0,39.774046473779386,2.644880692788064,2.9320800753047838,-92.31045081374323,0.6716922415932061,4.802175259724764,57,10
2020,20200712,0.0,0.0,409637.9066,4043.0926,2868804.4043,3282485.4035,96230120.99617666,889997.8986347041,603301505.0711013,700421623.9659127,62.0,152.0,1.0,4.0,2.0,30.0,30.0,36.911872558139535,-0.21729322285178654,3.6309987240119175,-92.99864976744186,-0.01650671210542498,8.124831812234074,58,11
2020,20200713,0.0,0.0,393422.418,0.0,1418801.6797000002,1812224.0977000005,76001623.99608272,0.0,253325555.77553463,329327179.77161735,33.0,112.0,0.0,3.0,2.0,15.0,15.0,40.96287062937063,3.8337048483793055,3.615124582853795,-95.4973986013986,-2.515255546062164,12.199400721999153,59,12
2020,20200714,0.0,0.0,745123.4742999999,50345.1765,930387.5054,1725856.1562,132056972.56400986,8803070.727547508,173179814.49405965,314039857.785617,24.0,56.0,4.0,4.0,5.0,30.0,15.0,39.924060975609756,2.7948951946184337,3.8701540455434147,-88.38777926829269,4.594363787043747,12.536166766016127,60,13
2020,20200715,0.0,0.0,422994.9365,249217.7832,979023.9252,1651236.6449000002,79046407.87827927,58187162.90206727,204889907.55270156,342123478.3330481,17.0,57.0,13.0,3.0,2.0,15.0,15.0,36.513714942528736,-0.6154508384625856,3.8008282699692404,-91.60790114942529,1.3742419059111484,7.152817919492798,61,14
2020,20200716,0.0,0.0,116198.1232,107348.488,1312349.2974,1535895.9086,27309425.19973293,13017000.074692693,237513873.14016443,277840298.41459006,12.0,49.0,3.0,4.0,5.0,30.0,15.0,40.1144453125,2.985279531508681,3.1038709788953005,-86.226290625,6.755852430336432,8.965046100337728,62,15
2020,20200717,0.0,0.0,98164.1599,24627.733300000004,1089248.8606999998,1212040.7539,36608222.04278954,6261375.291448263,271823663.8232553,314693261.1574931,39.0,129.0,4.0,3.0,5.0,15.0,15.0,45.28841627906977,8.15925049807845,3.903561715054884,-95.35117616279071,-2.369033107454271,6.105273716060979,63,16
2020,20200718,0.0,0.0,431877.1062,105115.0894,1829666.0084,2366658.2040000004,113004890.01413605,28558660.405030027,435840109.1217472,577403659.5409132,35.0,129.0,7.0,5.0,5.0,45.0,15.0,43.53794269005848,6.408776909067157,4.22446472164947,-90.20009532163743,2.7820477336990024,5.251787636491169,64,17
2020,20200719,0.0,0.0,194439.1987,3767.2543,9171716.2265,9369922.6795,48229992.09180085,917993.302368404,1832777738.660388,1881925724.054557,54.0,286.0,1.0,3.0,5.0,15.0,15.0,41.732280351906155,4.603114570914833,2.235882744530513,-87.40430791788856,5.577835137447877,8.783204015266291,65,18
2020,20200720,0.0,0.0,274890.7104,13884.3062,1229473.1078,1518248.1244,69076046.84424755,3834300.8204970537,247570004.23925403,320480351.9039986,65.0,74.0,2.0,3.0,2.0,15.0,15.0,40.39751785714286,3.268352076151537,2.897357180303178,-96.17241857142858,-3.190275516092143,8.996602562499143,66,19
2020,20200721,0.0,0.0,686532.4463000001,113497.7402,6046483.849400001,6846514.0359000005,133061026.57074854,30190998.05606445,1126846293.453285,1290098318.080098,33.0,182.0,7.0,3.0,2.0,15.0,15.0,37.59957207207207,0.4704062910807494,3.282400762331722,-85.3943572072072,7.5877858481292435,7.985093218308949,67,20
2020,20200722,0.0,0.0,763031.4653,3320.4133999999995,18020024.947800003,18786376.8265,101713149.06058969,942941.3841367254,2536631731.9392133,2639287822.3839397,11.0,261.0,1.0,3.0,5.0,15.0,15.0,38.5858304029304,1.4566646219390762,3.355023890014038,-78.10830952380952,14.873833531526913,5.694871330621563,68,21
2020,20200723,0.0,0.0,160758.6035,850.2212000000001,7542217.2814,7703826.1061,28668217.660043065,338384.64513410226,1135115510.8411243,1164122113.1463015,13.0,159.0,1.0,3.0,2.0,15.0,5.0,41.24494046242775,4.115774681436427,3.4598887460746126,-82.19989884393064,10.782244211405796,13.52839921602042,69,22
2020,20200724,0.0,0.0,32296.881499999996,35428.1633,1703944.0423999997,1771669.0871999995,7616969.461346661,6329300.998802065,304048525.8876238,317994796.34777254,5.0,69.0,2.0,3.0,2.0,15.0,15.0,40.26566578947368,3.1365000084823578,5.049499968975209,-88.86233421052631,4.119808844810123,9.81334537291679,70,23
2020,20200725,0.0,0.0,401546.6355999999,80293.4465,1101296.9554,1583137.0375,74047198.9880337,17018467.500473518,225583743.78708696,316649410.2755942,17.0,71.0,6.0,3.0,2.0,15.0,15.0,39.63776808510638,2.5086023041150582,6.468176776120343,-92.25435425531914,0.7277888000172936,7.7888426607215795,71,24
2020,20200726,0.0,0.0,14473.725899999998,54538.0928,72984.0337,141995.8524,4656582.935216872,9075375.103292864,21088610.06161165,34820568.10012139,5.0,12.0,3.0,3.0,5.0,5.0,5.0,39.815690000000004,2.6865242190086818,6.155874321491626,-97.24881500000001,-4.266671944663571,5.46277769408808,72,25
2020,20200727,0.0,0.0,8219.851200000001,0.0,2063458.7296,2071678.5808,1749875.7828331934,0.0,437766938.28121674,439516814.0640499,1.0,73.0,0.0,3.0,5.0,5.0,5.0,39.994609459459454,2.8654436784681323,2.28178993685586,-85.5619945945946,7.420148460741842,11.489095800573905,73,26
2020,20200728,0.0,0.0,141161.1337,0.0,2051700.0281,2192861.1618,33363995.60602942,0.0,351413682.4310182,384777678.0370476,6.0,65.0,0.0,2.0,0.0,5.0,0.0,37.737116901408456,0.607951120417134,2.9120016177873205,-81.73809154929577,11.244051506040663,8.585144357996661,74,27
2020,20200729,0.0,0.0,14953.572799999998,47116.8545,1359706.1112,1421776.5385,5952950.597397357,6676107.250361844,187523157.79055417,200152215.63831335,11.0,67.0,2.0,2.0,0.0,5.0,0.0,40.37967088607595,3.2505051050846276,2.6815770198471407,-90.01998734177215,2.962155713564286,12.001416748764708,75,28
2020,20200730,0.0,0.0,329247.53130000003,0.0,5284229.858499999,5613477.389799999,60474054.320980646,0.0,760480522.2957839,820954576.6167645,15.0,105.0,0.0,3.0,2.0,15.0,15.0,37.86078583333333,0.7316200523420093,4.077445929700302,-86.65963583333334,6.322507222003097,12.377974636397234,76,29
2020,20200731,0.0,0.0,114201.823,0.0,3593825.086700001,3708026.9097000007,22780360.53188474,0.0,605185269.4385825,627965629.9704673,20.0,125.0,0.0,3.0,0.0,15.0,15.0,38.05248206896552,0.9233162879741954,4.571962216577815,-90.76382413793104,2.218318917405398,11.244827294776195,77,30
2020,20200801,0.0,0.0,227339.11869999996,28689.8019,851858.1774999999,1107887.0980999998,40055512.15134771,5129605.009172538,165307569.93479618,210492687.09531644,14.0,41.0,2.0,3.0,2.0,15.0,15.0,37.58483684210526,0.4556710611139394,3.3344051150002527,-91.2667649122807,1.7153781430557302,12.540772844712384,78,31
2020,20200802,0.0,0.0,151539.8962,390049.9281,1974631.8641,2516221.6884000003,26349092.885933716,53966480.59035864,295873076.8760881,376188650.35238045,9.0,49.0,5.0,3.0,2.0,15.0,5.0,36.24625409836065,-0.8829116826306702,4.870462888424935,-87.82537704918033,5.156766006156104,13.073765294619518,79,32
2020,20200803,0.0,0.0,335521.05139999994,178334.0866,6022880.8727,6536736.0107,63731653.211993515,34530643.19369151,840193157.5817629,938455453.987448,16.0,99.0,12.0,3.0,5.0,15.0,15.0,38.04892362204725,0.919757841055926,3.568030691875806,-83.0425937007874,9.93954935454903,11.319801747252598,80,33
2020,20200804,0.0,0.0,635854.1787,1866696.4319,359863.22959999996,2862413.8402000004,119022049.72253984,268395856.1365512,56369535.79594186,443787441.6550329,51.0,62.0,37.0,3.0,5.0,5.0,5.0,38.79029696969697,1.661131188705646,4.364874725262529,-89.5263898989899,3.455753156346532,12.973423129743608,81,34
2020,20200805,0.0,0.0,466353.9995,0.0,510271.2709999999,976625.2705,87327338.96129206,0.0,101295772.72672956,188623111.68802163,44.0,30.0,0.0,4.0,10.0,15.0,15.0,38.54600135135136,1.4168355703600355,2.700435286347659,-99.58798783783783,-6.605844782501393,9.726998997184072,82,35
2020,20200806,0.0,0.0,352395.4102,64676.6042,4371371.2742,4788443.2886,71677284.86359364,10558487.592587383,716802986.259827,799038758.7160081,30.0,130.0,2.0,3.0,2.0,15.0,15.0,38.94068086419753,1.81151508320621,3.8739550099603335,-86.6392549382716,6.342888117064831,11.976243088145042,83,36
2020,20200807,0.0,0.0,180024.5178,101738.3439,4098627.4264,4380390.2881,40390307.705671415,16585539.118248912,621481334.7184051,678457181.5423255,22.0,68.0,3.0,2.0,0.0,5.0,5.0,41.513396774193545,4.384230993202223,4.178546136398549,-84.54292365591398,8.439219399422456,9.990531435209665,84,37
2020,20200808,0.0,0.0,168096.54200000002,1779.6497,352392.8113,522269.003,51885739.41789794,543678.3304969915,107157337.7396893,159586755.48808423,47.0,63.0,1.0,3.0,2.0,15.0,15.0,43.55393243243243,6.424766651441111,2.8283448519058303,-98.33783423423422,-5.355691178897786,4.850668373505494,85,38
2020,20200809,0.0,0.0,509441.5756,74427.08369999999,946988.6768,1530857.3361,122332872.96044372,21189123.25034685,214784257.39459905,358306253.6053896,46.0,83.0,15.0,3.0,2.0,15.0,15.0,42.706329370629376,5.5771635896380545,5.93080231859315,-92.62588601398602,0.3562570413504176,6.106568546091416,86,39
2020,20200810,1.0,13452.9,1282579.3062,1254393.3208,21731509.9492,24268482.5762,312670675.14942205,258501188.5635064,4647223515.73021,5218395379.443139,89.0,738.0,30.0,3.0,2.0,15.0,15.0,40.54154970760234,3.412383926611021,2.5824819764583764,-90.19417239766082,2.787970657675615,5.1636664502623475,87,40
2020,20200811,0.0,0.0,97739.8062,606.2149999999999,984686.0205,1083032.0417,24541559.21423357,229896.9960560017,185551400.88215345,210322857.09244305,28.0,81.0,1.0,4.0,2.0,30.0,5.0,38.10093181818182,0.9717660371904984,6.013697653025621,-93.18603090909092,-0.20388785375448037,10.939521053281206,88,41
2020,20200812,0.0,0.0,95090.54230000002,0.0,5768225.399900001,5863315.9422,21153793.912590973,0.0,810770184.6042886,831923978.5168796,7.0,90.0,0.0,3.0,2.0,15.0,15.0,38.97775463917526,1.8485888581839376,3.5612531308638573,-83.65330412371134,9.3288389316251,11.319565463583748,89,42
2020,20200813,0.0,0.0,171225.6818,6610.2153,561625.8592999999,739461.7563999998,47106705.07872942,2276336.021524275,123582581.50782934,172965622.60808304,35.0,35.0,3.0,3.0,0.0,15.0,15.0,41.87873611111111,4.749570330119788,5.571203558523831,-94.82811527777777,-1.8459722224413326,6.933961468420339,90,43
2020,20200814,0.0,0.0,466666.2556999999,360219.9096,1282596.9572,2109483.1225,140770993.40214217,104636654.39995104,328209486.37894666,573617134.1810398,79.0,125.0,34.0,4.0,2.0,30.0,15.0,42.731759829059826,5.602594048068504,4.635451438716295,-95.11268504273504,-2.130541987398601,5.268124744913766,91,44
2020,20200815,0.0,0.0,689017.9840999999,76091.9931,390582.6521,1155692.6293,141346187.54860678,14683339.487739109,78848608.70331317,234878135.73965907,51.0,24.0,7.0,4.0,5.0,30.0,15.0,37.70983048780488,0.5806647068135575,3.5227730183320975,-98.51951951219512,-5.537376456858681,8.00550273125357,92,45
2020,20200816,0.0,0.0,1441117.6398,38374.3612,2529942.0256000003,4009434.0266,286707237.10981053,7106609.9328681845,485852654.0174484,779666501.0601271,103.0,156.0,3.0,3.0,2.0,15.0,15.0,35.70752790697674,-1.4216378740145785,3.4744895802722606,-98.82106589147287,-5.838922836136433,7.17480267717111,93,46
2020,20200817,0.0,0.0,176793.3829,0.0,1776049.8381,1952843.221,35150130.636470035,0.0,274433601.2106565,309583731.84712654,8.0,42.0,0.0,3.0,2.0,15.0,15.0,38.16483673469388,1.0356709537025566,4.954414298031516,-95.76692653061224,-2.784783475275802,19.04119622391994,94,47
2020,20200818,0.0,0.0,92626.9955,66556.5947,1438638.068,1597821.6582,17147054.78731277,11748911.600391408,213398727.208189,242294693.59589317,5.0,38.0,2.0,3.0,0.0,15.0,0.0,33.03882,-4.090345780991321,4.637105285559476,-86.3815,6.600643055336434,10.950624118743185,95,48
2020,20200819,0.0,0.0,212338.398,140324.9532,897372.0272,1250035.3784,42955087.66644727,17280029.662709437,152555311.43603244,212790428.7651891,22.0,30.0,2.0,2.0,0.0,5.0,5.0,38.77930925925926,1.6501434782679354,7.125819592351663,-90.41743148148147,2.5647115738549644,9.482524443274164,96,49
2020,20200820,0.0,0.0,62376.47460000001,0.0,631757.8736999999,694134.3482999998,13739037.222666036,0.0,114354104.22280468,128093141.44547072,11.0,50.0,0.0,2.0,0.0,5.0,5.0,41.281813114754094,4.152647333762772,7.440206806500193,-103.37382131147541,-10.391678256138974,9.41121050797248,97,50
2020,20200821,0.0,0.0,69477.89630000001,2292.9276,313928.3919,385699.2158,21998570.49966837,1127711.9198559546,56988102.868527606,80114385.28805193,13.0,18.0,1.0,2.0,0.0,5.0,5.0,39.575480645161285,2.4463148641699632,7.595101205225173,-88.78149677419354,4.200646281142895,9.658860450366591,98,51
2020,20200822,0.0,0.0,308617.4509,53146.833000000006,1031116.2131,1392880.497,51894603.16686545,8971398.461662527,168878192.8445655,229744194.4730935,13.0,29.0,2.0,3.0,0.0,15.0,15.0,40.80528636363636,3.6761205826450407,4.511293403747251,-82.542925,10.43921805533644,15.292830311545753,99,52
2020,20200823,0.0,0.0,984867.8362,24946.586599999995,4009754.9398,5019569.3626,168610293.58886886,5351848.988116704,620798313.1302916,794760455.7072772,33.0,86.0,1.0,2.0,0.0,5.0,0.0,42.484932173913045,5.355766392921723,2.2005476243684536,-79.70091391304348,13.281229142292958,12.144518323022355,100,53
2020,20200824,0.0,0.0,898621.4815999999,0.0,3144948.5866000005,4043570.068200001,160898967.68495438,0.0,512307123.543975,673206091.2289294,33.0,86.0,0.0,2.0,2.0,5.0,5.0,41.10387899159664,3.974713210605316,4.647385917380156,-79.73337815126051,13.248764904075927,9.109079464088454,101,54
2020,20200825,0.0,0.0,558202.1546,0.0,9054679.1877,9612881.3423,120307534.35729931,0.0,1503471107.40567,1623778641.7629693,18.0,228.0,0.0,3.0,2.0,15.0,15.0,40.623433739837395,3.4942679588460734,2.061985695361969,-79.17219634146342,13.809946713873018,7.248129263299372,102,55
2020,20200826,0.0,0.0,53841.7807,12207.082,221663.5413,287712.404,18042607.28239197,2652499.478800585,48270246.94956686,68965353.71075942,29.0,19.0,1.0,4.0,0.0,30.0,5.0,42.52747346938776,5.398307688396436,4.280248192315853,-97.97824081632653,-4.9960977609900965,8.814149731301328,103,56
2020,20200827,0.0,0.0,823962.8773,536084.4793000001,16453846.9527,17813894.3093,118016624.76698142,81293771.79153098,2556650812.354281,2755961208.912793,26.0,381.0,15.0,3.0,5.0,15.0,15.0,41.12312583732057,3.99396005632925,2.8074822334314913,-82.64687583732056,10.335267218015872,9.847165347454576,104,57
2020,20200828,0.0,0.0,553030.4715000001,189980.1737,13891224.3682,14634235.0134,111714501.71838172,46788512.96668434,2180592471.1867323,2339095485.8717985,19.0,241.0,14.0,4.0,5.0,30.0,15.0,39.87254635036496,2.7433805693736417,2.6357349901119007,-82.5450401459854,10.43710290935104,7.985204452516671,105,58
2020,20200829,0.0,0.0,175113.08429999996,110799.5555,2891059.7596,3176972.3994,33990773.56425751,17825407.755833164,528108230.336104,579924411.6561947,19.0,140.0,3.0,4.0,5.0,30.0,30.0,37.29544259259259,0.1662768116012714,3.1870590984471057,-93.33085432098765,-0.3487112656512181,10.752612153997651,106,59
2020,20200830,0.0,0.0,70250.9659,1157.6133,558650.8631000001,630059.4423000001,22200092.218767326,667606.6509833527,108946937.56662892,131814636.4363796,18.0,33.0,1.0,3.0,2.0,15.0,15.0,37.5359,0.40673421900867623,5.055777380260136,-95.97474897959184,-2.9926059242554004,7.113951932122612,107,60
2020,20200831,0.0,0.0,494820.202,3727.9237,615235.8201,1113783.9458,117501570.80637242,1384560.4089517267,145675062.4148945,264561193.63021865,36.0,46.0,1.0,3.0,2.0,15.0,15.0,36.43124096385542,-0.6979248171358989,2.3884274601603113,-94.94543975903613,-1.9632967036996973,4.220260703366033,108,61
2020,20200901,0.0,0.0,42115.117900000005,78003.70889999998,263093.8159,383212.6427,10619227.53568576,19121857.24921223,59754898.38244639,89495983.16734439,8.0,23.0,7.0,3.0,2.0,15.0,15.0,35.58091081081081,-1.5482549701805084,2.2836718850939954,-96.40548108108109,-3.4233380257446555,7.133523024145997,109,62
2020,20200902,0.0,0.0,3108.3224,0.0,947316.9677000002,950425.2901,897703.9878855849,0.0,160824715.1426201,161722419.13050568,1.0,78.0,0.0,2.0,2.0,5.0,5.0,44.02443488372093,6.895269102729607,4.798297654718595,-90.67305348837209,2.309089566964346,8.96098307118538,110,63
2020,20200903,0.0,0.0,0.0,65543.94470000001,2230108.6502,2295652.5949,0.0,9760600.628191676,330759959.74675584,340520560.3749475,0.0,38.0,1.0,2.0,2.0,5.0,5.0,39.08749142857143,1.9583256475801107,0.3729523249546466,-76.87032857142857,16.111814483907864,1.242435763890817,111,64
2020,20200904,0.0,0.0,0.0,0.0,65859.1762,65859.1762,0.0,0.0,12528592.86930459,12528592.86930459,0.0,6.0,0.0,4.0,10.0,30.0,5.0,30.701966666666667,-6.4271991143246545,1.8292109291531515,-89.93796666666667,3.0441763886697686,7.290223165537075,112,65
2020,20200905,0.0,0.0,405574.6903,33653.981700000004,64480.32069999999,503708.99269999994,116013760.02069624,6216733.1250796,15415309.858574428,137645803.00435027,28.0,5.0,2.0,1.0,0.0,0.0,0.0,42.97291714285714,5.84375136186582,3.802060550349117,-94.53142285714286,-1.5492798018064207,7.31611182733359,113,66
2020,20200906,0.0,0.0,232712.8218,0.0,274021.43690000003,506734.2587,66222858.53442087,0.0,77029552.94036709,143252411.47478795,15.0,22.0,0.0,3.0,0.0,15.0,15.0,42.71564285714286,5.586477076151539,3.207979086891432,-93.52768285714285,-0.545539801806413,3.1790796829091463,114,67
2020,20200907,0.0,0.0,115910.64740000002,34706.807199999996,1285591.5215,1436208.9761,27336923.17137342,8161577.303440882,274396488.99146634,309894989.46628064,6.0,103.0,1.0,3.0,5.0,15.0,15.0,40.694916279069766,3.565750498078444,0.936457272035267,-83.90698372093024,9.075159334406194,5.92497804255245,115,68
2020,20200908,0.0,0.0,200522.7038,0.0,356463.3311,556986.0349000001,43712864.22722526,0.0,73705539.18881555,117418403.4160408,8.0,47.0,0.0,2.0,2.0,5.0,5.0,36.55923333333333,-0.5699324476579903,3.974355856768727,-97.60895833333332,-4.626815277996883,10.583757369541255,116,69
2020,20200909,0.0,0.0,0.0,0.0,27712.8447,27712.8447,0.0,0.0,4797540.157856642,4797540.157856642,0.0,2.0,0.0,2.0,0.0,5.0,5.0,30.3424,-6.78676578099132,0.0,-97.716,-4.733856944663557,0.0,117,70
2020,20200910,0.0,0.0,0.0,0.0,21945.413999999997,21945.413999999997,0.0,0.0,3922178.448223379,3922178.448223379,0.0,1.0,0.0,1.0,0.0,0.0,0.0,29.89,-7.239165780991321,0.0,-82.5,10.482143055336437,0.0,118,71
2020,20200912,0.0,0.0,0.0,0.0,127886.0145,127886.0145,0.0,0.0,25275085.253784932,25275085.253784932,0.0,8.0,0.0,1.0,0.0,0.0,0.0,32.0919,-5.037265780991319,3.2900781736261853,-88.21575,4.766393055336437,7.317917068010934,120,73
2020,20200915,0.0,0.0,0.0,0.0,0.0,0.0,0.0,0.0,0.0,0.0,0.0,0.0,0.0,0.0,0.0,0.0,0.0,37.129165780991315,-7.105427357601002e-15,0.0,-92.98214305533645,-1.4210854715202004e-14,0.0,123,76
2020,20200916,0.0,0.0,0.0,80334.47129999999,94129.3253,174463.7966,0.0,16043419.251238557,18846628.47346413,34890047.724702686,0.0,21.0,7.0,3.0,5.0,5.0,0.0,30.7374875,-6.3916782809913215,0.3790518502351191,-84.2146,8.767543055336432,0.8255122506662165,124,77
2020,20200917,0.0,0.0,0.0,391895.6698,167923.65540000002,559819.3252,0.0,76883597.43219092,33099371.204780027,109982968.63697097,0.0,12.0,19.0,3.0,5.0,5.0,0.0,33.97959259259259,-3.1495731883987332,2.3984352196838565,-81.7009962962963,11.28114675904014,8.334874794568881,125,78
2020,20200919,0.0,0.0,2347.3592,0.0,16283.786399999995,18631.145599999996,731833.5122752935,0.0,4299306.8886232665,5031140.40089856,1.0,6.0,0.0,1.0,0.0,0.0,0.0,43.369616666666666,6.240450885675344,0.6710267965339883,-112.21873333333333,-19.236590277996896,0.47501016269830426,127,80
2020,20200923,0.0,0.0,23567.967899999996,0.0,35549.083,59117.050899999995,7600296.175426266,0.0,9725233.530730275,17325529.706156544,3.0,6.0,0.0,2.0,2.0,0.0,0.0,42.3672375,5.23807171900868,6.909796268226212,-92.0109125,0.9712305553364331,2.936105321893264,131,84
2020,20200925,0.0,0.0,1000512.0115,17908.4267,67146.4183,1085566.8565,199486542.14785135,4041348.4815546023,15975543.397440111,219503434.02684608,42.0,10.0,2.0,2.0,2.0,5.0,0.0,40.02659444444444,2.8974286634531197,5.386285416752745,-83.35900740740742,9.623135647929018,5.4435873027777335,133,86
2020,20200926,0.0,0.0,82293.89120000001,0.0,0.0,82293.89120000001,26728493.82500838,0.0,0.0,26728493.82500838,10.0,6.0,0.0,3.0,5.0,15.0,15.0,45.309000000000005,8.179834219008683,0.4934335483797861,-88.671,4.31114305533643,1.289818678040534,134,87
2020,20200927,0.0,0.0,152151.414,0.0,182711.2447,334862.6587,36097594.88363376,0.0,43204689.57520605,79302284.4588398,13.0,20.0,0.0,3.0,5.0,15.0,15.0,37.92465769230769,0.7954919113163683,1.9722711260215866,-94.34761538461538,-1.3654723292789441,3.0346634252506277,135,88
2020,20200928,0.0,0.0,0.0,0.0,55477.584,55477.584,0.0,0.0,12405351.469992008,12405351.469992008,0.0,7.0,0.0,2.0,0.0,5.0,5.0,29.705100000000005,-7.424065780991317,6.708504452186047,-86.41386,6.568283055336437,11.253987588761591,136,89
2020,20200929,0.0,0.0,0.0,49510.806,707088.9228000001,756599.7288,0.0,8439744.219169915,136819929.79713774,145259674.01630765,0.0,30.0,2.0,2.0,0.0,5.0,0.0,34.814754838709675,-2.314410942281647,1.665452247056578,-79.30875806451613,13.67338499082031,1.2972934637863542,137,90
2020,20201007,0.0,0.0,157602.73830000003,85364.8433,12023609.4031,12266576.9847,24340558.164120812,13718837.637688464,1824100532.3762407,1862159928.17805,3.0,239.0,2.0,1.0,0.0,0.0,0.0,42.50818181818182,5.379016037190496,0.4200739197942252,-73.45025578512396,19.53188727021248,1.3845796672665238,145,98
2020,20201009,0.0,0.0,0.0,11816.2674,0.0,11816.2674,0.0,2705142.970257046,0.0,2705142.970257046,0.0,0.0,1.0,2.0,2.0,0.0,0.0,31.4343,-5.6948657809913215,0.0,-90.7235,2.258643055336435,0.0,147,100
2020,20201010,0.0,0.0,106911.6177,336638.4519,627603.9783999999,1071154.048,14495981.681803308,60404366.09533395,82935609.05805126,157835956.8351885,6.0,49.0,10.0,3.0,5.0,5.0,0.0,40.211075,3.081909219008679,5.620343896438258,-78.56305,14.419093055336432,9.651870316400617,148,101
2020,20201011,0.0,0.0,125156.95829999998,78253.56329999998,647921.1747,851331.6963,41539561.52527441,15303371.46949602,173721333.46948835,230564266.4642588,20.0,160.0,4.0,3.0,5.0,15.0,0.0,41.0144947368421,3.885328955850781,2.5299581222826473,-95.3963905263158,-2.4142474709793618,4.5482563172329815,149,102
2020,20201012,0.0,0.0,284864.66899999994,0.0,138498.83800000002,423363.507,60529668.937595025,0.0,31611171.92069396,92140840.858289,7.0,31.0,0.0,3.0,2.0,15.0,15.0,42.39715454545455,5.267988764463226,1.00173053398969,-88.02514545454545,4.956997600790984,2.1733056003993707,150,103
2020,20201019,0.0,0.0,0.0,0.0,32281.3029,32281.3029,0.0,0.0,4849186.610994378,4849186.610994378,0.0,7.0,0.0,1.0,0.0,0.0,0.0,26.65,-10.479165780991323,0.0,-80.27,12.71214305533644,0.0,157,110
2020,20201020,0.0,0.0,0.0,0.0,0.0,0.0,0.0,0.0,0.0,0.0,0.0,2.0,0.0,1.0,0.0,0.0,0.0,37.129165780991315,-7.105427357601002e-15,0.0,-92.98214305533645,-1.4210854715202004e-14,0.0,158,111
2020,20201021,0.0,0.0,0.0,0.0,0.0,0.0,0.0,0.0,0.0,0.0,0.0,2.0,0.0,1.0,0.0,0.0,0.0,37.129165780991315,-7.105427357601002e-15,0.0,-92.98214305533645,-1.4210854715202004e-14,0.0,159,112
2020,20201022,0.0,0.0,43530.163199999995,0.0,0.0,43530.163199999995,13855028.174836269,0.0,0.0,13855028.174836269,4.0,4.0,0.0,1.0,0.0,0.0,0.0,42.7775,5.648334219008682,1.1757940579313504,-91.9725,1.00964305533644,1.667680524960741,160,113
2020,20201023,0.0,0.0,807507.8595,13401.7676,1529637.8453,2350547.4724,185574223.62818897,3338590.795797609,339781068.1921552,528693882.6161418,24.0,51.0,1.0,3.0,2.0,15.0,15.0,39.602161333333335,2.472995552342013,3.3672429764428355,-85.43877733333333,7.543365722003102,3.52306510724464,161,114
2020,20201025,0.0,0.0,0.0,0.0,0.0,0.0,0.0,0.0,0.0,0.0,0.0,29.0,0.0,1.0,0.0,0.0,0.0,37.129165780991315,-7.105427357601002e-15,0.0,-92.98214305533645,-1.4210854715202004e-14,0.0,163,116
2020,20201027,0.0,0.0,0.0,0.0,0.0,0.0,0.0,0.0,0.0,0.0,0.0,3.0,0.0,1.0,0.0,0.0,0.0,37.129165780991315,-7.105427357601002e-15,0.0,-92.98214305533645,-1.4210854715202004e-14,0.0,165,118
2020,20201028,0.0,0.0,0.0,9582.9337,0.0,9582.9337,0.0,2341875.7988094944,0.0,2341875.7988094944,0.0,0.0,1.0,1.0,0.0,0.0,0.0,33.1392,-3.9899657809913194,0.0,-88.5032,4.47894305533643,0.0,166,119
2020,20201030,0.0,0.0,0.0,0.0,3059.8509,3059.8509,0.0,0.0,1527900.684360335,1527900.684360335,0.0,38.0,0.0,2.0,2.0,5.0,0.0,48.307925,11.178759219008676,0.31699603760479866,-105.5513125,-12.569169444663558,0.9649090740841832,168,121
2020,20201107,0.0,0.0,0.0,0.0,0.0,0.0,0.0,0.0,0.0,0.0,0.0,31.0,0.0,1.0,0.0,0.0,0.0,37.129165780991315,-7.105427357601002e-15,0.0,-92.98214305533645,-1.4210854715202004e-14,0.0,176,129
2020,20201108,0.0,0.0,0.0,0.0,3580.2725,3580.2725,0.0,0.0,769917.144506035,769917.144506035,0.0,89.0,0.0,2.0,0.0,5.0,0.0,36.46,-0.669165780991321,0.0,-105.67,-12.687856944663565,0.0,177,130
2020,20201110,0.0,0.0,164762.3148,290008.8735,4295987.9702,4750759.1585,35802072.46176761,64557648.671970904,895476431.0428978,995836152.1766365,5.0,116.0,10.0,2.0,2.0,5.0,5.0,41.9517,4.822534219008681,1.0433309648098963,-89.09918943089431,3.8829536244421234,3.4356775928390837,179,132
2020,20201111,0.0,0.0,0.0,33115.253600000004,136691.51059999998,169806.76419999998,0.0,6011704.944052825,25819861.776102334,31831566.720155157,0.0,5.0,1.0,3.0,5.0,15.0,0.0,33.42342,-3.7057457809913217,3.4458747716653884,-82.1438,10.838343055336438,2.2695076900068,180,133
2020,20201112,0.0,0.0,0.0,0.0,23859.656700000003,23859.656700000003,0.0,0.0,4363911.950600836,4363911.950600836,0.0,6.0,0.0,3.0,5.0,0.0,0.0,32.5943,-4.534865780991325,0.0,-83.5978,9.38434305533643,0.0,181,134
2020,20201113,0.0,0.0,0.0,0.0,0.0,0.0,0.0,0.0,0.0,0.0,0.0,91.0,0.0,2.0,2.0,5.0,0.0,37.129165780991315,-7.105427357601002e-15,0.0,-92.98214305533645,-1.4210854715202004e-14,0.0,182,135
2020,20201114,0.0,0.0,91769.5124,0.0,470040.0112,561809.5236,22787827.380287252,0.0,117834405.56097336,140622232.9412606,7.0,175.0,0.0,1.0,0.0,0.0,0.0,37.22996666666667,0.10080088567534773,1.1208299329676932,-94.18763555555554,-1.2054925002191084,4.017864813789641,182,136
2020,20201115,0.0,0.0,38764.5333,10029.602,30462542.5859,30511336.7212,7605225.660890619,2480437.2773376633,4600708544.003559,4610794206.941788,1.0,644.0,1.0,3.0,5.0,15.0,5.0,40.67914710743802,3.549981326446698,1.3457793670795568,-77.70876198347108,15.273381071865359,3.8543670603541464,181,137
2020,20201118,0.0,0.0,39150.1825,57163.36039999999,0.0,96313.5429,6971229.077206904,10447167.26684906,0.0,17418396.344055966,1.0,15.0,2.0,1.0,0.0,0.0,0.0,38.82,1.6908342190086785,0.7531932023060209,-121.13,-28.14785694466356,0.3819685850956897,178,140
2020,20201123,0.0,0.0,0.0,0.0,80977.2425,80977.2425,0.0,0.0,13190247.53661074,13190247.53661074,0.0,4.0,0.0,1.0,0.0,0.0,0.0,34.70355,-2.425615780991322,14.080185358983499,-16.391975000000002,76.59016805533643,107.54943984482594,173,145
2020,20201124,0.0,0.0,310066.58979999996,63630.059600000015,412769.2942999999,786465.9437,78869355.87078261,12788002.15641675,87942981.16724493,179600339.1944443,32.0,33.0,3.0,1.0,0.0,0.0,0.0,35.90364262295082,-1.2255231580405024,1.3452408186466138,-96.8199,-3.8377569446635675,2.0262945063999704,172,146
2020,20201125,0.0,0.0,0.0,18735.6706,288388.20430000004,307123.87490000005,0.0,4467813.051475478,65163189.94125557,69631002.99273105,0.0,19.0,2.0,3.0,5.0,15.0,15.0,34.51390625,-2.615259530991324,3.4387332527097336,-91.06784999999999,1.9142930553364437,4.128316863484841,171,147
2020,20201126,0.0,0.0,21379.4265,0.0,22178.1459,43557.5724,4660671.350160815,0.0,4751959.970061599,9412631.320222417,2.0,17.0,0.0,2.0,2.0,5.0,0.0,31.32,-5.8091657809913215,0.008164965809277327,-85.6075,7.374643055336435,0.4783565615730587,170,148
2020,20201127,0.0,0.0,6776.4004,12863.301700000002,0.0,19639.7021,1764265.333953743,2884713.500309751,0.0,4648978.834263494,1.0,9.0,1.0,2.0,0.0,5.0,5.0,31.9758,-5.153365780991322,1.1373105468604414,-91.1456,1.8365430553364348,0.9113192195932288,169,149
2020,20201129,0.0,0.0,0.0,0.0,0.0,0.0,0.0,0.0,0.0,0.0,0.0,1.0,0.0,1.0,0.0,0.0,0.0,37.129165780991315,-7.105427357601002e-15,0.0,-92.98214305533645,-1.4210854715202004e-14,0.0,167,151
2020,20201130,0.0,0.0,0.0,345527.9109,5707201.0089,6052728.9198,0.0,51860579.64752544,793212004.6379095,845072584.285435,0.0,109.0,6.0,3.0,5.0,5.0,0.0,38.359398550724634,1.2302327697333126,3.9679100646715035,-76.63693913043478,16.345203924901654,2.69444753533116,166,152
2020,20201203,0.0,0.0,0.0,0.0,0.0,0.0,0.0,0.0,0.0,0.0,0.0,3.0,0.0,2.0,2.0,5.0,5.0,37.129165780991315,-7.105427357601002e-15,0.0,-92.98214305533645,-1.4210854715202004e-14,0.0,163,155
2020,20201213,0.0,0.0,0.0,10904.591800000002,145222.6838,156127.2756,0.0,2473605.845042136,33419820.57422601,35893426.419268146,0.0,25.0,1.0,1.0,0.0,0.0,0.0,31.616953333333335,-5.512212447657987,0.8019281913583289,-91.27918,1.7029630553364399,0.9877303949676037,153,165
2020,20201216,0.0,0.0,0.0,111334.0612,0.0,111334.0612,0.0,19767385.914349187,0.0,19767385.914349187,0.0,5.0,3.0,1.0,0.0,0.0,0.0,28.00623333333333,-9.122932447657991,0.12453538988308996,-82.32486666666667,10.657276388669771,0.37433216978150713,150,168
2020,20201219,0.0,0.0,0.0,0.0,136154.7936,136154.7936,0.0,0.0,23887275.80300992,23887275.80300992,0.0,29.0,0.0,1.0,0.0,0.0,0.0,30.096666666666668,-7.032499114324654,0.005163977794943824,-94.02666666666669,-1.0445236113302485,0.15095253117011884,147,171
2020,20201220,0.0,0.0,0.0,0.0,0.0,0.0,0.0,0.0,0.0,0.0,0.0,56.0,0.0,2.0,2.0,5.0,5.0,37.129165780991315,-7.105427357601002e-15,0.0,-92.98214305533645,-1.4210854715202004e-14,0.0,146,172
2020,20201223,0.0,0.0,0.0,135746.63629999998,25936.794899999997,161683.4312,0.0,29880328.790171355,5425856.225415138,35306185.015586495,0.0,140.0,11.0,0.0,0.0,0.0,0.0,31.53263846153846,-5.596527319452861,0.704544632532794,-91.2227,1.7594430553364333,1.3842551793895042,143,175
2020,20201224,0.0,0.0,0.0,210670.3666,1645474.6943,1856145.0609,0.0,40826597.17175757,304515161.0780599,345341758.2498175,0.0,136.0,12.0,3.0,5.0,15.0,5.0,31.695616,-5.433549780991321,2.2042618993104015,-81.955283,11.026860055336442,3.3212732131176295,142,176
2020,20201228,0.0,0.0,0.0,0.0,56819.7968,56819.7968,0.0,0.0,6075756.684141394,6075756.684141394,0.0,4.0,0.0,1.0,0.0,0.0,0.0,32.665,-4.464165780991323,0.0,-117.1127,-24.130556944663567,0.0,138,180
2020,20201230,0.0,0.0,0.0,34118.2604,0.0,34118.2604,0.0,5954054.887780939,0.0,5954054.887780939,0.0,5.0,1.0,1.0,0.0,0.0,0.0,32.0722,-5.0569657809913195,0.0,-96.4824,-3.500256944663562,0.0,136,182
2021,20210101,0.0,0.0,0.0,119377.7751,31015.055700000004,150392.8308,0.0,21375506.84953131,5542716.774376985,26918223.623908296,0.0,2.0,4.0,4.0,10.0,15.0,5.0,32.905739999999994,-4.223425780991327,0.22423021205894714,-83.89156,9.090583055336438,0.34628379690652894,134,181
2021,20210104,0.0,0.0,0.0,27266.2619,0.0,27266.2619,0.0,5326247.035613934,0.0,5326247.035613934,0.0,16.0,2.0,1.0,0.0,0.0,0.0,39.9581,2.82893421900868,0.0026870057685076426,-122.17335,-29.191206944663563,0.22153655454574403,131,178
2021,20210106,0.0,0.0,135881.198,42426.5681,63342.3493,241650.1154,22708273.333959844,7633158.711050372,11433646.475350086,41775078.520360306,4.0,4.0,2.0,1.0,0.0,0.0,0.0,29.8575,-7.27166578099132,0.5136655672711573,-94.42741111111111,-1.445268055774676,1.6675905196153866,129,176
2021,20210112,0.0,0.0,0.0,0.0,33836.2535,33836.2535,0.0,0.0,8324384.825152412,8324384.825152412,0.0,35.0,0.0,0.0,0.0,0.0,0.0,45.32,8.190834219008678,0.565685424949236,-122.755,-29.77285694466356,1.0111626970967629,123,170
2021,20210113,0.0,0.0,0.0,0.0,21122.0315,21122.0315,0.0,0.0,5053553.197817,5053553.197817,0.0,249.0,0.0,0.0,0.0,0.0,0.0,46.34,9.210834219008682,0.0,-123.08,-30.09785694466356,0.0,122,169
2021,20210120,0.0,0.0,0.0,0.0,0.0,0.0,0.0,0.0,0.0,0.0,0.0,34.0,0.0,1.0,0.0,0.0,0.0,37.129165780991315,-7.105427357601002e-15,0.0,-92.98214305533645,-1.4210854715202004e-14,0.0,115,162
2021,20210124,0.0,0.0,101637.9984,0.0,0.0,101637.9984,17638891.446565535,0.0,0.0,17638891.446565535,4.0,6.0,0.0,1.0,0.0,0.0,0.0,32.851475,-4.277690780991321,0.2537418816435338,-101.697175,-8.715031944663565,6.828068519659619,111,158
2021,20210125,0.0,0.0,468343.3827,34008.1803,792974.5284000001,1295326.0914,96434880.43528391,7562080.451092727,154704924.25450945,258701885.1408861,24.0,49.0,2.0,3.0,2.0,15.0,15.0,34.28288387096774,-2.8462819100235848,1.5078622976213873,-96.83560806451614,-3.8534650091797005,10.340725813259725,110,157
2021,20210126,0.0,0.0,61073.928,0.0,223069.6379,284143.5659,12176428.673860457,0.0,40453438.19929069,52629866.873151146,5.0,55.0,0.0,2.0,2.0,5.0,5.0,32.88101666666667,-4.248149114324654,0.6895551541436419,-83.69836666666667,9.283776388669764,3.5709197087109916,109,156
2021,20210127,0.0,0.0,0.0,17213.9624,203807.0922,221021.0546,0.0,3498959.9740441805,38845518.42933782,42344478.403382,0.0,54.0,2.0,2.0,2.0,5.0,0.0,31.219825,-5.909340780991322,0.9010627824963163,-82.572675,10.409468055336433,1.273969296594962,108,155
2021,20210130,0.0,0.0,25472.7946,49440.61380000001,11574.3519,86487.76030000001,6637129.602106947,12838580.49928706,3089027.607037036,22564737.708431043,2.0,55.0,4.0,1.0,0.0,0.0,0.0,36.886599999999994,-0.24256578099132753,0.040761951212703054,-95.31014285714286,-2.3279998018064276,0.6650419281447392,105,152
2021,20210131,0.0,0.0,0.0,0.0,17991.8971,17991.8971,0.0,0.0,3271690.8330578636,3271690.8330578636,0.0,1.0,0.0,2.0,2.0,5.0,5.0,30.3432,-6.785965780991322,0.0,-81.6347,11.347443055336441,0.0,104,151
2021,20210205,0.0,0.0,0.0,0.0,0.0,0.0,0.0,0.0,0.0,0.0,1.0,7.0,0.0,1.0,0.0,0.0,0.0,19.5,-17.629165780991322,0.0,-154.95,-61.96785694466355,0.0,99,146
2021,20210206,0.0,0.0,22412.365899999997,31119.7143,128743.8909,182275.9711,4024536.948419204,5284705.899172422,22804146.589080684,32113389.436672308,1.0,8.0,1.0,1.0,0.0,0.0,0.0,29.396557142857144,-7.732608638134177,0.7498828616460553,-81.7517142857143,11.230428769622137,0.7832414941097322,98,145
2021,20210208,0.0,0.0,0.0,0.0,0.0,0.0,0.0,0.0,0.0,0.0,0.0,0.0,0.0,0.0,0.0,0.0,0.0,37.129165780991315,-7.105427357601002e-15,0.0,-92.98214305533645,-1.4210854715202004e-14,0.0,96,143
2021,20210210,0.0,0.0,0.0,0.0,0.0,0.0,0.0,0.0,0.0,0.0,0.0,4.0,0.0,1.0,0.0,0.0,0.0,37.129165780991315,-7.105427357601002e-15,0.0,-92.98214305533645,-1.4210854715202004e-14,0.0,94,141
2021,20210213,0.0,0.0,0.0,0.0,72042.0842,72042.0842,0.0,0.0,12146014.602558143,12146014.602558143,0.0,35.0,0.0,1.0,0.0,0.0,0.0,33.9163,-3.212865780991322,3.8148685770285726,-104.702775,-11.720631944663566,15.654115778366398,91,138
2021,20210214,0.0,0.0,0.0,55141.7543,0.0,55141.7543,0.0,9868613.553747172,0.0,9868613.553747172,0.0,1.0,2.0,2.0,2.0,5.0,0.0,28.8382,-8.290965780991321,1.44490199667659,-82.1505,10.831643055336443,0.9239057202983402,90,137
2021,20210215,0.0,0.0,179625.8187,71149.68659999999,319904.72530000005,570680.2306,33358041.50896949,14135588.254397543,64349890.159304865,111843519.92267188,10.0,36.0,6.0,3.0,5.0,15.0,0.0,30.904260869565217,-6.224904911426105,0.9909118423571656,-83.97048913043479,9.011653924901651,2.0093055424121364,89,136
2021,20210219,0.0,0.0,0.0,0.0,0.0,0.0,0.0,0.0,0.0,0.0,0.0,7.0,0.0,3.0,5.0,5.0,0.0,37.129165780991315,-7.105427357601002e-15,0.0,-92.98214305533645,-1.4210854715202004e-14,0.0,85,132
2021,20210222,0.0,0.0,0.0,0.0,185286.83769999995,185286.83769999995,0.0,0.0,31548057.030188657,31548057.030188657,0.0,52.0,0.0,0.0,0.0,0.0,0.0,36.760685714285714,-0.36848006670560807,0.4957574690261754,-76.90685714285713,16.075285912479302,0.7530366787373707,82,129
2021,20210225,0.0,0.0,268556.0888,0.0,0.0,268556.0888,48114798.947598025,0.0,0.0,48114798.947598025,9.0,23.0,0.0,0.0,0.0,0.0,0.0,33.283633333333334,-3.8455324476579875,0.15268903857186217,-95.99849999999999,-3.0163569446635563,1.1899176841277694,79,126
2021,20210228,0.0,0.0,321167.39810000005,48758.3576,363780.0324,733705.7881,68419234.86670789,11484406.988248425,84305044.50285272,164208686.35780904,15.0,29.0,3.0,2.0,2.0,5.0,5.0,35.49408421052632,-1.6350815704650046,1.022540667142471,-88.97894736842105,4.00319568691539,3.7165906759866267,76,123
2021,20210302,0.0,0.0,0.0,0.0,0.0,0.0,0.0,0.0,0.0,0.0,0.0,24.0,0.0,1.0,0.0,0.0,0.0,37.129165780991315,-7.105427357601002e-15,0.0,-92.98214305533645,-1.4210854715202004e-14,0.0,74,121
2021,20210304,0.0,0.0,0.0,0.0,5361.6719,5361.6719,0.0,0.0,1627128.646741139,1627128.646741139,0.0,7.0,0.0,1.0,0.0,0.0,0.0,37.065,-0.06416578099132408,0.0500000000000013,-101.9525,-8.970356944663564,0.03499999999999659,72,119
2021,20210306,0.0,0.0,234066.1383,0.0,0.0,234066.1383,41114503.38798508,0.0,0.0,41114503.38798508,8.0,12.0,0.0,2.0,0.0,5.0,5.0,29.1994875,-7.929678280991322,0.01789456721226501,-81.0413875,11.940755555336438,0.05906655900640597,70,117
2021,20210310,0.0,0.0,518952.5947,0.0,35507.1799,554459.7746,112238067.5366788,0.0,8858002.5303494,121096070.0670282,24.0,29.0,0.0,1.0,0.0,0.0,0.0,40.40259259259259,3.2734268116012686,3.1017570611021172,-100.4574074074074,-7.475264352070965,11.932191942740632,66,113
2021,20210311,0.0,0.0,121574.7029,0.0,28508.1249,150082.8278,19915409.47112935,0.0,6806259.703490067,26721669.174619418,4.0,3.0,0.0,3.0,5.0,5.0,15.0,36.86206666666667,-0.26709911432465105,1.6538005752407623,-96.11704999999999,-3.1349069446635554,10.501921702002921,65,112
2021,20210312,0.0,0.0,37791.6695,6545.8150000000005,83734.19440000001,128071.6789,10219064.705908712,1827012.396433914,23104528.62995372,35150605.73229635,11.0,30.0,2.0,2.0,0.0,5.0,5.0,36.329061290322585,-0.8001044906687369,1.6118122631947374,-99.74293548387097,-6.760792428534529,1.5437292192497991,64,111
2021,20210313,0.0,0.0,64461.5455,87256.3433,45406.075,197123.96379999997,16405107.512053045,22943432.70465573,12390144.160498507,51738684.37720728,20.0,23.0,25.0,3.0,5.0,15.0,15.0,34.44644166666667,-2.6827241143246496,1.4180298340544029,-101.54767333333332,-8.565530277996885,1.853024582498739,63,110
2021,20210314,0.0,0.0,19748.1846,2136.0017999999995,2013.2415,23897.4279,4986002.292872231,997175.0680192142,990372.6070943968,6973549.967985842,2.0,38.0,2.0,5.0,15.0,15.0,30.0,38.39773333333333,1.268567552342006,2.6049186380128395,-98.72311666666667,-5.740973611330233,4.028228362154584,62,109
2021,20210315,0.0,0.0,209360.87229999996,59452.38739999999,0.0,268813.25969999994,43656170.07472863,13924492.14600172,0.0,57580662.22073035,11.0,28.0,4.0,2.0,2.0,5.0,5.0,37.38184666666667,0.2526808856753462,2.376133328049306,-96.81923333333333,-3.837090277996893,10.379245196384305,61,108
2021,20210316,0.0,0.0,214234.7182,21850.5925,104479.9906,340565.3013,53011859.33269873,5071401.4970901115,26599532.92956949,84682793.75935833,34.0,34.0,2.0,2.0,2.0,5.0,5.0,34.652212727272726,-2.4769530537185958,1.7574904454779072,-97.41068363636363,-4.4285405810271925,4.270817394648362,60,107
2021,20210317,0.0,0.0,1389763.5921000002,555718.7157,1493203.0377000002,3438685.3455000003,308701573.1456308,124235306.1298608,312145039.66038597,745081918.9358776,87.0,123.0,40.0,4.0,5.0,15.0,30.0,33.933162385321104,-3.1960033956702176,2.2375880753579636,-92.2692013761468,0.7129416791896404,3.6022022463924914,59,106
2021,20210318,0.0,0.0,727611.401,319537.8491,392394.7826,1439544.0327,146874215.65452546,62476598.19181229,76515541.08049148,285866354.9268292,33.0,27.0,18.0,6.0,30.0,30.0,30.0,35.04074166666666,-2.08842411432466,3.070833990896921,-81.67513611111112,11.307006944225321,3.003735735328879,58,105
2021,20210319,0.0,0.0,0.0,14581.4615,0.0,14581.4615,0.0,3529294.159897416,0.0,3529294.159897416,0.0,0.0,1.0,5.0,15.0,30.0,15.0,46.3177,9.18853421900868,0.0,-124.0062,-31.02405694466357,0.0,57,104
2021,20210322,0.0,0.0,610168.0386,2596.4508000000005,158997.45820000002,771761.9476,106446948.7835348,789489.9194106148,30592055.03356541,137828493.7365108,26.0,26.0,1.0,1.0,0.0,0.0,0.0,31.944963157894737,-5.184202623096585,1.527471314619151,-98.88455263157894,-5.902409576242505,2.1490479532256046,54,101
2021,20210323,0.0,0.0,308261.8406,83313.60130000001,32124.921700000006,423700.3636,51613427.737864345,18465142.90935787,7742418.818738272,77820989.46596049,12.0,11.0,5.0,3.0,2.0,15.0,15.0,31.996429999999997,-5.132735780991325,4.327363807471071,-95.555745,-2.573601944663565,3.778038996549319,53,100
2021,20210324,1.0,1995.8,1596628.9019,54164.5869,12846.7862,1663640.275,281932610.6574691,9580262.412876176,2873722.508497836,294386595.5788431,58.0,3.0,2.0,2.0,2.0,5.0,5.0,32.39599836065574,-4.733167420335583,1.170310640598157,-96.84422459016393,-3.862081534827496,2.1525964145387886,52,99
2021,20210325,1.0,1995.8,1708931.7105,836362.5915,1541512.5187999995,4086806.8208,350474359.6978269,173827089.44916213,329972127.72177136,854273576.8687603,69.0,145.0,38.0,3.0,2.0,15.0,15.0,34.502911695906434,-2.626254085084888,2.3741787093355877,-87.43726140350877,5.544881651827666,4.19908870209132,51,98
2021,20210326,0.0,0.0,289768.096,22620.8422,666029.075,978418.0132,59591976.88940943,2889655.9063249156,95592463.46862516,158074096.2643595,17.0,126.0,1.0,6.0,30.0,45.0,30.0,40.53849772727273,3.409331946281405,3.98065016557501,-82.260625,10.721518055336432,10.223641997660962,50,97
2021,20210327,1.0,1601.9,3821902.2452000007,348408.6005,1568666.978,5738977.8237000005,833040890.6896194,78306924.42582259,350806494.680951,1262154309.796393,170.0,84.0,25.0,2.0,2.0,5.0,5.0,35.72238669064748,-1.4067790903438393,1.8080466928141576,-86.94720143884892,6.034941616487515,4.511363824463362,49,96
2021,20210328,1.0,1601.9,295257.0374999999,23096.227499999997,13068633.7475,13386987.0125,61767239.18247383,4963586.987909018,1903918246.945094,1970649073.1154768,11.0,297.0,1.0,4.0,10.0,30.0,30.0,37.429316981132075,0.30015120014075336,2.8562459229907446,-79.24618443396227,13.735958621374166,4.800943915256074,48,95
2021,20210330,0.0,0.0,38164.4901,30326.1075,149073.0997,217563.6973,6690849.8283754205,7228681.374369944,26878283.95457073,40797815.15731609,1.0,26.0,3.0,0.0,0.0,0.0,0.0,30.731633333333335,-6.397532447657987,2.254879830500951,-85.61202222222222,7.370120833114214,4.299660767368099,46,93
2021,20210331,0.0,0.0,379955.01099999994,123513.8721,668066.9376999999,1171535.8208,75419486.98146658,26978350.09328941,134731787.17139685,237129624.2461528,21.0,44.0,6.0,2.0,2.0,5.0,5.0,32.76556338028169,-4.363602400709631,1.494468326791403,-84.78244788732394,8.199695168012497,3.6988216155132876,45,92
2021,20210401,0.0,0.0,0.0,0.0,34969.990300000005,34969.990300000005,0.0,0.0,5859921.278455774,5859921.278455774,0.0,3.0,0.0,3.0,5.0,15.0,5.0,27.35,-9.77916578099132,0.0,-80.76,12.222143055336431,0.0,44,91
2021,20210404,0.0,0.0,0.0,0.0,12381.7685,12381.7685,0.0,0.0,4255402.891859175,4255402.891859175,0.0,6.0,0.0,1.0,0.0,0.0,0.0,40.319975,3.1908092190086776,0.9214569274614355,-99.344725,-6.36258194466356,1.76060542877538,41,88
2021,20210405,0.0,0.0,505432.69490000006,0.0,0.0,505432.69490000006,146075932.44892478,0.0,0.0,146075932.44892478,43.0,12.0,0.0,1.0,0.0,0.0,0.0,44.821067441860464,7.691901660869142,1.1464643633945948,-94.49524418604652,-1.5131011307100835,1.7730592916122567,40,87
2021,20210406,0.0,0.0,194314.2399,0.0,8314.212200000002,202628.4521,59060138.33123117,0.0,2867956.0268477676,61928094.358078934,44.0,34.0,0.0,3.0,0.0,15.0,15.0,39.53561914893617,2.4064533679448488,2.236789624870814,-97.94867872340424,-4.966535668067806,3.1253817820308796,39,86
2021,20210407,0.0,0.0,107207.5638,120818.2983,578168.4443000001,806194.3064000001,26706901.794230625,29715598.339332957,138715037.66894528,195137537.8025089,10.0,44.0,13.0,3.0,2.0,15.0,15.0,35.69686923076923,-1.432296550222091,3.3250783567798754,-91.89018153846153,1.0919615168749033,1.4007847142196201,38,85
2021,20210408,0.0,0.0,1677441.4214,117808.5957,352542.1747,2147792.1917999997,318844808.4318058,25964727.20138404,68259378.44408056,413068914.0772704,60.0,30.0,6.0,4.0,10.0,30.0,15.0,34.00353048780487,-3.1256352931864484,3.374614338118403,-89.98315487804878,2.998988177287657,6.705801491764516,37,84
2021,20210409,0.0,0.0,6269705.712200001,54198.3553,1503331.6196,7827235.687100001,1256764308.7548609,12591491.172838792,341456756.653902,1610812556.5816016,315.0,128.0,5.0,2.0,2.0,5.0,5.0,34.1568064665127,-2.9723593144786236,1.9827347047922756,-90.56937551963048,2.412767535705953,6.008394037268563,36,83
2021,20210410,0.0,0.0,162948.1892,262718.6108,1206732.7725,1632399.5725,34295979.72203219,54083489.94398545,250182100.52439055,338561570.19040823,16.0,126.0,13.0,5.0,10.0,45.0,30.0,31.11052966101695,-6.018636119974371,1.8708933311747282,-87.08844406779662,5.893698987539821,3.099261160521705,35,82
2021,20210411,0.0,0.0,763883.0857,39232.6379,998931.9123,1802047.6359,128650242.6397391,7009913.326679635,155347968.4296111,291008124.39602983,22.0,34.0,1.0,3.0,5.0,15.0,5.0,27.42086909090909,-9.708296690082232,1.0209538072897955,-80.74696181818183,12.235181237154606,0.750284887989074,34,81
2021,20210412,1.0,1755.3,466048.8019,0.0,0.0,466048.8019,84616116.2424774,0.0,0.0,84616116.2424774,32.0,4.0,0.0,4.0,2.0,30.0,5.0,31.245284375,-5.883881405991321,0.7093377470749747,-99.149103125,-6.16696006966356,0.34309295033643566,33,80
2021,20210413,1.0,1755.3,381669.8671,0.0,95344.5333,477014.4004,73968177.36546046,0.0,20432459.297118887,94400636.66257934,22.0,19.0,0.0,3.0,0.0,5.0,15.0,31.702003448275864,-5.427162332715458,1.6967859925843753,-94.44585862068966,-1.4637155653532261,3.743105847661549,32,79
2021,20210414,1.0,1755.3,331381.1556,0.0,190322.9629,521704.1185,66249619.54623414,0.0,34304783.401494265,100554402.9477284,26.0,10.0,0.0,3.0,2.0,15.0,15.0,33.73217272727273,-3.396993053718589,2.1932012125932396,-90.00586060606061,2.9762824492758284,9.925586859190599,31,78
2021,20210415,1.0,1755.3,1111617.5577999998,0.0,0.0,1111617.5577999998,194998864.06980735,0.0,0.0,194998864.06980735,46.0,0.0,0.0,3.0,2.0,15.0,15.0,30.699245652173914,-6.4299201288174075,0.5279422732359711,-97.0482695652174,-4.066126509880959,2.8758597718765055,30,77
2021,20210416,0.0,0.0,20046.8554,0.0,37593.9126,57640.768,4517390.008345165,0.0,7001275.641185807,11518665.649530971,2.0,6.0,0.0,3.0,0.0,5.0,15.0,30.76795,-6.361215780991323,0.6640779146054077,-93.29875000000001,-0.316606944663576,0.8321295472060456,29,76
2021,20210417,0.0,0.0,54899.4212,0.0,36272.0356,91171.4568,9695544.345262878,0.0,6389431.884384717,16084976.229647595,2.0,1.0,0.0,2.0,0.0,5.0,5.0,29.2621,-7.867065780991322,0.3600933628935698,-81.46826666666668,11.513876388669757,0.3870000172265277,28,75
2021,20210418,0.0,0.0,175707.8511,31767.7774,53749.2337,261224.86219999997,26244818.99526845,5604141.013011765,9522968.525291031,41371928.53357124,7.0,12.0,1.0,2.0,2.0,5.0,5.0,28.81961,-8.309555780991321,1.2356881883297977,-84.73936,8.242783055336432,6.892723029591914,27,74
2021,20210419,0.0,0.0,17643.148800000003,0.0,0.0,17643.148800000003,3235899.096134211,0.0,0.0,3235899.096134211,1.0,3.0,0.0,2.0,0.0,5.0,5.0,36.32,-0.8091657809913215,0.0,-76.63,16.35214305533644,0.0,26,73
2021,20210421,0.0,0.0,1456270.9426000002,177490.0849,4823899.2669,6457660.2944,198070607.03626323,23334488.973951302,653907275.0645803,875312371.0747949,17.0,63.0,2.0,2.0,2.0,5.0,5.0,40.481635,3.3524692190086753,1.5068099176317549,-74.47331,18.50883305533644,1.8485245500949652,24,71
2021,20210423,0.0,0.0,1517150.3619,42738.900700000006,468049.6768,2027938.9394000005,283664725.28427345,9850283.662562355,82719456.47318424,376234465.42002,82.0,27.0,7.0,1.0,0.0,0.0,0.0,33.04509912280702,-4.084066658184305,1.8414833950025258,-98.04908070175438,-5.066937646417941,2.8000542819920686,22,69
2021,20210424,0.0,0.0,2783376.8186999997,76099.5288,3174641.2374000004,6034117.5849,555810395.0881411,15640900.9255436,644432166.4196434,1215883462.4333282,122.0,239.0,6.0,4.0,5.0,30.0,15.0,31.945780617977526,-5.183385163013796,1.3869573258017363,-85.63546994382023,7.3466731115162105,2.2879723930475127,21,68
2021,20210425,0.0,0.0,25824.2613,42384.6085,0.0,68208.8698,4542986.691475231,7698663.113675851,0.0,12241649.805151084,1.0,4.0,2.0,4.0,10.0,30.0,30.0,32.9384,-4.19076578099132,5.960516196605795,-94.82496666666667,-1.8428236113302319,23.65390390450028,20,67
2021,20210426,0.0,0.0,8120.911999999999,0.0,0.0,8120.911999999999,2872096.348309923,0.0,0.0,2872096.348309923,2.0,5.0,0.0,1.0,0.0,0.0,0.0,43.6042,6.475034219008677,0.03422396820942953,-100.0655,-7.083356944663564,6.414165612143171,19,66
2021,20210427,1.0,3747.4,496680.55399999995,109387.1376,53433.3727,659501.0642999999,126878634.76550657,22216236.55936083,12511107.638962751,161605978.96383014,63.0,28.0,14.0,2.0,0.0,0.0,5.0,38.84116931818182,1.7120035371904976,3.9448368167627526,-99.60362840909092,-6.62148535375448,4.544155488601366,18,65
2021,20210428,1.0,3747.4,2201579.9545000005,150998.73290000003,1440932.4789000002,3793511.1663000006,388496017.97640127,35999461.21182984,256338869.080766,680834348.2689972,105.0,60.0,11.0,3.0,5.0,15.0,15.0,33.15384147727273,-3.975324303718594,3.1467775659982387,-96.54128806818181,-3.559145012845377,5.107885969073392,17,64
2021,20210429,0.0,0.0,0.0,0.0,1188100.4486,1188100.4486,0.0,0.0,182388007.7547716,182388007.7547716,0.0,15.0,0.0,4.0,5.0,15.0,30.0,40.999633333333335,3.8704675523420136,1.1874492787162827,-81.36236666666667,11.619776388669763,6.940601746109288,16,63
2021,20210501,0.0,0.0,0.0,0.0,56359.20989999999,56359.20989999999,0.0,0.0,10936411.746560344,10936411.746560344,0.0,23.0,0.0,2.0,2.0,5.0,5.0,39.6672125,2.538046719008676,5.294939567019899,-105.2814,-12.299256944663568,11.800408986616892,14,61
2021,20210502,1.0,1479.1,331323.77520000003,322968.063,276380.6225,930672.4607000002,86583386.6417299,79002253.28935067,71173674.55266522,236759314.4837458,37.0,64.0,34.0,3.0,5.0,15.0,5.0,37.86184328358209,0.7326775025907679,3.4469386403216453,-96.83612164179105,-3.853978586454616,5.490330587884947,13,60
2021,20210503,1.0,1479.1,4862997.660999999,1148399.1733,2726936.5386,8738333.3729,889678275.5094483,214480651.8822781,522534084.4971937,1626693011.8889203,206.0,115.0,36.0,3.0,5.0,15.0,15.0,33.78289691011236,-3.3462688708789585,2.6291917368868982,-92.85845617977527,0.12368687556116242,7.260646439756249,12,59
2021,20210504,1.0,1479.1,941447.6007,879558.1847000002,11791160.0375,13612165.8229,184326735.4903359,200114871.1468683,2271949691.5340204,2656391298.1712246,43.0,555.0,51.0,4.0,5.0,30.0,15.0,34.618023882896765,-2.5111418980945572,2.408158531263515,-85.5043876733436,7.477755381992836,5.268561457575991,11,58
2021,20210505,0.0,0.0,58456.1652,14774.2103,226583.9613,299814.3368,18403468.758520592,4949877.461608943,35463261.58989511,58816607.81002464,15.0,6.0,3.0,4.0,5.0,45.0,15.0,38.479195833333335,1.3500300523420137,3.7017931748157302,-94.4412375,-1.4590944446635632,8.64324546466463,10,57
2021,20210506,0.0,0.0,223416.764,88494.3292,3472960.6874999995,3784871.780699999,53681827.24224197,21650204.43549835,786407418.0503249,861739449.7280653,15.0,173.0,5.0,2.0,0.0,5.0,5.0,35.21983264248705,-1.909333138504273,1.4647435533231834,-87.50910259067358,5.4730404646628585,1.3484917751894878,9,56
2021,20210507,0.0,0.0,445044.0526,2441.443,79428.74639999999,526914.242,91475424.1735202,712813.4252116669,19332755.619542778,111520993.21827464,25.0,29.0,1.0,2.0,0.0,5.0,5.0,35.696264,-1.4329017809913225,2.610744663083773,-94.30069999999999,-1.3185569446635554,11.835858516251987,8,55
2021,20210508,0.0,0.0,200119.69730000003,0.0,261257.05639999997,461376.7537,57241203.11996306,0.0,61958453.2607344,119199656.38069746,40.0,38.0,0.0,2.0,0.0,5.0,5.0,39.12763970588236,1.9984739248910373,0.7317690278981189,-98.10492647058824,-5.122783415251803,2.3481778990437454,7,54
2021,20210509,0.0,0.0,894751.5895,44785.682700000005,1240197.6343,2179734.9065,186659155.7168769,10539592.058195869,270661095.1594769,467859842.9345496,60.0,96.0,3.0,3.0,5.0,15.0,15.0,33.69717957746479,-3.4319862035265345,2.018415869453625,-92.95416126760564,0.02798178773079485,4.285752171159983,6,53
2021,20210510,0.0,0.0,2654910.2951,63287.031,321620.836,3039818.1621,485408475.70220137,11651894.4211351,61758874.90284851,558819245.026185,105.0,17.0,2.0,4.0,5.0,30.0,30.0,33.08120409836066,-4.047961682630664,1.4972736014457624,-94.07797786885246,-1.0958348135160207,6.495905617565274,5,52
2021,20210511,0.0,0.0,444695.0032,64455.44430000001,673228.3135,1182378.761,82308206.57593374,11153217.51768845,101210395.05166335,194671819.14528555,24.0,31.0,2.0,3.0,2.0,15.0,15.0,31.086127272727275,-6.043038508264047,2.2441703169879577,-91.70916727272729,1.2729757826091515,7.379841057835129,4,51
2021,20210512,0.0,0.0,12402.6941,12313.0104,187363.8968,212079.6013,2406616.379186198,2638605.8954091207,21097395.53503296,26142617.80962828,1.0,11.0,1.0,3.0,2.0,15.0,15.0,28.947107692307693,-8.182058088683629,2.3845880435488,-89.93172307692308,3.050419978413359,7.097138527739408,3,50
2021,20210513,0.0,0.0,81302.37670000001,885.6179000000001,4266.896900000001,86454.89150000001,21361038.663913265,450171.03244753304,1984854.9319977695,23796064.628358565,27.0,4.0,1.0,3.0,0.0,15.0,5.0,39.98149375,2.8523279690086767,2.6949688774236815,-100.79406875,-7.811925694663557,3.606154474572021,2,49
2021,20210514,0.0,0.0,346355.91170000006,6348.295400000001,54911.52090000001,407615.72800000006,79324319.80957,2285408.302551522,13576696.168135071,95186424.2802566,66.0,20.0,1.0,2.0,0.0,5.0,5.0,38.0741488372093,0.9449830562179784,2.904606298673324,-101.70787906976744,-8.725736014431007,2.873869975982021,1,48
2021,20210515,0.0,0.0,220988.0522,31793.5573,47085.09880000001,299866.70830000006,58554072.165688016,9693254.105755549,5438972.495050415,73686298.76649398,35.0,11.0,4.0,3.0,2.0,15.0,15.0,37.753269387755104,0.6241036067637822,4.785176601243159,-101.49521020408163,-8.513067148745193,6.5380993319683816,0,47
2021,20210516,0.0,0.0,572588.8859999999,283117.4115,195142.04240000003,1050848.3399,117261296.15391608,49392154.80912971,40154850.87912525,206808301.842171,75.0,21.0,10.0,3.0,2.0,15.0,15.0,36.22391226415094,-0.9052535168403821,3.0825061403469625,-101.6564603773585,-8.674317322022063,5.719250829222121,1,46
2021,20210517,0.0,0.0,274280.4777,118069.4392,108628.0382,500977.9551,62120790.83849995,25522321.63372236,17513439.28554371,105156551.75776602,58.0,22.0,17.0,3.0,2.0,15.0,15.0,33.91877065217391,-3.21039512881741,2.5775142266706643,-101.55817717391305,-8.576034118576615,3.988816896149997,2,45
2021,20210518,0.0,0.0,141664.4267,139071.0318,1016066.4225,1296801.881,29536183.81116347,28427906.498099755,166505008.9982602,224469099.30752343,21.0,53.0,10.0,5.0,10.0,15.0,45.0,31.12404487179487,-6.005120909196453,2.4625264687428405,-97.3987141025641,-4.416571047227663,3.5594515071674104,3,44
2021,20210519,0.0,0.0,16784.895099999998,183221.0666,113245.9096,313251.8713,3594327.8011941803,49331076.30715109,21377097.51430018,74302501.62264545,6.0,25.0,11.0,3.0,2.0,15.0,15.0,38.26767586206897,1.1385100810776478,6.269045320043054,-100.18174137931035,-7.199598323973916,7.6562198469851594,4,43
2021,20210520,0.0,0.0,112988.5059,69638.4143,84191.75120000001,266818.6714,23027444.81179373,16120100.817556515,17207508.30130945,56355053.9306597,18.0,26.0,5.0,3.0,5.0,15.0,15.0,40.289580645161294,3.1604148641699723,4.0166193301016495,-101.04327741935485,-8.061134364018415,4.362730864852868,5,42
2021,20210521,0.0,0.0,13329.983,0.0,27378.988900000004,40708.9719,3482845.3312888574,0.0,5853935.906377893,9336781.23766675,7.0,16.0,0.0,3.0,2.0,15.0,15.0,36.44487857142857,-0.6842872095627541,8.300309453191264,-97.97872142857143,-4.996578373234996,13.375471802817538,6,41
2021,20210522,0.0,0.0,128957.0726,104271.8125,13542.2481,246771.1332,24442821.0412928,19245541.82462564,3079652.0056744483,46768014.871592894,19.0,18.0,9.0,3.0,5.0,5.0,15.0,35.64723142857143,-1.4819343524198914,5.866298924353032,-101.21237714285714,-8.2302340875207,10.81648994284097,7,40
2021,20210523,0.0,0.0,133239.87900000002,77568.0478,108985.6762,319793.603,31144991.756607953,15707669.989845756,35858257.86541559,82710919.6118693,39.0,68.0,12.0,3.0,5.0,15.0,15.0,42.087870476190474,4.9587046951991525,2.8570526318125227,-101.98251333333333,-9.000370277996893,1.5978156458997506,8,39
2021,20210524,0.0,0.0,48440.931,13573.760200000004,32527.9916,94542.6828,15603253.215165405,5244017.3242957685,9111513.35747991,29958783.89694108,26.0,12.0,8.0,4.0,5.0,30.0,15.0,37.90359512195122,0.7744293409598981,2.821809353229874,-100.88668780487804,-7.9045447495416,1.5468040787693662,9,38
2021,20210525,0.0,0.0,194013.6018,0.0,628229.5633,822243.1651000001,53498579.58315528,0.0,165887511.14974168,219386090.73289695,39.0,59.0,0.0,3.0,2.0,15.0,15.0,39.80290510204082,2.6737393210494957,5.5972714027603905,-94.22837244897958,-1.2462293936431479,6.501838881230472,10,37
2021,20210526,0.0,0.0,1204268.5871,46724.550299999995,23372946.532199997,24623939.6696,241768523.10413912,15017509.821371196,3380957447.779738,3637743480.705248,163.0,404.0,21.0,3.0,2.0,15.0,15.0,40.250516865417374,3.1213510844260526,2.119803472466806,-85.16588807495741,7.816254980379028,12.336823779824037,11,36
2021,20210527,0.0,0.0,510310.66310000006,79105.6038,994849.2324,1584265.4993,122701892.28417753,19981656.541737877,243455230.60614616,386138779.4320615,51.0,76.0,6.0,5.0,15.0,45.0,45.0,36.51359770992366,-0.6155680710676634,2.347699624066261,-95.2749358778626,-2.2927928225261667,3.588050335125621,12,35
2021,20210528,0.0,0.0,350861.7352,136912.7047,1818593.795,2306368.2349,70305255.63396819,25841550.30290221,325884563.59952146,422031369.53639185,67.0,95.0,9.0,4.0,5.0,30.0,30.0,33.84670484848485,-3.282460932506474,4.311212419318783,-97.9002103030303,-4.91806724769387,8.595253548074425,13,34
2021,20210529,0.0,0.0,656014.9495,8665.7083,470948.1507,1135628.8085,125272944.09182088,1741852.1755641997,91487207.81802048,218502004.08540553,47.0,22.0,2.0,3.0,5.0,15.0,15.0,36.83197164179104,-0.29719413920027904,2.31117547521038,-94.57679104477613,-1.594647989439693,11.823378119816736,14,33
2021,20210530,0.0,0.0,134095.41580000002,47214.7205,1892.3458000000005,183202.4821,26457798.74511921,10803288.58686795,507192.4277205964,37768279.75970776,20.0,2.0,18.0,3.0,5.0,5.0,15.0,34.884317499999995,-2.2448482809913273,4.9496391731678475,-95.7952,-2.8130569446635576,40.45465461011364,15,32
2021,20210531,0.0,0.0,160634.6106,15940.6409,43321.3339,219896.5854,45143715.23868182,3258207.976422375,7373300.844905292,55775224.060009494,30.0,2.0,5.0,3.0,5.0,15.0,15.0,38.353608108108105,1.2244423271167832,6.921748810066329,-97.38178648648649,-4.399643431150054,7.983647831806732,16,31
2021,20210601,0.0,0.0,54787.16879999999,4849.5844,5590.5699,65227.323099999994,11606390.003416805,1074041.8176114832,1023202.36737009,13703634.188398376,11.0,2.0,1.0,3.0,5.0,5.0,15.0,36.55072857142857,-0.5784372095627504,3.524098218841803,-103.39117142857143,-10.409028373234989,2.213655886129958,17,30
2021,20210602,0.0,0.0,155890.6685,79465.84409999999,378674.2892,614030.8018,32631865.39743577,16036346.97755146,74269690.40637384,122937902.78136107,13.0,22.0,5.0,2.0,0.0,5.0,5.0,33.8809525,-3.2482132809913224,2.49315830130744,-94.205275,-1.2231319446635638,8.78533682455587,18,29
2021,20210603,0.0,0.0,137568.5323,117170.3031,2684928.4125,2939667.2479,20792815.048969876,19216837.83309014,411166134.46890545,451175787.3509655,2.0,52.0,3.0,2.0,2.0,5.0,5.0,38.582003508771926,1.4528377277806044,3.3797794902164062,-83.01317543859649,9.968967616739945,12.3509780832659,19,28
2021,20210604,0.0,0.0,1634557.4588,0.0,6364613.934,7999171.3928,211226396.8471481,0.0,837275200.1462287,1048501596.9933769,19.0,77.0,0.0,3.0,2.0,15.0,5.0,41.30934270833333,4.180176927342011,3.0023984225858946,-80.15172916666667,12.830413888669767,11.402923485787282,20,27
2021,20210605,0.0,0.0,76904.07720000001,0.0,73265.65039999998,150169.72759999998,14314018.68478692,0.0,16313852.944338623,30627871.629125543,8.0,23.0,0.0,3.0,0.0,15.0,5.0,44.63071935483871,7.501553573847389,5.834992548548186,-99.92498709677419,-6.942844041437752,7.057771258584015,21,26
2021,20210606,0.0,0.0,250203.1374,3107.0828,214486.8865,467797.1067,47303628.91051784,701554.5776806979,41856347.31211646,89861530.800315,14.0,21.0,1.0,3.0,2.0,15.0,5.0,41.349225000000004,4.220059219008682,6.480714719992586,-95.09239166666666,-2.1102486113302206,9.222417927555657,22,25
2021,20210607,0.0,0.0,112065.0781,30762.6845,844022.9807000001,986850.7433,35473555.819134995,7514459.508020575,211035690.010944,254023705.3380995,35.0,105.0,5.0,2.0,2.0,5.0,5.0,41.022304379562044,3.8931385985707223,6.545076015936906,-95.4366598540146,-2.4545167986781564,4.628898697385365,23,24
2021,20210608,0.0,0.0,453380.7611999999,164496.9922,4686882.696699999,5304760.450099999,85238983.74327065,36800954.85377326,768455358.6769923,890495297.2740362,74.0,197.0,10.0,3.0,2.0,15.0,15.0,42.23038880866426,5.101223027672937,5.160793326581986,-93.4780108303249,-0.49586777498846857,10.767747125406224,24,23
2021,20210609,0.0,0.0,29941.5344,29469.5095,2553895.8597,2613306.9036,9039702.768178737,7663992.649288287,377250840.0239405,393954535.4414075,19.0,67.0,3.0,3.0,5.0,15.0,15.0,41.294619999999995,4.165454219008673,6.088104466335365,-89.05561374999999,3.9265293053364445,13.590330897264797,25,22
2021,20210610,0.0,0.0,189475.79710000005,2512.3617999999997,810520.96,1002509.1189,61656660.24820962,1367453.435963962,162687543.6214163,225711657.30558988,86.0,168.0,4.0,3.0,2.0,15.0,15.0,45.892962621359224,8.763796840367903,3.0920032882812998,-100.68214660194174,-7.700003546605302,7.640433334745858,26,21
2021,20210611,0.0,0.0,445765.19610000006,43777.3241,2792295.1473999997,3281837.6676,114381238.95851149,10685153.045637904,706933723.6571704,832000115.6613197,43.0,258.0,3.0,4.0,5.0,30.0,30.0,41.6370073089701,4.507841527978776,3.906986516478703,-95.02559169435216,-2.043448639015722,3.5109342596376614,27,20
2021,20210612,0.0,0.0,944266.3765,34406.9716,3994636.854,4973310.2021,205767163.73575443,6160620.870499708,870991886.0065733,1082919670.6128275,35.0,180.0,2.0,4.0,0.0,30.0,15.0,36.67036129032258,-0.4588044906687401,3.5437418713309574,-87.79263133640553,5.189511718930902,6.332115638087008,28,19
2021,20210613,0.0,0.0,1756608.4693,10589.7207,4620350.297200001,6387548.487200001,347954529.6881334,2627702.7856315183,969803215.6538163,1320385448.1275814,85.0,219.0,1.0,3.0,0.0,15.0,15.0,38.19185230263158,1.0626865216402592,3.4184914878162087,-86.90473618421052,6.077406871125916,9.477707962075854,29,18
2021,20210614,0.0,0.0,1986107.0275000003,21329.2565,7749195.9674,9756632.2514,322625196.9605993,4720222.428194026,1238502175.7208035,1565847595.1095967,51.0,162.0,1.0,3.0,0.0,15.0,15.0,38.49181886792453,1.3626530869332072,4.019810614025006,-82.05511981132075,10.927023244015686,8.886578860648516,30,17
2021,20210615,0.0,0.0,718171.4881000001,0.0,1247958.8375,1966130.3256,131263697.97857007,0.0,227530067.93586287,358793765.91443294,46.0,70.0,0.0,3.0,2.0,15.0,5.0,34.6924201754386,-2.436745605552723,5.700494229841536,-85.77157368421052,7.210569371125914,11.46169576990156,31,16
2021,20210616,0.0,0.0,127212.2527,2635.6408,185628.4935,315476.387,42736089.42929974,580983.6952497704,44921373.65025172,88238446.77480122,17.0,18.0,1.0,3.0,0.0,15.0,15.0,41.18326764705882,4.054101866067498,4.465583411253332,-95.27066176470588,-2.2885187093694412,6.586771363970442,32,15
2021,20210617,1.0,1980.1,1244033.0680000002,2242.6217,139096.74490000002,1385372.4346000005,344515232.39456993,436672.7782042257,37516259.2239283,382468164.3967024,72.0,13.0,1.0,2.0,0.0,5.0,5.0,43.66513734939759,6.535971568406268,2.5005111267601703,-92.9482204819277,0.03392257340873073,3.335315868603132,33,14
2021,20210618,1.0,1980.1,2609346.9000999997,276473.4972,3781866.5769,6667686.974199999,623983228.9231613,64753180.24989428,869427270.5838441,1558163679.7568996,116.0,131.0,9.0,4.0,5.0,30.0,30.0,40.1748908,3.045725019008678,1.3997131320393372,-88.6504936,4.331649455336432,6.1969489409698015,34,13
2021,20210619,0.0,0.0,543550.8158000001,195104.3463,1271072.0923999995,2009727.2545,127926327.84266576,38710300.45637529,294420388.0685699,461057016.36761093,43.0,154.0,15.0,4.0,5.0,30.0,15.0,39.5895,2.460334219008679,3.881346164297773,-93.46002405660377,-0.4778810012673347,10.599357141417311,35,12
2021,20210620,0.0,0.0,718616.0621000001,386746.8783,4889379.206500001,5994742.146900002,158490060.35544357,80091551.59872049,1037946215.6324612,1276527827.586625,27.0,134.0,10.0,3.0,5.0,15.0,15.0,40.675949411764705,3.5467836307733833,2.6221198774099794,-87.13071176470588,5.851431290630558,4.6104055897107346,36,11
2021,20210621,0.0,0.0,328542.4707,134248.8148,24450105.015899997,24912896.3014,56034868.767676175,30301168.60353677,4060558940.345439,4146894977.716652,12.0,568.0,4.0,4.0,5.0,30.0,15.0,40.45253883161512,3.3233730506238004,2.554718496445327,-78.8663293814433,14.115813673893143,4.551185094740469,37,10
2021,20210622,0.0,0.0,570601.1828000001,0.0,459993.9709999999,1030595.1538,173288826.33607978,0.0,93293374.60847896,266582200.9445587,69.0,33.0,0.0,3.0,5.0,15.0,15.0,40.62979901960784,3.5006332386165155,3.6500921173645104,-96.07980490196078,-3.097661846624348,8.892075512214584,38,9
2021,20210623,0.0,0.0,26817.670400000003,0.0,87480.80750000002,114298.47790000004,11097163.645459434,0.0,26779522.899848912,37876686.545308344,15.0,25.0,0.0,3.0,0.0,15.0,15.0,41.9444275,4.8152617190086815,2.0750055918352213,-100.7541075,-7.771964444663567,5.0058476971815855,39,8
2021,20210624,1.0,1453.6,301546.5008999999,112111.99159999998,933838.8027,1347497.2952,84015283.55414887,29679622.050372697,247744859.78683928,361439765.3913608,40.0,114.0,9.0,3.0,0.0,15.0,15.0,40.57386666666667,3.4447008856753456,3.2160449672005362,-97.10525061728396,-4.123107561947521,5.410800568109749,40,7
2021,20210625,1.0,1453.6,101916.9536,286482.19310000003,500472.6753,888871.822,25681280.55530528,62277633.83217121,128322187.60653289,216281101.99400935,21.0,82.0,10.0,4.0,5.0,30.0,30.0,37.71166283185841,0.5824970508670901,2.088097327592526,-98.26067610619468,-5.278533050858243,3.9379621337028583,41,6
2021,20210626,1.0,1453.6,45673.8109,386894.7761,1798271.8432000002,2230840.4302000003,10893433.601105051,85191197.49664342,389561930.2110086,485646561.30875707,9.0,79.0,12.0,3.0,2.0,15.0,15.0,37.68288787878788,0.5537220977965589,4.207270328150699,-93.53268181818183,-0.5505387628453917,7.658869031076069,42,5
2021,20210627,0.0,0.0,2455.3928,3331.8766000000005,96425.0003,102212.2697,671861.7079950266,921185.6971403932,21045552.21855701,22638599.62369243,1.0,5.0,1.0,3.0,5.0,15.0,15.0,36.744771428571426,-0.3843943524198963,4.238561976549078,-97.72872857142856,-4.746585516092125,10.162738860450677,43,4
2021,20210628,0.0,0.0,5785.1106,0.0,675761.9201,681547.0307,2041539.74729168,0.0,128326945.9455042,130368485.69279587,1.0,28.0,0.0,2.0,2.0,5.0,0.0,38.93095862068966,1.8017928396983365,3.3066980491461013,-83.28704827586206,9.695094779474374,7.687898393886922,44,3
2021,20210629,0.0,0.0,229503.0996,7052.21,5047723.398399998,5284278.707999999,44507505.43365613,1393527.2706552197,895552724.7543294,941453757.4586408,7.0,146.0,1.0,2.0,0.0,5.0,0.0,39.92020326797386,2.791037486982539,4.01012182876062,-80.71884509803921,12.263297957297226,8.26962645020398,45,2
2021,20210630,0.0,0.0,478789.5712,0.0,11155929.4224,11634718.993600002,81637798.08488835,0.0,1737817556.6804285,1819455354.765317,15.0,239.0,0.0,2.0,0.0,5.0,5.0,41.83156338582677,4.702397604835447,1.9723340161501028,-76.07006102362205,16.91208203171439,7.80256824454407,46,1
2021,20210701,0.0,0.0,679148.8354999999,322587.79799999995,9015469.2881,10017205.9216,102022306.85558966,47229666.00932268,1334971724.6712887,1484223697.536201,13.0,152.0,5.0,4.0,2.0,30.0,5.0,38.544099411764705,1.4149336307733833,1.5736891182088295,-79.13881823529411,13.843324820042326,8.171506923382996,47,0
2021,20210702,0.0,0.0,301223.08040000004,15899.242300000002,1218197.8281,1535320.1508,46807747.59419039,2551244.78064399,165351678.42438823,214710670.79922265,12.0,22.0,1.0,3.0,0.0,15.0,0.0,39.797845714285714,2.668679933294392,4.378904016474418,-91.77732571428571,1.2048173410507275,15.642978615403345,48,1
2021,20210703,0.0,0.0,54863.51280000002,20711.140000000003,59350.0014,134924.65420000002,14728429.805737074,4182175.312074102,13435521.611178083,32346126.72898926,20.0,20.0,3.0,2.0,0.0,5.0,5.0,42.19088095238095,5.061715171389629,7.528898657424912,-99.15021904761905,-6.16807599228261,9.619937147942291,49,2
2021,20210704,0.0,0.0,91834.06680000002,0.0,68710.35500000001,160544.4218,20832736.045112766,0.0,18207606.033437297,39040342.07855006,24.0,29.0,0.0,3.0,2.0,15.0,5.0,38.891728301886786,1.7625625208954645,3.722157966482997,-103.76436226415095,-10.78221920881451,3.3847505273498055,50,3
2021,20210705,0.0,0.0,10852.5496,0.0,200118.1494,210970.699,3828782.373520468,0.0,51179242.937550254,55008025.311070725,5.0,32.0,0.0,3.0,2.0,15.0,15.0,42.19242432432432,5.063258543332999,3.758568566578195,-97.05070810810811,-4.068565052771675,8.194470581413706,51,4
2021,20210706,0.0,0.0,1674693.855,2019.0563,16885797.1705,18562510.0818,235312617.25992385,645600.9974301289,2369605343.1603246,2605563561.4176784,46.0,252.0,2.0,3.0,2.0,15.0,15.0,41.71547366666666,4.586307885675339,2.468489170895695,-80.367705,12.614438055336436,11.006291164742338,52,5
2021,20210707,0.0,0.0,681617.9656,94972.7328,11166162.6216,11942753.32,119565376.33884756,17669269.778481364,1936850103.55505,2074084749.6723788,19.0,280.0,6.0,3.0,5.0,15.0,15.0,41.39052847682119,4.261362695829867,2.5207666596907194,-80.62832052980131,12.353822525535122,9.421879152573021,53,6
2021,20210708,1.0,1252.8,1289149.4732,185657.2211,7020178.0328,8494984.7271,185050952.8275944,33492358.736265294,999302748.8385112,1217846060.402371,67.0,127.0,10.0,3.0,5.0,15.0,15.0,42.42580497512437,5.29663919413305,3.764515664381695,-88.4392960199005,4.5428470354359405,13.002772207071235,54,7
2021,20210709,1.0,1252.8,976848.6109,154022.43579999998,4672423.9554,5803295.0021,271425409.3720476,20227314.810057297,874122271.3390924,1165774995.5211973,120.0,238.0,2.0,4.0,5.0,15.0,30.0,40.018545555555555,2.889379774564233,2.763805482310032,-94.66410499999999,-1.6819619446635556,9.568563604956168,55,8
2021,20210710,1.0,1252.8,219285.4916,121723.49790000002,2680587.5563,3021596.5458,46371382.36398045,29356403.435743723,586393346.9862227,662121132.785947,17.0,186.0,8.0,4.0,5.0,30.0,15.0,37.032223696682465,-0.09694208430885709,2.6546130319569707,-96.56854170616113,-3.586398650824691,9.438187227421977,56,9
2021,20210711,1.0,1252.8,148203.31720000002,12559.4628,2708241.1621000003,2869003.9421000006,24828530.888988607,2460077.2255701176,474363652.11575735,501652260.230316,24.0,111.0,1.0,4.0,2.0,30.0,30.0,37.79963407407408,0.6704682930827559,5.409364244918569,-95.41236962962964,-2.4302265742932008,13.975849175082978,57,10
2021,20210712,0.0,0.0,144982.20119999998,29072.6709,6228504.226000001,6402559.098100001,20428210.347511537,6093159.965367531,871229442.3815465,897750812.6944256,5.0,97.0,1.0,3.0,2.0,15.0,15.0,37.286346601941744,0.15718082095042263,3.914973588141586,-84.42259223300971,8.559550822326727,13.580018478673574,58,11
2021,20210713,0.0,0.0,235217.1314,14542.097,4755658.6711,5005417.8995,49549789.36936527,2634472.1736186044,810181422.2192031,862365683.762187,15.0,180.0,2.0,3.0,2.0,15.0,5.0,41.39411472081218,4.2649489398208615,2.422708676915274,-85.88839035532996,7.093752700006476,13.084250878330812,59,12
2021,20210714,0.0,0.0,400176.5132,350557.60620000004,4165426.4081,4916160.5275,73569002.43313669,107495476.8451903,656596093.4580585,837660572.7363855,19.0,96.0,30.0,3.0,2.0,15.0,15.0,40.96265724137931,3.8334914603879895,2.420871113209068,-86.05788551724139,6.924257538095048,12.166455764416238,60,13
2021,20210715,0.0,0.0,101664.8752,0.0,1007316.3436,1108981.2188,21274725.81360756,0.0,195051234.65992695,216325960.47353452,9.0,47.0,0.0,4.0,5.0,30.0,15.0,38.463854545454545,1.3346887644632233,3.722523167941146,-99.11104909090908,-6.128906035572641,12.716924597673593,61,14
2021,20210716,0.0,0.0,113417.91859999998,0.0,2730046.9241,2843464.8427,26697179.95507255,0.0,551077849.2605786,577775029.2156512,23.0,106.0,0.0,2.0,2.0,5.0,5.0,40.6331511627907,3.5039853817993816,3.616836034396039,-89.68390852713179,3.2982345282046452,11.71655226573202,62,15
2021,20210717,0.0,0.0,1117863.2144999998,114958.64489999998,11323542.258199995,12556364.117599998,165795658.23465067,15708505.168328892,1721001159.771548,1902505323.1745276,26.0,206.0,2.0,2.0,0.0,5.0,5.0,39.33166153846154,2.202495757470217,2.5090732959988684,-80.08245512820513,12.89968792713131,8.82556628792081,63,16
2021,20210718,0.0,0.0,120784.7993,68026.0875,450245.5671,639056.4539,28749343.038767293,9897284.100471525,88232663.32661775,126879290.46585657,25.0,37.0,1.0,3.0,2.0,15.0,15.0,36.63818032786885,-0.49098545312246955,3.143734404749636,-94.24908196721312,-1.2669389118766787,11.65040940327146,64,17
2021,20210719,0.0,0.0,44452.6685,0.0,244625.982,289078.6505,10486026.793200612,0.0,51415681.34643198,61901708.13963259,10.0,27.0,0.0,2.0,0.0,5.0,5.0,43.93910540540541,6.809939624414085,6.9052465849424145,-95.67055675675675,-2.688413701420316,8.033974339071287,65,18
2021,20210720,0.0,0.0,1136824.8,10489.0703,4725351.195,5872665.065300001,125660974.06661014,1478589.1736491425,690502507.8707033,817642071.1109626,29.0,154.0,1.0,2.0,0.0,5.0,5.0,42.87099673913043,5.741830958139111,2.666659276927647,-77.05812336956522,15.924019685771214,7.432624072882676,66,19
2021,20210721,0.0,0.0,2416283.2971,0.0,2953073.3345,5369356.6316,319416016.7799393,0.0,409264080.3205604,728680097.1004996,29.0,43.0,0.0,3.0,0.0,15.0,5.0,40.29615833333333,3.166992552342009,2.8454190708828233,-82.1199125,10.862230555336438,14.708027304210132,67,20
2021,20210722,0.0,0.0,29918.139499999997,0.0,410035.8789,439954.0184,5506775.043247225,0.0,77058808.11325602,82565583.15650325,5.0,55.0,0.0,3.0,0.0,15.0,15.0,41.69563559322034,4.566469812229016,6.380092617524767,-105.78391525423729,-12.80177219890085,7.5637253412727485,68,21
2021,20210723,0.0,0.0,922501.0537000002,5572.6846000000005,560693.812,1488767.5503000002,153807189.75900224,1067506.583255727,123097067.05049056,277971763.39274853,39.0,61.0,1.0,3.0,0.0,15.0,5.0,42.89009603960396,5.760930258612639,5.220625887533424,-88.52840396039605,4.4537390949403886,13.192283953098643,69,22
2021,20210724,0.0,0.0,10337.4933,133258.47869999998,2215982.8501000004,2359578.8221000005,2771600.80362843,27826500.37217856,464228608.5693989,494826709.7452059,3.0,72.0,4.0,3.0,0.0,15.0,15.0,42.42672207792207,5.29755629693075,2.850106099438895,-88.4987948051948,4.483348250141631,8.54329465285489,70,23
2021,20210725,0.0,0.0,106206.7158,0.0,518372.1621,624578.8779,40421537.091628075,0.0,97776967.11775944,138198504.2093875,39.0,43.0,0.0,3.0,2.0,15.0,5.0,39.6886231707317,2.5594573897403805,4.5427245586082385,-100.06838292682927,-7.086239871492836,7.150369793282903,71,24
2021,20210726,0.0,0.0,326553.71009999997,8143.610000000001,2765514.3812000006,3100211.701300001,82679981.7658345,2677904.234174509,525227851.70597297,610585737.705982,42.0,123.0,3.0,2.0,0.0,5.0,5.0,42.435976363636364,5.306810582645042,4.562930162399812,-87.08235151515152,5.899791540184921,7.358741330268754,72,25
2021,20210727,0.0,0.0,361310.4351,0.0,7780441.1799,8141751.615,89680128.07945994,0.0,1222925292.4522402,1312605420.5317,19.0,160.0,0.0,4.0,2.0,15.0,30.0,41.21310223463687,4.083936453645549,2.976392156771995,-78.1958251396648,14.786317915671631,7.509072801773997,73,26
2021,20210728,0.0,0.0,507537.2692999999,256563.007,3602498.7674,4366599.0437,94675195.6548454,64551383.880096525,722894672.8467578,882121252.3816997,25.0,145.0,12.0,3.0,0.0,15.0,15.0,40.415248901098906,3.286083120107584,4.945003010124143,-86.79195989010988,6.190183165226557,8.765644690084237,74,27
2021,20210729,0.0,0.0,1242054.0115,2621576.7451,9646677.9444,13510308.701,188388260.5264425,420224208.5825821,1729327944.0822587,2337940413.191283,23.0,197.0,43.0,5.0,10.0,45.0,30.0,40.43239503816794,3.3032292571766178,1.8098671237011352,-82.99628740458016,9.985855650756278,7.489422984671597,75,28
2021,20210730,0.0,0.0,61205.54470000001,0.0,587698.8317,648904.3764,13853786.914992236,0.0,119686815.73832396,133540602.6533162,5.0,30.0,0.0,4.0,5.0,30.0,15.0,37.01974857142857,-0.10941720956274992,3.098712403219364,-94.23701714285714,-1.2548740875207045,12.185459100537573,76,29
2021,20210731,0.0,0.0,100647.2594,14631.3993,990615.7114,1105894.3701,19779975.30616118,3494463.3133628275,229438904.30523652,252713342.92476052,7.0,69.0,1.0,3.0,2.0,15.0,15.0,36.517556,-0.6116097809913228,2.3538665955241234,-92.64895466666667,0.3331883886697682,7.8035468963884185,77,30
2021,20210801,0.0,0.0,421382.86779999995,11211.6717,1533915.6967,1966510.2362,77788570.77548651,2067162.235436181,275560896.32801527,355416629.338938,15.0,58.0,1.0,2.0,2.0,5.0,5.0,35.939230555555554,-1.189935225435768,3.096192443005383,-84.09184444444445,8.890298610891989,10.771152337543107,78,31
2021,20210802,0.0,0.0,11557.655,55917.5884,173539.27019999997,241014.5136,3101576.4985679085,9573868.622628158,29630780.415422115,42306225.53661818,2.0,10.0,2.0,3.0,5.0,15.0,5.0,33.66963571428571,-3.459530066705611,5.757009388510291,-98.54565714285715,-5.563514087520716,16.466714856046114,79,32
2021,20210803,0.0,0.0,3017.2771,0.0,163069.7827,166087.05980000002,944549.921234637,0.0,36985814.41755118,37930364.33878582,1.0,9.0,0.0,2.0,0.0,5.0,0.0,39.3421,2.2129342190086803,2.0779417407082827,-85.2414,7.740743055336438,11.565844237812184,80,33
2021,20210804,0.0,0.0,24156.9208,0.0,36828.8005,60985.7213,5836601.595961193,0.0,7719015.837027308,13555617.4329885,5.0,4.0,0.0,2.0,0.0,5.0,0.0,41.4139,4.284734219008676,4.275436967726223,-100.33713333333333,-7.35499027799689,16.633711887609454,81,34
2021,20210805,0.0,0.0,150557.0285,0.0,162172.74880000003,312729.7773000001,53882819.31490301,0.0,53601835.62184046,107484654.93674348,26.0,40.0,0.0,2.0,2.0,5.0,0.0,43.70600303030303,6.576837249311708,0.7199137830793337,-101.98114848484849,-8.999005429512053,7.481347046956017,82,35
2021,20210806,0.0,0.0,290709.8733,0.0,479878.4565,770588.3298,62494070.97963604,0.0,107358274.76903392,169852345.74866998,12.0,42.0,0.0,2.0,0.0,5.0,5.0,41.99392037037037,4.8647545893790465,2.1987267765411644,-99.56648518518517,-6.584342129848736,8.684443016115296,83,36
2021,20210807,0.0,0.0,709816.6253,61136.7554,1065365.3198000002,1836318.7005000005,188103485.4173236,14468695.348172776,253349206.12915236,455921386.89464873,77.0,78.0,3.0,2.0,0.0,5.0,5.0,39.899466242038216,2.7703004610468938,2.6091312714652157,-94.69671210191082,-1.7145690465743826,6.90228454727733,84,37
2021,20210808,0.0,0.0,30485.568999999996,96547.8798,610382.6892,737416.138,8852017.345779415,30177257.36353349,137979607.41166598,177008882.1209789,4.0,40.0,10.0,3.0,2.0,15.0,15.0,40.45709333333333,3.327927552342011,3.3729900725805995,-93.27551333333334,-0.29337027799689963,6.6779726313999905,85,38
2021,20210809,0.0,0.0,82712.6618,741633.529,801753.1466,1626099.3374,24858194.902368017,150074147.86057633,156182657.6117938,331115000.3747381,31.0,45.0,21.0,3.0,2.0,15.0,15.0,44.45561340206185,7.326447621070528,4.021952701829798,-93.4380381443299,-0.4558950889934579,7.15735943737054,86,39
2021,20210810,1.0,1489.5,304090.36669999996,97844.7902,12420097.9801,12822033.137,75708741.01731399,20455470.123217855,2231007707.9919014,2327171919.1324334,42.0,288.0,4.0,3.0,5.0,15.0,15.0,40.28371107784431,3.1545452968529872,3.1723222337684933,-86.7188368263473,6.263306228989137,8.644951748456682,87,40
2021,20210811,1.0,1489.5,271061.9042,315136.94840000005,21787701.429,22373900.2816,60486737.06255191,80026157.25896122,4031937373.9383426,4172450268.259856,12.0,480.0,13.0,4.0,2.0,30.0,15.0,40.72850555555555,3.5993397745642284,2.4079646706458187,-83.14478630952381,9.837356745812627,5.498719732169769,88,41
2021,20210812,1.0,1489.5,1076200.3611,36301.2867,11759852.9737,12872354.6215,236321508.6933128,6114007.734024654,2233911311.6538954,2476346828.081233,64.0,320.0,1.0,4.0,5.0,30.0,15.0,39.90337760416667,2.7742118231753494,2.262201162623688,-84.902725,8.079418055336433,8.638817173331999,89,42
2021,20210813,1.0,1489.5,322663.06340000004,384.25769999999994,12149408.7211,12472456.0422,59190337.55419104,154751.4548224447,2088220278.4886448,2147565367.4976583,12.0,304.0,1.0,3.0,0.0,15.0,5.0,38.949212302839115,1.820046521847793,2.377530132954711,-82.30921671924291,10.672926336093525,9.793410809844744,90,43
2021,20210814,0.0,0.0,361371.3165,0.0,2202880.4667,2564251.7832000004,78618337.80667128,0.0,407065193.2857111,485683531.0923824,63.0,74.0,0.0,3.0,2.0,15.0,15.0,38.87973284671533,1.750567065724006,3.636232445756855,-89.70410072992702,3.278042325409416,12.004752662123014,91,44
2021,20210815,0.0,0.0,119204.93,0.0,432853.4581,552058.3881,30681013.366719075,0.0,85121689.28989586,115802702.65661491,24.0,21.0,0.0,2.0,2.0,5.0,5.0,37.18597777777778,0.05681199678645754,2.8658843916517496,-98.27864000000001,-5.2964969446635735,10.620908759427836,92,45
2021,20210816,0.0,0.0,65151.429099999994,0.0,648756.6267000001,713908.0558000001,11902818.596268505,0.0,117681573.80685516,129584392.40312368,5.0,38.0,0.0,2.0,2.0,5.0,5.0,35.7620619047619,-1.3671038762294216,4.4420057805692785,-109.79391904761906,-16.81177599228262,4.115904595070915,93,46
2021,20210817,0.0,0.0,5497.1734,781805.1556,851801.9074000001,1639104.2364000003,1319927.4199875926,151400870.46168712,166107411.97365862,318828209.8553333,3.0,48.0,25.0,3.0,5.0,5.0,5.0,36.991844,-0.13732178099132142,3.5916870553137135,-92.80048533333333,0.18165772200310926,14.27559170638766,94,47
2021,20210818,0.0,0.0,126952.61830000002,633386.0406000001,2677347.8691,3437686.5280000004,18782172.676673222,94524354.93546,433932358.94043255,547238886.5525658,3.0,53.0,8.0,3.0,5.0,5.0,5.0,38.59401904761905,1.4648532666277276,2.960801806009657,-83.77858730158731,9.203555753749129,12.392022225785116,95,48
2021,20210819,0.0,0.0,701894.3823,305409.4349,807870.3435999999,1815174.1608,126569272.61737256,44099239.23924252,136340330.23493022,307008842.09154534,45.0,29.0,7.0,3.0,5.0,5.0,5.0,39.47789382716049,2.348728046169171,2.8702753417723574,-97.03624814814815,-4.05410509281171,12.334437263644325,96,49
2021,20210820,0.0,0.0,36080.8626,60925.6502,920057.1842,1017063.697,11058291.855815765,19639323.278047457,214230685.68833497,244928300.82219815,7.0,84.0,7.0,3.0,5.0,15.0,15.0,39.46408913043478,2.334923349443457,3.087971726314526,-94.86065652173912,-1.87851346640268,5.644240387484852,97,50
2021,20210821,0.0,0.0,50154.4944,49238.7299,579081.4026,678474.6269,12058710.679257022,11756303.450972982,107788892.78491166,131603906.91514169,10.0,57.0,3.0,3.0,5.0,15.0,15.0,39.06948923076923,1.9403234497779067,2.915838177743831,-106.56423230769231,-13.582089252355871,9.611537267541864,98,51
2021,20210822,0.0,0.0,246305.3133,4358.6594000000005,491790.1183,742454.091,68881217.31407747,1671403.327538089,92145272.8257972,162697893.46741274,42.0,39.0,2.0,2.0,0.0,5.0,5.0,42.121635365853656,4.992469584862334,4.563178079965164,-94.36383414634146,-1.381691091005024,8.280939086428583,99,52
2021,20210823,0.0,0.0,6327.2488,156652.9554,284452.0094,447432.2136,3438918.13997151,24777483.25233856,67909755.35243095,96126156.74474102,8.0,31.0,3.0,3.0,5.0,15.0,15.0,42.51478292682927,5.385617145837948,4.2727138668475355,-94.55514390243901,-1.573000847102577,8.932536405888554,100,53
2021,20210824,0.0,0.0,287297.2323,0.0,3184489.8130000005,3471787.0453000003,77035215.14347498,0.0,735817646.410134,812852861.5536089,19.0,125.0,0.0,2.0,2.0,5.0,5.0,42.67200694444445,5.542841163453126,2.3230248915293013,-90.21501041666666,2.7671326386697785,4.374481068168526,101,54
2021,20210825,0.0,0.0,253940.20520000003,40829.9605,1771950.809,2066720.9747,56543503.1661067,9927380.250765355,349430581.9215543,415901465.3384263,16.0,66.0,2.0,3.0,2.0,15.0,5.0,38.69506190476191,1.5658961237705853,3.156323459568558,-89.61721428571428,3.3649287696221535,8.29190610904629,102,55
2021,20210826,0.0,0.0,112254.3878,0.0,3254068.9082,3366323.296,34250603.81575485,0.0,629097175.8576059,663347779.6733608,27.0,153.0,0.0,2.0,0.0,5.0,5.0,41.65365647058824,4.524490689596917,2.9122792115900653,-92.49429470588235,0.48784834945408306,9.611848272417932,103,56
2021,20210827,0.0,0.0,173185.7331,56045.3592,6557361.566199999,6786592.658499999,41054573.28338469,17862615.825120248,1021896274.337986,1080813463.446491,17.0,120.0,5.0,4.0,2.0,30.0,15.0,40.61200352112676,3.4828377401354373,3.0098415116355928,-84.15522112676057,8.82692192857587,9.596308489500004,104,57
2021,20210828,0.0,0.0,367722.898,165413.0477,2974513.235,3507649.1807,126301469.21581031,52615259.25338566,661102353.6360542,840019082.1052501,64.0,181.0,17.0,3.0,2.0,15.0,15.0,43.209207251908396,6.080041470917074,2.7481669467323,-92.6385538167939,0.34358923854253476,7.2037136344027175,105,58
2021,20210829,0.0,0.0,73486.4915,113813.8832,1973037.3413,2160337.716,16055594.74292941,24380490.862491097,405783424.61636984,446219510.2217904,3.0,75.0,9.0,4.0,5.0,30.0,30.0,39.613957647058825,2.4847918660675035,4.5617984799851055,-86.27071529411765,6.711427761218786,9.506750959906958,106,59
2021,20210830,0.0,0.0,221334.0688,136506.3968,1602381.0974,1960221.563,82851275.11770886,28878882.642151363,283016804.90900767,394746962.6688679,76.0,71.0,11.0,3.0,5.0,15.0,5.0,41.308044805194804,4.178879024203482,4.412430617100335,-93.96065454545455,-0.9785114901181089,9.853152946643332,107,60
2021,20210831,0.0,0.0,0.0,86701.2725,1566724.4362,1653425.7086999998,0.0,18276480.110719733,291314635.458172,309591115.56889176,0.0,68.0,6.0,3.0,5.0,15.0,15.0,35.703320547945204,-1.4258452330461182,3.385723904744046,-89.06713150684931,3.9150115484871293,11.5656385494667,108,61
2021,20210901,0.0,0.0,9232.2138,1049004.1373,4437081.5393,5495317.8904,2281181.4947286937,141813311.98975337,644295344.8227016,788389838.3071836,3.0,99.0,11.0,3.0,5.0,15.0,5.0,36.87907946428572,-0.2500863167056053,3.970697066884083,-82.94747767857143,10.034665376765005,9.136859845452546,109,62
2021,20210902,0.0,0.0,77447.245,38426.49279999999,169530.77109999998,285404.50889999996,15862184.680578124,6439286.192409757,30526186.778598603,52827657.65158649,12.0,13.0,2.0,4.0,10.0,15.0,15.0,41.08132962962963,3.952163848638307,3.933639860115352,-103.18119629629629,-10.199053240959856,13.87800705744612,110,63
2021,20210903,0.0,0.0,129218.3519,0.0,69441.8265,198660.1784,23839687.44904819,0.0,13828146.298918232,37667833.74796642,12.0,7.0,0.0,3.0,5.0,15.0,15.0,39.319610526315785,2.190444745324463,1.9656868321544172,-103.2266894736842,-10.244546418347767,2.221219964817815,111,64
2021,20210904,0.0,0.0,0.0,0.0,17369.832799999996,17369.832799999996,0.0,0.0,4080758.961286192,4080758.961286192,0.0,2.0,0.0,2.0,2.0,5.0,5.0,35.239999999999995,-1.889165780991327,0.3394112549695381,-101.62,-8.637856944663568,6.264966081312806,112,65
2021,20210905,0.0,0.0,30132.6662,0.0,42150.1235,72282.7897,6293309.79524508,0.0,7122066.18826176,13415375.98350684,6.0,5.0,0.0,2.0,0.0,5.0,0.0,36.675380000000004,-0.4537857809913177,4.486190181929925,-105.50268000000001,-12.520536944663576,5.203841733181366,113,66
2021,20210906,0.0,0.0,35343.044700000006,0.0,340590.4653,375933.51,9107184.08367055,0.0,59324256.88048872,68431440.96415928,5.0,22.0,0.0,1.0,0.0,0.0,0.0,43.373007407407414,6.243841626416092,4.418915065412283,-79.9903,12.991843055336432,12.163982665071249,114,67
2021,20210907,0.0,0.0,3498999.6932,34366.0015,3113564.2694,6646929.9640999995,801846111.8402684,8559668.921996087,651203577.987825,1461609358.7500896,123.0,90.0,1.0,2.0,0.0,5.0,5.0,42.526399043062206,5.397233262070884,2.4753833237731975,-88.41035789473685,4.571785160599589,3.9132512947807503,115,68
2021,20210908,0.0,0.0,153234.2498,118230.07780000004,3561278.3572,3832742.6848,28525013.842904817,19841405.094219644,547380782.0586929,595747200.9958174,5.0,72.0,3.0,3.0,2.0,15.0,5.0,40.27586875,3.146702969008679,3.396586208540722,-76.0361525,16.945990555336437,2.755043497920986,116,69
2021,20210909,0.0,0.0,0.0,151153.5892,260619.1358,411772.725,0.0,20182443.15044405,37093131.40886161,57275574.55930565,2.0,9.0,2.0,3.0,5.0,15.0,5.0,35.541290000000004,-1.5878757809913182,9.600714262253847,-89.21841,3.7637330553364308,23.394622670769166,117,70
2021,20210910,0.0,0.0,30474.858999999997,0.0,168860.3774,199335.2364,5094362.262235755,0.0,31168258.947601657,36262621.20983741,1.0,29.0,0.0,1.0,0.0,0.0,0.0,41.6017,4.472534219008679,3.817629201574491,-111.75087931034483,-18.768736255008392,6.293303106045079,118,71
2021,20210911,0.0,0.0,0.0,0.0,31433.508499999993,31433.508499999993,0.0,0.0,6229319.514734176,6229319.514734176,0.0,7.0,0.0,2.0,0.0,5.0,5.0,40.324999999999996,3.195834219008674,0.9685607879735806,-106.53500000000001,-13.552856944663574,2.623987423750352,119,72
2021,20210912,0.0,0.0,543960.3991999999,27583.221800000003,548018.1022,1119561.7232,123449142.98910455,3791824.649921497,89058445.97038393,216299413.60941,16.0,19.0,1.0,2.0,0.0,5.0,5.0,42.68610833333334,5.556942552342015,1.2163075737364197,-85.90433611111112,7.0778069442253155,7.212748454830429,120,73
2021,20210913,0.0,0.0,480128.6859,0.0,3477210.3447,3957339.0306,103491673.38410766,0.0,485921360.64886713,589413034.0329748,16.0,45.0,0.0,3.0,2.0,15.0,5.0,41.589288333333336,4.460122552342014,1.2508984891671164,-80.24224666666667,12.739896388669763,8.64784417982096,121,74
2021,20210914,0.0,0.0,220810.49319999997,0.0,1351493.9703,1572304.4634999998,50986403.8740692,0.0,305009558.63508993,355995962.50915915,19.0,46.0,0.0,3.0,5.0,15.0,15.0,38.75940769230769,1.630241911316368,6.278296341223561,-88.41867846153846,4.563464593797974,9.908066209430899,122,75
2021,20210915,0.0,0.0,382216.7295,0.0,2606906.2460000003,2989122.9755,63013430.84229401,0.0,416807738.9553753,479821169.7976693,16.0,69.0,0.0,3.0,2.0,15.0,15.0,42.64974117647059,5.52057539547927,2.5475308496797493,-76.72736,16.254783055336432,8.057429907281971,123,76
2021,20210916,0.0,0.0,255717.8789,0.0,285132.71060000005,540850.5895,74705282.18329526,0.0,80038357.8299192,154743640.01321447,32.0,37.0,0.0,3.0,5.0,15.0,15.0,44.49279565217391,7.363629871182589,1.870164997001665,-94.82447101449276,-1.8423279591563215,5.813755697610667,124,77
2021,20210917,0.0,0.0,21097.4512,79943.8658,640748.2536,741789.5706000001,5864621.977330643,21235352.72105221,180355268.5398015,207455243.2381844,5.0,53.0,4.0,3.0,5.0,15.0,15.0,42.79319821428572,5.664032433294395,3.2990920305436746,-95.26868571428572,-2.286542658949287,2.6243675303466243,125,78
2021,20210918,0.0,0.0,33748.4143,29875.911700000004,145864.2994,209488.6254,5807081.867629074,5262364.984691583,26780101.880520068,37849548.73284072,1.0,21.0,1.0,2.0,0.0,5.0,0.0,38.70048,1.571314219008677,4.483915394289113,-103.34738666666667,-10.365243611330229,14.103044442797584,126,79
2021,20210919,0.0,0.0,734.5462,0.0,17241.482000000004,17976.028200000004,410059.6358748083,0.0,4254867.3439066475,4664926.979781456,1.0,16.0,0.0,2.0,0.0,5.0,5.0,42.606566666666666,5.477400885675344,5.012780601954702,-95.2759,-2.2937569446635564,10.340439518221656,127,80
2021,20210920,0.0,0.0,232175.69899999996,30016.777400000006,539343.813,801536.2893999999,57241802.80652266,8771162.42849034,143158865.89783043,209171831.13284343,16.0,42.0,2.0,2.0,2.0,5.0,5.0,40.134473684210526,3.0053079032192045,3.9090101592587327,-91.81605087719298,1.1660921781434581,3.802733039779363,128,81
2021,20210921,0.0,0.0,7945.5278,0.0,51344.0076,59289.53539999999,1994945.580312264,0.0,13194695.06673192,15189640.647044184,1.0,6.0,0.0,3.0,5.0,15.0,5.0,34.7393,-2.3898657809913217,1.1902779339297187,-92.72295000000001,0.259193055336425,1.2590559538797315,129,82
2021,20210922,0.0,0.0,0.0,29667.1713,1566409.0935,1596076.2648,0.0,6002198.065000828,266673304.9857956,272675503.0507964,0.0,41.0,1.0,2.0,0.0,5.0,5.0,38.79001842105263,1.6608526400613073,1.8171444482670358,-79.70687894736841,13.275264107968027,2.3944936690031393,130,83
2021,20210923,0.0,0.0,0.0,0.0,2482079.7985000005,2482079.7985000005,0.0,0.0,340177435.6618185,340177435.6618185,0.0,25.0,0.0,3.0,5.0,15.0,0.0,39.989832,2.860666219008678,0.39129613223235243,-75.507868,17.474275055336435,0.5711434770995207,131,84
2021,20210924,0.0,0.0,256704.35229999997,0.0,264980.19029999996,521684.5425999999,30024416.67947484,0.0,29895074.410714176,59919491.09018902,4.0,4.0,0.0,2.0,2.0,5.0,0.0,33.24295,-3.8862157809913214,0.45086625194491714,-116.8517125,-23.86956944466357,0.21172112005790114,132,85
2021,20210927,0.0,0.0,0.0,19855.018699999997,17212.3129,37067.3316,0.0,4828855.510575646,4605371.835076582,9434227.345652226,0.0,7.0,1.0,2.0,0.0,5.0,5.0,36.031416666666665,-1.0977491143246567,4.792103410577308,-105.35385000000001,-12.371706944663572,8.461540676909856,135,88
2021,20210928,0.0,0.0,553006.8752,0.0,301096.66099999996,854103.5362,91008343.19029292,0.0,47660662.86226381,138669006.05255672,18.0,21.0,0.0,2.0,0.0,0.0,5.0,36.31811851851852,-0.8110472624728047,4.096729508638759,-85.8450925925926,7.137050462743844,11.210266300375189,136,89
2021,20210929,0.0,0.0,53457.50270000001,0.0,4217.322,57674.82470000001,11502734.111493118,0.0,1180428.404808394,12683162.516301513,6.0,1.0,0.0,3.0,0.0,15.0,15.0,35.96145714285714,-1.1677086381341795,2.137539441240125,-99.03997142857143,-6.057828373234997,0.46894847518779265,137,90
2021,20210930,0.0,0.0,39225.8352,0.0,39828.690899999994,79054.52609999999,7305999.285495744,0.0,6914481.079421568,14220480.364917312,9.0,7.0,0.0,2.0,0.0,5.0,5.0,31.18074375,-5.9484220309913205,1.8060340269842632,-101.3429375,-8.360794444663568,1.8357353283720774,138,91
2021,20211001,0.0,0.0,14997.429500000002,0.0,11907.9899,26905.4194,3036323.6944507584,0.0,763167.1718470616,3799490.86629782,4.0,9.0,0.0,3.0,2.0,15.0,15.0,28.177885714285715,-8.951280066705607,7.318051563640093,-92.67538571428572,0.3067573410507123,18.032593096615233,139,92
2021,20211003,0.0,0.0,0.0,149551.49169999998,17481.7233,167033.215,0.0,31818013.25691827,3919617.972785223,35737631.22970349,0.0,1.0,4.0,2.0,0.0,5.0,5.0,39.06272,1.933554219008677,3.9119008802626896,-86.33272,6.649423055336442,1.6926131474734596,141,94
2021,20211004,0.0,0.0,37918.0883,0.0,471498.6647,509416.753,8091392.596670015,0.0,66762141.302909166,74853533.89957918,2.0,9.0,0.0,1.0,0.0,0.0,0.0,35.70950909090909,-1.4196566900822347,2.38646457189481,-98.45323636363636,-5.471093308299928,19.914593833230583,142,95
2021,20211005,0.0,0.0,474721.5924,0.0,240972.2388,715693.8311999999,88464513.33238368,0.0,38789484.1819004,127253997.51428407,25.0,11.0,0.0,1.0,0.0,0.0,0.0,33.72499166666667,-3.404174114324654,1.355086947632091,-104.58513611111111,-11.602993055774675,12.103780608108776,143,96
2021,20211006,0.0,0.0,37465.49,23463.3,200211.3397,261140.1297,8844621.926958265,5111474.218002602,44359050.18643392,58315146.331394784,2.0,9.0,1.0,3.0,2.0,15.0,15.0,35.701325000000004,-1.4278407809913176,1.4502796847034845,-85.83428333333335,7.147859722003091,1.40589405254084,144,97
2021,20211007,0.0,0.0,70369.476,0.0,22639.7568,93009.2328,15853337.196100932,0.0,4185207.687313547,20038544.883414477,3.0,2.0,0.0,2.0,2.0,5.0,5.0,40.62934,3.5001742190086773,0.6984176243480718,-98.50291999999999,-5.520776944663552,12.49673647925729,145,98
2021,20211008,0.0,0.0,0.0,0.0,127570.7269,127570.7269,0.0,0.0,24178523.580557343,24178523.580557343,4.0,9.0,0.0,2.0,2.0,5.0,5.0,31.59485714285714,-5.534308638134181,1.023962923900963,-82.67851428571429,10.30362876962215,0.6677047861357456,146,99
2021,20211009,0.0,0.0,16522.853099999997,25860.2665,85168.0667,127551.1863,7957099.620395077,10208651.677426944,26288408.166139346,44454159.46396136,8.0,28.0,7.0,2.0,0.0,5.0,5.0,44.567570967741936,7.4384051867506145,3.408478307514322,-96.9683064516129,-3.986163396276467,3.1193606040272064,147,100
2021,20211010,0.0,0.0,208359.22179999997,279391.7249000001,1341399.6796,1829150.6263,47908152.10494897,67028089.871786416,270419010.82483757,385355252.8015729,17.0,85.0,22.0,3.0,5.0,15.0,15.0,35.36706607142857,-1.7620997095627544,3.143846532930998,-96.90631964285714,-3.924176587520705,2.095917470086187,148,101
2021,20211011,0.0,0.0,48583.497,357289.0469,1763445.6071,2169318.151,11190719.693388628,75838987.16730225,377527669.8671704,464557376.7278613,2.0,113.0,12.0,5.0,15.0,30.0,30.0,40.647796666666665,3.5186308856753428,1.6110191884060305,-88.23008833333333,4.752054722003109,3.6867893502682603,149,102
2021,20211012,0.0,0.0,45343.1938,129076.1302,79764.8236,254184.1476,11781082.643345583,32370945.411024492,23106616.77117457,67258644.82554464,15.0,59.0,24.0,3.0,5.0,15.0,5.0,37.00800434782609,-0.1211614331652342,1.7491742125958247,-100.4566,-7.474456944663558,1.2999801539209128,150,103
2021,20211013,0.0,0.0,0.0,81135.6385,133432.3461,214567.9846,0.0,25554688.51297853,34053009.45446127,59607697.9674398,0.0,56.0,13.0,4.0,10.0,30.0,30.0,40.029826666666665,2.900660885675343,4.945386892499488,-97.45316,-4.47101694466356,1.4312296966426201,151,104
2021,20211014,0.0,0.0,81517.21699999999,33214.397099999995,160895.3102,275626.92429999996,19204306.12917701,5970333.540952883,38147033.84813685,63321673.518266745,6.0,12.0,1.0,2.0,2.0,5.0,0.0,35.863789473684214,-1.2653763073071076,1.77127653619101,-96.47431052631579,-3.4921674709793535,3.632803688291018,152,105
2021,20211015,0.0,0.0,54237.38649999999,139421.1498,273962.6065,467621.1428,13632565.871153466,33593087.50897517,63777088.80128745,111002742.1814161,5.0,17.0,8.0,2.0,2.0,5.0,5.0,37.061688,-0.06747778099132518,1.90514531845561,-89.037712,3.9444310553364375,5.078774204825408,153,106
2021,20211016,0.0,0.0,0.0,346826.1339,2191184.5196,2538010.6535,0.0,76154108.42265254,339451750.8342864,415605859.25693893,0.0,59.0,11.0,3.0,5.0,15.0,5.0,41.885622857142856,4.756457076151534,1.7155117335290324,-77.55629,15.425853055336432,3.480018781939578,154,107
2021,20211018,0.0,0.0,0.0,0.0,0.0,0.0,0.0,0.0,0.0,0.0,0.0,11.0,0.0,1.0,0.0,0.0,0.0,37.129165780991315,-7.105427357601002e-15,0.0,-92.98214305533645,-1.4210854715202004e-14,0.0,156,109
2021,20211021,0.0,0.0,0.0,377456.26949999994,208707.95570000005,586164.2252,0.0,82889128.3946678,41350907.49729088,124240035.89195868,0.0,14.0,20.0,2.0,0.0,0.0,5.0,39.57706842105263,2.447902640061308,2.890591280353987,-81.46018421052632,11.521958844810115,5.527215451770662,159,112
2021,20211022,0.0,0.0,0.0,0.0,17166.789800000002,17166.789800000002,0.0,0.0,932361.9838879928,932361.9838879928,0.0,5.0,0.0,2.0,0.0,5.0,5.0,26.176,-10.953165780991323,0.0,-97.7198,-4.73765694466357,0.0,160,113
2021,20211023,0.0,0.0,32250.8991,0.0,0.0,32250.8991,8025236.714689098,0.0,0.0,8025236.714689098,3.0,5.0,0.0,2.0,0.0,5.0,5.0,37.403333333333336,0.2741675523420142,1.781132598470235,-93.46,-0.4778569446635572,1.9749430371532246,161,114
2021,20211024,0.0,0.0,124659.1071,332975.0957,629728.7841,1087362.9869,30859507.856896285,80379297.88708162,146988377.02847853,258227182.77245644,9.0,72.0,24.0,3.0,2.0,5.0,15.0,38.631695588235296,1.502529807243974,1.927795635529946,-91.5047455882353,1.4773974671011416,4.336542038579621,162,115
2021,20211025,0.0,0.0,0.0,27766.6012,2969199.564,2996966.1651999997,0.0,5377146.872029675,467492063.0555333,472869209.92756295,0.0,93.0,1.0,4.0,10.0,30.0,30.0,38.050725,0.9215592190086781,1.469764384240484,-78.11194642857143,14.870196626765008,2.247719907976584,163,116
2021,20211026,0.0,0.0,20218.7835,36056.3478,47420.7726,103695.9039,6827353.898501727,8849227.0999421,11741956.353186607,27418537.35163043,9.0,44.0,4.0,3.0,5.0,15.0,5.0,36.272090909090906,-0.8570748719004158,2.6188026764169665,-99.65022727272726,-6.6680842173908275,1.0227181775295393,164,117
2021,20211027,0.0,0.0,0.0,233590.33400000003,816467.4559000001,1050057.7899000002,0.0,44006318.435655944,146862863.6934261,190869182.12908205,0.0,95.0,13.0,4.0,5.0,30.0,30.0,31.083997826086957,-6.045167954904365,1.3271101728507908,-94.42638260869565,-1.4442395533592105,2.6601040231376385,165,118
2021,20211028,0.0,0.0,0.0,33642.5615,167542.6351,201185.1966,0.0,6074283.611064669,29540878.247285154,35615161.85834982,0.0,66.0,1.0,4.0,10.0,30.0,0.0,28.234566666666666,-8.894599114324656,0.7585024236392843,-82.133,10.849143055336441,0.6138778380101336,166,119
2021,20211103,0.0,0.0,0.0,0.0,13328.478300000002,13328.478300000002,0.0,0.0,1957518.31260686,1957518.31260686,0.0,2.0,0.0,1.0,0.0,0.0,0.0,28.0578,-9.071365780991322,0.0,-97.097,-4.114856944663558,0.0,172,125
2021,20211104,0.0,0.0,0.0,0.0,0.0,0.0,0.0,0.0,0.0,0.0,0.0,10.0,0.0,1.0,0.0,0.0,0.0,37.129165780991315,-7.105427357601002e-15,0.0,-92.98214305533645,-1.4210854715202004e-14,0.0,173,126
2021,20211106,0.0,0.0,0.0,0.0,39992.0359,39992.0359,0.0,0.0,9737496.747941712,9737496.747941712,0.0,4.0,0.0,2.0,2.0,5.0,0.0,45.55345,8.424284219008676,0.006151828996318675,-122.46345,-29.481306944663558,0.1102379471869846,175,128
2021,20211109,0.0,0.0,0.0,0.0,0.0,0.0,0.0,0.0,0.0,0.0,0.0,7.0,0.0,1.0,0.0,0.0,0.0,37.129165780991315,-7.105427357601002e-15,0.0,-92.98214305533645,-1.4210854715202004e-14,0.0,178,131
2021,20211110,0.0,0.0,966425.7692,57601.15219999999,249694.43859999996,1273721.36,186004313.91408193,13914591.337423025,57872413.5177382,257791318.76924315,43.0,21.0,4.0,2.0,2.0,5.0,0.0,35.09491587301587,-2.0342499079754504,1.715049722706867,-97.01267936507936,-4.030536309742928,1.0018750596818455,179,132
2021,20211111,0.0,0.0,0.0,66046.2245,112157.2422,178203.4667,0.0,14367189.89425567,25711631.120435484,40078821.01469115,0.0,71.0,5.0,3.0,5.0,15.0,15.0,32.68114,-4.448025780991323,0.8174924812236136,-93.17311333333333,-0.1909702779968967,2.034316120913737,180,133
2021,20211112,0.0,0.0,0.0,91875.7541,448330.3356,540206.0897,0.0,11718066.150802126,64872487.119237326,76590553.27003945,0.0,59.0,1.0,1.0,0.0,0.0,0.0,41.96075,4.8315842190086755,0.18709489570803467,-74.69550000000001,18.286643055336427,0.9523155239430092,181,134
2021,20211113,0.0,0.0,2212440.4273,1063871.378,3671969.8712,6948281.6765,269181102.91257143,136109710.4218622,507264214.0776913,912555027.4121248,19.0,154.0,13.0,2.0,2.0,5.0,0.0,41.31892840909091,4.1897626280995865,0.4961139876317521,-72.80031818181818,20.181824873518252,3.051430735785724,182,135
2021,20211115,0.0,0.0,0.0,0.0,0.0,0.0,0.0,0.0,0.0,0.0,0.0,43.0,0.0,0.0,0.0,0.0,0.0,37.129165780991315,-7.105427357601002e-15,0.0,-92.98214305533645,-1.4210854715202004e-14,0.0,181,137
2021,20211121,0.0,0.0,42612.6832,0.0,0.0,42612.6832,10375727.905402366,0.0,0.0,10375727.905402366,4.0,16.0,0.0,1.0,0.0,0.0,0.0,35.6325,-1.4966657809913215,0.01500000000000149,-91.27250000000001,1.7096430553364286,0.2950000000000019,175,143
2021,20211202,0.0,0.0,0.0,0.0,690616.0959000001,690616.0959000001,0.0,0.0,90989472.5899981,90989472.5899981,0.0,10.0,0.0,1.0,0.0,0.0,0.0,41.80075,4.671584219008679,0.20234907603304658,-74.0355625,18.94658055533644,0.19880119960474668,164,154
2021,20211204,0.0,0.0,32488.1015,0.0,0.0,32488.1015,5561343.424128741,0.0,0.0,5561343.424128741,1.0,19.0,0.0,1.0,0.0,0.0,0.0,32.43,-4.699165780991322,0.0,-97.77,-4.7878569446635595,0.0,162,156
2021,20211205,0.0,0.0,318895.8622,39814.1363,147803.4679,506513.4664,80787142.95464154,10125001.616060317,36788829.446392335,127700974.0170942,25.0,62.0,3.0,1.0,0.0,0.0,0.0,36.81488947368421,-0.31427630730711087,0.7036960583866474,-91.51722631578947,1.4649167395469647,2.7643958348473148,161,157
2021,20211206,0.0,0.0,69709.8941,365800.6587,1481440.4361,1916950.9889,16833725.96666308,84026793.86931285,280166721.8070976,381027241.6430736,4.0,120.0,18.0,3.0,5.0,15.0,15.0,36.07944133333333,-1.0497244476579937,2.4166496609581216,-85.98787333333334,6.9942697220030965,3.896111716873674,160,158
2021,20211207,0.0,0.0,0.0,0.0,0.0,0.0,0.0,0.0,0.0,0.0,0.0,6.0,0.0,3.0,2.0,15.0,5.0,37.129165780991315,-7.105427357601002e-15,0.0,-92.98214305533645,-1.4210854715202004e-14,0.0,159,159
2021,20211208,0.0,0.0,0.0,31892.694100000004,16837.0863,48729.7804,0.0,5944874.317983355,3094101.0399460783,9038975.357929436,0.0,22.0,2.0,1.0,0.0,0.0,0.0,30.222133333333332,-6.90703244765799,0.2770837659144508,-83.704,9.278143055336443,2.1750817938643165,158,160
2021,20211209,0.0,0.0,0.0,0.0,12660.868300000002,12660.868300000002,0.0,0.0,2720036.1052115983,2720036.1052115983,0.0,7.0,0.0,2.0,2.0,5.0,0.0,30.0114,-7.1177657809913235,0.0,-90.202,2.7801430553364384,0.0,157,161
2021,20211210,1.0,4463.1,327946.5633,1136978.7332,2135848.0582,3600773.3547,77188971.47435322,271366096.3473472,492360798.7531907,840915866.5748912,25.0,167.0,71.0,1.0,0.0,0.0,0.0,37.44337867298578,0.31421289199445823,2.0631055027774554,-90.61530758293839,2.3668354723980514,2.2105167620435604,156,162
2021,20211211,0.0,0.0,11947.4935,1292905.5121,6544701.001,7849554.0066,2858565.9516884135,300995879.863648,1420235916.283968,1724090362.0993044,1.0,539.0,61.0,4.0,10.0,30.0,15.0,36.800757499999996,-0.3284082809913258,2.0812391914991344,-85.3665128125,7.615630242836431,3.3111729894515642,155,163
2021,20211214,0.0,0.0,0.0,0.0,0.0,0.0,0.0,0.0,0.0,0.0,0.0,61.0,0.0,1.0,0.0,0.0,0.0,37.129165780991315,-7.105427357601002e-15,0.0,-92.98214305533645,-1.4210854715202004e-14,0.0,152,166
2021,20211215,1.0,2031.5,285703.1422,1682391.3284,6264550.386899999,8232644.8575,75680895.61029147,511020830.82856834,1783852755.7943487,2370554482.2332087,28.0,1283.0,167.0,1.0,0.0,0.0,0.0,41.6024137755102,4.473247994518879,1.8758022539918153,-94.78030752551021,-1.7981644701737736,2.6317729902707754,151,167
2021,20211217,0.0,0.0,86796.45340000001,0.0,42556.336800000005,129352.79020000002,18409090.95643413,0.0,8148267.69073381,26557358.64716794,5.0,4.0,0.0,2.0,2.0,5.0,5.0,34.54714285714285,-2.58202292384847,0.3029694311155455,-97.19142857142857,-4.209285516092137,0.6145575256889717,149,169
2021,20211218,0.0,0.0,107435.0558,34467.1244,207619.8932,349522.0734,17667509.572216395,5862193.96335817,38928114.00773983,62457817.5433144,5.0,18.0,1.0,3.0,2.0,15.0,15.0,30.088294117647056,-7.040871663344266,0.6242297017831142,-94.64519411764707,-1.663051062310629,3.307546028113321,148,170
2021,20211221,0.0,0.0,0.0,27701.629199999996,90672.2708,118373.9,0.0,4764625.5067469,15034759.43789105,19799384.94463795,0.0,11.0,1.0,1.0,0.0,0.0,0.0,26.785625,-10.343540780991322,0.8172167577617762,-81.810525,11.171618055336438,1.1245635164364909,145,173
2021,20211223,0.0,0.0,0.0,0.0,8599.8646,8599.8646,0.0,0.0,3109219.5058724605,3109219.5058724605,0.0,28.0,0.0,2.0,2.0,5.0,0.0,47.32666666666666,10.197500885675339,0.11621818561079961,-111.37833333333333,-18.396190277996894,0.3444077041337271,143,175
2021,20211225,0.0,0.0,0.0,0.0,19685.9529,19685.9529,0.0,0.0,4567728.204776959,4567728.204776959,0.0,9.0,0.0,1.0,0.0,0.0,0.0,39.18,2.050834219008678,0.0,-81.38,11.602143055336441,0.0,141,177
2021,20211227,0.0,0.0,0.0,0.0,0.0,0.0,0.0,0.0,0.0,0.0,0.0,10.0,0.0,1.0,0.0,0.0,0.0,37.129165780991315,-7.105427357601002e-15,0.0,-92.98214305533645,-1.4210854715202004e-14,0.0,139,179
2021,20211229,0.0,0.0,15411.6216,180709.1977,661183.2955000001,857304.1148000001,3936687.2437179033,36941029.90734372,131812021.09544422,172689738.24650586,2.0,26.0,8.0,2.0,2.0,5.0,5.0,34.23248709677419,-2.896678684217129,0.8941609279997035,-86.12967096774193,6.852472087594506,1.90242409278155,137,181
2021,20211230,0.0,0.0,582854.5733,157890.48729999998,715577.6055000001,1456322.6661,110210859.22099888,29635466.82886192,130305545.9123318,270151871.9621926,26.0,49.0,7.0,4.0,10.0,15.0,15.0,32.70480172413793,-4.424364056853392,0.7201803337740268,-83.72530689655171,9.256836158784722,1.4561016038221228,136,182
2021,20211231,0.0,0.0,0.0,112885.41449999998,0.0,112885.41449999998,0.0,20721483.97207704,0.0,20721483.97207704,0.0,12.0,3.0,2.0,2.0,5.0,5.0,33.8641,-3.2650657809913213,0.37635317190107587,-84.9251,8.057043055336436,0.9023719133483711,135,182
2022,20220101,0.0,0.0,73552.0306,364861.5128,1311253.5504,1749667.0938,17545101.7399052,84653138.30323452,292264109.9664264,394462350.00956607,4.0,86.0,17.0,3.0,5.0,15.0,15.0,36.1087088607595,-1.0204569202318226,1.1020835386677954,-86.37694556962025,6.6051974857161895,1.8842198131606274,134,181
2022,20220102,0.0,0.0,0.0,40275.1769,528517.5109,568792.6878,0.0,8030147.149381068,102952070.74061418,110982217.88999525,0.0,58.0,3.0,4.0,10.0,30.0,15.0,31.53267368421053,-5.596492096780793,0.8026691357283666,-83.9291552631579,9.052987792178541,1.086754038334535,133,180
2022,20220103,0.0,0.0,0.0,56800.8464,462221.8606,519022.70699999994,0.0,10857704.70526281,89708364.96856567,100566069.67382848,0.0,100.0,2.0,3.0,5.0,15.0,5.0,34.735728,-2.39343778099132,0.53676521444048,-78.291844,14.690299055336439,1.3701571084125086,132,179
2022,20220108,0.0,0.0,37666.6507,146604.831,0.0,184271.4817,8394295.774938501,24602598.55958832,0.0,32996894.334526826,3.0,11.0,4.0,1.0,0.0,0.0,0.0,31.623485714285717,-5.5056800667056045,2.2555688250997603,-94.3814,-1.3992569446635628,1.4656372618534723,127,174
2022,20220109,0.0,0.0,90321.1547,132381.2395,310757.8127,533460.2069,19928426.401513215,24999836.900513586,60701439.29379837,105629702.59582517,8.0,18.0,7.0,2.0,2.0,5.0,5.0,31.709525806451616,-5.419639974539706,0.8893497500862604,-89.39038709677419,3.5917559585622456,3.5507431213519167,126,173
2022,20220110,0.0,0.0,128085.2553,0.0,0.0,128085.2553,21030487.08829259,0.0,0.0,21030487.08829259,4.0,7.0,0.0,3.0,5.0,15.0,5.0,27.3675,-9.761665780991322,0.03685557397915933,-80.4625,12.51964305533643,0.024999999999997316,125,172
2022,20220115,0.0,0.0,0.0,0.0,0.0,0.0,0.0,0.0,0.0,0.0,0.0,36.0,0.0,0.0,0.0,0.0,0.0,37.129165780991315,-7.105427357601002e-15,0.0,-92.98214305533645,-1.4210854715202004e-14,0.0,120,167
2022,20220116,0.0,0.0,0.0,166489.7195,370171.205,536660.9245,0.0,28624163.304577455,58760882.27480266,87385045.57938012,0.0,22.0,7.0,3.0,5.0,15.0,0.0,28.67402105263158,-8.455144728359741,3.8456774716815274,-81.67122631578948,11.310916739546954,2.2386540072706618,119,166
2022,20220117,0.0,0.0,94047.9318,0.0,612017.8416,706065.7734000001,11595688.323707651,0.0,74489708.12338917,86085396.44709682,1.0,40.0,0.0,2.0,2.0,5.0,0.0,40.316514285714284,3.187348504722962,0.6425737711956283,-73.89977142857143,19.08237162676501,0.5086062973600394,118,165
2022,20220119,0.0,0.0,113805.0919,0.0,0.0,113805.0919,23424649.827290203,0.0,0.0,23424649.827290203,7.0,0.0,0.0,0.0,0.0,0.0,0.0,32.37181428571429,-4.757351495277035,0.3930544255298168,-94.51268571428571,-1.5305426589492725,0.2547288717347119,116,163
2022,20220203,0.0,0.0,0.0,114699.8846,143399.6996,258099.5842,0.0,24906329.78391342,31433026.61945197,56339356.40336539,0.0,14.0,8.0,1.0,0.0,0.0,0.0,32.075255,-5.053910780991323,0.6368366976292799,-87.684765,5.297378055336438,1.0164246642935357,101,148
2022,20220210,0.0,0.0,0.0,0.0,0.0,0.0,0.0,0.0,0.0,0.0,0.0,36.0,0.0,0.0,0.0,0.0,0.0,37.129165780991315,-7.105427357601002e-15,0.0,-92.98214305533645,-1.4210854715202004e-14,0.0,94,141
2022,20220216,0.0,0.0,0.0,0.0,9506.2412,9506.2412,0.0,0.0,2573451.107057837,2573451.107057837,0.0,36.0,0.0,1.0,0.0,0.0,0.0,32.0888,-5.040365780991323,0.3927677303445394,-102.04913333333333,-9.066990277996894,0.44480891777631676,88,135
2022,20220217,0.0,0.0,63581.3428,120123.9936,851528.1664999999,1035233.5029,11933454.237041771,25738964.704630744,180673699.50310585,218346118.4447784,3.0,156.0,6.0,3.0,5.0,15.0,15.0,34.55865102040816,-2.5705147605831584,1.785477971968391,-87.71358775510204,5.2685553002343966,3.6592822522338473,87,134
2022,20220218,0.0,0.0,0.0,0.0,1616617.4918999998,1616617.4918999998,0.0,0.0,206454611.62447572,206454611.62447572,0.0,75.0,0.0,4.0,10.0,30.0,5.0,40.263753333333334,3.134587552342012,0.42543853654899183,-74.63226,18.349883055336434,0.7361572035141134,86,133
2022,20220219,0.0,0.0,0.0,0.0,1958.2046,1958.2046,0.0,0.0,1014476.4014365427,1014476.4014365427,0.0,55.0,0.0,1.0,0.0,0.0,0.0,48.13736666666667,11.00820088567535,0.15135031769595692,-107.65406666666667,-14.671923611330229,0.8129776028075264,85,132
2022,20220221,1.0,1118.9,623204.2299,0.0,62427.40470000001,685631.6346,107881647.60115248,0.0,10840326.930562772,118721974.53171524,19.0,31.0,0.0,1.0,0.0,0.0,0.0,33.10668095238095,-4.022484828610374,0.1633864180984696,-97.68663333333333,-4.7044902779968965,0.32214548938846554,83,130
2022,20220222,1.0,1118.9,861449.7987000002,48006.0313,514899.1604,1424354.9904000002,162162593.97043136,11197742.562092427,124340489.09716745,297700825.62969124,27.0,54.0,3.0,3.0,5.0,15.0,15.0,35.34773333333333,-1.7814324476579912,2.43522491132246,-91.19334202898551,1.7888010263509244,3.3406352596125304,82,129
2022,20220304,0.0,0.0,0.0,0.0,2516.1737,2516.1737,0.0,0.0,799839.3664421123,799839.3664421123,0.0,11.0,0.0,1.0,0.0,0.0,0.0,37.885,0.7558342190086762,0.8273149339882618,-104.755,-11.772856944663559,5.480077554195743,72,119
2022,20220305,0.0,0.0,607563.6493,367732.8648,2768831.1023999997,3744127.616499999,157373595.99715444,98290505.0306046,595226062.5419438,850890163.5697029,48.0,88.0,28.0,1.0,0.0,0.0,0.0,40.94043067484663,3.8112648938553093,1.1953561159719364,-91.48696257668712,1.495180478649317,2.43759046454693,71,118
2022,20220306,0.0,0.0,193967.2368,210198.50790000003,2893141.5644999994,3297307.3091999996,48672170.54942937,50191774.26040569,667051441.3519921,765915386.1618272,12.0,114.0,12.0,3.0,5.0,15.0,15.0,39.379247368421055,2.250081587429733,2.013502825163133,-87.67062894736841,5.311514107968023,2.9815648377523187,70,117
2022,20220307,0.0,0.0,22558.6164,50358.177500000005,17446284.6942,17519201.488100003,5479555.194670905,11912149.618198464,2645711912.8831954,2663103617.696065,2.0,346.0,3.0,4.0,10.0,30.0,15.0,41.12235331125827,3.993187530266951,1.633011043424327,-76.2807367549669,16.70140630036954,3.9913880339153303,69,116
2022,20220308,0.0,0.0,0.0,0.0,0.0,0.0,0.0,0.0,0.0,0.0,0.0,2.0,0.0,3.0,2.0,15.0,0.0,37.129165780991315,-7.105427357601002e-15,0.0,-92.98214305533645,-1.4210854715202004e-14,0.0,68,115
2022,20220309,0.0,0.0,0.0,90207.1841,35329.9449,125537.129,0.0,18783071.300809823,7081729.138905597,25864800.43971542,0.0,3.0,8.0,2.0,2.0,5.0,0.0,31.05368181818182,-6.075483962809503,0.706215833606387,-85.70591818181819,7.276224873518245,1.081433711161427,67,114
2022,20220311,0.0,0.0,38451.8428,30041.0322,0.0,68492.875,8216058.203122884,4745783.123532507,0.0,12961841.326655392,3.0,5.0,1.0,2.0,2.0,5.0,5.0,29.223025,-7.906140780991322,1.335173872260338,-87.746675,5.23546805533644,5.008327487545118,65,112
2022,20220312,0.0,0.0,0.0,160863.2411,1227339.8945000002,1388203.1356000002,0.0,28047340.418593813,227377491.2970324,255424831.71562624,0.0,142.0,5.0,4.0,10.0,30.0,5.0,31.66578289473684,-5.463382886254482,2.866149248144073,-80.6416552631579,12.340487792178536,3.0422171688159527,64,111
2022,20220314,0.0,0.0,1182019.3934000002,65168.4404,60986.0103,1308173.8441,208626701.8753924,11074913.714986349,10887330.8893364,230588946.4797151,37.0,4.0,2.0,1.0,0.0,0.0,0.0,32.21455365853659,-4.914612122454734,1.0652124572350703,-96.10668780487805,-3.124544749541613,0.8313314105082052,62,109
2022,20220315,0.0,0.0,0.0,0.0,0.0,0.0,0.0,0.0,0.0,0.0,0.0,7.0,0.0,3.0,5.0,15.0,15.0,37.129165780991315,-7.105427357601002e-15,0.0,-92.98214305533645,-1.4210854715202004e-14,0.0,61,108
2022,20220316,0.0,0.0,1145274.9970999998,28183.431,51871.7081,1225330.1361999998,213617394.31329104,5229490.464108201,9619370.1370342,228466254.91443345,45.0,3.0,1.0,3.0,2.0,15.0,0.0,32.05292708333334,-5.076238697657985,2.0546959249836707,-81.78249583333333,11.199647222003108,1.2973138372509128,60,107
2022,20220317,0.0,0.0,114662.5151,0.0,63252.30600000001,177914.8211,19661960.62383987,0.0,14754620.659111207,34416581.28295108,3.0,17.0,0.0,3.0,2.0,5.0,15.0,34.523514285714285,-2.605651495277037,1.609096383511121,-94.03957142857143,-1.0574283732349983,6.585834801732753,59,106
2022,20220318,0.0,0.0,130589.6874,154918.8608,703607.5726,989116.1208,30596057.232674062,36495752.965322465,154221745.17374378,221313555.3717403,11.0,47.0,9.0,3.0,5.0,15.0,15.0,33.627375384615384,-3.501790396375938,3.237483180121886,-86.67434,6.307803055336436,2.2194020691675065,58,105
2022,20220319,0.0,0.0,9873.5917,0.0,492606.85899999994,502480.4506999999,2067696.7729228248,0.0,78910862.49114512,80978559.26406795,1.0,19.0,0.0,4.0,10.0,30.0,15.0,35.329876923076924,-1.799288857914398,4.6728691682508865,-80.44853076923076,12.53361228610568,3.6217845627500256,57,104
2022,20220320,0.0,0.0,28043.313100000003,0.0,0.0,28043.313100000003,4002912.0815048576,0.0,0.0,4002912.0815048576,1.0,11.0,0.0,3.0,2.0,15.0,15.0,25.8011,-11.32806578099132,0.0,-80.869,12.113143055336437,0.0,56,103
2022,20220321,0.0,0.0,1546766.5508,1380928.4412999998,849147.8697,3776842.8618,259591964.37047216,247416629.90513793,149048334.53053883,656056928.8061489,53.0,51.0,50.0,2.0,0.0,5.0,5.0,31.76666717557252,-5.3624986054188035,1.6147197842846976,-97.09276946564886,-4.11062641031242,1.1809669355687522,55,102
2022,20220322,0.0,0.0,87092.72020000001,631365.2757,686380.0593,1404838.0551999998,19000406.269968867,142794060.46377644,156355295.5829947,318149762.31674004,6.0,102.0,55.0,4.0,10.0,30.0,30.0,32.605406837606836,-4.523758943384486,1.2251736631812011,-89.93243333333334,3.049709722003101,1.89082636331496,54,101
2022,20220323,0.0,0.0,775001.5696,287197.3226,848680.9726999999,1910879.8649,180156560.38007683,62400377.52067352,189945208.4453136,432502146.346064,28.0,57.0,9.0,5.0,15.0,45.0,15.0,38.24158571428571,1.1124199332943903,2.54098569966065,-82.96270714285714,10.019435912479295,1.3701711419943263,53,100
2022,20220325,0.0,0.0,0.0,0.0,764900.5129999999,764900.5129999999,0.0,0.0,152171873.33349764,152171873.33349764,0.0,73.0,0.0,2.0,2.0,5.0,0.0,41.36206666666667,4.232900885675349,0.7237980476690451,-87.59088666666666,5.391256388669774,0.8751573539057091,51,98
2022,20220326,0.0,0.0,0.0,0.0,55104.4964,55104.4964,0.0,0.0,7874521.553676849,7874521.553676849,0.0,2.0,0.0,0.0,0.0,0.0,0.0,38.79,1.6608342190086773,0.0,-75.16,17.82214305533644,0.0,50,97
2022,20220329,0.0,0.0,125613.7312,27752.93310000001,268611.88710000005,421978.55140000005,30592297.630356867,6536468.078869185,60651677.74824471,97780443.45747076,15.0,82.0,2.0,1.0,0.0,0.0,0.0,36.80403947368421,-0.3251263073071087,3.238299788514276,-97.24043421052632,-4.25829115518988,1.8288209473446704,47,94
2022,20220330,1.0,1381.6,25538.6385,1159570.5267,3169355.6008,4354464.766000001,5211116.910671996,264201535.8834985,728027768.6876965,997440421.481867,2.0,368.0,99.0,3.0,5.0,15.0,15.0,33.52231950464396,-3.606846276347362,2.006558191356935,-89.80448575851393,3.1776572968225025,2.2809656320741425,46,93
2022,20220331,0.0,0.0,296249.576,433305.6968,3936694.3597,4666249.6325,47745574.94247674,71287778.06965931,665549778.2103378,784583131.2224739,7.0,131.0,10.0,5.0,15.0,45.0,5.0,37.979642857142856,0.8504770761515346,3.969264463636915,-79.39971428571428,13.582428769622155,3.3656247429064825,45,92
2022,20220401,0.0,0.0,0.0,0.0,2968.6016,2968.6016,0.0,0.0,865257.7285789499,865257.7285789499,0.0,6.0,0.0,3.0,5.0,15.0,5.0,33.5646,-3.564565780991323,0.0,-100.4905,-7.508356944663561,0.0,44,91
2022,20220402,0.0,0.0,69739.1876,0.0,240156.3905,309895.57810000004,12033439.7904069,0.0,42113936.15244528,54147375.942852184,2.0,9.0,0.0,2.0,2.0,5.0,5.0,28.894,-8.235165780991323,0.7832014073304794,-81.299,11.68314305533643,0.5588172032665694,43,90
2022,20220403,0.0,0.0,233716.5224,0.0,0.0,233716.5224,35607864.55819534,0.0,0.0,35607864.55819534,11.0,12.0,0.0,3.0,2.0,15.0,15.0,29.076254545454546,-8.052911235536776,4.73532581526628,-87.03071818181819,5.951424873518249,9.225496245711474,42,89
2022,20220404,1.0,1544.8,844770.4526999999,265123.5942,437814.1893,1547708.2362,150333800.5289579,45656864.53874226,77859707.50469247,273850372.5723926,35.0,118.0,7.0,3.0,0.0,15.0,15.0,31.982246428571425,-5.146919352419896,2.3920492848346426,-94.51148214285715,-1.529339087520711,5.693520502565161,41,88
2022,20220405,1.0,1544.8,405088.84,1405968.7459,2572668.3877999997,4383725.9737,88614030.80802307,281657137.6621674,519764897.2280253,890036065.6982157,31.0,311.0,83.0,4.0,5.0,30.0,15.0,32.45349175257732,-4.675674028414001,1.3633737402692954,-85.89885429553264,7.083288759803793,4.813759027707447,40,87
2022,20220406,1.0,1544.8,878337.7953,412644.3889,982285.7108,2273267.895,175731144.9140279,77873414.92642292,199661974.51123503,453266534.3516859,42.0,201.0,23.0,4.0,10.0,45.0,15.0,33.3492093220339,-3.7799564589574217,2.1282282506431107,-83.40587457627119,9.576268479065249,2.662079129937535,39,86
2022,20220407,0.0,0.0,929783.0734,31346.4033,850026.2535999999,1811155.7303,176878883.0057536,5947503.0813727565,154631193.81261382,337457579.8997402,41.0,160.0,2.0,4.0,10.0,30.0,15.0,33.89706493506493,-3.2321008459263894,2.3968484257439173,-79.47774415584415,13.504398899492287,2.0520885310037826,38,85
2022,20220410,0.0,0.0,260470.6491,0.0,16343.503100000002,276814.1522,58244870.30556984,0.0,3656787.2517575,61901657.557327345,18.0,45.0,0.0,1.0,0.0,0.0,0.0,34.991245,-2.1379207809913225,3.2313340094301597,-96.634075,-3.651931944663559,1.9654217993453964,35,82
2022,20220411,1.0,2915.7,1246225.9133999995,63709.03999999999,215295.4699,1525230.4232999997,302130174.4756698,16199544.725808593,53429206.79017208,371758925.9916505,100.0,137.0,6.0,3.0,2.0,15.0,15.0,35.645239669421485,-1.4839261115698363,1.3735001875669912,-92.93313305785125,0.04900999748518586,2.109745668889514,34,81
2022,20220412,1.0,2915.7,4007854.6146,439090.93250000005,2040175.5164,6487121.0635,964036717.3309911,113783985.1674007,461695468.6106126,1539516171.1090045,253.0,254.0,33.0,4.0,10.0,15.0,30.0,39.070076829268295,1.9409110482769734,5.444018318188983,-94.6998743902439,-1.7177313349074694,2.633551352157862,33,80
2022,20220413,1.0,2915.7,726117.9032999999,803435.4623,5819720.386999999,7349273.752599999,140031065.15451646,191812333.43771476,1344296835.8986487,1676140234.49088,31.0,378.0,59.0,5.0,15.0,45.0,45.0,34.85738428246014,-2.2717814985311833,2.3562827435083302,-89.10352733485193,3.878615720484504,2.94817531770222,32,79
2022,20220414,0.0,0.0,17882.490700000002,0.0,1230673.8836,1248556.3743,4411636.588941964,0.0,162171719.99296728,166583356.58190924,1.0,137.0,0.0,5.0,15.0,45.0,30.0,41.43242857142857,4.303262790437245,1.4396485369318837,-77.50826428571429,15.473878769622146,12.922926604093215,31,78
2022,20220415,0.0,0.0,729320.9665,0.0,92320.0938,821641.0603,175232043.53164014,0.0,21954061.785943866,197186105.317584,56.0,11.0,0.0,3.0,0.0,15.0,5.0,35.1000453125,-2.029120468491321,1.8285135598917053,-91.33055,1.6515930553364342,2.68086826452663,30,77
2022,20220416,0.0,0.0,1353079.7527,0.0,223119.10830000005,1576198.861,218023132.47304365,0.0,55018005.3278271,273041137.8008708,38.0,43.0,0.0,3.0,2.0,5.0,15.0,35.378312903225805,-1.7508528777655172,2.489234414366562,-90.43738548387097,2.5447575714654675,8.048191412510562,29,76
2022,20220417,0.0,0.0,1044355.7085,65945.5322,658619.8001999999,1768921.0409,199717112.57618043,15002292.94241555,141908480.55490667,356627886.07350266,70.0,71.0,6.0,3.0,2.0,15.0,15.0,31.235615555555558,-5.893550225435764,1.3455174536362589,-90.06605111111111,2.916091944225329,5.05901336242297,28,75
2022,20220418,0.0,0.0,41984.77099999999,0.0,40384.9273,82369.69829999999,7119645.335626036,0.0,6581208.533954656,13700853.869580692,2.0,13.0,0.0,3.0,5.0,15.0,15.0,28.692,-8.437165780991322,2.1762628517713587,-83.696,9.286143055336439,2.8108948753021696,27,74
2022,20220419,0.0,0.0,4085.7422,0.0,0.0,4085.7422,469683.699585057,0.0,0.0,469683.699585057,1.0,45.0,0.0,2.0,2.0,5.0,5.0,29.56,-7.569165780991323,0.0,-101.04,-8.05785694466357,0.0,26,73
2022,20220420,0.0,0.0,49574.9763,0.0,2384.7595,51959.7358,13040578.488364669,0.0,626837.6167967033,13667416.105161373,4.0,6.0,0.0,2.0,0.0,5.0,5.0,37.496,0.3668342190086804,2.0403014483159096,-99.95,-6.967856944663566,13.394797497536127,25,72
2022,20220421,0.0,0.0,256518.2032,46463.678900000006,40420.909,343402.7911,66081472.64837093,8071965.451880683,10642596.292000985,84796034.3922526,27.0,22.0,1.0,3.0,2.0,15.0,15.0,37.99200606060606,0.862840279614737,1.1627214899050944,-96.39197878787878,-3.409835732542348,5.383477698114716,24,71
2022,20220422,0.0,0.0,277311.7556,8552.390800000001,71832.6424,357696.7888,92737849.38790128,3385774.8232305343,26250559.247126468,122374183.4582583,125.0,262.0,6.0,3.0,5.0,5.0,15.0,40.91643483146068,3.787269050469355,3.3359044178783934,-100.83718202247192,-7.855038967135485,2.1385155352962113,23,70
2022,20220423,0.0,0.0,427031.7852,122912.423,764143.3064,1314087.5146,119254378.5865272,34767570.45647053,217606890.7807466,371628839.8237443,44.0,232.0,16.0,4.0,5.0,30.0,30.0,41.22201538461538,4.09284960362406,3.4326968812395102,-96.45424807692308,-3.4721050215866427,2.6800013864096366,22,69
2022,20220424,0.0,0.0,75879.71980000002,34065.2293,329706.2833,439651.2324,17775491.760130856,7685861.742152082,75383945.24392724,100845298.7462102,8.0,19.0,2.0,3.0,5.0,15.0,15.0,37.675568,0.5464022190086766,4.952967937654486,-91.866324,1.1158190553364307,7.0055895219626825,21,68
2022,20220425,0.0,0.0,5811.817000000001,77369.2097,1286983.1180999998,1370164.1448,1457898.3041772584,12340657.412067946,185099923.36956617,198898479.08581135,2.0,37.0,2.0,3.0,2.0,15.0,15.0,39.40210487804878,2.27293909705746,5.670126472837762,-83.59086585365854,9.391277201677894,7.846861981665336,20,67
2022,20220426,0.0,0.0,598988.2192,54617.381100000006,2029691.8204,2683297.4206999997,102699222.68278416,9346765.302420096,373292648.8161576,485338636.8013618,20.0,66.0,2.0,2.0,0.0,5.0,5.0,36.01778863636363,-1.1113771446276886,1.483066523448232,-79.63423977272727,13.347903282609167,4.4148859094757285,19,66
2022,20220427,0.0,0.0,20493.5552,0.0,69932.9434,90426.4986,5964980.68781328,0.0,13811087.00499362,19776067.6928069,11.0,10.0,0.0,2.0,0.0,5.0,5.0,37.083333333333336,-0.04583244765798611,1.3609677929081683,-102.19952380952381,-9.217380754187374,1.5580548006744712,18,65
2022,20220428,0.0,0.0,128881.32499999998,1673.1377,70044.89759999998,200599.36029999997,47306219.45128839,724441.845919609,11197794.0352478,59228455.3324558,33.0,18.0,1.0,2.0,0.0,5.0,5.0,41.09850789473685,3.969342113745526,3.8804421200029173,-97.47949473684211,-4.497351681505677,4.68971971264966,17,64
2022,20220429,0.0,0.0,802260.8458000001,231151.0458,786566.6696999999,1819978.5613,211193763.99737185,58131352.77930175,209341677.78514424,478666794.5618179,99.0,161.0,27.0,3.0,2.0,5.0,15.0,39.307146781115875,2.1779810001245536,1.5015074141768172,-97.22584420600859,-4.243701150672152,2.052859372686984,16,63
2022,20220430,0.0,0.0,1469955.8564,224472.5531,494846.3016,2189274.7111,309464637.51165855,46478710.34911846,106061766.76724295,462005114.62802,64.0,61.0,7.0,5.0,10.0,45.0,30.0,37.18321208791209,0.054046306920767506,3.9823757577281875,-91.2506956043956,1.7314474509408342,4.628315576221179,15,62
2022,20220501,1.0,1230.1,1564936.8698,10657.9989,771275.4785,2346870.3471999997,321881843.7060321,2889261.1721061203,159503869.63129297,484274974.5094312,130.0,62.0,6.0,3.0,5.0,15.0,15.0,34.89793191489362,-2.2312338660977034,2.680384800202724,-94.28459946808512,-1.3024564127486826,10.48900834933182,14,61
2022,20220502,1.0,1230.1,851082.7165999999,112346.1853,944690.224,1908119.1259,198478766.03308883,27943748.517649252,209364149.5580832,435786664.1088213,67.0,104.0,11.0,4.0,5.0,15.0,30.0,36.55497070063694,-0.5741950803543787,2.532606884581253,-98.23961656050956,-5.257473505173124,7.990994431464603,13,60
2022,20220503,1.0,1230.1,1147705.5815,80036.13680000001,3991437.8809,5219179.5992,244908888.31428316,18830476.00425015,858132952.3312887,1121872316.649822,42.0,139.0,2.0,5.0,15.0,45.0,30.0,37.942393296089385,0.8132275150980632,2.9141460470137006,-81.86571061452514,11.116432440811295,2.5317216737013175,12,59
2022,20220504,0.0,0.0,830292.3171,245040.9348,544535.6277000001,1619868.8796,167273916.2743319,57039178.85941152,99655647.21284766,323968742.34659106,64.0,30.0,22.0,3.0,5.0,15.0,15.0,34.09889568965517,-3.030270091336149,2.399343051441996,-93.16735431034482,-0.1852112550083831,9.2132391821995,11,58
2022,20220505,0.0,0.0,1208007.7268000003,118443.2255,748530.4883000001,2074981.4406000003,256669494.3937959,24432311.80582381,162226045.4218698,443327851.6214895,67.0,54.0,7.0,4.0,10.0,30.0,30.0,34.82049590163934,-2.3086698793519815,3.4460066371390257,-94.24437049180328,-1.2622274364668442,5.789716430083164,10,57
2022,20220506,0.0,0.0,2867080.1439,261302.12729999996,7113104.4812,10241486.7524,571804240.1343005,54456456.85449576,1418734000.1864398,2044994697.175236,103.0,312.0,14.0,4.0,5.0,30.0,15.0,34.83070827250608,-2.2984575084852423,2.3794816013269258,-82.45321849148418,10.528924563852257,4.436917411655564,9,56
2022,20220507,0.0,0.0,14109.3817,4722.059200000001,10251.3442,29082.7851,7162967.3142345,2484607.0318272337,5218795.949247323,14866370.295309056,14.0,49.0,3.0,4.0,10.0,30.0,15.0,43.3226,6.1934342190086795,2.06457503095953,-100.19539999999999,-7.213256944663556,0.9430872037336513,8,55
2022,20220508,0.0,0.0,22408.5537,1844.0199,2582.4875,26835.0611,8386612.421640727,855688.0335905703,884968.2220725273,10127268.677303825,8.0,67.0,1.0,3.0,0.0,15.0,15.0,44.645390909090914,7.516225128099592,2.5948985877889514,-101.38663636363636,-8.40449330829992,8.112236587683169,7,54
2022,20220509,1.0,2354.4,1816070.9615999996,109071.3367,371543.19000000006,2296685.4883,509000585.92994666,26831844.369561218,100294367.67218162,636126797.9716895,142.0,67.0,6.0,2.0,0.0,5.0,5.0,45.05927570621469,7.93010992522337,1.846389278222769,-93.96490960451978,-0.9827665491833386,3.4885141703082287,6,53
2022,20220510,0.0,0.0,207563.2131,0.0,212916.4715,420479.6846,56371047.68801841,0.0,55804975.5377184,112176023.2257368,41.0,79.0,0.0,3.0,5.0,15.0,15.0,35.746832110091745,-1.3823336708995768,3.8916312369046464,-100.1903605504587,-7.20821749512227,5.063717964873352,5,52
2022,20220511,1.0,2949.6,1210372.2275,118929.0517,1177560.4991,2506861.7783000004,330753542.3511755,35017834.82804928,330906825.61396587,696678202.7931907,95.0,122.0,9.0,4.0,5.0,30.0,15.0,43.51894213197969,6.38977635098837,2.6514318582379413,-95.05132842639594,-2.069185371059504,3.8510915404019137,4,51
2022,20220512,1.0,2949.6,1126248.832,199659.25249999997,2734882.1263999995,4060790.2108999994,331513250.7149409,69417474.90330493,919585634.1114304,1320516359.7296762,144.0,487.0,33.0,4.0,10.0,30.0,30.0,43.85564082278481,6.726475041793485,2.6653356246074407,-96.32558481012659,-3.343441754790149,2.532439464411723,3,50
2022,20220513,0.0,0.0,1297106.6860999998,48152.9328,193218.06140000004,1538477.6803,283086384.8266331,12365828.505266946,45144392.68612403,340596606.0180241,91.0,86.0,3.0,5.0,10.0,45.0,30.0,36.00623119266055,-1.1229345883307715,3.893362608021057,-93.99102935779815,-1.0088863024617183,4.81093174461582,2,49
2022,20220514,0.0,0.0,1124405.3498,0.0,500146.0285,1624551.3783,276813388.05672514,0.0,113737467.90550916,390550855.9622343,98.0,25.0,0.0,3.0,0.0,15.0,15.0,37.13649918699187,0.007333406000547882,2.6364083859406815,-93.17635609756098,-0.19421304222454694,5.7574976940144325,1,48
2022,20220515,0.0,0.0,2419358.1226999997,33159.0712,2720419.799600001,5172936.993500001,532264093.60938805,7013784.285563288,583277664.8769652,1122555542.7719164,163.0,176.0,2.0,2.0,0.0,5.0,5.0,34.988789442815246,-2.1403763381760754,2.903508680576369,-92.78914897360704,0.19299408172939536,4.554367229727109,0,47
2022,20220516,0.0,0.0,2606403.2218,56725.688299999994,7906121.010100001,10569249.9202,397662564.61589575,11009593.474545669,1231190713.2690403,1639862871.3594818,61.0,229.0,5.0,4.0,2.0,30.0,30.0,39.66717263157895,2.538006850587628,3.531272373164336,-80.89752245614035,12.084620599196086,10.537418406152662,1,46
2022,20220517,0.0,0.0,343669.5735,6557.1359999999995,322999.0344,673225.7439,92335699.63854004,2799183.38991763,82339408.60819836,177474291.63665602,62.0,49.0,5.0,4.0,5.0,45.0,15.0,39.84124594594595,2.712080164954628,2.7582213097898576,-98.6553045045045,-5.673161449168063,3.1213733755683255,2,45
2022,20220518,0.0,0.0,534163.0541000001,5366.3128,823873.4209999999,1363402.7879,146293521.10140795,1546717.4391390204,215816354.049466,363656592.5900129,51.0,114.0,1.0,4.0,5.0,30.0,30.0,41.61958421052632,4.490418429534998,4.732794755745697,-93.4331697368421,-0.4510266815056667,5.329188977758954,3,44
2022,20220519,1.0,2625.4,5288555.6884,272701.88289999997,2449137.0925000003,8010394.6638,1300534990.580726,66368149.097827576,562388391.3275788,1929291531.0061328,253.0,182.0,16.0,3.0,2.0,15.0,15.0,40.17215812182741,3.0429923408360864,3.5731057126879526,-88.92934923857868,4.052793816757756,5.687702129892497,4,43
2022,20220520,0.0,0.0,4425754.475399999,125957.6205,2525041.9296999997,7076754.025599999,615306571.6165427,17498114.1071426,445564698.188221,1078369383.9119062,62.0,79.0,3.0,4.0,5.0,30.0,30.0,39.27519629629629,2.1460305153049717,3.6261669575793,-79.72876148148147,13.253381573854966,5.294415295059965,5,42
2022,20220521,0.0,0.0,3382819.5083,153217.0145,6403563.4712,9939599.994,676627254.8575879,36678989.308341905,1319048574.279781,2032354818.4457111,132.0,246.0,7.0,3.0,5.0,15.0,15.0,37.46612663185378,0.33696085086246086,3.9644459557277023,-84.93202010443865,8.050122950897787,6.456225711407299,6,41
2022,20220522,0.0,0.0,349527.4205,0.0,9243818.095200002,9593345.5157,52613695.42760922,0.0,1396272965.809487,1448886661.2370963,12.0,181.0,0.0,3.0,5.0,15.0,15.0,38.75757172774869,1.6284059467573684,4.16306521673339,-77.38103246073298,15.601110594603455,5.499537630650485,7,40
2022,20220523,0.0,0.0,275198.23689999996,208166.7251,2046372.7873,2529737.7493,40636394.422855236,43561826.12400401,378701179.2470132,462899399.7938725,29.0,91.0,16.0,3.0,5.0,15.0,15.0,33.38155514705882,-3.747610633932503,2.3839656917062726,-87.8288875,5.153255555336443,10.135889965314039,8,39
2022,20220524,0.0,0.0,636514.1858999999,20719.786399999997,1057959.0839,1715193.0562,105319089.12376516,4315890.024325557,193424892.05544323,303059871.20353395,75.0,88.0,2.0,3.0,2.0,15.0,15.0,31.443771333333334,-5.685394447657988,1.6928105871413404,-97.89732533333333,-4.915182277996891,5.8871311379306634,9,38
2022,20220525,0.0,0.0,10066.758500000002,157762.0072,2333973.8363,2501802.602,1175495.4093920323,33066771.46819285,495224727.437326,529466994.3149109,1.0,112.0,7.0,4.0,5.0,30.0,30.0,34.28271083333333,-2.846454947657989,4.76855192574613,-89.65381333333333,3.3283297220031045,4.378155579788034,10,37
2022,20220526,0.0,0.0,138644.34600000002,292728.88820000004,1827895.5566,2259268.7908000005,29716624.009408426,61254319.99299325,396222366.4974412,487193310.4998429,6.0,84.0,10.0,3.0,5.0,15.0,5.0,36.528827551020406,-0.6003382299709159,4.778270757428355,-85.33183163265306,7.650311422683373,10.517197326897813,11,36
2022,20220527,0.0,0.0,54312.7793,603118.0665,6939732.9946,7597163.8404,11288922.970650338,96199257.88966464,1119883632.5343926,1227371813.3947077,8.0,168.0,15.0,3.0,5.0,15.0,15.0,38.18513789473684,1.0559721137455185,2.4374926809898625,-81.61356105263158,11.368582002704855,9.089364320661437,12,35
2022,20220528,0.0,0.0,3218.4875999999995,0.0,361677.1908,364895.6784,1282916.4313881125,0.0,49210426.58967167,50493343.02105978,4.0,51.0,0.0,3.0,5.0,15.0,5.0,43.725169230769225,6.596003449777903,1.4907603299710528,-100.07958076923077,-7.097437713894337,10.2537272853151,13,34
2022,20220529,0.0,0.0,410962.95579999994,0.0,270613.06359999994,681576.0193999999,123105258.2478738,0.0,64530913.0526247,187636171.30049852,79.0,53.0,0.0,4.0,0.0,30.0,15.0,42.39631239669421,5.267146615702892,4.841709536888292,-97.33739669421489,-4.355253638878452,5.832917042025852,14,33
2022,20220530,0.0,0.0,770261.1207999999,330040.09910000005,3005827.6452,4106128.8651,239161853.71758613,109087198.32704107,880889506.4774507,1229138558.522078,109.0,347.0,45.0,4.0,5.0,30.0,30.0,44.258550519750514,7.129384738759192,3.2866895224217036,-94.92111122661122,-1.9389681712747802,2.799711288076336,15,32
2022,20220531,0.0,0.0,593853.7071,185051.7802,428000.6126,1206906.0998999998,142138534.98435006,39055913.80801718,97789389.89032108,278983838.6826883,71.0,45.0,14.0,5.0,15.0,45.0,30.0,35.43174307692308,-1.697422704068245,3.3792036477339833,-96.71334923076923,-3.7312061754327885,5.277406545902619,16,31
2022,20220601,0.0,0.0,1152557.2417,0.0,4110265.9771,5262823.2188,217143633.4035137,0.0,816412893.0093138,1033556526.4128276,41.0,116.0,0.0,4.0,2.0,30.0,30.0,39.35654387096774,2.227378089976419,3.469971758709957,-84.29540516129032,8.686737894046118,8.57189182925454,17,30
2022,20220602,0.0,0.0,709644.7585,0.0,7536088.9888,8245733.747300001,113096411.01526,0.0,1225455932.2734118,1338552343.2886715,18.0,184.0,0.0,3.0,2.0,15.0,15.0,37.16575148514851,0.03658570415718998,1.8850861193948407,-80.64169306930692,12.340449986029512,6.468602639828135,18,29
2022,20220603,0.0,0.0,507011.3699,26791.4043,641042.4151,1174845.1893,103548723.56242624,5747145.2465316355,126466599.30764204,235762468.11659992,45.0,46.0,6.0,3.0,0.0,15.0,5.0,36.354463157894735,-0.7747026230965872,4.532272644285524,-94.41282842105262,-1.4306853657161867,12.336241386935358,19,28
2022,20220604,0.0,0.0,267607.0448,5684.0554,39865.2646,313156.3648,62311866.90551958,1512917.9303531083,9749346.903140292,73574131.73901299,42.0,11.0,2.0,3.0,5.0,15.0,15.0,41.035816363636364,3.9066505826450424,2.9027331144951187,-95.50389636363636,-2.521753308299921,10.630986678450588,20,27
2022,20220605,0.0,0.0,287457.7816,946.2845,177256.75800000003,465660.8241,82780315.21702981,362344.00926964136,43292091.65881235,126434750.8851118,88.0,23.0,1.0,3.0,2.0,15.0,15.0,40.28630714285714,3.1571413618658184,3.905369367074236,-103.36326339285714,-10.381120337520699,8.145972611460575,21,26
2022,20220606,0.0,0.0,725181.1830000001,49834.5264,1379558.3579000002,2154574.0673,167105847.59420797,10132450.792164398,300043259.75811857,477281558.14449096,95.0,72.0,4.0,4.0,5.0,30.0,30.0,38.79294385964912,1.6637780786577991,4.210501498411303,-95.35911812865497,-2.3769750733185333,8.056638424617452,22,25
2022,20220607,1.0,2044.8,1346451.2974,54566.49080000001,995037.6619,2396055.4501,323316589.67821383,14086424.142977808,258384847.9818212,595787861.8030128,202.0,127.0,14.0,3.0,2.0,15.0,15.0,39.603403206997086,2.4742374260057645,1.9638589133338729,-99.06529096209913,-6.08314790676269,4.120910243477906,23,24
2022,20220608,1.0,2044.8,1267013.6031,494932.47910000006,7371897.122800002,9133843.205000002,273446785.6094336,110046118.00032434,1467272705.6063824,1850765609.2161405,66.0,326.0,17.0,4.0,5.0,30.0,30.0,37.32358596059113,0.19442017959980973,2.3482564139808924,-88.06099408866994,4.921148966666493,9.154451830689233,24,23
2022,20220609,0.0,0.0,77697.23670000001,127539.5055,1183799.1679,1389035.9101,21862805.89199559,18299932.11651794,186363739.44593772,226526477.4544513,23.0,57.0,3.0,3.0,5.0,15.0,15.0,36.15413975903614,-0.9750260219551805,4.435683630593708,-91.88576987951808,1.096373175818357,10.547021346248806,25,22
2022,20220610,0.0,0.0,632009.294,0.0,1105315.1217,1737324.4157,139530344.91445962,0.0,254258357.1607803,393788702.0752399,26.0,102.0,0.0,3.0,2.0,15.0,15.0,34.85102301587302,-2.2781427651183037,3.814510737783555,-92.47800396825396,0.5041390870824785,4.313690917261469,26,21
2022,20220611,0.0,0.0,348023.84719999996,130550.6768,779688.9036,1258263.4276,93552737.30404,30880322.813723356,174803326.93657434,299236387.0543377,54.0,78.0,12.0,4.0,2.0,30.0,5.0,40.82291328671329,3.6937475057219658,3.1700456734221922,-97.57690069930071,-4.594757643964272,6.519203892623011,27,20
2022,20220612,0.0,0.0,372202.6151,28635.5389,1205660.3545,1606498.5085,90212714.7761772,6486258.715323077,249821884.4850127,346520857.976513,65.0,145.0,7.0,3.0,5.0,15.0,15.0,41.70882197802198,4.579656197030658,3.6477704243848814,-96.1648087912088,-3.1826657358723622,9.548934839949526,28,19
2022,20220613,1.0,3418.6,2443855.0841,398375.77579999994,13715057.0986,16557287.9585,546525415.2926062,85151644.82254955,2980262757.140312,3611939817.255468,105.0,438.0,10.0,3.0,5.0,15.0,15.0,41.045870095238094,3.916704314246772,2.3820437685458504,-87.30080704761905,5.681336007717391,7.183556588296592,29,18
2022,20220614,0.0,0.0,521069.6761,25676.8415,4703847.4821999995,5250593.999799999,133758374.8036874,7132315.473212678,973883592.4437876,1114774282.7206876,66.0,294.0,3.0,4.0,5.0,30.0,15.0,38.05069732937685,0.9215315483855306,5.115079567547699,-88.93225192878339,4.0498911265530495,8.192064099738818,30,17
2022,20220615,0.0,0.0,965386.8131,206140.0158,5595981.068599999,6767507.897499999,207746142.39625084,60780347.711007394,1197139198.8867614,1465665688.9940195,47.0,268.0,16.0,3.0,2.0,15.0,15.0,38.49714358108108,1.3679778000897613,5.728800560760999,-87.32228614864866,5.659856906687779,3.658944009740736,31,16
2022,20220616,0.0,0.0,3146753.2983999997,250946.81429999997,9403537.325,12801237.4377,597009980.8538413,40470436.10545088,1745718062.5806954,2383198479.5399876,107.0,315.0,7.0,4.0,10.0,30.0,30.0,38.22061448598131,1.0914487049899861,3.469638538115472,-81.73154252336448,11.250600531971955,5.865670779442114,32,15
2022,20220617,0.0,0.0,1555069.4266,41479.9906,17636079.6394,19232629.0566,316228459.41952014,8921946.085625112,3657161542.502346,3982311948.007491,72.0,820.0,2.0,4.0,5.0,30.0,15.0,36.634820705882355,-0.4943450751089671,2.6184912614984386,-83.73776105882354,9.2443819965129,5.246198771528768,33,14
2022,20220618,0.0,0.0,255718.4426,0.0,387998.9415,643717.3841,50776058.549529746,0.0,71885203.03643851,122661261.58596826,21.0,37.0,0.0,3.0,2.0,15.0,5.0,38.14430217391304,1.0151363929217183,8.672863373162908,-97.35937608695652,-4.377233031620079,13.207742676832233,34,13
2022,20220619,0.0,0.0,76584.01359999999,7236.356400000001,469033.2137,552853.5837000001,18939601.570420574,1295806.7378925127,95855986.73540635,116091395.04371946,25.0,70.0,1.0,2.0,0.0,5.0,5.0,42.48874361702128,5.359577836029956,5.2738447578808785,-102.65800851063831,-9.675865455301874,7.686353233045736,35,12
2022,20220620,0.0,0.0,130130.6863,21244.1127,970507.2546000002,1121882.0536000002,48315361.271259256,8717334.812998172,327791382.7478415,384824078.8320989,53.0,232.0,7.0,3.0,2.0,15.0,15.0,45.43151293706294,8.302347156071619,2.026656463797726,-97.31357587412587,-4.3314328187894375,3.280582878645424,36,11
2022,20220621,0.0,0.0,23305.129,1879.6875,963339.486,988524.3025,6061994.786525543,631063.5430645378,237637847.96771857,244330906.29730865,3.0,69.0,1.0,3.0,2.0,15.0,15.0,40.22557808219178,3.096412301200459,2.284921355213991,-94.497201369863,-1.51505831452657,3.0538581058089105,37,10
2022,20220622,0.0,0.0,252958.84859999997,0.0,10563304.7386,10816263.5872,46086158.47890167,0.0,2033441906.8630464,2079528065.3419485,9.0,338.0,0.0,2.0,0.0,5.0,5.0,38.8143436416185,1.685177860627178,1.2477490133755835,-81.68720693641619,11.294936118920248,5.678094826914229,38,9
2022,20220623,0.0,0.0,609924.6562000001,59064.007,834611.8084,1503600.4716,171730603.43436533,13485520.171941206,170532542.90944895,355748666.51575553,68.0,55.0,8.0,3.0,2.0,15.0,15.0,41.595956589147285,4.466790808155963,5.805334204686302,-94.7075550387597,-1.7254119834232569,8.65826470025498,39,8
2022,20220624,0.0,0.0,240681.5862,29411.8531,1258658.8577,1528752.297,73573500.32723941,8801304.445610087,264926249.16829804,347301053.94114757,74.0,114.0,11.0,3.0,2.0,15.0,15.0,42.50431356783919,5.375147786847869,6.573604000202756,-94.975616080402,-1.993473025065569,6.669927467003955,40,7
2022,20220625,0.0,0.0,149664.322,12701.4933,462785.1886,625151.0039,43421215.016456686,2487172.8055886445,98267359.2298574,144175747.05190274,22.0,25.0,1.0,4.0,5.0,30.0,30.0,38.73735416666667,1.6081883856753478,4.0405266543686,-93.76260416666666,-0.7804611113302258,7.9469705800107695,41,6
2022,20220626,0.0,0.0,78802.5028,21083.5812,941635.1433999998,1041521.2274,17122543.801288027,4933918.81128058,193922054.1311315,215978516.74370012,5.0,55.0,2.0,3.0,0.0,15.0,5.0,35.53641525423728,-1.5927505267540383,3.34497338249363,-88.87273898305085,4.109404072285585,6.3112245016324575,42,5
2022,20220627,0.0,0.0,170161.70419999998,0.0,384386.7663,554548.4705,45969581.21498595,0.0,68885453.865652,114855035.08063796,13.0,13.0,0.0,2.0,0.0,5.0,0.0,38.81573846153846,1.6865726805471368,7.647011758488512,-92.52941153846155,0.4527315168748913,5.3698523401916285,43,4
2022,20220628,0.0,0.0,196181.34609999997,0.0,403605.64809999993,599786.9941999998,52277069.58138858,0.0,86248059.32294643,138525128.90433502,19.0,63.0,0.0,1.0,0.0,0.0,0.0,42.98832804878049,5.859162267789166,5.929490198565353,-102.77437073170732,-9.792227676370885,11.150783231213094,44,3
2022,20220629,0.0,0.0,82485.9433,0.0,338627.7637,421113.707,26526088.346178222,0.0,78665343.44700804,105191431.79318628,23.0,73.0,0.0,3.0,2.0,15.0,15.0,43.691497777777776,6.562331996786455,4.500296026242635,-99.14105666666667,-6.1589136113302345,6.886414012950725,45,2
2022,20220630,0.0,0.0,25767.9639,40736.856,91041.2074,157546.02730000002,9140900.241724543,7375727.695768763,21186438.791470654,37703066.72896395,11.0,20.0,2.0,3.0,2.0,15.0,15.0,42.67400606060606,5.544840279614739,5.445519580348792,-93.43774242424242,-0.45559936890597896,8.75870383882621,46,1
2022,20220701,0.0,0.0,971000.9607,0.0,5581538.4367,6552539.3974,156332331.84917384,0.0,925570469.266232,1081902801.115406,30.0,140.0,0.0,3.0,2.0,15.0,5.0,40.76757619047619,3.6384104094848695,3.090797123512179,-83.07068273809524,9.911460317241193,11.268636728490371,47,0
2022,20220702,0.0,0.0,1021411.5111,0.0,3904129.8525,4925541.3636,153559824.58838755,0.0,622768090.4584403,776327915.0468278,38.0,111.0,0.0,3.0,0.0,15.0,5.0,41.49068523489933,4.361519453908009,3.853187970270849,-90.18155637583892,2.8005866794975134,14.974037910976712,48,1
2022,20220703,0.0,0.0,208380.1833,7992.116599999999,1022394.715,1238767.0149,51455473.59507197,2656006.473454611,202952263.55689564,257063743.6254222,44.0,84.0,2.0,3.0,0.0,15.0,15.0,42.03570703125,4.906541250258677,5.040342884461561,-98.7309140625,-5.748771007163569,10.245455801220437,49,2
2022,20220704,0.0,0.0,59345.3025,0.0,4060407.7633,4119753.0658,18637305.788494647,0.0,798092335.561675,816729641.3501697,19.0,100.0,0.0,4.0,2.0,30.0,15.0,40.982899159663866,3.853733378672544,3.7656999202996877,-91.78477815126051,1.1973649040759256,8.277050987408666,50,3
2022,20220705,0.0,0.0,372614.5499,228414.016,5468826.5453,6069855.1112,96270837.13843404,41244527.63156413,1257452325.822884,1394967690.5928822,63.0,316.0,7.0,3.0,5.0,15.0,15.0,41.80908493506494,4.679919154073616,3.428055135672403,-93.06824415584416,-0.0861011005077188,8.80330111681144,51,4
2022,20220706,0.0,0.0,290756.31039999996,117469.2218,6674261.2691,7082486.8013,62865559.76416578,26361864.168657247,1378813010.3596485,1468040434.2924714,58.0,264.0,6.0,4.0,0.0,30.0,15.0,38.749554268292684,1.620388487301362,3.8539679402225278,-87.7578387195122,5.224304335824243,10.866477954497999,52,5
2022,20220707,0.0,0.0,154063.8217,81126.75409999999,2458490.3529,2693680.9287,41813221.09998026,17471644.069867283,494292594.16510606,553577459.3349535,47.0,97.0,7.0,3.0,0.0,15.0,15.0,39.16031721854305,2.0311514375517277,5.742169971520778,-93.01023377483443,-0.02809071949799602,13.280007679701034,53,6
2022,20220708,0.0,0.0,165864.51919999998,12635.5952,2836923.2459,3015423.3603,41775776.93107544,3451906.53199083,598777467.752078,644005151.2151443,37.0,158.0,1.0,3.0,2.0,15.0,15.0,39.11743010204082,1.988264321049499,5.347535550432599,-94.02361020408163,-1.0414671487451983,11.097002411989022,54,7
2022,20220709,0.0,0.0,47585.3639,10216.8318,1075142.8127,1132945.0084000002,16340413.285381436,2003318.312955242,238895031.01472777,257238762.61306444,33.0,99.0,1.0,3.0,2.0,15.0,15.0,39.86290984848485,2.733744067493525,6.866230345293923,-97.9056590909091,-4.923516035572661,10.139832618753069,55,8
2022,20220710,0.0,0.0,173565.96209999998,0.0,479327.6689,652893.6309999999,59371428.97721617,0.0,118055604.07747366,177427033.05468982,49.0,107.0,0.0,3.0,2.0,15.0,15.0,45.10536516129032,7.9761993802990006,4.197966277167188,-99.10233161290323,-6.120188557566792,4.437933283763625,56,9
2022,20220711,0.0,0.0,29236.8938,83152.4498,610023.4426999999,722412.7862999999,8492455.538468404,19337588.853869144,156801639.79963878,184631684.1919763,4.0,47.0,3.0,3.0,5.0,15.0,15.0,41.402662962962964,4.273497181971642,3.7219158153719154,-93.0635962962963,-0.08145324095985984,5.26407504459049,57,10
2022,20220712,0.0,0.0,1749234.1327,73299.2142,19585853.0718,21408386.4187,322321654.3246928,12322268.512205925,3083747456.4947743,3418391379.331673,72.0,436.0,2.0,3.0,2.0,15.0,15.0,39.526518431372544,2.3973526503812224,2.7332263108818053,-79.54890588235294,13.433237172983496,7.542391367639127,58,11
2022,20220713,0.0,0.0,121191.8459,79884.76180000001,2375751.5819,2576828.1896,29058714.01697079,10687255.522595264,416243538.5938449,455989508.13341093,17.0,121.0,1.0,4.0,2.0,30.0,5.0,38.20219347826087,1.073027697269545,5.52020988256981,-94.38464927536232,-1.4025062200258844,13.363589450160642,59,12
2022,20220714,0.0,0.0,522431.99509999994,0.0,2022077.4939,2544509.489,78079967.64989746,0.0,293972815.49477905,372052783.1446765,13.0,60.0,0.0,3.0,0.0,15.0,5.0,37.97056301369863,0.8413972327073083,5.171434805778621,-91.32746164383562,1.6546814115008175,16.225968344820586,60,13
2022,20220715,0.0,0.0,84437.6898,0.0,152767.229,237204.9188,24301161.273990948,0.0,33424652.425633896,57725813.69962485,14.0,42.0,0.0,3.0,2.0,15.0,15.0,44.7512425925926,7.622076811601275,3.369364343813116,-104.2202962962963,-11.23815324095986,8.87474423231694,61,14
2022,20220716,0.0,0.0,308618.37850000005,0.0,2887703.3915,3196321.77,53117680.80535701,0.0,484488515.82126176,537606196.6266187,25.0,111.0,0.0,3.0,0.0,15.0,5.0,38.29636029411765,1.1671945131263257,3.2253506505501615,-91.60040294117647,1.3817401141599674,13.27274948603726,62,15
2022,20220717,0.0,0.0,73823.135,61950.83780000001,2158686.7139,2294460.6867,13535507.840970106,14128849.89664767,405367904.8231719,433032262.5607897,5.0,106.0,2.0,2.0,0.0,5.0,5.0,37.37939017857143,0.25022439758010506,3.841189097703608,-96.98756875000001,-4.005425694663572,14.004048299894267,63,16
2022,20220718,0.0,0.0,47907.6667,180900.714,3473839.1103000008,3702647.491000001,13407566.161129676,24392706.86863871,549520708.0164359,587320981.0462042,21.0,136.0,5.0,3.0,2.0,15.0,5.0,42.94931984732824,5.820154066336919,4.975503993913502,-90.4797893129771,2.5023537423593325,13.523778436825516,64,17
2022,20220719,0.0,0.0,40375.8416,3969.2889,1221214.5313,1265559.6618,9322955.896885289,447517.8346162085,210819635.92130253,220590109.652804,13.0,82.0,1.0,4.0,5.0,30.0,30.0,41.24760722891566,4.11844144792434,7.357719797729345,-90.19756265060242,2.7845804047340152,10.293142766788502,65,18
2022,20220720,0.0,0.0,91050.411,76120.3321,1988321.6462,2155492.3893,21778360.443173897,17448191.47629098,399957380.5127741,439183932.432239,10.0,81.0,2.0,3.0,2.0,15.0,15.0,38.52539239130435,1.396226610313029,4.547361800163895,-87.68867608695652,5.293466968379917,8.452829424444959,66,19
2022,20220721,0.0,0.0,2028689.4013000005,0.0,8584535.6177,10613225.019,302971966.35359,0.0,1408679503.81069,1711651470.16428,87.0,255.0,0.0,3.0,2.0,15.0,5.0,39.84913020527859,2.7199644242872694,4.597851213491854,-83.17418680351906,9.807956251817373,10.744840611550229,67,20
2022,20220722,1.0,1433.8,402383.91919999995,71276.9747,1238323.7304999998,1711984.6244,83109187.7906639,14867666.164942063,243111249.11695328,341088103.07255924,25.0,121.0,10.0,3.0,2.0,15.0,5.0,43.009616666666666,5.880450885675344,4.829309338529096,-96.03484615384615,-3.05270309850971,10.414257969040666,68,21
2022,20220723,1.0,1433.8,2073255.9332,315930.21930000006,13561910.8919,15951097.0444,449844819.65361565,68626102.62069206,2979752571.6359906,3498223493.9102983,73.0,478.0,9.0,2.0,0.0,5.0,5.0,41.175776428571425,4.046610647580103,2.66790802320213,-86.95170589285715,6.030437162479288,6.342376914879353,69,22
2022,20220724,1.0,1433.8,126123.4009,0.0,10651325.714699998,10777449.1156,27870709.45125314,0.0,1707569365.656533,1735440075.1077862,17.0,256.0,0.0,4.0,5.0,30.0,15.0,41.536888278388275,4.4077224973969535,2.7349586184648262,-80.68894395604396,12.29319909929248,9.21719783892503,70,23
2022,20220725,0.0,0.0,320576.87820000004,0.0,3648216.822,3968793.7002,41359229.6396432,0.0,606509303.6483864,647868533.2880296,6.0,101.0,0.0,4.0,5.0,30.0,5.0,39.469231428571426,2.3400656475801043,2.8509475040128978,-79.11920476190475,13.862938293431682,6.4666980844076,71,24
2022,20220726,0.0,0.0,92681.6329,20909.7109,1319429.5000999998,1433020.8438999995,22271689.245009854,4475708.818213985,239542199.4038282,266289597.46705204,16.0,51.0,4.0,3.0,2.0,15.0,5.0,37.72220281690141,0.5930370359100863,3.1213961626156896,-90.32693802816901,2.655205027167426,11.12409088253785,72,25
2022,20220727,0.0,0.0,499879.34449999995,0.0,792241.1382,1292120.4827,98082245.81403972,0.0,172822021.74294043,270904267.55698013,51.0,56.0,0.0,2.0,0.0,5.0,5.0,39.06503364485981,1.9358678638684879,1.9038575915876734,-98.5648186915888,-5.582675636252361,8.567647223285176,73,26
2022,20220728,0.0,0.0,44116.1234,138442.01320000002,2117178.015,2299736.1516,11066408.248455131,21226000.38402279,341515963.6572673,373808372.2897452,4.0,66.0,4.0,3.0,2.0,15.0,15.0,38.889586486486486,1.7604207054951644,3.310548424389205,-90.20987162162162,2.7722714337148204,15.12436598781229,74,27
2022,20220729,0.0,0.0,4086.0949,40669.4943,862766.9881,907522.5773,1212121.0614925146,7202346.320421499,150658201.01902166,159072668.40093568,3.0,33.0,2.0,3.0,2.0,15.0,5.0,36.648589189189195,-0.48057659180212653,2.78695094590484,-88.82745135135134,4.154691703985094,12.615065677629305,75,28
2022,20220730,0.0,0.0,35017.1236,0.0,562487.2845000001,597504.4081000001,7214732.627312918,0.0,102109186.3159949,109323918.94330782,2.0,30.0,0.0,3.0,0.0,15.0,0.0,37.541096875,0.4119310940086791,6.46032332744664,-104.25759375,-11.275450694663562,11.587584376557118,76,29
2022,20220731,0.0,0.0,24841.485299999997,13874.1033,324581.74700000003,363297.3356000001,4388296.900538143,4055227.234776382,60399855.45677233,68843379.59208685,2.0,20.0,1.0,2.0,0.0,5.0,5.0,36.62867826086956,-0.5004875201217587,3.731164445701847,-92.0362652173913,0.9458778379451331,16.118855261931564,77,30
2022,20220801,0.0,0.0,430721.3095,187778.1427,2200431.2775,2818930.7297,108921173.39048263,41982371.62827108,464550276.72319394,615453821.7419477,29.0,91.0,7.0,3.0,2.0,15.0,15.0,39.5426856,2.413519819008677,2.129278145125031,-89.4906368,3.491506255336432,9.990271364113932,78,31
2022,20220802,0.0,0.0,274218.77660000004,0.0,1226939.3616,1501158.1382,70056200.5828918,0.0,324476369.70510864,394532570.28800046,29.0,104.0,0.0,3.0,2.0,15.0,15.0,43.387544360902254,6.258378579910932,3.747643792486913,-93.09846165413533,-0.11631859879889817,5.0518403106243115,79,32
2022,20220803,0.0,0.0,289725.34640000004,0.0,6413791.7978,6703517.1442,60609794.01900908,0.0,1383228271.1942115,1443838065.2132208,12.0,212.0,0.0,3.0,2.0,15.0,15.0,39.61693169642857,2.487765915437251,4.273635699038232,-86.38880982142858,6.593333233907856,4.253294178838528,80,33
2022,20220804,0.0,0.0,335942.0524,36652.7003,8974471.699800001,9347066.4525,54900600.47093079,5552212.6414437145,1404118610.3638809,1464571423.4762554,11.0,207.0,1.0,3.0,2.0,15.0,5.0,40.679380930232554,3.5502151492412324,2.9710556532375247,-80.73130930232558,12.250833753010852,10.675194980167149,81,34
2022,20220805,0.0,0.0,233099.2646,19045.9966,2796282.8167,3048428.0779,51477657.026696615,3407099.2472383454,482670121.0822059,537554877.3561409,28.0,101.0,1.0,2.0,0.0,5.0,5.0,40.91493100775194,3.785765226760617,4.4783924896000356,-87.68093333333333,5.301209722003108,10.661630535002411,82,35
2022,20220806,0.0,0.0,164128.90089999998,0.0,539053.3508,703182.2517,35244794.6087488,0.0,110653815.98040476,145898610.58915356,8.0,30.0,0.0,3.0,0.0,15.0,15.0,36.15532777777778,-0.9738380032135439,2.6262359655284064,-90.99418888888889,1.987954166447551,10.046537069395113,83,36
2022,20220807,0.0,0.0,76148.6253,0.0,1890523.7873,1966672.4126,11537769.61231146,0.0,307156021.86506,318693791.47737145,6.0,50.0,0.0,2.0,0.0,5.0,5.0,38.44964642857143,1.320480647580105,4.324923399004866,-86.27478035714286,6.707362698193577,15.887844884810168,84,37
2022,20220808,0.0,0.0,77255.70199999999,32014.84050000001,1188231.4344,1297501.9769,17581147.604993798,5858473.822585996,235161769.71653992,258601391.1441197,5.0,69.0,2.0,2.0,2.0,5.0,5.0,35.997217808219176,-1.1319479727721458,3.993851785360651,-89.9969301369863,2.9852129183501432,8.40713455603309,85,38
2022,20220809,0.0,0.0,90535.93790000002,0.0,1460114.3375,1550650.2754,17836593.693191387,0.0,284775988.36776584,302612582.06095725,7.0,64.0,0.0,2.0,0.0,5.0,0.0,35.341150704225356,-1.7880150767659657,3.481357152518592,-89.6865352112676,3.29560784406884,12.304804825225206,86,39
2022,20220810,0.0,0.0,32929.5092,0.0,2863114.9578000004,2896044.4670000006,6699461.296484043,0.0,475108561.74016446,481808023.0366485,1.0,94.0,0.0,2.0,0.0,5.0,0.0,35.543724210526314,-1.585441570465008,3.6071299971181707,-87.06437684210526,5.917766213231175,12.995516041004727,87,40
2022,20220811,0.0,0.0,57699.4167,0.0,342866.1549000001,400565.5716000001,17226434.846535914,0.0,68839222.23636732,86065657.08290324,13.0,29.0,0.0,2.0,0.0,5.0,5.0,39.737135,2.6079692190086803,5.816754978708775,-98.91787000000001,-5.935726944663571,17.602339305115386,88,41
2022,20220812,0.0,0.0,132672.3775,0.0,906140.3385,1038812.716,27299827.427328445,0.0,167922651.64804807,195222479.0753765,12.0,49.0,0.0,2.0,0.0,5.0,0.0,38.83622459016394,1.707058809172615,6.784308903606311,-104.81327049180327,-11.83112743646683,14.013446129822887,89,42
2022,20220813,0.0,0.0,19437.3502,0.0,132211.6823,151649.03250000003,5350628.114423369,0.0,17124300.447344963,22474928.56176833,3.0,14.0,0.0,2.0,0.0,5.0,5.0,40.3087625,3.1795967190086785,6.335362228620662,-109.31198125,-16.329838194663566,6.33995909841893,90,43
2022,20220814,0.0,0.0,25197.8504,0.0,213017.5129,238215.3633,4498631.591263278,0.0,38027398.10581721,42526029.69708049,1.0,14.0,0.0,2.0,2.0,5.0,5.0,36.48623333333333,-0.6429324476579907,4.5045277711378775,-106.31307333333332,-13.330930277996885,10.649579277837804,91,44
2022,20220815,0.0,0.0,135790.2417,19369.162300000004,567025.387,722184.791,26065253.426072218,4269690.175662857,108447906.51425366,138782850.11598873,8.0,24.0,4.0,2.0,0.0,5.0,5.0,35.66045555555556,-1.468710225435764,7.236254273209288,-83.83543888888889,9.146704166447549,41.706344107884846,92,45
2022,20220816,0.0,0.0,19423.6579,0.0,305542.65420000005,324966.31210000004,5343522.451073299,0.0,51933457.805766456,57276980.25683975,3.0,19.0,0.0,3.0,2.0,15.0,15.0,35.680971428571425,-1.4481943524198968,5.566744754355354,-92.47243809523809,0.5097049600983468,11.834332670221677,93,46
2022,20220817,0.0,0.0,149076.71490000002,0.0,1047856.2697000002,1196932.9846,27865653.772089936,0.0,181152547.4762622,209018201.24835217,9.0,49.0,0.0,2.0,0.0,5.0,5.0,35.46382456140351,-1.665341219587809,6.536483464952717,-94.73237192982457,-1.7502288744881298,11.302110106109678,94,47
2022,20220818,0.0,0.0,207320.34680000003,17206.637300000002,383014.6342,607541.6183000001,70240171.31290618,3061851.871173331,71982320.88430308,145284344.0683826,35.0,25.0,1.0,2.0,0.0,5.0,0.0,39.38717540983606,2.2580096288447393,5.738810378660249,-97.70607868852458,-4.723935633188148,8.425284551715245,95,48
2022,20220819,0.0,0.0,391032.894,0.0,439541.839,830574.733,107393662.70673966,0.0,92869180.75625277,200262843.46299243,32.0,29.0,0.0,2.0,0.0,5.0,5.0,38.827275,1.6981092190086784,4.241081265816857,-91.763235,1.218908055336442,8.588613719295026,96,49
2022,20220820,0.0,0.0,794709.3197999999,82904.17940000002,1626926.2391,2504539.7383000003,175187895.04603708,21375967.212402645,325940366.33167315,522504228.59011286,30.0,56.0,4.0,3.0,2.0,15.0,15.0,38.71681888888889,1.587653107897566,3.3769151201563137,-86.82638,6.155763055336436,6.59635784355804,97,50
2022,20220821,0.0,0.0,116419.6973,7084.4559,877868.2189000001,1001372.3721000002,24176425.512113594,1164440.8220665655,168420252.31089118,193761118.64507133,6.0,40.0,1.0,2.0,2.0,5.0,5.0,36.938508695652175,-0.19065708533914716,3.739912221241211,-91.9918847826087,0.9902582727277434,15.747532094535641,98,51
2022,20220822,0.0,0.0,1241050.4742,21010.3589,378455.4503,1640516.2834,168613530.84664255,4052885.787325904,51420839.742389746,224087256.3763582,13.0,13.0,1.0,3.0,0.0,15.0,5.0,37.61405555555556,0.48488977456423754,3.6691297172210846,-89.0222037037037,3.959939351632741,17.769688417541946,99,52
2022,20220823,0.0,0.0,110006.7531,11299.6886,555118.0852,676424.5268999999,22530470.94233547,1393453.2888024305,88062591.00033411,111986515.23147202,13.0,22.0,1.0,2.0,2.0,5.0,0.0,39.57376388888889,2.444598107897569,7.352691695316278,-100.64366111111111,-7.661518055774678,12.656573946424112,100,53
2022,20220824,0.0,0.0,31082.2554,11302.7951,375067.6771999999,417452.72769999993,9987741.922723765,2553044.6094888193,57729004.61721415,70269791.14942673,5.0,23.0,1.0,2.0,0.0,5.0,0.0,38.740537037037036,1.6113712560457145,6.152005973923539,-105.0068888888889,-12.024745833552458,12.282914010787923,101,54
2022,20220825,0.0,0.0,16073.3372,26662.3652,71612.8233,114348.5257,5090339.081014424,3964051.469971626,15167571.413074376,24221961.964060426,8.0,5.0,2.0,2.0,0.0,5.0,5.0,42.31859333333333,5.189427552342011,6.042167249951046,-105.18589999999999,-12.203756944663553,11.131194203357385,102,55
2022,20220826,0.0,0.0,236664.94189999995,14679.193200000003,3090167.2536,3341511.3887,39690642.075279966,2947198.980326659,463341504.2435189,505979345.2991255,13.0,72.0,2.0,2.0,2.0,5.0,5.0,42.40589655172414,5.276730770732819,2.8789062325274943,-80.96077011494253,12.021372940393903,14.321952178972351,103,56
2022,20220827,0.0,0.0,28611.300100000004,105383.46940000002,354998.813,488993.5825,8064837.810219355,27533805.66903571,93799202.36715044,129397845.8464055,2.0,26.0,5.0,3.0,2.0,15.0,5.0,42.8295303030303,5.700364522038981,3.2975351020198427,-96.89254848484848,-3.910405429512039,7.05749484290111,104,57
2022,20220828,0.0,0.0,92442.9281,47393.0837,1278672.1418999997,1418508.1536999997,22414596.681095134,9739333.610902186,268699808.2145492,300853738.5065465,10.0,47.0,3.0,3.0,2.0,15.0,15.0,40.573112068965514,3.4439462879741924,5.224458009833983,-93.22842931034482,-0.24628625500838552,6.026433125530751,105,58
2022,20220829,0.0,0.0,349138.11380000005,1953.0047,12791487.369700002,13142578.4882,81118753.16076049,663379.6958228783,2605082965.4018497,2686865098.2584333,23.0,362.0,1.0,3.0,5.0,15.0,15.0,40.46139637305699,3.3322305920656703,2.7193568319298316,-87.22392979274612,5.758213262590317,6.570405742047901,106,59
2022,20220830,0.0,0.0,31043.2192,0.0,1615030.4881,1646073.7073,6368433.221273031,0.0,236203677.9218147,242572111.14308777,1.0,38.0,0.0,4.0,2.0,30.0,5.0,40.68805128205128,3.5588855010599616,3.23707165879025,-76.59190256410257,16.390240491233868,3.441890851390847,107,60
2022,20220831,0.0,0.0,10317.2257,0.0,76804.8745,87122.1002,2579601.426556006,0.0,15928583.147937382,18508184.574493386,2.0,11.0,0.0,2.0,0.0,5.0,0.0,38.826092307692306,1.6969265267009845,5.366732635173462,-95.92484615384615,-2.9427030985097105,11.33719808011187,108,61
2022,20220901,0.0,0.0,1875.559,0.0,294991.1846,296866.7436,629273.5140790415,0.0,58116329.88897873,58745603.40305777,1.0,21.0,0.0,2.0,0.0,5.0,5.0,34.06788181818182,-3.0612839628095045,3.1993560497367297,-93.79528181818182,-0.8131387628453837,10.709512101760236,109,62
2022,20220902,0.0,0.0,114718.853,0.0,360038.0544000001,474756.9074000001,23944344.56264859,0.0,66047390.98531141,89991735.54796,9.0,25.0,0.0,1.0,0.0,0.0,0.0,35.97155294117647,-1.1576128398148526,3.6617192673483165,-106.09914705882353,-13.117004003487096,8.235904348099954,110,63
2022,20220903,0.0,0.0,37393.8902,0.0,214678.1251,252072.0153,6408763.91651732,0.0,47380010.83002333,53788774.74654065,1.0,22.0,0.0,3.0,0.0,15.0,5.0,41.79656956521739,4.667403784226067,6.925468215968884,-102.28528695652174,-9.303143901185308,11.786011627244795,111,64
2022,20220904,0.0,0.0,195947.9614,32082.6398,842429.3279999999,1070459.9292,34003319.88128376,7189122.533299243,143655203.89625052,184847646.3108335,6.0,40.0,1.0,2.0,0.0,5.0,0.0,36.758668085106386,-0.37049769588493575,6.01419550224107,-104.2517340425532,-11.269590987216759,8.898890263160483,112,65
2022,20220905,0.0,0.0,192255.78630000004,0.0,2694.0198,194949.80610000005,33160626.743323013,0.0,582161.7175276113,33742788.460850626,6.0,1.0,0.0,2.0,0.0,5.0,0.0,33.30714285714286,-3.822022923848465,1.5397479694819556,-99.28857142857143,-6.3064283732349935,4.020445367416517,113,66
2022,20220906,0.0,0.0,12351.2063,0.0,148280.94719999997,160632.15349999996,2968148.3822162654,0.0,33823736.19088568,36791884.573101945,1.0,11.0,0.0,2.0,0.0,5.0,5.0,35.821577777777776,-1.3075880032135458,2.8186786593090827,-91.9149,1.0672430553364336,11.068297317338386,114,67
2022,20220907,0.0,0.0,0.0,0.0,298739.62149999995,298739.62149999995,0.0,0.0,65722850.67484938,65722850.67484938,0.0,50.0,0.0,2.0,2.0,0.0,0.0,40.74759024390244,3.618424462911115,7.272142232857006,-103.58753414634145,-10.605391091005018,10.452214621328096,115,68
2022,20220908,0.0,0.0,44667.7363,0.0,23060.1541,67727.8904,16205577.829270557,0.0,3513420.8440282685,19718998.673298825,8.0,5.0,0.0,3.0,0.0,15.0,5.0,42.56012727272727,5.43096149173595,5.447514958050307,-99.07253636363636,-6.090393308299923,6.008463762272799,116,69
2022,20220909,0.0,0.0,37576.28540000001,0.0,105737.2446,143313.53000000003,9994218.024730502,0.0,14156355.37543643,24150573.400166932,2.0,6.0,0.0,2.0,0.0,5.0,5.0,37.11333333333334,-0.01583244765798497,6.81987292159221,-102.50666666666666,-9.524523611330224,9.164135893070695,117,70
2022,20220910,0.0,0.0,0.0,10820.8927,57190.8603,68011.753,0.0,2127563.6640359634,10195145.24367386,12322708.907709824,0.0,2.0,1.0,2.0,2.0,5.0,5.0,33.158233333333335,-3.9709324476579866,4.326808276701584,-93.80990000000001,-0.8277569446635766,22.43928524730678,118,71
2022,20220911,0.0,0.0,29197.0204,0.0,508043.6533,537240.6737,4454238.282661495,0.0,91314523.6844767,95768761.9671382,3.0,24.0,0.0,2.0,2.0,5.0,0.0,32.73272222222222,-4.3964435587691,2.3952058852140667,-102.53906296296297,-9.556919907626536,12.867631051779858,119,72
2022,20220912,0.0,0.0,15306.629800000002,0.0,378459.5715,393766.2013,2414114.940598864,0.0,67649902.08743063,70064017.02802949,1.0,11.0,0.0,1.0,0.0,0.0,0.0,36.206849999999996,-0.922315780991326,1.6698792201833041,-81.49550833333333,11.486634722003103,9.339372451514397,120,73
2022,20220913,0.0,0.0,13529.2867,7500.296600000001,939438.04,960467.6233,2828468.9467926705,1455876.6869968183,146230666.66620728,150515012.29999676,2.0,22.0,2.0,2.0,2.0,5.0,5.0,41.23163846153846,4.102472680547137,3.395558204133973,-83.30273076923078,9.67941228610566,17.338695529405186,121,74
2022,20220914,0.0,0.0,0.0,0.0,5051.651199999999,5051.651199999999,0.0,0.0,897495.6094341748,897495.6094341748,0.0,3.0,0.0,3.0,2.0,15.0,5.0,31.175,-5.954165780991321,0.1484924240491756,-103.57,-10.587856944663557,0.7071067811865476,122,75
2022,20220915,0.0,0.0,27426.654600000005,0.0,51484.060399999995,78910.715,8665664.34919621,0.0,14303702.07437536,22969366.42357157,13.0,17.0,0.0,2.0,0.0,5.0,0.0,38.167670370370374,1.0385045893790519,3.4553580838387594,-101.30717037037037,-8.325027315033935,3.5039499204814804,123,76
2022,20220916,0.0,0.0,13454.687,0.0,10060.7445,23515.4315,5279536.17539467,0.0,3991103.261119268,9270639.436513938,11.0,12.0,0.0,2.0,0.0,5.0,0.0,41.70384736842105,4.57468158742973,0.9781440579930624,-101.13567894736842,-8.153535892031982,0.6050881318534864,124,77
2022,20220917,0.0,0.0,745386.6092999999,0.0,224351.6501,969738.2594,207433070.26487345,0.0,58864324.34016553,266297394.60503897,85.0,33.0,0.0,3.0,2.0,15.0,15.0,39.66420769230769,2.5350419113163696,4.650000534263109,-94.77648547008546,-1.7943424147490248,5.683152991522017,125,78
2022,20220918,0.0,0.0,445185.8209,27228.5743,637135.4317,1109549.8269,101611159.40943924,5853028.586126297,143193934.1479791,250658122.14354464,19.0,43.0,1.0,3.0,5.0,15.0,15.0,38.62675490196079,1.4975891209694652,6.783843283900766,-87.87730392156864,5.104839133767797,7.288521036944622,126,79
2022,20220919,0.0,0.0,448091.5667,26215.809600000008,456318.2586,930625.6349,99527246.3673266,3873372.482896678,80403421.19117217,183804040.04139543,26.0,16.0,1.0,4.0,10.0,15.0,30.0,42.08683809523809,4.957672314246771,2.7331823839398646,-87.54003095238096,5.442112102955477,9.041634078150087,127,80
2022,20220920,0.0,0.0,1305066.9168,0.0,865122.6607,2170189.5775,316891728.37213904,0.0,171566377.97072414,488458106.3428632,49.0,18.0,0.0,2.0,0.0,5.0,5.0,43.40285671641791,6.273690935426586,1.310988195775153,-90.25505970149254,2.727083353843895,2.5187124400122842,128,81
2022,20220921,0.0,0.0,361257.598,0.0,860303.1986000001,1221560.7966,90391610.85184176,0.0,189413686.51602525,279805297.367867,17.0,42.0,0.0,3.0,2.0,5.0,15.0,41.71083620689655,4.58167042590523,2.3439580474733672,-93.79625172413793,-0.8141086688014951,13.498771343663307,129,82
2022,20220922,0.0,0.0,109083.53029999998,2915.4777,301706.9157,413705.9237,18338324.274561685,599856.1320372353,49611682.30700227,68549862.71360119,3.0,10.0,1.0,3.0,5.0,15.0,15.0,42.03314285714286,4.903977076151541,1.8669011537898772,-80.61341428571428,12.368728769622152,11.944596747023777,130,83
2022,20220923,0.0,0.0,17933.4061,0.0,56447.89880000001,74381.30490000002,2965241.9888136545,0.0,8689665.842403464,11654907.831217118,1.0,7.0,0.0,2.0,0.0,5.0,5.0,33.15675,-3.9724157809913194,0.49619531436723535,-112.643575,-19.661431944663562,1.6318400766721406,131,84
2022,20220924,0.0,0.0,32880.527200000004,0.0,158001.6588,190882.186,8039176.879014658,0.0,38310953.70397441,46350130.58298907,3.0,15.0,0.0,1.0,0.0,0.0,0.0,36.286187500000004,-0.8429782809913178,0.5670854396238143,-90.54719375,2.4349493053364313,0.9439634184075536,132,85
2022,20220925,0.0,0.0,285916.9446,135932.29820000002,3165714.8056,3587564.0484,58112130.49117703,18421896.797265187,547714928.6923491,624248955.9807913,12.0,76.0,2.0,2.0,0.0,5.0,5.0,38.87942555555556,1.7502597745642348,3.591042435944654,-83.77662444444445,9.205518610891986,7.1043378865406845,133,86
2022,20220926,0.0,0.0,38444.6209,0.0,167549.0314,205993.6523,7578757.697404594,0.0,26554989.122489475,34133746.81989407,1.0,4.0,0.0,3.0,2.0,15.0,15.0,42.698840000000004,5.569674219008682,0.5637177733582648,-75.01062,17.971523055336434,3.569515502417661,134,87
2022,20220927,0.0,0.0,0.0,308597.3161,0.0,308597.3161,0.0,44236347.63394008,0.0,44236347.63394008,0.0,0.0,10.0,2.0,2.0,5.0,0.0,26.11377,-11.015395780991323,0.36844857337520276,-80.41658,12.56556305533644,0.273103076999631,135,88
2022,20220928,0.0,0.0,0.0,134617.48940000002,130282.9066,264900.396,0.0,21057987.896801736,23064675.73514476,44122663.6319465,0.0,13.0,4.0,3.0,5.0,5.0,0.0,36.724775,-0.40439078099132075,6.309654091469675,-104.25796875,-11.275825694663567,14.126744801202141,136,89
2022,20220929,0.0,0.0,60916.5854,0.0,37172.7288,98089.3142,7248317.039816802,0.0,7785631.63887194,15033948.678688742,2.0,9.0,0.0,4.0,10.0,5.0,0.0,42.47464,5.345474219008679,4.300086750081006,-112.12057,-19.138426944663564,1.7888631119916507,137,90
2022,20220930,0.0,0.0,0.0,26223.5994,0.0,26223.5994,0.0,5141296.418404488,0.0,5141296.418404488,0.0,16.0,2.0,2.0,2.0,5.0,5.0,34.6185,-2.5106657809913244,0.9980105109666935,-77.4979,15.484243055336435,1.11765297834346,138,91
2022,20221001,0.0,0.0,119700.4572,0.0,9628.8844,129329.3416,21440935.53753008,0.0,1886213.8939204304,23327149.43145051,8.0,5.0,0.0,3.0,5.0,5.0,0.0,39.624544444444446,2.495378663453124,0.8784445729684793,-105.96388888888889,-12.981745833552452,2.469726424345643,139,92
2022,20221002,0.0,0.0,9379.9292,0.0,5374.579900000001,14754.5091,2051889.6297482713,0.0,1030998.6808395156,3082888.310587787,5.0,9.0,0.0,2.0,0.0,5.0,5.0,39.79195,2.662784219008678,3.2250605028433164,-109.44611666666667,-16.463973611330232,3.342079660580617,140,93
2022,20221003,0.0,0.0,30022.166900000004,7094.8904999999995,61483.895800000006,98600.95320000002,5629370.2665878525,1427000.4239643158,11554896.7619165,18611267.452468667,2.0,33.0,1.0,2.0,0.0,5.0,5.0,34.69532857142857,-2.4338372095627534,0.5822769292879042,-112.29062857142857,-19.308485516092134,0.1954630546018456,141,94
2022,20221006,0.0,0.0,12802.4335,0.0,0.0,12802.4335,1554368.1527838642,0.0,0.0,1554368.1527838642,1.0,5.0,0.0,1.0,0.0,0.0,0.0,33.0156,-4.113565780991323,0.0,-114.2461,-21.263956944663562,0.0,144,97
2022,20221008,0.0,0.0,0.0,79959.1839,80241.7017,160200.8856,0.0,9981437.26739512,10010339.30117817,19991776.56857329,0.0,2.0,1.0,1.0,0.0,0.0,0.0,33.71775,-3.4114157809913195,0.025102290732121713,-117.18955,-24.20740694466356,0.03316330803764464,146,99
2022,20221010,0.0,0.0,7224.685199999999,0.0,17230.9354,24455.6206,1435499.754294511,0.0,2912459.11527644,4347958.869570951,4.0,3.0,0.0,1.0,0.0,0.0,0.0,31.114683333333332,-6.01448244765799,0.6357782645440678,-104.3875,-11.405356944663566,3.137179864145502,148,101
2022,20221011,0.0,0.0,31019.332499999997,0.0,72742.4738,103761.8063,8762971.274794703,0.0,19382583.58673543,28145554.861530133,4.0,14.0,0.0,2.0,0.0,5.0,5.0,42.129625,5.000459219008675,2.8982828546713324,-95.66826666666667,-2.686123611330231,1.7803637163299584,149,102
2022,20221012,0.0,0.0,697017.6588,324421.2873000001,2033475.8272,3054914.7733000005,170464188.66437945,68201808.48459913,446855843.93418866,685521841.0831673,59.0,116.0,8.0,2.0,0.0,5.0,5.0,36.480592517006805,-0.6485732639845168,3.56148158174873,-88.75602108843538,4.2261219669010615,3.2238829744437645,150,103
2022,20221013,0.0,0.0,0.0,10205.2512,129804.6002,140009.8514,0.0,1278443.7171351274,22867809.048304148,24146252.765439276,0.0,62.0,1.0,3.0,2.0,15.0,15.0,37.913333333333334,0.7841675523420122,6.655182615576121,-83.34555,9.636593055336434,9.59395573593083,151,104
2022,20221014,0.0,0.0,0.0,0.0,63761.67509999999,63761.67509999999,0.0,0.0,10878397.65709803,10878397.65709803,0.0,13.0,0.0,2.0,2.0,5.0,5.0,43.137249999999995,6.008084219008673,0.13116830791010536,-70.81309999999999,22.169043055336445,0.004384062043346377,152,105
2022,20221015,0.0,0.0,697602.5913,0.0,549252.4053,1246854.9966,161402730.6559922,0.0,87701603.38749383,249104334.0434861,55.0,29.0,0.0,1.0,0.0,0.0,0.0,34.62060609756098,-2.5085596834303416,1.386224108451171,-98.97650853658537,-5.994365481248934,8.970427146954309,153,106
2022,20221016,0.0,0.0,116967.0361,25192.5605,30782.6867,172942.28329999998,20282022.453501742,4493074.869024107,5660168.4733763775,30435265.79590223,6.0,3.0,1.0,3.0,0.0,15.0,15.0,33.084466666666664,-4.044699114324658,0.8296291837321053,-108.23073333333333,-15.248590277996897,5.423063581823468,154,107
2022,20221017,0.0,0.0,320093.28620000003,30277.568800000005,128798.5594,479169.4144,55067737.93282585,5063695.32289661,22559108.125906575,82690541.38162903,11.0,6.0,1.0,2.0,2.0,5.0,5.0,33.341858823529414,-3.787306957461908,6.9165589014750335,-76.94245294117647,16.039690114159967,4.342706583042085,155,108
2022,20221022,0.0,0.0,0.0,17590.4545,0.0,17590.4545,0.0,4343020.435699854,0.0,4343020.435699854,0.0,51.0,1.0,1.0,0.0,0.0,0.0,45.3753,8.246134219008681,0.0,-122.1413,-29.159156944663565,0.0,160,113
2022,20221023,0.0,0.0,33167.5536,0.0,98932.23829999998,132099.79189999998,13320744.53457339,0.0,34511891.0178632,47832635.55243659,8.0,102.0,0.0,1.0,0.0,0.0,0.0,43.192499999999995,6.063334219008674,0.9088992386876308,-96.89125,-3.909106944663563,0.7667169564476569,161,114
2022,20221024,0.0,0.0,161839.2248,72325.7875,1526330.5279,1760495.5402,28476953.06759834,15431965.29733358,270660123.4158072,314569041.7807391,6.0,68.0,4.0,3.0,2.0,15.0,5.0,31.741117460317458,-5.388048320673864,2.254985085390895,-97.10707460317461,-4.124931547838173,3.5229200514661176,162,115
2022,20221025,0.0,0.0,0.0,18642.5371,98832.3235,117474.8606,0.0,4098162.667182817,18305479.58649652,22403642.25367934,0.0,16.0,2.0,3.0,5.0,15.0,5.0,30.905614285714286,-6.223551495277036,1.2877280929717156,-92.57054285714285,0.4116001981935824,3.192717577997955,163,116
2022,20221027,0.0,0.0,2736.634,0.0,4547.8729,7284.5069,806361.4647861448,0.0,1244919.8771750757,2051281.3419612204,1.0,8.0,0.0,1.0,0.0,0.0,0.0,34.405,-2.7241657809913207,0.26162950903902576,-99.89500000000001,-6.912856944663574,0.7848885271170724,165,118
2022,20221029,0.0,0.0,0.0,189419.6277,23213.8922,212633.5199,0.0,40442545.473079905,5005018.357121019,45447563.830200925,0.0,2.0,18.0,3.0,5.0,15.0,15.0,30.516289999999998,-6.612875780991324,0.13425305210683228,-88.22153,4.760613055336435,0.5961347243526034,167,120
2022,20221030,0.0,0.0,0.0,0.0,0.0,0.0,0.0,0.0,0.0,0.0,0.0,5.0,0.0,3.0,5.0,15.0,0.0,17.975,-19.15416578099132,0.0,-66.598,26.384143055336438,0.0,168,121
2022,20221102,0.0,0.0,37925.1919,0.0,30891.1254,68816.3173,6685434.129070589,0.0,5489782.793826897,12175216.922897486,1.0,13.0,0.0,1.0,0.0,0.0,0.0,27.1712,-9.957965780991323,0.35525044686811874,-81.9,11.08214305533643,0.14142135623730648,171,124
2022,20221103,0.0,0.0,0.0,0.0,0.0,0.0,0.0,0.0,0.0,0.0,0.0,11.0,0.0,1.0,0.0,0.0,0.0,37.129165780991315,-7.105427357601002e-15,0.0,-92.98214305533645,-1.4210854715202004e-14,0.0,172,125
2022,20221104,0.0,0.0,1067307.63,574764.5879,767405.4233,2409477.6412,228870286.49011585,125729967.76513766,169515956.69110537,524116210.94635886,38.0,98.0,38.0,3.0,2.0,15.0,15.0,35.572130769230775,-1.5570350117605471,3.550419134463387,-93.66841230769231,-0.6862692523558707,2.379520186081923,173,126
2022,20221105,0.0,0.0,0.0,103840.3608,2208320.5737,2312160.9345,0.0,20219288.942220926,457737393.4324772,477956682.3746981,0.0,350.0,2.0,4.0,10.0,30.0,15.0,41.97943818181818,4.85027240082686,0.6751956993376316,-88.92613272727272,4.056010328063721,0.9130114203688326,174,127
2022,20221108,0.0,0.0,0.0,43587.3259,0.0,43587.3259,0.0,7631833.6088785855,0.0,7631833.6088785855,0.0,43.0,1.0,1.0,0.0,0.0,0.0,38.33,1.2008342190086765,0.0,-121.32,-28.337856944663557,0.0,177,130
2022,20221111,0.0,0.0,306444.8644,121574.2516,144115.2905,572134.4065,53653639.997862816,18691981.507996127,23292812.303419765,95638433.80927873,11.0,13.0,3.0,3.0,5.0,5.0,0.0,32.62036,-4.508805780991324,3.3525415363650053,-91.50253000000001,1.4796130553364293,9.056312195317284,180,133
2022,20221114,0.0,0.0,0.0,0.0,0.0,0.0,0.0,0.0,0.0,0.0,0.0,4.0,0.0,1.0,0.0,0.0,0.0,37.129165780991315,-7.105427357601002e-15,0.0,-92.98214305533645,-1.4210854715202004e-14,0.0,182,136
2022,20221116,0.0,0.0,0.0,0.0,0.0,0.0,0.0,0.0,0.0,0.0,0.0,5.0,0.0,1.0,0.0,0.0,0.0,37.129165780991315,-7.105427357601002e-15,0.0,-92.98214305533645,-1.4210854715202004e-14,0.0,180,138
2022,20221124,0.0,0.0,0.0,0.0,28443.6213,28443.6213,0.0,0.0,4654296.406591996,4654296.406591996,0.0,25.0,0.0,1.0,0.0,0.0,0.0,29.27,-7.859165780991322,0.0,-94.87,-1.887856944663568,0.0,172,146
2022,20221125,0.0,0.0,52752.202399999995,0.0,0.0,52752.202399999995,8871177.421659673,0.0,0.0,8871177.421659673,2.0,5.0,0.0,2.0,2.0,5.0,5.0,29.69725,-7.431915780991321,0.010253048327203652,-98.00935,-5.027206944663561,0.027365032431923442,171,147
2022,20221126,0.0,0.0,0.0,12291.5216,24595.2266,36886.7482,0.0,2649617.677799274,5277910.208431916,7927527.8862311905,0.0,7.0,1.0,2.0,2.0,5.0,0.0,29.847133333333336,-7.282032447657986,0.17625734972855336,-90.40390000000001,2.5782430553364293,0.15841915919483956,170,148
2022,20221127,0.0,0.0,571700.2461999999,0.0,621503.6707,1193203.9169,121403703.80938326,0.0,131523687.25748128,252927391.06686455,19.0,46.0,0.0,2.0,2.0,5.0,0.0,39.809358536585364,2.6801927555940424,1.41152251115163,-80.02438048780488,12.95776256753156,1.0162126429098146,169,149
2022,20221129,0.0,0.0,729839.7014,198650.9018,687261.5694,1615752.1726000002,169250231.90444702,46276559.77209754,156300064.49283215,371826856.16937673,45.0,62.0,18.0,0.0,0.0,0.0,0.0,33.88270277777778,-3.2464630032135418,1.9274134347609186,-89.02624629629629,3.9558967590401437,2.4096574983453456,167,151
2022,20221130,0.0,0.0,23338.1669,291087.2942,1497272.6914000004,1811698.1525000003,4919986.14025064,61377005.383189864,284210990.3767016,350507981.9001421,1.0,116.0,19.0,5.0,15.0,15.0,30.0,33.20658913043478,-3.922576650556543,3.715356674385722,-84.37152391304348,8.610619142292961,4.76312742900255,166,152
2022,20221210,0.0,0.0,0.0,0.0,0.0,0.0,0.0,0.0,0.0,0.0,0.0,19.0,0.0,1.0,0.0,0.0,0.0,37.129165780991315,-7.105427357601002e-15,0.0,-92.98214305533645,-1.4210854715202004e-14,0.0,156,162
2022,20221212,0.0,0.0,68608.14710000002,3092.2693,0.0,71700.41640000002,9659218.641773649,1054818.0579130368,0.0,10714036.699686684,6.0,11.0,2.0,1.0,0.0,0.0,0.0,36.4620625,-0.66710328099132,1.5943008077322502,-102.3327875,-9.350644444663558,6.000781395413079,154,164
2022,20221213,0.0,0.0,314262.70259999996,821337.8206,352006.9567,1487607.4799,56385887.98154673,154453059.41577768,63122816.30709591,273961763.7044203,11.0,13.0,37.0,3.0,5.0,15.0,5.0,33.10187704918033,-4.027288731810991,0.9253788462738626,-95.94447704918032,-2.9623339938438846,2.528539215462386,153,165
2022,20221214,0.0,0.0,0.0,517518.6531,107742.5074,625261.1605,0.0,115771132.26377586,24368170.260780536,140139302.5245564,0.0,12.0,48.0,4.0,10.0,30.0,15.0,31.29575254237288,-5.833413238618441,1.0082912362106926,-89.08131355932203,3.90082949601441,1.8721979207980568,152,166
2022,20221215,0.0,0.0,0.0,157910.10720000003,203246.57869999995,361156.6859,0.0,28822680.536220748,36731960.43009193,65554640.96631268,0.0,13.0,6.0,4.0,10.0,15.0,5.0,29.009642857142858,-8.119522923848464,1.2829278256060568,-83.88747857142857,9.094664483907863,2.569513847217786,151,167
2022,20221219,0.0,0.0,0.0,0.0,0.0,0.0,0.0,0.0,0.0,0.0,0.0,8.0,0.0,1.0,0.0,0.0,0.0,21.5587,-15.57046578099132,0.34689005462826433,-158.57686666666666,-65.59472361133022,0.950711924472041,147,171
2022,20221222,0.0,0.0,0.0,0.0,6541.266800000001,6541.266800000001,0.0,0.0,1295588.799832333,1295588.799832333,0.0,41.0,0.0,1.0,0.0,0.0,0.0,35.12,-2.0091657809913244,0.0,-75.98,17.002143055336433,0.0,144,174
2022,20221223,0.0,0.0,0.0,0.0,664140.7472,664140.7472,0.0,0.0,88112715.18956977,88112715.18956977,0.0,253.0,0.0,2.0,2.0,5.0,5.0,42.092290909090906,4.963125128099584,1.5591289750720083,-71.80421818181819,21.17792487351825,1.1676697930649593,143,175
2022,20221227,0.0,0.0,0.0,0.0,0.0,0.0,0.0,0.0,0.0,0.0,0.0,103.0,0.0,1.0,0.0,0.0,0.0,37.129165780991315,-7.105427357601002e-15,0.0,-92.98214305533645,-1.4210854715202004e-14,0.0,139,179
2022,20221229,0.0,0.0,0.0,22401.7364,0.0,22401.7364,0.0,4014295.999030793,0.0,4014295.999030793,0.0,4.0,1.0,1.0,0.0,0.0,0.0,30.584,-6.545165780991322,0.0,-94.2611,-1.2789569446635625,0.0,137,181
2022,20221230,0.0,0.0,23205.9756,12322.348499999998,169319.7911,204848.1152,4039735.253681018,2802881.3008711976,36176391.868418664,43019008.42297088,1.0,30.0,1.0,2.0,2.0,5.0,0.0,30.836380000000002,-6.29278578099132,0.559441047832567,-90.60986,2.372283055336439,1.8841941084415146,136,182
2023,20230101,0.0,0.0,0.0,0.0,19477.574,19477.574,0.0,0.0,3217311.7112688483,3217311.7112688483,0.0,12.0,0.0,2.0,2.0,5.0,0.0,32.45,-4.679165780991319,0.0,-111.22,-18.237856944663562,0.0,134,181
2023,20230102,0.0,0.0,74361.204,174883.85210000002,334281.5433,583526.5994000001,18747711.01565086,43605795.47154918,81914118.81855057,144267625.3057506,6.0,43.0,18.0,2.0,0.0,5.0,0.0,33.81890877192982,-3.3102570090615018,1.367422352102241,-92.43906140350877,0.5430816518276629,2.093964364016113,133,180
2023,20230103,0.0,0.0,528248.1640999999,596117.4144,1619971.0915,2744336.67,114801344.11412768,126337392.7556993,347753726.9554749,588892463.8253019,31.0,79.0,28.0,4.0,10.0,30.0,15.0,34.738963636363636,-2.390202144627686,2.7491596416002233,-87.67928409090908,5.302858964427358,2.6381102299985253,132,179
2023,20230104,0.0,0.0,65729.66699999999,400392.6515,1543851.2460000005,2009973.5645000003,13576349.409458816,77269175.8586041,294884480.80307835,385730006.0711413,4.0,198.0,18.0,4.0,10.0,15.0,15.0,32.93334375,-4.195822030991323,1.8050015517014764,-82.44332604166667,10.538817013669771,3.0942172092382747,131,178
2023,20230107,0.0,0.0,59230.00060000001,0.0,29518.4345,88748.4351,11237306.962496636,0.0,6105782.287709717,17343089.25020635,3.0,36.0,0.0,0.0,0.0,0.0,0.0,31.551679999999998,-5.577485780991324,0.5195421320740012,-94.27014,-1.2879969446635613,0.8462684343634708,128,175
2023,20230109,0.0,0.0,0.0,0.0,0.0,0.0,0.0,0.0,0.0,0.0,0.0,47.0,0.0,1.0,0.0,0.0,0.0,37.129165780991315,-7.105427357601002e-15,0.0,-92.98214305533645,-1.4210854715202004e-14,0.0,126,173
2023,20230110,0.0,0.0,0.0,39327.18750000001,770399.5512000001,809726.7387000001,0.0,6988766.606967534,135881042.29036966,142869808.8973372,0.0,45.0,1.0,2.0,2.0,5.0,0.0,38.14587619047619,1.0167104094848654,0.3685565382743365,-120.96895714285715,-27.986814087520713,0.5438372353668243,125,172
2023,20230111,0.0,0.0,90632.0396,0.0,0.0,90632.0396,22630678.32595541,0.0,0.0,22630678.32595541,8.0,73.0,0.0,2.0,2.0,5.0,0.0,34.97845,-2.1507157809913195,0.48546967832339977,-94.4604375,-1.478294444663561,0.5558308682568296,124,171
2023,20230112,0.0,0.0,995030.4824000002,1814895.755,7212797.729699999,10022723.9671,223051926.8262411,355595508.5648838,1385131038.5831163,1963778473.9742413,45.0,255.0,72.0,2.0,2.0,5.0,5.0,34.10815609756098,-3.021009683430343,1.9739512969939987,-84.84972737127372,8.132415684062721,2.165683751787001,123,170
2023,20230113,0.0,0.0,0.0,0.0,0.0,0.0,0.0,0.0,0.0,0.0,0.0,2.0,0.0,4.0,10.0,30.0,15.0,37.129165780991315,-7.105427357601002e-15,0.0,-92.98214305533645,-1.4210854715202004e-14,0.0,122,169
2023,20230114,0.0,0.0,0.0,42745.890900000006,98871.3293,141617.2202,0.0,7493318.902195672,17627789.939453784,25121108.841649458,0.0,14.0,1.0,1.0,0.0,0.0,0.0,39.052,1.9228342190086778,0.958942125469517,-121.79,-28.80785694466357,0.5581666417836152,121,168
2023,20230116,0.0,0.0,9960.8109,21121.6572,0.0,31082.4681,3231020.316075508,6768171.079054468,0.0,9999191.395129977,1.0,33.0,2.0,0.0,0.0,0.0,0.0,41.785000000000004,4.655834219008682,0.12318684994754858,-91.81700000000001,1.1651430553364293,0.19164289707682117,119,166
2023,20230118,0.0,0.0,0.0,15241.9843,67858.7487,83100.733,0.0,3938710.3933167895,16208324.956207097,20147035.349523883,0.0,15.0,2.0,1.0,0.0,0.0,0.0,32.84775555555555,-4.281410225435771,0.5251687112517059,-92.96783333333332,0.014309722003119418,1.181368710437171,117,164
2023,20230119,0.0,0.0,106591.654,0.0,474501.6683,581093.3223,25236703.28177059,0.0,105577709.40090571,130814412.68267632,3.0,49.0,0.0,3.0,5.0,15.0,5.0,40.77554666666666,3.6463808856753417,0.6809258926183461,-82.97702666666667,10.005116388669762,1.6044273034622776,116,163
2023,20230121,0.0,0.0,0.0,0.0,0.0,0.0,0.0,0.0,0.0,0.0,0.0,3.0,0.0,1.0,0.0,0.0,0.0,37.129165780991315,-7.105427357601002e-15,0.0,-92.98214305533645,-1.4210854715202004e-14,0.0,114,161
2023,20230122,0.0,0.0,0.0,56238.527,262618.515,318857.042,0.0,11262037.574294236,50637774.63020379,61899812.20449802,0.0,31.0,5.0,2.0,2.0,5.0,0.0,31.046083333333332,-6.08308244765799,0.5250917681010975,-83.04665,9.935493055336437,1.1342795713963014,113,160
2023,20230124,0.0,0.0,0.0,353354.22399999993,307578.9285,660933.1524999999,0.0,63086334.69070919,56473043.78597952,119559378.47668871,0.0,19.0,16.0,1.0,0.0,0.0,0.0,30.03195806451613,-7.097207716475193,0.3482618399750343,-93.31944193548388,-0.33729888014744347,1.7854525724633894,111,158
2023,20230125,0.0,0.0,0.0,39913.4983,157386.7029,197300.2012,0.0,8294571.998600091,33093822.941157635,41388394.93975773,0.0,27.0,5.0,4.0,10.0,30.0,15.0,30.59022857142857,-6.53893720956275,0.37170580859445534,-86.11108571428571,6.871057341050729,1.305499575750877,110,157
2023,20230205,0.0,0.0,0.0,0.0,61493.59940000001,61493.59940000001,0.0,0.0,10638818.503076687,10638818.503076687,0.0,10.0,0.0,1.0,0.0,0.0,0.0,36.599266666666665,-0.5298991143246568,0.12236316166777239,-119.4498,-26.46765694466356,0.04375077142176262,99,146
2023,20230207,0.0,0.0,0.0,0.0,0.0,0.0,0.0,0.0,0.0,0.0,0.0,7.0,0.0,0.0,0.0,0.0,0.0,37.129165780991315,-7.105427357601002e-15,0.0,-92.98214305533645,-1.4210854715202004e-14,0.0,97,144
2023,20230208,0.0,0.0,45726.1764,96704.0066,135864.81089999998,278294.9939,8079224.215019063,21797153.880669285,31520417.529211536,61396795.62489988,2.0,20.0,8.0,2.0,2.0,5.0,0.0,32.528847619047625,-4.600318161943697,2.433505643227285,-91.3459380952381,1.6362049600983397,2.547263157091589,96,143
2023,20230209,0.0,0.0,0.0,8208.548200000001,103891.6988,112100.247,0.0,1790410.532671928,26129917.573576126,27920328.106248055,0.0,143.0,1.0,4.0,10.0,15.0,5.0,36.8741875,-0.2549782809913239,2.5396128751318967,-88.493275,4.4888680553364395,1.0067803374406683,95,142
2023,20230213,0.0,0.0,0.0,0.0,0.0,0.0,0.0,0.0,0.0,0.0,0.0,10.0,0.0,1.0,0.0,0.0,0.0,37.129165780991315,-7.105427357601002e-15,0.0,-92.98214305533645,-1.4210854715202004e-14,0.0,91,138
2023,20230214,0.0,0.0,0.0,0.0,112257.5337,112257.5337,0.0,0.0,20280760.75187158,20280760.75187158,0.0,172.0,0.0,1.0,0.0,0.0,0.0,34.479775000000004,-2.649390780991318,2.767271450815764,-100.244275,-7.262131944663565,7.834824676776972,90,137
2023,20230215,0.0,0.0,582667.7884999999,0.0,123027.5446,705695.3330999999,143166409.20150784,0.0,27428479.471144862,170594888.6726527,43.0,50.0,0.0,2.0,2.0,5.0,5.0,35.931557142857145,-1.1976086381341773,1.1239828831733458,-94.13294897959184,-1.1508059242554083,1.9895509399236315,89,136
2023,20230216,0.0,0.0,292705.0769,181242.6653,427219.4030000001,901167.1452,70303402.24295759,43287573.55099568,102260948.435966,215851924.22991928,19.0,31.0,13.0,4.0,10.0,30.0,15.0,35.739778333333334,-1.3893874476579882,1.4550242641219535,-90.00020666666666,2.98193638866978,3.168624737549783,88,135
2023,20230221,0.0,0.0,1203729.7281,112082.3739,1211734.5729,2527546.6749,153268294.66412467,14199030.204436025,186382574.61827105,353849899.4868318,12.0,153.0,1.0,1.0,0.0,0.0,0.0,41.09993142857142,3.9707656475801016,0.8847040956864447,-78.15384285714286,14.828300198193574,10.844031950185258,83,130
2023,20230222,0.0,0.0,221653.403,0.0,540372.0057,762025.4087,38327722.05333935,0.0,128291722.78326128,166619444.8366006,6.0,226.0,0.0,2.0,0.0,5.0,5.0,38.00885897435897,0.8796931933676504,1.9455447201934484,-89.89815897435896,3.083984080977473,4.768080364681586,82,129
2023,20230223,0.0,0.0,0.0,84482.1128,0.0,84482.1128,0.0,10888915.239038432,0.0,10888915.239038432,0.0,4.0,1.0,3.0,2.0,15.0,5.0,33.91,-3.219165780991325,0.0,-117.98,-24.997856944663567,0.0,81,128
2023,20230226,0.0,0.0,292039.6663,190613.6313,1123114.8968,1605768.1944,66868356.54380149,45935332.86646043,261897078.78847617,374700768.1987381,29.0,308.0,20.0,1.0,0.0,0.0,0.0,35.46854684210526,-1.66061893888606,1.224718629370658,-99.05216263157894,-6.070019576242501,1.6867897140396164,78,125
2023,20230227,0.0,0.0,713058.0152,545808.8716,2036129.1831000005,3294996.0699000005,162613425.90166688,119887037.4402355,482212143.8313736,764712607.173276,22.0,192.0,17.0,5.0,10.0,45.0,15.0,38.56498405797102,1.4358182769796954,1.7610612617888117,-89.53488550724639,3.4472575480900502,5.573723644493864,77,124
2023,20230301,0.0,0.0,1478806.1311,39308.4257,502710.3355,2020824.8923,293183048.4840737,8900728.585217573,81813512.4641315,383897289.5334228,57.0,30.0,2.0,1.0,0.0,0.0,0.0,34.58056533333333,-2.5486004476579893,2.527077917091649,-93.10679466666667,-0.12465161133023628,7.5904561586902135,75,122
2023,20230302,1.0,6170.0,1977011.3315000003,228608.6616,3370241.7128999997,5575861.706,350379936.61262816,47388947.48943189,607752455.0929455,1005521339.1950057,79.0,175.0,12.0,3.0,5.0,15.0,15.0,32.37362723214286,-4.755538548848463,1.8901508397632667,-96.65339107142857,-3.671248016092136,2.3146261465139917,74,121
2023,20230303,1.0,6170.0,103519.4699,540638.0152,6222642.4498000005,6866799.934900001,20226674.195537023,123145149.19595411,1308080086.9439635,1451451910.3354547,3.0,599.0,24.0,5.0,15.0,45.0,30.0,35.49875820895522,-1.6304075720360984,1.8480288763328576,-85.72733507462686,7.254807980709572,2.753786411219164,73,120
2023,20230305,0.0,0.0,0.0,0.0,40383.6082,40383.6082,0.0,0.0,6954979.836940877,6954979.836940877,0.0,19.0,0.0,1.0,0.0,0.0,0.0,36.410700000000006,-0.7184657809913162,0.11002581515262912,-119.57884999999999,-26.596706944663552,0.08987327188881426,71,118
2023,20230306,0.0,0.0,56631.205700000006,0.0,0.0,56631.205700000006,10652088.89150408,0.0,0.0,10652088.89150408,3.0,0.0,0.0,1.0,0.0,0.0,0.0,39.696666666666665,2.5675008856753436,0.028867513459479646,-121.94666666666667,-28.964523611330236,0.09237604307034021,70,117
2023,20230308,0.0,0.0,132866.7937,0.0,0.0,132866.7937,25071770.553462487,0.0,0.0,25071770.553462487,9.0,3.0,0.0,2.0,0.0,0.0,5.0,33.06111111111111,-4.068054669880212,0.32130376765781854,-99.05333333333334,-6.071190277996905,0.8457245414436093,68,115
2023,20230309,0.0,0.0,99435.6063,0.0,49239.18530000001,148674.7916,17466445.838448808,0.0,9136093.222579503,26602539.061028313,3.0,12.0,0.0,2.0,0.0,0.0,5.0,32.510000000000005,-4.619165780991317,0.9176873105802411,-96.244,-3.2618569446635632,0.9074855370748337,67,114
2023,20230310,0.0,0.0,8781.7536,0.0,104893.59500000002,113675.3486,1792362.5221204455,0.0,20312641.262271848,22105003.784392297,1.0,73.0,0.0,2.0,0.0,0.0,5.0,30.452999999999996,-6.676165780991326,0.15965587994182948,-83.955,9.027143055336438,0.5430418441008434,66,113
2023,20230311,0.0,0.0,357683.2108,35577.201199999996,74814.8412,468075.2532,75784745.94247572,6345889.501956725,14090166.168097964,96220801.6125304,23.0,16.0,1.0,2.0,0.0,5.0,5.0,35.12567037037037,-2.0034954106209497,1.6405960909692872,-100.9717037037037,-7.989560648367259,11.88054466122212,65,112
2023,20230312,0.0,0.0,162533.703,23360.9543,693594.9819,879489.6392000001,35551230.68765184,4574345.223505224,142075612.27071688,182201188.18187395,14.0,52.0,1.0,3.0,2.0,5.0,15.0,32.80592985074627,-4.323235930245055,1.9533517661775028,-93.17477910447762,-0.1926360491411856,12.164225116741672,64,111
2023,20230313,0.0,0.0,37799.47030000001,0.0,84355.04950000001,122154.5198,6724395.657361978,0.0,14916245.667026963,21640641.324388944,1.0,8.0,0.0,3.0,5.0,15.0,15.0,29.22195,-7.907215780991322,0.6823072694908073,-81.87695,11.105193055336443,0.42761182942788606,63,110
2023,20230315,0.0,0.0,10011.7018,0.0,41092.1675,51103.869300000006,1710096.973109405,0.0,5499858.596897417,7209955.570006821,1.0,17.0,0.0,1.0,0.0,0.0,0.0,34.16555,-2.9636157809913186,1.136443823219314,-114.43610000000001,-21.453956944663574,0.10657360523756708,61,108
2023,20230316,0.0,0.0,2490077.9487,131827.50079999998,350279.2144,2972184.6639,449907873.32125103,23312289.417630214,64671156.3071038,537891319.045985,91.0,41.0,5.0,1.0,0.0,0.0,0.0,32.982873636363635,-4.146292144627687,1.7769552117910636,-96.76552545454545,-3.7833823992090174,3.1998128294010155,60,107
2023,20230317,0.0,0.0,26775.7059,15193.061000000002,58957.9316,100926.6985,3326918.2361939047,3236781.8828037074,10081285.855332078,16644985.974329691,2.0,5.0,2.0,4.0,10.0,30.0,30.0,29.69825555555555,-7.43091022543577,1.4840456302882945,-91.48194444444444,1.5001986108919994,7.080436270299856,59,106
2023,20230321,0.0,0.0,0.0,43813.69510000001,222152.1264,265965.82149999996,0.0,5956199.234361289,29962571.29156063,35918770.52592192,0.0,54.0,1.0,1.0,0.0,0.0,0.0,35.47546666666667,-1.6536991143246524,2.299638127764164,-118.6493,-25.66715694466356,2.105545497014965,55,102
2023,20230322,0.0,0.0,367718.6891,83444.6209,0.0,451163.31,82995934.73737885,10835521.687123498,0.0,93831456.42450234,9.0,28.0,1.0,1.0,0.0,0.0,0.0,40.367039999999996,3.237874219008674,2.245171390735634,-88.84544,4.13670305533644,10.333636418587387,54,101
2023,20230323,0.0,0.0,670998.2596000001,0.0,447376.2639,1118374.5235,152847282.7457422,0.0,91501389.04292774,244348671.7886699,47.0,23.0,0.0,2.0,0.0,0.0,5.0,36.36078115942029,-0.7683846215710304,2.5994135843366553,-94.84030289855073,-1.8581598432142954,10.703432208641841,53,100
2023,20230324,1.0,2956.0,205265.1559,482841.8601,1951807.3669,2639914.3829,41848568.16842909,106627128.9917196,434114475.9519904,582590173.1121391,15.0,119.0,29.0,3.0,2.0,5.0,15.0,34.50108590604027,-2.628079874951055,1.3126064463409006,-89.91870939597315,3.063433659363284,4.177914965162336,52,99
2023,20230325,1.0,2956.0,245832.0091,113243.7911,3225462.1529,3584537.9531,47787302.02547081,22551926.156696536,649828943.1988926,720168171.3810599,14.0,186.0,5.0,5.0,15.0,30.0,15.0,35.55091449275363,-1.578251288237695,4.051616707676057,-83.25648260869565,9.725660446640788,1.989757250752358,51,98
2023,20230326,1.0,2956.0,3193942.8613000005,216260.4898,1382695.1851,4792898.5362,624761338.8853521,43175742.98039507,277811407.96287763,945748489.8286248,136.0,75.0,12.0,2.0,2.0,5.0,5.0,33.203204954954955,-3.9259608260363663,2.3311655141213707,-87.31838423423423,5.663758821102206,3.342748167034396,50,97
2023,20230327,0.0,0.0,212243.4576,78153.4175,339211.0309,629607.906,37127493.60731157,14490133.294984126,60530406.90205089,112148033.8043466,9.0,14.0,3.0,4.0,10.0,15.0,30.0,31.813730434782606,-5.315435346208716,1.6609252206457317,-88.30632173913044,4.675821316205997,6.394821847540293,49,96
2023,20230328,0.0,0.0,110068.7843,0.0,0.0,110068.7843,21799749.238661237,0.0,0.0,21799749.238661237,7.0,14.0,0.0,3.0,2.0,15.0,5.0,32.04734285714286,-5.081822923848463,2.5391879455560478,-93.2392,-0.2570569446635602,12.91997096797564,48,95
2023,20230329,0.0,0.0,66955.3661,0.0,0.0,66955.3661,11148395.862729294,0.0,0.0,11148395.862729294,2.0,12.0,0.0,2.0,0.0,5.0,5.0,36.8214,-0.3077657809913248,0.3232892203584897,-121.94275,-28.960606944663567,0.12339013331704884,47,94
2023,20230330,0.0,0.0,50639.98270000001,0.0,8432.8984,59072.881100000006,17757633.691655643,0.0,1275257.7936661737,19032891.485321816,13.0,51.0,0.0,1.0,0.0,0.0,0.0,41.25197142857143,4.122805647580108,2.145183717227814,-99.47952857142857,-6.497385516092137,4.8931215807229105,46,93
2023,20230331,1.0,5909.8,5467792.629,4676971.5399,9629295.1522,19774059.3211,1289735506.926183,1062765203.1324788,2116798088.8172543,4469298798.875916,268.0,498.0,171.0,2.0,2.0,5.0,5.0,39.88901283068783,2.7598470496965106,2.623857249894116,-89.4834376984127,3.498705356923736,2.725974127219912,45,92
2023,20230401,1.0,5909.8,2313811.4972,2292344.2807,20206629.1354,24812784.9133,326244636.24824107,364912700.2949089,3542600359.465067,4233757696.008217,34.0,719.0,41.0,5.0,15.0,45.0,30.0,39.62955985267035,2.5003940716790254,2.5941443031671554,-80.12015377532228,12.861989280014157,3.57081517743781,44,91
2023,20230402,0.0,0.0,1566206.8571,130193.6727,355757.82800000004,2052158.3578,282951501.3539163,22916515.664627537,73173120.86026028,379041137.8788041,59.0,39.0,4.0,3.0,5.0,15.0,5.0,32.523691860465114,-4.605473920526208,0.6487890581174834,-95.89185581395348,-2.9097127586170473,1.884979014993491,43,90
2023,20230403,0.0,0.0,320698.03949999996,64005.607,526008.4225999999,910712.0691,60847981.48693024,13894631.204339316,109788357.53216952,184530970.2234391,17.0,116.0,6.0,4.0,10.0,30.0,30.0,31.339604411764707,-5.789561369226615,0.5492990266935794,-87.64822352941177,5.333919525924671,4.4096498411808405,42,89
2023,20230404,1.0,2956.1,9782260.724699998,212047.3051,1438308.9579,11432616.9877,2143280546.1172633,53116749.29069003,304951863.90487003,2501349159.3128233,342.0,128.0,12.0,3.0,5.0,15.0,5.0,41.275560750000004,4.146394969008682,1.5063965264070975,-90.86013375,2.1220093053364337,2.7779311781363636,41,88
2023,20230405,1.0,2956.1,1846981.2873,425932.96220000007,4662099.151500001,6935013.401000001,395757050.6210991,99868668.86921816,1043744060.0930887,1539369779.5834062,101.0,196.0,20.0,5.0,15.0,30.0,30.0,37.57455753424657,0.44539175325525093,3.581329823331348,-89.14914212328767,3.833000932048762,4.838474100080963,40,87
2023,20230406,1.0,2956.1,1547397.8225,0.0,1421774.6664000002,2969172.4889,279709620.43225455,0.0,224680730.7055685,504390351.137823,48.0,34.0,0.0,4.0,5.0,30.0,15.0,36.7579,-0.37126578099132246,2.7052458883071093,-79.08878125,13.89336180533644,3.7252133820148687,39,86
2023,20230407,0.0,0.0,9901.909,0.0,0.0,9901.909,2133866.9331817664,0.0,0.0,2133866.9331817664,2.0,2.0,0.0,3.0,0.0,15.0,5.0,23.915,-13.214165780991323,7.827672067735081,-78.75035,14.23179305533644,16.34781380628614,38,85
2023,20230409,0.0,0.0,36266.8687,0.0,13895.3625,50162.231199999995,9641437.578390488,0.0,3796444.011100475,13437881.58949096,9.0,7.0,0.0,1.0,0.0,0.0,0.0,34.1771,-2.952065780991319,2.0246563786644534,-100.82534615384614,-7.843203098509704,1.0689319089753277,36,83
2023,20230410,0.0,0.0,324588.1079,0.0,61885.432,386473.5399,80380382.02639732,0.0,1674411.976645726,82054794.00304304,31.0,5.0,0.0,2.0,0.0,5.0,5.0,35.55507878787879,-1.5740869931125303,2.5502308940512606,-97.84081515151516,-4.858672096178722,1.1137928418026215,35,82
2023,20230412,0.0,0.0,0.0,61426.8213,1966.8287,63393.65,0.0,8574571.614263844,471731.31457729434,9046302.928841138,0.0,3.0,2.0,1.0,0.0,0.0,0.0,29.606399999999997,-7.522765780991325,6.169227501883847,-88.27263333333333,4.709509722003105,14.053337038701285,33,80
2023,20230413,0.0,0.0,47494.9002,0.0,468102.6694,515597.5696000001,8638249.132507047,0.0,90537817.81865624,99176066.95116328,2.0,51.0,0.0,2.0,2.0,5.0,0.0,34.17793902439024,-2.9512267566010806,4.42869987986757,-89.42877804878049,3.55336500655595,9.046274758388456,32,79
2023,20230414,0.0,0.0,641027.7795000001,0.0,371470.4156,1012498.1951,142497080.41793677,0.0,77790373.62019019,220287454.03812695,44.0,23.0,0.0,4.0,10.0,15.0,5.0,38.12844153846154,0.9992757574702154,3.0382650105000466,-91.73908923076922,1.2430538245672125,7.871974276331567,31,78
2023,20230415,1.0,1401.9,5240553.137399999,259891.1922,2324933.8131000004,7825378.1427,1049858121.5292132,61101498.477207005,509395546.94434214,1620355166.9507625,265.0,160.0,15.0,3.0,0.0,15.0,15.0,35.407217539863325,-1.721948241127997,3.4156769898623622,-90.83874533029612,2.143397725040316,4.36668132073631,30,77
2023,20230416,0.0,0.0,179307.88899999997,30630.856700000004,1209105.0852999997,1419043.8309999998,30255901.168213256,5214268.659910738,137175293.3096411,172645463.13776508,7.0,40.0,1.0,4.0,5.0,30.0,30.0,36.56267674418604,-0.5664890368052795,7.04421455518259,-81.82503488372093,11.157108171615505,4.543056589423749,29,76
2023,20230417,0.0,0.0,155625.36599999998,0.0,58748.0935,214373.4595,22430602.055775676,0.0,8781596.67959106,31212198.735366736,5.0,6.0,0.0,2.0,0.0,5.0,5.0,27.309975,-9.81919078099132,2.9167328447866363,-82.9459875,10.036155555336435,7.748752869690436,28,75
2023,20230418,0.0,0.0,206405.0737,0.0,24758.112200000003,231163.1859,54685435.3362355,0.0,6914092.117493974,61599527.45372947,31.0,32.0,0.0,2.0,0.0,5.0,0.0,40.995851351351355,3.8666855703600334,0.9155774427533012,-100.21307567567568,-7.230932620339246,5.090747054782906,27,74
2023,20230419,1.0,3108.3,6404188.5484,499700.1303,171606.1326,7075494.8113,1502419646.125343,118535730.26057193,44353169.77845571,1665308546.164371,387.0,54.0,38.0,2.0,0.0,5.0,5.0,38.35137088036117,1.2222050993698517,3.2125246486208066,-95.47230541760722,-2.4901623622707802,3.1974662604423916,26,73
2023,20230420,1.0,3108.3,5401914.2491999995,86576.1254,1734583.4678,7223073.8424,1066782083.04288,17443923.64631711,347304905.7048485,1431530912.3940456,201.0,81.0,4.0,4.0,5.0,15.0,30.0,36.722947348484844,-0.4062184325064777,4.668178052397988,-93.69368598484849,-0.7115429295120492,3.945836757321594,25,72
2023,20230421,0.0,0.0,780725.0721999998,74229.1908,194382.7102,1049336.9732,71438555.01216918,11669925.394352067,28186089.25118248,111294569.65770371,31.0,10.0,3.0,3.0,2.0,15.0,15.0,29.215554545454548,-7.913611235536774,4.541576278273241,-93.99381136363637,-1.0116683082999316,6.133497586517945,24,71
2023,20230422,0.0,0.0,2025650.3888,567417.6306,5331249.4524,7924317.4718,306756879.25482243,90850625.0010619,824704501.768943,1222312006.0248272,55.0,94.0,14.0,3.0,2.0,5.0,15.0,36.85650122699386,-0.27266455399745837,3.9410172700663844,-82.9847717791411,9.997371276195338,9.936916283746498,23,70
2023,20230423,0.0,0.0,168316.1983,0.0,325234.2794,493550.4777,23163622.013363924,0.0,20976189.55257869,44139811.565942615,8.0,21.0,0.0,3.0,2.0,15.0,15.0,27.915060714285715,-9.214105066705606,2.8824591188953885,-97.28315714285714,-4.301014087520699,5.139581365314478,22,69
2023,20230424,0.0,0.0,149012.9321,0.0,75761.3843,224774.3164,25859426.248934183,0.0,12532373.631024769,38391799.87995895,4.0,4.0,0.0,4.0,2.0,30.0,15.0,29.72145714285714,-7.4077086381341815,5.438226383315655,-85.9402,7.041943055336432,11.787953523831012,21,68
2023,20230425,1.0,1372.8,651138.4918,3199.6239,229323.6596,883661.7753,121383208.75597382,902876.5388096556,41621827.47691436,163907912.77169782,40.0,14.0,1.0,2.0,0.0,5.0,5.0,31.549682352941176,-5.579483428050146,2.0756442399126005,-93.89195490196079,-0.9098118466243506,8.534470810549736,20,67
2023,20230426,1.0,1372.8,3053318.4713,65392.69900000001,924309.1281,4043020.2984,553756432.7420293,11361808.154200634,167503553.1733068,732621794.0695368,132.0,40.0,2.0,3.0,5.0,5.0,15.0,31.060820809248554,-6.068344971742768,1.4981262850895067,-90.56007919075145,2.4220638645849846,7.325783470762338,19,66
2023,20230427,1.0,1372.8,717447.7969000001,84568.5105,1008708.3551,1810724.6625,141769476.70707175,17036999.85695293,195086731.29614633,353893207.860171,50.0,90.0,9.0,4.0,10.0,30.0,30.0,32.12756204379562,-5.001603737195701,3.6651610393985705,-88.08195474452555,4.90018831081089,6.759898264244581,18,65
2023,20230428,0.0,0.0,2874853.7001,84845.4377,1555924.1542000002,4515623.292,472643661.63707286,14785307.592624404,174561898.5743706,661990867.8040679,108.0,61.0,3.0,3.0,5.0,15.0,15.0,30.343110714285714,-6.786055066705607,3.1995528255300894,-95.22610892857143,-2.2439658732349983,6.531665369134501,17,64
2023,20230429,0.0,0.0,170084.2647,30230.355099999997,218330.4911,418645.1109,28593967.9764271,4540835.773030745,18575590.95063598,51710394.70009382,6.0,12.0,1.0,4.0,5.0,30.0,30.0,27.166894444444445,-9.962271336546877,1.5227347698726423,-89.12972222222223,3.852420833114209,8.707701860831266,16,63
2023,20230430,0.0,0.0,146321.35520000002,52172.8596,1296559.8788,1495054.0936,28197165.802694257,8923896.528191783,244182202.50807193,281303264.83895797,6.0,123.0,2.0,3.0,5.0,15.0,15.0,34.69305238095238,-2.4361134000389413,1.6916233517386383,-78.80240158730159,14.179741468034848,1.9984094328056223,15,62
2023,20230501,0.0,0.0,4887.976599999999,0.0,8659.132400000002,13547.109,1051538.801788516,0.0,2519502.9003994456,3571041.7021879614,1.0,11.0,0.0,3.0,5.0,15.0,5.0,42.885000000000005,5.755834219008683,2.144213142390466,-115.26037999999998,-22.278236944663547,7.082429965908597,14,61
2023,20230502,0.0,0.0,12599.5658,0.0,14179.8647,26779.4305,3355476.8798546074,0.0,3926961.1991052786,7282438.078959886,4.0,9.0,0.0,2.0,0.0,5.0,0.0,34.30375,-2.825415780991321,5.127558420646506,-104.4125,-11.430356944663558,4.9430694628222325,13,60
2023,20230503,0.0,0.0,55706.24149999999,0.0,39296.336899999995,95002.57839999998,11716898.61512852,0.0,7016327.901633063,18733226.516761582,10.0,12.0,0.0,3.0,0.0,15.0,5.0,36.04795,-1.0812157809913217,4.559739087511093,-106.13529999999999,-13.15315694466355,6.386324905056213,12,59
2023,20230504,0.0,0.0,261234.37350000005,198351.85729999997,437375.1783,896961.4091,48401156.23748133,26996858.126628734,81191183.57325745,156589197.9373675,20.0,31.0,4.0,2.0,0.0,5.0,5.0,35.96404074074074,-1.1651250402505795,5.266081779869276,-102.64394444444444,-9.661801389108007,7.622054562606189,11,58
2023,20230505,0.0,0.0,1099527.1412999998,1285.9825999999998,895177.9079999999,1995991.0319,204994713.241964,617627.7709388417,187866170.2454423,393478511.2583451,69.0,77.0,1.0,3.0,2.0,5.0,15.0,34.691543835616436,-2.437621945374886,4.475053026277591,-96.60761438356164,-3.6254713282252027,4.301974700738221,10,57
2023,20230506,1.0,2222.5,1405745.629,104358.39200000002,1120316.2662,2630420.2872,331434772.3163169,30657476.45700409,238292598.28497437,600384847.0582954,132.0,73.0,12.0,3.0,2.0,5.0,15.0,36.78740093457944,-0.3417648464118841,4.682895544756225,-95.63377336448598,-2.651630309149539,3.698165707113247,9,56
2023,20230507,1.0,2222.5,4060283.4322,422148.9115000001,3152040.2435,7634472.5872,1037879265.712323,92945720.08982956,751409865.8487146,1882234851.6508672,321.0,183.0,14.0,4.0,5.0,30.0,30.0,39.802369863013695,2.673204082022373,2.7433277720058564,-92.7800119373777,0.20213111795874283,4.8714698216301535,8,55
2023,20230508,1.0,2222.5,1601855.2553,61147.5194,581838.4752,2244841.2499,365804487.1599224,12207683.543728366,128657368.09169026,506669538.795341,103.0,37.0,2.0,4.0,5.0,30.0,30.0,36.63208239436619,-0.4970833866251283,3.583456035912684,-92.8884014084507,0.09374164688573217,3.5607279233680997,7,54
2023,20230509,0.0,0.0,2470873.135,24503.2066,1705207.5425000002,4200583.8841,539474590.8465815,7354968.291815442,352591395.9709426,899420955.1093395,214.0,131.0,5.0,3.0,2.0,15.0,15.0,37.48909106628242,0.3599252852910979,3.3281422542052392,-93.5948674351585,-0.612724379822069,8.704900121896989,6,53
2023,20230510,1.0,3563.0,1125631.6041,73492.6528,214993.0707,1414117.3276,222506968.1765226,14789265.191459652,52176494.387468696,289472727.75545096,103.0,38.0,8.0,4.0,5.0,30.0,30.0,38.85567872340425,1.7265129424129313,2.580164747475536,-101.0342914893617,-8.05214843402527,5.141857690972472,5,52
2023,20230511,1.0,3563.0,824654.6164,304887.87940000003,728647.3484000001,1858189.8442,161581893.23269036,70596210.58882971,172005794.22474656,404183898.0462667,49.0,72.0,35.0,4.0,10.0,15.0,30.0,34.26346103896104,-2.8657047420302817,3.173382325793988,-93.28469155844157,-0.30254850310512893,6.095711959757734,4,51
2023,20230512,1.0,3563.0,821666.7188,248669.9635,543640.868,1613977.5503,202563861.29827377,71839483.7590041,123237703.148737,397641048.2060149,81.0,61.0,36.0,4.0,10.0,15.0,30.0,37.20742102272727,0.07825524173594545,4.385645296758969,-95.69996761363636,-2.717824558299924,4.757364448470777,3,50
2023,20230513,0.0,0.0,281877.007,218115.4304,241160.68950000004,741153.1269,69534110.82497735,62863201.57765764,51901139.94123635,184298452.34387136,19.0,19.0,23.0,4.0,5.0,15.0,30.0,38.31379642857143,1.1846306475801072,3.788763755439559,-94.22076607142857,-1.2386230160921343,4.282972154146183,2,49
2023,20230514,0.0,0.0,381610.9629,0.0,233380.2485,614991.2113999999,90498481.5000892,0.0,52427518.15118519,142925999.6512744,21.0,19.0,0.0,3.0,5.0,15.0,15.0,38.26481282051282,1.1356470395215013,2.2657827303488567,-94.18355384615386,-1.2014107908174196,8.668892499799314,1,48
2023,20230515,0.0,0.0,146886.4465,24365.5927,214271.58089999997,385523.62009999994,32189729.309512816,4674185.381836239,47168452.303020544,84032366.9943696,9.0,16.0,2.0,3.0,2.0,15.0,5.0,34.28091111111111,-2.8482546698802125,4.034425417705184,-90.52665925925925,2.455483796077189,6.535649524501944,0,47
2023,20230516,0.0,0.0,1003674.951,77068.6626,4716708.369700001,5797451.9833,209632964.2527374,17321304.971216343,971375034.6189524,1198329303.842906,45.0,189.0,4.0,2.0,0.0,5.0,5.0,36.55522310924369,-0.5739426717476306,1.701465767578088,-83.35225798319328,9.629885072143153,5.732129159646401,1,46
2023,20230517,0.0,0.0,96064.9216,0.0,372511.4733,468576.3949,20709122.819422312,0.0,76387607.8867311,97096730.70615342,18.0,29.0,0.0,4.0,5.0,30.0,15.0,35.10901914893617,-2.0201466320551518,5.10269153949502,-92.61502340425533,0.36711965108111144,10.122269565970846,2,45
2023,20230518,1.0,1690.0,388868.1771,9936.715,173836.6306,572641.5227000001,78985267.86726679,2146658.4010808575,36821564.7837871,117953491.05213477,26.0,16.0,2.0,2.0,0.0,5.0,5.0,34.14445813953488,-2.9847076414564384,2.589081259023174,-94.10430465116279,-1.1221615958263556,8.553935488888909,3,44
2023,20230519,1.0,1690.0,1064889.5984999998,8844.6498,343297.02629999997,1417031.2746,189532931.4043055,2282426.16820118,69669826.82408683,261485184.3965935,46.0,27.0,1.0,3.0,2.0,15.0,15.0,33.37895342465753,-3.7502123563337904,3.4125219263879294,-99.45296849315069,-6.470825437814256,7.28850969324847,4,43
2023,20230520,0.0,0.0,63657.01210000001,0.0,73430.1379,137087.15000000002,14588887.930894086,0.0,11494184.233113104,26083072.164007187,8.0,6.0,0.0,3.0,2.0,15.0,15.0,41.721985714285715,4.592819933294393,6.0471552171066545,-116.60773571428571,-23.625592658949273,5.553539950283566,5,42
2023,20230521,0.0,0.0,65567.01580000001,0.0,131737.5649,197304.5807,14257313.709752006,0.0,27801313.826501988,42058627.536254,11.0,21.0,0.0,2.0,2.0,5.0,5.0,41.91948387096774,4.790318089976417,5.6839058112707885,-112.48025806451612,-19.498115009179685,9.502273482340046,6,41
2023,20230522,0.0,0.0,131771.80459999997,3689.239,155703.14239999995,291164.1859999999,32593704.00746135,993333.959740518,30714314.134429455,64301352.10163133,36.0,16.0,1.0,3.0,0.0,5.0,15.0,34.640059615384615,-2.4891061656067066,3.8142734648695176,-98.86399615384616,-5.881853098509723,7.304062222770461,7,40
2023,20230523,0.0,0.0,314752.0022,8254.371,424865.6099,747871.9831,65264923.233012825,1990189.8772550423,78589275.25919206,145844388.36945993,44.0,30.0,2.0,3.0,2.0,15.0,15.0,35.089402666666665,-2.039763114324657,4.795614533851744,-101.69590933333333,-8.713766277996896,5.7270586814810915,8,39
2023,20230524,0.0,0.0,286094.062,24647.6702,184363.5554,495105.2875999999,61282573.457552604,5013251.897845684,33496153.033233773,99791978.38863206,63.0,22.0,5.0,3.0,2.0,15.0,15.0,36.46979777777778,-0.6593680032135438,4.216101227810009,-103.63396888888889,-10.65182583355245,6.940985092337755,9,38
2023,20230525,0.0,0.0,165032.28650000002,25473.2812,52144.45909999999,242650.0268,34604404.98195331,3472876.98226612,11605723.69876326,49683005.66298269,39.0,15.0,1.0,3.0,2.0,15.0,15.0,39.04313333333334,1.9139675523420152,6.117142346177357,-104.48565925925925,-11.503516203922814,5.9272930746377375,10,37
2023,20230526,0.0,0.0,532207.8976,61385.827099999995,31416.7986,625010.5233,100632000.84003724,12427369.357315237,6338411.784685299,119397781.98203775,69.0,13.0,8.0,2.0,0.0,5.0,5.0,36.167861797752806,-0.9613039832385155,10.470071040302381,-107.85675505617978,-14.874612000843342,12.194809044677124,11,36
2023,20230527,0.0,0.0,126572.643,37378.086800000005,40018.4261,203969.15590000004,31509089.42459573,8349036.073008445,8674611.129561873,48532736.62716605,42.0,21.0,8.0,4.0,5.0,30.0,30.0,40.82715873015873,3.697992949167407,4.545839476489602,-103.47989365079364,-10.497750595457205,3.5289556491272855,12,35
2023,20230528,0.0,0.0,83324.94720000001,4969.694599999999,12420.604,100715.24580000002,25819314.33079147,1375235.6719813638,3354712.501987813,30549262.504760645,41.0,5.0,2.0,3.0,2.0,15.0,15.0,37.129110638297874,-5.514269344786271e-05,2.359291692918806,-100.96425319148938,-7.98211013615294,1.1028384736967034,13,34
2023,20230529,0.0,0.0,207196.4735,0.0,8946.9544,216143.4279,28072588.67410599,0.0,2461810.3868492683,30534399.06095526,35.0,4.0,0.0,3.0,0.0,5.0,15.0,39.85351794871795,2.7243521677266287,6.2256520589739175,-101.30416153846153,-8.322018483125092,2.244804468757905,14,33
2023,20230530,0.0,0.0,282955.935,2313.7587,127266.32609999998,412536.0198,76600127.96015319,577525.4733945348,35763187.9919238,112940841.42547151,64.0,40.0,1.0,2.0,0.0,5.0,5.0,41.20869142857143,4.079525647580105,3.6086986561883796,-99.64089523809524,-6.658752182758803,2.9890291921323584,15,32
2023,20230531,0.0,0.0,231296.02710000004,58239.710199999994,408958.3927,698494.13,54714456.68575702,11669080.226270923,89464740.93806899,155848277.85009694,26.0,59.0,3.0,3.0,0.0,15.0,15.0,36.80947093023256,-0.3196948507587649,4.285484372647256,-101.33601046511627,-8.353867409779838,5.234004652227224,16,31
2023,20230601,0.0,0.0,275287.9349,51043.40340000001,225957.30009999996,552288.6383999999,60692008.58626188,11159130.127343036,50958167.688277386,122809306.40188232,26.0,24.0,3.0,3.0,5.0,15.0,15.0,39.78431428571429,2.655148504722966,5.185190291228472,-100.18762040816327,-7.205477352826833,7.026513185991196,17,30
2023,20230602,0.0,0.0,1156390.0815,26138.0314,2163014.423,3345542.5359,176858697.43088657,7087327.826407585,363903973.2983025,547849998.5555966,56.0,88.0,9.0,3.0,2.0,15.0,15.0,36.82092222222222,-0.3082435587690995,5.3517504205365825,-90.84854052287581,2.1336025324606283,12.80588577715052,18,29
2023,20230603,0.0,0.0,1964959.6614,2489.0422000000003,3288541.9181000004,5255990.6217,361582532.5976113,702405.2547059671,630928578.0340104,993213515.8863276,78.0,117.0,1.0,4.0,5.0,30.0,30.0,35.89805435897436,-1.2311114220169586,4.427961968659604,-88.49385384615385,4.488289209182582,9.234737780341854,19,28
2023,20230604,0.0,0.0,696186.9516,0.0,795106.1312999999,1491293.0828999998,132491339.69307636,0.0,155896439.24890807,288387778.9419844,37.0,46.0,0.0,3.0,0.0,15.0,15.0,34.621018072289154,-2.508147708702168,5.525612862381266,-91.34303373493977,1.6391093203966705,6.705726055999925,20,27
2023,20230605,0.0,0.0,667943.8256000001,10251.6831,513051.9849,1191247.4936000002,127748606.37813884,2138065.868731294,110697136.06491204,240583808.31178215,36.0,40.0,3.0,2.0,0.0,5.0,5.0,35.81171025641026,-1.3174555245810637,4.1990755210310295,-94.9530358974359,-1.9708928420994596,8.047176790408997,21,26
2023,20230606,0.0,0.0,1809327.087,21063.4111,1424885.7538,3255276.2519,291225841.3052654,4580559.865768783,245017369.2842796,540823770.4553138,60.0,73.0,2.0,2.0,2.0,5.0,5.0,38.192076744186046,1.0629109631947244,4.375893799262465,-93.70455658914729,-0.722413533810851,15.55312960787477,22,25
2023,20230607,0.0,0.0,146450.79240000003,35695.0953,1056410.1342,1238556.0219,28726728.447216187,7731751.379923727,209091823.54218784,245550303.36932775,19.0,73.0,3.0,2.0,0.0,5.0,5.0,35.2932935483871,-1.835872232604224,5.638560786398815,-92.24444301075269,0.7377000445837467,11.61433590275583,23,24
2023,20230608,0.0,0.0,803771.7971000001,0.0,610094.5285,1413866.3256,141358761.72234324,0.0,109267562.11385848,250626323.83620173,41.0,39.0,0.0,2.0,0.0,5.0,5.0,36.48180641025641,-0.647359370734911,7.262891923937014,-96.34571282051282,-3.363569765176379,11.623878011582237,24,23
2023,20230609,0.0,0.0,168790.2825,6575.7754,224267.5636,399633.6215,43863938.96195621,1386695.6808254328,51764576.79302278,97015211.43580444,26.0,29.0,2.0,3.0,0.0,15.0,15.0,36.75657636363636,-0.3725894173549591,4.803380226001487,-97.52868000000001,-4.546536944663572,6.908310815199862,25,22
2023,20230610,0.0,0.0,1208469.3418,17510.3357,1910661.2254000003,3136640.9029,218690307.02684355,5935136.923994887,381704637.41706014,606330081.3678986,51.0,113.0,3.0,2.0,0.0,5.0,5.0,33.55318982035928,-3.575975960632043,3.706247986742537,-95.23099580838324,-2.2488527530468048,4.521383840078121,26,21
2023,20230611,1.0,4193.2,4129548.7185,180687.2396,4104786.364299999,8415022.3224,802997711.5374894,41319104.06997487,866812536.0665652,1711129351.6740294,200.0,197.0,8.0,4.0,5.0,30.0,30.0,34.930980500000004,-2.198185280991318,1.9351356896903977,-90.74990075,2.2322423053364417,7.517142817775363,27,20
2023,20230612,1.0,4193.2,2680574.9140000003,69650.6551,991093.9231,3741319.4922,493000818.6316374,10896478.824001685,202809953.0204374,706707250.4760765,140.0,69.0,1.0,4.0,2.0,30.0,30.0,33.21403028846154,-3.915135492529785,2.198451984403009,-94.89738846153847,-1.9152454062020325,6.829545485768803,28,19
2023,20230613,1.0,4193.2,2664434.493,9799.1172,1262689.4005000002,3936923.010700001,510259878.236674,2276506.831008859,243643136.81198275,756179521.8796656,137.0,96.0,4.0,4.0,5.0,15.0,30.0,32.843385897435894,-4.285779883555428,2.2458595141242155,-92.09809658119659,0.8840464741398506,7.346493490198786,29,18
2023,20230614,1.0,4193.2,3018867.0424,171157.0065,5908141.2552000005,9098165.3041,632505771.7652732,34554881.34022055,1127388968.610654,1794449621.716148,186.0,322.0,12.0,4.0,2.0,15.0,30.0,33.135153461538465,-3.9940123194528567,2.3344344936849053,-87.6147875,5.367355555336431,5.545605853860798,30,17
2023,20230615,1.0,3918.7,5033331.5769,796927.0650000001,3533741.0452,9363999.6871,1069733234.307245,175462362.2379907,725091855.2726288,1970287451.8178644,218.0,180.0,33.0,5.0,10.0,45.0,30.0,35.749149302325584,-1.3800164786657376,3.660187139449575,-92.32811279069767,0.654030264638763,7.551348804234652,31,16
2023,20230616,1.0,3918.7,4560539.3707,354810.37240000005,6048111.538000001,10963461.2811,807630634.700441,57960734.15903442,1081545747.530986,1947137116.3904617,197.0,289.0,15.0,5.0,10.0,45.0,45.0,34.1287308,-3.000434980991322,3.188350172313872,-87.8618158,5.120327255336434,7.781082968027072,32,15
2023,20230617,1.0,3918.7,1116655.2352,62298.94,3608222.5842,4787176.7594,243074247.7583697,15626041.630426591,846747712.4191,1105448001.8078964,118.0,309.0,10.0,3.0,2.0,15.0,15.0,35.11239632183908,-2.0167694591522434,2.5630356868217645,-96.03219609195402,-3.0500530366175838,4.396225136871749,33,14
2023,20230618,1.0,3918.7,502558.7259000001,237696.3613,2096219.9376,2836475.0248,103672193.53550524,55884328.557939865,499811994.9014887,659368516.9949338,31.0,186.0,22.0,4.0,5.0,30.0,30.0,33.90457381974249,-3.2245919612488336,2.3904462743877075,-91.52354463519313,1.4585984201433035,4.984171093821113,34,13
2023,20230619,0.0,0.0,420840.7137,41027.33770000001,2850395.2534,3312263.3048,79722464.1186775,8880068.652694086,536427732.78555626,625030265.5569278,32.0,154.0,4.0,4.0,2.0,30.0,30.0,33.19198764044943,-3.9371781405418886,4.4246692032457595,-86.32324325842697,6.658899796909466,8.132727142470781,35,12
2023,20230620,0.0,0.0,314070.9568,11458.3648,198037.6975,523567.0190999999,71088496.40963951,2464531.6797715607,42210385.78969308,115763413.87910414,43.0,35.0,1.0,3.0,5.0,15.0,15.0,39.58458717948718,2.455421398495858,7.990586615176554,-97.07471153846154,-4.092568483125106,6.800379832458576,36,11
2023,20230621,1.0,5453.9,1098192.7109,383817.2821,1571794.4774000002,3053804.4704,201642148.43866688,75910794.55697949,288898236.7960822,566451179.7917285,85.0,102.0,46.0,3.0,2.0,15.0,15.0,36.57131217391304,-0.5578536070782789,4.788741655888114,-100.54322913043478,-7.561086075098345,5.057319710672828,37,10
2023,20230622,1.0,5453.9,1158072.5325999998,64259.0613,608033.3365999998,1830364.9304999996,208684808.6318222,12131184.0666075,118717704.82325324,339533697.5216829,81.0,46.0,5.0,3.0,5.0,15.0,15.0,36.71212121212121,-0.41704456887011077,3.8580555550242495,-98.13219015151515,-5.15004709617871,9.861078949327192,38,9
2023,20230623,1.0,5453.9,1454133.5122,71416.38650000001,830309.1464,2355859.0451,278432597.5476724,16913911.694632724,178480182.52892494,473826691.7712301,144.0,103.0,25.0,3.0,5.0,15.0,15.0,38.31939053030303,1.1902247493117102,5.116555769839664,-100.28759090909091,-7.3054478537544725,5.633274856589105,39,8
2023,20230624,1.0,5453.9,587226.3815,65117.3636,1060441.5697,1712785.3148000003,181633679.24068543,20897698.508445635,282543508.2962275,485074886.0453586,69.0,106.0,13.0,4.0,5.0,30.0,30.0,42.39816795580111,5.269002174809785,3.180978800091907,-95.26639723756905,-2.2842541822326154,3.439280331558901,40,7
2023,20230625,1.0,5453.9,5241067.374999999,212422.3183,16724422.122699998,22177911.816,1195536482.6821115,51286469.51613422,3287541591.4347806,4534364543.633026,206.0,534.0,10.0,3.0,5.0,15.0,15.0,36.92328032128514,-0.205885459706181,3.179000406462782,-85.87274645247658,7.10939660285986,3.3503337538433695,41,6
2023,20230626,1.0,5453.9,3960828.3113,261365.77379999997,13492550.3351,17714744.420199998,670942317.1473627,35940568.332155816,2119743276.3197973,2826626161.799316,122.0,297.0,7.0,4.0,10.0,30.0,30.0,38.22740399061033,1.098238209619005,3.329420159643849,-81.62623004694835,11.355913008388086,8.336696829988615,42,5
2023,20230627,0.0,0.0,538696.7273,7226.524400000001,4452759.5045,4998682.7562,97850083.619685,2182428.984880972,726136853.6356031,826169366.240169,74.0,183.0,3.0,4.0,2.0,30.0,15.0,38.62744280155642,1.498277020565098,4.363252109069737,-92.87134941634241,0.11079363899402495,11.748496091153006,43,4
2023,20230628,1.0,1976.8,621272.5913,27048.080100000003,124916.74310000002,773237.4145,130837751.16896476,5578492.661100451,25252927.94618052,161669171.77624574,97.0,15.0,4.0,4.0,2.0,30.0,30.0,41.075087068965516,3.945921287974194,2.884314228631046,-102.39122068965517,-9.409077634318734,3.5856553204344,44,3
2023,20230629,1.0,1976.8,2300740.994,176257.2537,10583152.0835,13060150.3312,495806614.0504173,41421839.192079104,2481827791.9309664,3019056245.173463,142.0,522.0,9.0,3.0,2.0,15.0,15.0,39.68985482912333,2.560689048132005,1.7165561778041893,-91.32403551263002,1.6581075427064178,5.4201116310906245,45,2
2023,20230630,1.0,1976.8,1062522.8862,79831.3041,4368801.2019,5511155.3922,258357753.9443491,14567034.569868136,888595640.0427811,1161520428.5569985,89.0,204.0,7.0,4.0,5.0,30.0,15.0,37.318829666666666,0.1896638856753441,2.69122127173979,-91.81646633333334,1.1656767220030986,6.75440073761154,46,1
2023,20230701,1.0,1976.8,607558.0154,78761.6127,7629706.6028,8316026.230900001,135362991.35792106,19677816.165348135,1631163447.3930385,1786204254.9163074,35.0,357.0,4.0,3.0,2.0,15.0,15.0,37.35885569620253,0.2296899152112104,3.301947913457218,-89.30796455696203,3.6741784983744026,9.00116362779416,47,0
2023,20230702,1.0,1976.8,1427273.2537,419840.0390000001,11362205.3032,13209318.5959,321904266.0763953,72223256.28888963,2366960664.3862033,2761088186.751488,63.0,414.0,9.0,4.0,2.0,30.0,15.0,37.03496399176955,-0.09420178922177058,2.377068776915231,-84.94805308641975,8.034089968916689,4.69620161657113,48,1
2023,20230703,0.0,0.0,1078183.5849,20498.5698,6759433.856199999,7858116.010899999,210949952.1135104,4599182.762471048,1073005047.198225,1288554182.0742064,67.0,241.0,2.0,4.0,2.0,30.0,15.0,40.209559870550166,3.080394089558844,3.779447922922831,-92.4318504854369,0.5502925698995398,13.866921600733319,49,2
2023,20230704,0.0,0.0,617005.4642,792.7752,5106497.4895,5724295.7289,129894226.23937549,380243.2292820904,826623834.761989,956898304.2306466,76.0,183.0,1.0,3.0,2.0,15.0,15.0,40.09968957528958,2.970523794298259,2.5569432285672127,-91.97659922779923,1.0055438275372097,11.104931719027482,50,3
2023,20230705,0.0,0.0,266472.1803,0.0,1724182.6032,1990654.7835,54429576.07440891,0.0,358602134.1648372,413031710.2392461,35.0,78.0,0.0,4.0,2.0,30.0,15.0,37.572985714285714,0.4438199332943924,3.6195793677987047,-92.96868928571429,0.013453769622145728,9.888647903843593,51,4
2023,20230706,0.0,0.0,180813.16899999997,45875.855,980631.3313,1207320.3553,37967384.36300864,8218494.473144837,187625008.17178985,233810887.00794333,45.0,51.0,3.0,3.0,2.0,15.0,15.0,38.72584432989691,1.5966785489055866,3.2681161662712657,-97.16166804123712,-4.179524985900684,10.483754725571716,52,5
2023,20230707,0.0,0.0,481088.59,10983.224800000002,2780076.8217,3272148.6365,90813550.39865357,4138697.106281959,478238565.3482169,573190812.8531524,43.0,154.0,5.0,4.0,10.0,30.0,30.0,37.47502288557214,0.34585710458081564,4.317854719600189,-91.7026855721393,1.2794574831971346,12.352122201214687,53,6
2023,20230708,0.0,0.0,679959.4612,1758.4236,1095803.7315,1777521.6163,129770948.74972747,450799.9393505822,226165443.94595447,356387192.63503253,71.0,82.0,1.0,4.0,2.0,30.0,15.0,37.907690259740264,0.7785244787489418,3.4165785014309975,-97.15013766233766,-4.167994607001219,9.235785019351104,54,7
2023,20230709,0.0,0.0,356034.21200000006,83325.5172,4907375.053,5346734.7822,95115251.7548268,11921661.078954618,873228995.0975618,980265907.9313432,37.0,182.0,1.0,3.0,2.0,15.0,15.0,37.21059590909091,0.0814301280995906,4.325476835585725,-86.64903590909091,6.333107146245524,9.724427258519594,55,8
2023,20230710,0.0,0.0,1003061.5323000002,19609.9041,1432702.2595999998,2455373.696,262184133.4933953,4474995.52110991,249431415.31983212,516090544.33433735,113.0,84.0,3.0,3.0,0.0,15.0,0.0,42.21172160804021,5.0825558270488855,4.133558890312591,-95.26875879396985,-2.286615738633415,8.857919500029368,56,9
2023,20230711,0.0,0.0,264595.442,0.0,1005772.6866,1270368.1286,71235997.92523481,0.0,213652365.5675875,284888363.4928223,85.0,49.0,0.0,3.0,2.0,15.0,15.0,42.742820895522385,5.613655114531063,4.071670899445912,-99.52243656716418,-6.540293511827741,7.513524571030555,57,10
2023,20230712,0.0,0.0,49938.5972,1139747.7255000002,1893623.4998,3083309.8225,15284326.39114027,232414203.40213913,480284572.4661273,727983102.2594067,10.0,170.0,29.0,3.0,2.0,15.0,15.0,41.210488995215314,4.081323214223993,2.4406014942970238,-94.14926937799044,-1.1671263226539992,5.5459539354605285,58,11
2023,20230713,0.0,0.0,2800593.3891000003,81308.8415,8891044.612,11772946.8426,620550855.0283437,15483982.927719217,1496819534.8739495,2132854372.8300123,199.0,303.0,5.0,4.0,2.0,30.0,15.0,41.57278106508876,4.44361528409744,3.2676887540880197,-86.47741420118344,6.504728854153001,11.150045701535031,59,12
2023,20230714,0.0,0.0,1017195.9643,94154.0862,10622707.654,11734057.7045,216856593.4624036,18159806.39410889,1973724628.5917716,2208741028.448284,61.0,375.0,3.0,3.0,5.0,15.0,15.0,39.214655479452055,2.0854896984607336,2.3808806079655422,-90.00933242009133,2.9728106352451107,8.190316293554604,60,13
2023,20230715,0.0,0.0,239902.9558,1675.8954,2979916.5514,3221495.4026,46579217.089078106,425674.40262480633,502222968.76629,549227860.257993,29.0,86.0,1.0,4.0,2.0,30.0,30.0,37.55117931034483,0.42201352935350656,3.4706038096014935,-88.56260603448276,4.4195370208536815,11.264683000563346,61,14
2023,20230716,0.0,0.0,248117.4683,65310.004700000005,3372781.8688000003,3686209.341800001,68487583.60292053,10170774.302639307,605912174.7843837,684570532.6899436,43.0,156.0,3.0,3.0,2.0,15.0,15.0,37.0196103960396,-0.10955538495171879,4.330333997280213,-91.67081485148515,1.3113282038512892,8.3829891766065,62,15
2023,20230717,0.0,0.0,2288907.0302999993,31870.1435,2979950.5619,5300727.735699999,554832122.3011035,6247854.1599643035,637630229.8453039,1198710206.3063717,168.0,163.0,3.0,3.0,5.0,15.0,15.0,38.28173076923077,1.1525649882394475,3.077231483874206,-93.33177046153847,-0.3496274062020319,8.237270752046452,63,16
2023,20230718,0.0,0.0,807758.9526000001,75486.8059,4616562.96,5499808.7185,182414806.48885944,18280956.636589553,1022421566.189837,1223117329.315286,66.0,243.0,6.0,3.0,0.0,15.0,15.0,38.41041942675159,1.2812536457602661,3.1701326276119954,-88.38042484076432,4.6017182145721165,8.21625350615863,64,17
2023,20230719,1.0,1887.0,870143.7640999999,53710.44640000001,1318655.5851,2242509.7956,239042511.46982747,10504595.95146691,281698103.988204,531245211.4094984,102.0,80.0,3.0,4.0,2.0,30.0,15.0,42.14071243243243,5.011546651441108,4.518969580088855,-94.58572162162162,-1.6035785662851794,8.689541062627834,65,18
2023,20230720,1.0,1887.0,3807129.019499999,98599.0461,14737472.3821,18643200.4477,779935696.4171342,17973635.97448726,2771953371.150673,3569862703.5422945,133.0,473.0,3.0,3.0,5.0,15.0,15.0,38.54033743842365,1.4111716574323268,3.4650639843446687,-86.02810114942528,6.954041905911154,8.036096591155657,66,19
2023,20230721,1.0,1887.0,321331.4576,24592.032000000003,6526705.463799999,6872628.953399999,56720205.71563626,5311490.741788528,1115050624.861914,1177082321.3193388,21.0,192.0,1.0,4.0,2.0,30.0,30.0,36.367604672897194,-0.7615611080941278,3.772379739220255,-85.60945467289719,7.37268838243925,8.881941981079352,67,20
2023,20230722,0.0,0.0,875388.2464000002,35597.1228,1229771.5645,2140756.9337000004,257242939.2998122,6863513.666391887,260316731.58175284,524423184.54795694,127.0,104.0,2.0,3.0,2.0,15.0,15.0,38.6533991416309,1.5242333606395775,5.727739753482165,-94.02760472103004,-1.0454616656936082,7.650329174703126,68,21
2023,20230723,0.0,0.0,639851.8365999999,0.0,1730982.2771,2370834.1137,147898568.40782234,0.0,348584302.94726783,496482871.35509014,27.0,85.0,0.0,3.0,0.0,15.0,15.0,36.77286696428571,-0.3562988167056105,4.276679520868278,-89.3470767857143,3.6350662696221434,11.361050270769498,69,22
2023,20230724,0.0,0.0,1361521.9706,11473.489699999998,3724958.469300001,5097953.9296,321110347.1632347,2910261.100652229,691235815.5824584,1015256423.8463452,57.0,158.0,1.0,2.0,0.0,5.0,5.0,41.439294883720926,4.310129102729604,2.9946270753926356,-89.0169576744186,3.9651853809178306,12.787847601536239,70,23
2023,20230725,0.0,0.0,1074747.35,15075.6562,7295441.6465,8385264.6527,192476710.3992696,5010544.156925667,1093731386.4643462,1291218641.0205414,33.0,169.0,3.0,3.0,0.0,15.0,15.0,41.56714048780488,4.437974706813556,3.035282431454416,-85.89135365853659,7.090789396799849,12.0100302637065,71,24
2023,20230726,0.0,0.0,187536.6551,119143.8237,6303472.0694,6610152.5482,52994534.05423309,27842003.588391956,1332029576.4939697,1412866114.1365948,26.0,219.0,3.0,3.0,0.0,15.0,15.0,40.988459756097555,3.859293975106233,3.2245163088068884,-92.9726894308943,0.009453624442130604,11.43829031388808,72,25
2023,20230727,0.0,0.0,750112.8117,45414.6302,9101826.9655,9897354.4074,192680693.57764885,8895262.240529984,1373391173.9614177,1574967129.7795966,58.0,194.0,2.0,4.0,5.0,30.0,15.0,43.12872868525896,5.999562904267641,2.950356450026649,-84.0978079681275,8.884335087208939,10.1314093951442,73,26
2023,20230728,1.0,1526.6,2687094.4540999997,982884.126,15786908.8339,19456887.413999997,644214537.9601225,197300235.1000585,3034948022.8668075,3876462795.9269886,168.0,452.0,22.0,3.0,5.0,15.0,15.0,40.61039859375,3.4812328127586767,2.3807519499414074,-87.89617078124999,5.085972274086444,7.559149716966257,74,27
2023,20230729,1.0,1526.6,140536.82,268939.7377,22589180.26859999,22998656.826299995,31267418.019290503,59714171.66642208,3953927520.630253,4044909110.315965,19.0,601.0,9.0,4.0,2.0,30.0,15.0,39.1057346581876,1.9765688771962786,2.4073112922928566,-83.96066295707472,9.02148009826172,8.28832496727367,75,28
2023,20230730,0.0,0.0,282695.2079,0.0,3485869.9688000004,3768565.1767,86943605.17171064,0.0,763352190.3286088,850295795.5003194,92.0,268.0,0.0,4.0,2.0,30.0,15.0,38.160092479108634,1.0309266981173124,5.4697583388065,-93.7084462395543,-0.7263031842178691,8.522765501955314,76,29
2023,20230731,0.0,0.0,437472.2219,13135.983300000002,1099780.2401,1550388.4453,78693291.75008626,2422675.752158755,201565661.7910919,282681629.2933369,30.0,62.0,1.0,3.0,2.0,15.0,15.0,35.530341935483875,-1.5988238455074466,4.69378454319074,-95.07940215053762,-2.0972590952011814,11.814884050296564,77,30
2023,20230801,0.0,0.0,155653.9365,1055.9805,178715.43050000002,335425.34750000003,38630733.33984955,624972.1956635411,45748144.18512238,85003849.72063547,40.0,46.0,1.0,2.0,0.0,5.0,5.0,44.946005747126435,7.816839966135113,4.887291531231345,-101.1063827586207,-8.12423970328426,5.770742108401313,78,31
2023,20230802,0.0,0.0,124462.32220000002,0.0,541529.2738,665991.596,28738955.927011177,0.0,117870962.01653291,146609917.9435441,10.0,57.0,0.0,3.0,0.0,15.0,15.0,39.724844776119404,2.5956789951280825,2.274910753579708,-101.30676119402985,-8.32461813869341,9.443364792147023,79,32
2023,20230803,0.0,0.0,583832.0206,207646.87519999995,3818013.1068,4609492.002599999,104891097.75832038,40188537.829422854,743731173.8143711,888810809.4021144,36.0,153.0,6.0,3.0,2.0,15.0,15.0,37.55143541666667,0.4222696356753488,4.450740552650909,-89.12109270833334,3.8610503470031006,9.373166814464524,80,33
2023,20230804,0.0,0.0,1768841.8653,37058.82460000001,2666927.6801,4472828.37,280566036.2786762,9358947.340597862,433161857.70740545,723086841.3266795,53.0,101.0,3.0,4.0,2.0,30.0,15.0,39.992415384615384,2.8632496036240624,4.305913508415527,-83.52016794871794,9.461975106618496,11.297582252476959,81,34
2023,20230805,1.0,1680.2,861278.5285,107557.2959,1917302.2829,2886138.1073,164696462.51406917,29338459.832159165,476397462.2913543,670432384.6375827,83.0,185.0,10.0,3.0,2.0,15.0,15.0,37.8479845323741,0.7188187513827771,2.3674668665170193,-96.71606151079136,-3.7339184554549263,6.460587260192667,82,35
2023,20230806,1.0,1680.2,419500.5596,197808.7673,6307569.8635,6924879.1904,94816442.70356154,48292643.07914739,1292571772.981083,1435680858.7637918,26.0,261.0,11.0,4.0,5.0,30.0,30.0,35.13281308724832,-1.996352693742999,2.6290743268991377,-87.11788489932886,5.86425815600758,5.138934678298454,83,36
2023,20230807,1.0,1680.2,2983691.7214,1005480.6999,34000406.5147,37989578.936,573232183.9195615,167325128.09221342,5949214346.7528515,6689771658.7646265,193.0,904.0,24.0,3.0,5.0,15.0,15.0,37.03555665773012,-0.09360912326120285,2.8020684262284643,-83.8509890974084,9.131153957928035,7.6858871649748846,84,37
2023,20230808,1.0,1680.2,394598.0998,127994.7064,2403223.0606,2925815.8668,80652019.42147848,23708377.68631852,466556459.56012255,570916856.6679195,56.0,167.0,14.0,5.0,10.0,45.0,15.0,35.52140995670996,-1.6077558242813623,4.630101186896511,-90.44814199134198,2.5340010639944524,10.400411294183762,85,38
2023,20230809,0.0,0.0,311760.09469999996,23638.876700000004,1114426.8305999998,1449825.8019999997,67212962.68612446,5327235.819086109,247949662.6219357,320489861.12714624,21.0,74.0,2.0,4.0,5.0,15.0,30.0,34.80098350515464,-2.3281822758366815,5.05362680152582,-89.8303030927835,3.151839962552941,7.9117359290836315,86,39
2023,20230810,0.0,0.0,324919.2671,226931.1984,2917904.3759,3469754.8414,86851023.81050336,34463540.28261322,543958153.8329823,665272717.9260988,58.0,126.0,6.0,4.0,10.0,30.0,30.0,38.282139682539686,1.1529739015483642,4.733225278539602,-92.43936455026454,0.5427785050718938,8.613737153114132,87,40
2023,20230811,1.0,1828.3,2295510.8639,42634.2344,2104762.6942,4442907.7925,618734272.0642768,10444939.598502474,505926301.4742673,1135105513.1370466,142.0,120.0,2.0,3.0,5.0,15.0,15.0,41.88480454545455,4.755638764463228,4.316809258192238,-92.44057462121212,0.541568434124315,3.997183104373102,88,41
2023,20230812,0.0,0.0,1906754.9604,633103.6617,16868188.4015,19408047.0236,372044912.3836072,117619398.78134142,2955149986.023096,3444814297.1880445,79.0,435.0,17.0,3.0,2.0,15.0,15.0,38.805207532956686,1.6760417519653643,3.3698771861641967,-83.19230960451978,9.789833450816658,7.585744104086375,89,42
2023,20230813,0.0,0.0,272432.6996,43578.02710000001,4438205.1976,4754215.9243,52041292.887511835,9678990.360973245,777961177.057271,839681460.3057561,29.0,168.0,3.0,4.0,5.0,30.0,15.0,38.45891919191919,1.3297534109278715,3.5741005936370795,-86.6882691919192,6.293873863417232,11.38231830488036,90,43
2023,20230814,0.0,0.0,19634.919500000004,151897.8054,1475988.529,1647521.2539,4366350.5298821805,34494306.64309197,281466989.67143124,320327646.8444054,1.0,45.0,5.0,4.0,5.0,30.0,15.0,36.619549019607845,-0.5096167613834766,2.095908107754018,-82.5864,10.395743055336439,3.5182818705726224,91,44
2023,20230815,0.0,0.0,604431.4501,58462.0554,5435319.1948,6098212.7003,103859646.323382,6984004.651578591,1015612282.6163073,1126455933.5912678,14.0,197.0,3.0,3.0,5.0,15.0,5.0,34.512342990654204,-2.6168227903371175,2.3293484733207923,-81.09068644859813,11.891456606738302,3.4837601781585668,92,45
2023,20230816,0.0,0.0,92055.9875,5970.9879,448876.1171,546903.0925,25608427.735466126,862468.4692644384,98186997.86298166,124657894.06771222,8.0,37.0,1.0,3.0,2.0,15.0,5.0,39.3459,2.2167342190086785,8.093069302804714,-89.11738043478262,3.864762620553819,7.936606869230691,93,46
2023,20230817,0.0,0.0,365979.312,0.0,573481.1329,939460.4449,82697479.47403975,0.0,93656540.87601134,176354020.3500511,14.0,31.0,0.0,3.0,2.0,15.0,15.0,36.272165,-0.8570007809913207,7.12183755647339,-92.921125,0.06101805533643301,14.665202547155715,94,47
2023,20230818,0.0,0.0,23156.4708,276636.5885,1136703.6147,1436496.674,4352996.657445314,41635920.577044554,172295425.02928233,218284342.2637722,1.0,39.0,5.0,2.0,2.0,5.0,5.0,42.40796363636363,5.278797855372311,3.800708313000014,-90.05459772727274,2.927545328063701,19.782301638944364,95,48
2023,20230819,0.0,0.0,0.0,0.0,268423.70219999994,268423.70219999994,0.0,0.0,46868512.91982581,46868512.91982581,0.0,11.0,0.0,2.0,2.0,5.0,0.0,36.81834545454546,-0.31082032644586377,0.5156112321577896,-119.75225454545453,-26.770111490118097,0.264967357852383,96,49
2023,20230820,0.0,0.0,0.0,0.0,8277.652199999999,8277.652199999999,0.0,0.0,1398783.3707789923,1398783.3707789923,0.0,19.0,0.0,1.0,0.0,0.0,0.0,32.85,-4.27916578099132,0.0,-109.63,-16.64785694466356,0.0,97,50
2023,20230821,0.0,0.0,14875.1661,0.0,107045.3665,121920.5326,2334217.60095622,0.0,17831942.83950081,20166160.44045703,1.0,22.0,0.0,3.0,5.0,5.0,0.0,33.24814166666667,-3.881024114324653,7.030368177926172,-105.74920000000002,-12.76705694466358,12.802482201581778,98,51
2023,20230822,0.0,0.0,0.0,25848.426,104550.3016,130398.7276,0.0,3775898.6331483778,21393787.783217035,25169686.416365415,0.0,18.0,2.0,2.0,2.0,5.0,5.0,40.394510000000004,3.265344219008682,8.04404701194747,-106.15382500000001,-13.171681944663575,6.982719813102166,99,52
2023,20230823,0.0,0.0,266173.8631000001,0.0,486226.6847,752400.5478000001,58353116.41137379,0.0,108141660.27860776,166494776.68998155,8.0,14.0,0.0,2.0,2.0,5.0,5.0,41.19600454545454,4.0668387644632205,2.9897278604418447,-86.06964545454547,6.912497600790971,8.81542385155685,100,53
2023,20230824,0.0,0.0,391152.2766,937951.3634,4447380.1032,5776483.7432,82870682.93561184,203649592.1577067,962174442.018437,1248694717.1117556,15.0,125.0,25.0,3.0,2.0,15.0,15.0,41.306462424242426,4.177296643251104,3.344788766879437,-85.4592890909091,7.522853964427341,6.2547764528692795,101,54
2023,20230825,0.0,0.0,57085.1611,58859.0765,5262512.4481,5378456.685699999,17347580.68385819,12119322.261191474,1152423923.0291286,1181890825.9741783,11.0,221.0,2.0,3.0,5.0,15.0,15.0,39.20554358974359,2.0763778087522695,2.515214770576486,-85.44419145299146,7.537951602344975,7.014895426322782,102,55
2023,20230826,0.0,0.0,23507.311,34348.8722,1287477.15,1345333.3332000002,4934161.144420474,8431140.115991315,273236559.2552073,286601860.5156191,2.0,61.0,2.0,3.0,0.0,15.0,5.0,35.345584375,-1.7835814059913204,2.33880760008774,-87.5274265625,5.45471649283644,7.14836110945635,103,56
2023,20230827,0.0,0.0,137131.61099999998,0.0,857618.9114999999,994750.5225,26349243.29381013,0.0,168052497.34099847,194401740.6348086,9.0,41.0,0.0,3.0,0.0,15.0,0.0,33.73062857142857,-3.398537209562754,3.713215152723667,-92.23139591836734,0.7507471369690961,8.229281987410342,104,57
2023,20230828,0.0,0.0,29161.3042,0.0,730157.6192000001,759318.9234000001,6373397.977812087,0.0,136059182.20916027,142432580.18697235,2.0,27.0,0.0,2.0,0.0,5.0,0.0,36.86779629629629,-0.26136948469503096,4.900884061259643,-90.3946962962963,2.5874467590401338,8.100748860800152,105,58
2023,20230829,0.0,0.0,0.0,0.0,330075.7553,330075.7553,0.0,0.0,76509803.57820044,76509803.57820044,0.0,64.0,0.0,2.0,0.0,5.0,0.0,44.0128935483871,6.883727767395776,3.3174503411787812,-109.96087258064516,-16.978729525308722,8.487037252672593,106,59
2023,20230830,0.0,0.0,18751.7072,186269.9114,69343.96280000001,274365.5814,4436854.056273471,36066344.02732277,17250550.641789496,57753748.72538573,6.0,31.0,13.0,3.0,5.0,5.0,5.0,42.30617446808511,5.177008687093789,6.6628139706253275,-98.22116595744681,-5.239022902110378,12.538438027907832,107,60
2023,20230831,0.0,0.0,33910.9517,0.0,887939.2710000002,921850.2227000002,5859435.105141827,0.0,154308156.40179142,160167591.50693324,2.0,43.0,0.0,4.0,10.0,5.0,0.0,33.945623255813956,-3.1835425251773657,1.5406941776258205,-112.37925813953488,-19.397115084198447,0.9415093986412384,108,61
2023,20230901,0.0,0.0,11966.7354,0.0,305600.00210000004,317566.73750000005,1844792.9969019312,0.0,39505744.51793883,41350537.51484076,1.0,27.0,0.0,2.0,0.0,5.0,0.0,36.971140909090906,-0.15802487190041603,3.834300976791951,-114.45565454545455,-21.473511490118113,1.7412025173445331,109,62
2023,20230902,0.0,0.0,16515.9522,12425.0904,0.0,28941.0426,4099034.547432343,2674133.440052524,0.0,6773167.987484868,1.0,1.0,1.0,2.0,0.0,5.0,5.0,37.504599999999996,0.3754342190086746,10.65553350705632,-106.4599,-13.477756944663568,22.924260424711637,110,63
2023,20230903,0.0,0.0,60966.691600000006,0.0,141111.65600000002,202078.34760000004,11297976.533423776,0.0,27297615.26399444,38595591.797418214,4.0,24.0,0.0,1.0,0.0,0.0,0.0,41.056096296296296,3.9269305153049743,4.266147093237596,-111.43555925925926,-18.453416203922828,6.573075767873018,111,64
2023,20230904,0.0,0.0,28162.6526,0.0,243019.3648,271182.0174,8678682.307926204,0.0,70863027.02930011,79541709.33722632,14.0,72.0,0.0,3.0,0.0,15.0,5.0,44.1133858974359,6.984220116444575,3.53164498527334,-99.81445128205128,-6.832308226714844,4.099602003417751,112,65
2023,20230905,0.0,0.0,266006.26,0.0,678727.7923000001,944734.0523,67762276.94597103,0.0,168130313.44444668,235892590.3904177,22.0,71.0,0.0,3.0,0.0,15.0,5.0,40.02461612903226,2.8954503480409386,5.564418299323455,-95.05799032258064,-2.0758472672441997,3.8622447485678744,113,66
2023,20230906,0.0,0.0,268934.0709,0.0,1308493.7263999998,1577427.7972999995,59766542.223377734,0.0,271103094.95858693,330869637.18196464,14.0,71.0,0.0,3.0,2.0,15.0,15.0,35.46975294117647,-1.6594128398148484,2.8097602197979628,-87.95391176470588,5.028231290630558,4.310702193997649,114,67
2023,20230907,0.0,0.0,4094379.473,0.0,20959104.9425,25053484.4155,659876815.2441871,0.0,3251324411.715452,3911201226.959639,90.0,456.0,0.0,3.0,0.0,15.0,5.0,38.60998388278389,1.4808181017925648,4.239883057911764,-78.46130274725274,14.520840308083692,5.168497129802957,115,68
2023,20230908,0.0,0.0,4614037.595400001,0.0,13253398.843099998,17867436.4385,635316716.4112437,0.0,1938871705.2048664,2574188421.61611,66.0,237.0,0.0,3.0,0.0,15.0,5.0,38.696156105610555,1.5669903246192334,3.9964607885549985,-78.9848894389439,13.997253616392541,8.402844308569588,116,69
2023,20230909,0.0,0.0,1311074.5984999998,12315.7105,5061270.0603,6384660.3693,176379699.93348977,2414137.4160936843,789146680.4919226,967940517.841506,44.0,127.0,1.0,3.0,0.0,15.0,5.0,38.94146374269006,1.8122979616987394,2.738869239598493,-87.7742187134503,5.207924341886141,13.264468360052144,117,70
2023,20230910,0.0,0.0,20165.6579,0.0,220223.5661,240389.224,6402567.514696328,0.0,33426697.390821405,39829264.905517735,14.0,27.0,0.0,3.0,0.0,15.0,15.0,36.15002820512821,-0.9791375758631133,4.105128254099329,-99.90536923076924,-6.923226175432802,6.839179886512781,118,71
2023,20230911,0.0,0.0,215573.7509,66816.15580000001,863622.1373999999,1146012.0440999998,40419895.93802516,10871774.94907552,154557649.63850158,205849320.52560228,12.0,45.0,2.0,3.0,2.0,15.0,15.0,31.691293220338984,-5.4378725606523375,3.0939588833204255,-89.26113898305084,3.721004072285595,10.336603897799597,119,72
2023,20230912,0.0,0.0,375540.19349999994,0.0,2470095.3009,2845635.4944,67241080.48800176,0.0,437359494.3077618,504600574.7957635,10.0,74.0,0.0,3.0,2.0,15.0,15.0,35.08253333333333,-2.0466324476579913,2.274604294426813,-90.349175,2.632968055336434,14.290366570018849,120,73
2023,20230913,0.0,0.0,67850.0828,230700.2165,643436.7487,941987.048,12464493.660852158,34697051.353090614,99186161.99521376,146347707.00915653,6.0,16.0,4.0,2.0,2.0,5.0,5.0,38.914212,1.7850462190086773,4.250155645318573,-85.595072,7.387071055336435,16.9224083837457,121,74
2023,20230914,0.0,0.0,37452.19070000001,0.0,647216.6385,684668.8292,6651992.925197124,0.0,114944700.44729386,121596693.372491,2.0,26.0,0.0,2.0,2.0,5.0,5.0,31.610107142857142,-5.5190586381341795,3.1008001884732885,-90.35062500000001,2.6315180553364286,9.168046756054629,122,75
2023,20230915,0.0,0.0,7858.8367,0.0,85197.28,93056.1167,2138258.55490044,0.0,12885338.760667697,15023597.315568136,3.0,7.0,0.0,2.0,2.0,5.0,5.0,31.14144,-5.9877257809913225,5.214728285922479,-97.00807999999999,-4.025936944663556,11.35110037316989,123,76
2023,20230916,0.0,0.0,278878.9341,22321.3362,104007.906,405208.1763000001,68995520.70814133,962752.1176145866,22699248.680923365,92657521.50667928,26.0,14.0,1.0,3.0,2.0,5.0,15.0,37.64564390243902,0.5164781214476974,3.7363145958316197,-97.10552926829268,-4.123386212956248,1.99582155756017,124,77
2023,20230917,0.0,0.0,15829.743300000002,0.0,4816.005399999999,20645.7487,3934632.2413050514,0.0,643675.3272979725,4578307.568603024,1.0,2.0,0.0,3.0,0.0,15.0,5.0,34.5946,-2.534565780991322,3.210123365230688,-98.1454,-5.163256944663559,15.08315332813401,125,78
2023,20230918,0.0,0.0,33137.2614,0.0,5677.1338,38814.3952,8116724.047928537,0.0,1756291.683894205,9873015.731822742,8.0,6.0,0.0,2.0,2.0,5.0,0.0,38.5879,1.4587342190086758,4.058107149891437,-105.27165454545455,-12.289511490118116,4.859703949082417,126,79
2023,20230919,0.0,0.0,806712.2071,2115.7085999999995,281103.35620000004,1089931.2719,181435825.1084622,734084.2923393864,51763456.16670578,233933365.5675074,66.0,20.0,1.0,2.0,0.0,5.0,5.0,35.23837701149425,-1.890788769497071,2.1084498086851506,-98.73187126436783,-5.749728209031389,3.7180016538929443,127,80
2023,20230920,0.0,0.0,3548.7181,0.0,123489.8978,127038.6159,1789430.039890843,0.0,22796593.994244978,24586024.034135822,5.0,9.0,0.0,3.0,2.0,15.0,15.0,38.865742857142855,1.7365770761515336,5.593520602476555,-101.46735,-8.48520694466356,11.56139920097177,128,81
2023,20230921,0.0,0.0,260163.7328,1181.2292,163595.5493,424940.5113,59334848.69585051,585282.489223699,34679280.626931325,94599411.81200552,38.0,19.0,1.0,2.0,0.0,5.0,5.0,38.70797931034483,1.5788135293535106,3.2998854134150912,-98.79548103448275,-5.813337979146311,5.468175529512911,129,82
2023,20230922,0.0,0.0,53163.9487,9793.3669,13385.863,76343.1786,12153574.753737258,3216116.233793864,2855414.2939492017,18225105.281480324,14.0,3.0,1.0,3.0,5.0,15.0,15.0,41.1837125,4.054546719008677,2.9950255827232373,-101.97905625,-8.996913194663563,4.051724569113547,130,83
2023,20230923,1.0,1694.5,1276377.5142,52437.3189,677145.7165000001,2005960.5496,307492578.16370296,16785985.695536308,167298443.45364884,491577007.31288815,93.0,58.0,8.0,3.0,5.0,5.0,15.0,38.02253947368421,0.8933736926928901,2.490816442232359,-95.20270592105263,-2.2205628657161895,2.1042153847916474,131,84
2023,20230924,1.0,1694.5,3366143.2328,0.0,1169886.6453999998,4536029.8782,581488557.93666,0.0,219843693.9951308,801332251.9317908,105.0,56.0,0.0,4.0,5.0,30.0,30.0,31.494627950310562,-5.63453783068076,1.4732005734204672,-96.43054720496895,-3.448404149632509,2.5775205738524765,132,85
2023,20230925,0.0,0.0,0.0,56207.374200000006,182974.3001,239181.6743,0.0,11526494.442377334,30341965.60736824,41868460.049745575,0.0,8.0,2.0,3.0,0.0,15.0,15.0,30.93532,-6.193845780991321,4.199375805680331,-96.96950000000001,-3.987356944663574,3.343704959073595,133,86
2023,20230926,0.0,0.0,170911.2303,55194.72380000001,260246.85769999996,486352.8118,38065391.41525962,11301750.644313116,51948465.65895476,101315607.7185275,12.0,11.0,3.0,2.0,0.0,5.0,5.0,35.611334615384614,-1.517831165606708,4.638422031677784,-91.43308846153846,1.549054593797976,7.363286996515996,134,87
2023,20230927,0.0,0.0,256825.9364,0.0,120339.9377,377165.8741,64153701.76371515,0.0,28441826.425432153,92595528.1891473,14.0,10.0,0.0,2.0,2.0,5.0,5.0,37.151568181818185,0.022402400826862845,1.8932278109560634,-88.77240454545455,4.209738509881888,4.507495561678321,135,88
2023,20230928,0.0,0.0,0.0,33484.882099999995,12664.863,46149.7451,0.0,7850300.562967167,3155978.6288534715,11006279.191820638,0.0,1.0,1.0,3.0,2.0,15.0,15.0,38.2216,1.0924342190086804,2.6044156964662912,-86.01650000000001,6.965643055336429,3.922321315241792,136,89
2023,20230929,0.0,0.0,88307.6665,19136.7626,205997.7619,313442.191,29744372.567237087,5049267.698213056,55421558.09632578,90215198.36177592,14.0,16.0,1.0,1.0,0.0,0.0,0.0,43.526493103448274,6.3973273224569525,3.208594079402895,-96.03097931034483,-3.0488362550083963,2.393556468697229,137,90
2023,20230930,0.0,0.0,1972.3316,0.0,155287.9181,157260.2497,477021.69362809334,0.0,27244257.673751872,27721279.367379967,1.0,20.0,0.0,2.0,0.0,5.0,5.0,38.52325238095238,1.3940865999610565,3.4499629672822634,-110.05303333333333,-17.070890277996895,3.7063528133912653,138,91
2023,20231001,0.0,0.0,0.0,3457.2905,8062.589400000001,11519.8799,0.0,738409.8502792199,1681780.6463739094,2420190.4966531293,0.0,6.0,1.0,2.0,0.0,5.0,0.0,37.29666666666667,0.16750088567534505,1.304964878199154,-103.82666666666667,-10.844523611330231,1.3202398771940345,139,92
2023,20231002,0.0,0.0,69795.3988,0.0,97095.38279999998,166890.7816,14519632.667427955,0.0,17082075.32544235,31601707.99287031,24.0,19.0,0.0,2.0,0.0,5.0,5.0,36.53233902439025,-0.5968267566010752,4.5109847044119995,-104.07043658536584,-11.088293530029404,1.145450261852537,140,93
2023,20231003,0.0,0.0,144515.7538,16131.6236,347557.7601,508205.1375,47355160.70170302,5668915.800722148,106774177.23028985,159798253.732715,58.0,78.0,5.0,3.0,2.0,15.0,15.0,39.15906524822695,2.02989946723563,3.2772504739706503,-99.37764609929079,-6.395503043954349,1.8318462406044995,141,94
2023,20231004,0.0,0.0,536103.521,0.0,971498.2339,1507601.7549,114847723.61502329,0.0,198065328.0681039,312913051.68312716,49.0,62.0,0.0,4.0,5.0,15.0,30.0,34.006493636363636,-3.1226721446276855,1.4949273960018683,-98.51714090909091,-5.534997853754476,2.3938377596836578,142,95
2023,20231005,0.0,0.0,0.0,0.0,121860.06939999998,121860.06939999998,0.0,0.0,20560073.996512465,20560073.996512465,0.0,5.0,0.0,4.0,2.0,30.0,30.0,29.332960000000003,-7.796205780991318,0.4967955394324731,-97.4947,-4.512556944663558,0.8594797554334812,143,96
2023,20231010,0.0,0.0,0.0,0.0,0.0,0.0,0.0,0.0,0.0,0.0,0.0,1.0,0.0,1.0,0.0,0.0,0.0,37.129165780991315,-7.105427357601002e-15,0.0,-92.98214305533645,-1.4210854715202004e-14,0.0,148,101
2023,20231011,0.0,0.0,160379.1239,85241.43260000001,0.0,245620.5565,43898878.97443644,16555905.244289253,0.0,60454784.218725696,11.0,15.0,3.0,1.0,0.0,0.0,0.0,39.64072142857143,2.51155564758011,5.320817731858454,-92.82472857142857,0.15741448390787127,9.308532843367097,149,102
2023,20231012,0.0,0.0,15429.2679,204976.7517,226657.7682,447063.7878000001,5623710.763596554,39849520.57411537,42498449.77845149,87971681.11616342,6.0,48.0,13.0,3.0,5.0,15.0,5.0,35.378029999999995,-1.7511357809913264,5.942800065286185,-90.98788666666665,1.9942563886697826,8.482288647111673,150,103
2023,20231013,0.0,0.0,0.0,31619.489899999997,0.0,31619.489899999997,0.0,9348481.514838615,0.0,9348481.514838615,0.0,22.0,3.0,3.0,5.0,15.0,15.0,41.3934,4.264234219008678,1.319358597955843,-92.68723333333332,0.29490972200311205,1.882052263709305,151,104
2023,20231020,0.0,0.0,357126.4817,0.0,261155.86639999997,618282.3481,70822208.76428057,0.0,51287075.19820327,122109283.96248384,12.0,14.0,0.0,1.0,0.0,0.0,0.0,33.56031923076923,-3.5688465502220907,1.271899035936178,-81.1018846153846,11.880258439951831,0.6797049917087908,158,111
2023,20231022,0.0,0.0,0.0,0.0,0.0,0.0,0.0,0.0,0.0,0.0,0.0,3.0,0.0,1.0,0.0,0.0,0.0,37.129165780991315,-7.105427357601002e-15,0.0,-92.98214305533645,-1.4210854715202004e-14,0.0,160,113
2023,20231023,0.0,0.0,323812.3737,0.0,0.0,323812.3737,78004689.4256072,0.0,0.0,78004689.4256072,12.0,2.0,0.0,1.0,0.0,0.0,0.0,43.196666666666665,6.067500885675344,0.21806309901382895,-90.59750000000001,2.3846430553364257,2.3912420697962746,161,114
2023,20231024,0.0,0.0,594717.0106,0.0,8725.0287,603442.0393000001,175417855.71001896,0.0,1921695.949147908,177339551.65916687,47.0,2.0,0.0,2.0,2.0,0.0,5.0,43.305093877551016,6.175928096559694,3.548776252304455,-93.5511469387755,-0.5690038834390663,4.8667982234260085,162,115
2023,20231025,0.0,0.0,0.0,32934.0715,0.0,32934.0715,0.0,7256773.939608897,0.0,7256773.939608897,0.0,6.0,2.0,2.0,2.0,5.0,5.0,34.9805,-2.1486657809913225,0.5663925317304259,-96.9985,-4.0163569446635705,0.29344931419242665,163,116
2023,20231026,0.0,0.0,0.0,126180.01609999998,35762.9805,161942.99659999998,0.0,21166445.6096079,6114282.104746099,27280727.714354,0.0,3.0,5.0,2.0,2.0,5.0,0.0,29.71395,-7.415215780991321,0.3494267462573529,-97.73845,-4.756306944663564,0.9381839920825753,164,117
2023,20231028,0.0,0.0,0.0,32798.141200000005,0.0,32798.141200000005,0.0,5733518.949685862,0.0,5733518.949685862,0.0,2.0,1.0,1.0,0.0,0.0,0.0,31.57,-5.5591657809913215,0.0,-96.89,-3.907856944663564,0.0,166,119
2023,20231105,0.0,0.0,1582.6454,2119.0012,0.0,3701.6466,545143.7951926913,672622.5979249493,0.0,1217766.3931176406,1.0,11.0,1.0,1.0,0.0,0.0,0.0,44.4564,7.32723421900868,0.08216580797387876,-115.12115,-22.139006944663564,5.361495746990761,174,127
2023,20231106,0.0,0.0,112608.795,0.0,0.0,112608.795,26893750.91420627,0.0,0.0,26893750.91420627,4.0,5.0,0.0,2.0,2.0,5.0,0.0,43.325,6.195834219008681,0.040414518843276216,-85.78999999999999,7.1921430553364445,0.3584224695337344,175,128
2023,20231115,0.0,0.0,0.0,9416.4015,54788.4178,64204.8193,0.0,1330797.6538977032,5836649.979492941,7167447.633390645,0.0,20.0,1.0,1.0,0.0,0.0,0.0,28.6976,-8.43156578099132,5.665056688154145,-99.14515,-6.1630069446635645,25.134181247953943,181,137
2023,20231119,0.0,0.0,11393.8139,17647.617299999998,0.0,29041.4312,2318486.947124829,3241274.126918452,0.0,5559761.074043281,1.0,42.0,1.0,1.0,0.0,0.0,0.0,34.1405,-2.988665780991319,0.15627059864222204,-105.096,-12.113856944663567,8.734182961216238,177,141
2023,20231120,0.0,0.0,54889.4999,166619.9483,191417.8093,412927.2575,11799971.215409476,37947802.02800254,44427720.17220237,94175493.4156144,4.0,49.0,15.0,2.0,0.0,0.0,5.0,31.767456756756758,-5.361709024234564,0.615796153835079,-91.10621351351351,1.8759295418229271,1.393940158759046,176,142
2023,20231121,0.0,0.0,0.0,41028.6538,0.0,41028.6538,0.0,8440253.025912868,0.0,8440253.025912868,0.0,10.0,2.0,4.0,10.0,30.0,15.0,32.86335,-4.265815780991325,2.4687219051565976,-83.57079999999999,9.411343055336445,3.0982590724469756,175,143
2023,20231122,0.0,0.0,0.0,0.0,0.0,0.0,0.0,0.0,0.0,0.0,0.0,1.0,0.0,3.0,5.0,5.0,0.0,37.129165780991315,-7.105427357601002e-15,0.0,-92.98214305533645,-1.4210854715202004e-14,0.0,174,144
2023,20231201,0.0,0.0,12056.8003,13419.755,0.0,25476.5553,2621021.3735630116,2930733.6134003955,0.0,5551754.986963407,1.0,1.0,1.0,4.0,10.0,5.0,5.0,30.3365,-6.792665780991321,0.7021570337182395,-90.24045,2.741693055336441,1.017597368805558,165,153
2023,20231202,0.0,0.0,0.0,0.0,39655.5699,39655.5699,0.0,0.0,7182216.151566295,7182216.151566295,0.0,26.0,0.0,2.0,2.0,5.0,0.0,30.310000000000002,-6.8191657809913195,0.014142135623729393,-81.86,11.122143055336437,0.16970562748477783,164,154
2023,20231203,0.0,0.0,79947.6396,0.0,63338.8517,143286.4913,16959730.13372033,0.0,10151646.995228313,27111377.128948644,2.0,25.0,0.0,3.0,5.0,5.0,0.0,41.5245,4.3953342190086815,0.6508930992618257,-79.831275,13.150868055336431,1.8845958671556042,163,155
2023,20231208,0.0,0.0,8457.0897,0.0,9329.8267,17786.916400000002,2210470.0450705066,0.0,2496729.4169003963,4707199.461970903,1.0,13.0,0.0,1.0,0.0,0.0,0.0,34.84265,-2.286515780991323,0.3431589209098281,-93.7116,-0.7294569446635677,0.780080201004995,158,160
2023,20231209,0.0,0.0,1132636.586,432191.0277,683514.3248000001,2248341.9385,264653523.8421001,101860631.13298212,152957023.451668,519471178.4267503,88.0,83.0,25.0,2.0,0.0,0.0,5.0,34.24065066666667,-2.8885151143246546,1.731836510323499,-89.173122,3.80902105533643,2.1812545931759058,157,161
2023,20231210,0.0,0.0,100611.2345,129264.6731,300839.4811,530715.3887,18861063.099924684,26245240.40057452,58314066.87728761,103420370.37778682,4.0,51.0,7.0,3.0,5.0,15.0,15.0,32.47312222222222,-4.656043558769099,1.9974755770786397,-84.56450370370369,8.417639351632744,2.5372243297747907,156,162
2023,20231216,0.0,0.0,0.0,0.0,0.0,0.0,0.0,0.0,0.0,0.0,0.0,5.0,0.0,1.0,0.0,0.0,0.0,-14.2926,-51.42176578099132,0.0,-170.6814,-77.69925694466356,0.0,150,168
2023,20231217,0.0,0.0,0.0,14574.5687,79009.97,93584.5387,0.0,2840980.711917626,15436696.233570833,18277676.94548846,0.0,34.0,1.0,3.0,5.0,15.0,0.0,34.220400000000005,-2.9087657809913168,0.633887437957243,-78.24284999999999,14.739293055336447,0.8095458621968296,149,169
2023,20231218,0.0,0.0,0.0,0.0,0.0,0.0,0.0,0.0,0.0,0.0,0.0,92.0,0.0,3.0,5.0,15.0,0.0,37.129165780991315,-7.105427357601002e-15,0.0,-92.98214305533645,-1.4210854715202004e-14,0.0,148,170
2023,20231219,0.0,0.0,0.0,16950.1934,0.0,16950.1934,0.0,3228069.864797998,0.0,3228069.864797998,0.0,0.0,1.0,2.0,0.0,5.0,0.0,39.8043,2.675134219008676,0.0,-121.8366,-28.854456944663568,0.0,147,171
2023,20231222,0.0,0.0,0.0,0.0,32425.122899999995,32425.122899999995,0.0,0.0,5246524.596476236,5246524.596476236,0.0,2.0,0.0,1.0,0.0,0.0,0.0,32.9781,-4.151065780991324,0.11271282092113173,-113.3477,-20.365556944663567,0.27379174567543624,144,174
2023,20231223,0.0,0.0,14422.1588,0.0,13060.929999999998,27483.0888,3856194.838175243,0.0,3048760.80188358,6904955.640058823,5.0,9.0,0.0,2.0,0.0,5.0,5.0,34.04745555555556,-3.0817102254357636,1.4133372537288404,-102.67865555555555,-9.696512500219114,1.1964951724841089,143,175
2023,20231225,0.0,0.0,0.0,0.0,0.0,0.0,0.0,0.0,0.0,0.0,0.0,6.0,0.0,1.0,0.0,0.0,0.0,37.129165780991315,-7.105427357601002e-15,0.0,-92.98214305533645,-1.4210854715202004e-14,0.0,141,177
2024,20240103,0.0,0.0,0.0,0.0,0.0,0.0,0.0,0.0,0.0,0.0,0.0,9.0,0.0,1.0,0.0,0.0,0.0,37.129165780991315,-7.105427357601002e-15,0.0,-92.98214305533645,-1.4210854715202004e-14,0.0,133,180
2024,20240104,0.0,0.0,0.0,0.0,0.0,0.0,0.0,0.0,0.0,0.0,0.0,3.0,0.0,1.0,0.0,0.0,0.0,37.129165780991315,-7.105427357601002e-15,0.0,-92.98214305533645,-1.4210854715202004e-14,0.0,132,179
2024,20240105,0.0,0.0,0.0,28770.6069,0.0,28770.6069,0.0,4737900.885926578,0.0,4737900.885926578,0.0,2.0,1.0,1.0,0.0,0.0,0.0,29.0583,-8.070865780991323,0.0,-95.5023,-2.5201569446635688,0.0,131,178
2024,20240106,0.0,0.0,0.0,64851.83430000001,66539.4207,131391.255,0.0,9384003.855492871,12649630.302652262,22033634.158145133,0.0,27.0,2.0,2.0,2.0,5.0,0.0,29.1768625,-7.952303280991323,1.7781121730142404,-83.0737375,9.908405555336444,1.7817535655619923,130,177
2024,20240108,1.0,2780.2,399413.114,35180.6436,439176.1623000001,873769.9199000001,73723608.57227764,7626434.672727574,79335680.67879173,160685723.92379695,20.0,144.0,3.0,1.0,0.0,0.0,0.0,30.318063636363636,-6.811102144627686,0.9775664876194882,-93.27452272727272,-0.29237967193628833,3.3821816056245293,128,175
2024,20240109,1.0,2780.2,126193.1714,563173.2822,9613934.275,10303300.7286,25830016.44484406,112280238.66324644,1852505722.696985,1990615977.8050756,11.0,849.0,39.0,4.0,10.0,30.0,15.0,32.97626759259259,-4.15289818839873,2.486269259267508,-82.67133296296296,10.310810092373472,4.618810513527936,127,174
2024,20240110,1.0,2780.2,0.0,32123.274599999997,0.0,32123.274599999997,0.0,6329876.05240544,0.0,6329876.05240544,0.0,80.0,3.0,4.0,10.0,30.0,5.0,34.862500000000004,-2.2666657809913175,0.2888298634144285,-76.73143333333333,16.25070972200311,0.28134381694527466,126,173
2024,20240111,0.0,0.0,264485.8417,0.0,204743.8673,469229.709,67329102.07660295,0.0,52459753.75894269,119788855.83554564,22.0,76.0,0.0,1.0,0.0,0.0,0.0,35.7397,-1.3894657809913227,0.7203625842730259,-93.5809625,-0.5988194446635617,1.252749571365998,125,172
2024,20240112,0.0,0.0,130967.9398,0.0,491776.0241,622743.9639000001,31143591.85064309,0.0,120524765.86048125,151668357.71112433,11.0,234.0,0.0,4.0,10.0,30.0,15.0,33.898047619047624,-3.231118161943698,1.0012481634403263,-91.0959365079365,1.8862065473999365,1.41168536740624,124,171
2024,20240115,0.0,0.0,0.0,31962.2937,0.0,31962.2937,0.0,5117075.136866079,0.0,5117075.136866079,0.0,2.0,1.0,1.0,0.0,0.0,0.0,27.1272,-10.001965780991323,0.0,-80.353,12.629143055336442,0.0,121,168
2024,20240122,0.0,0.0,0.0,0.0,119124.7183,119124.7183,0.0,0.0,12717876.236376358,12717876.236376358,0.0,2.0,0.0,1.0,0.0,0.0,0.0,32.705,-4.4241657809913235,0.06363961030679169,-117.10499999999999,-24.122856944663553,0.07778174593052485,114,161
2024,20240123,0.0,0.0,21012.4896,0.0,1173.8623,22186.3519,3716538.806849662,0.0,348757.82962035225,4065296.636470015,1.0,1.0,0.0,1.0,0.0,0.0,0.0,30.685,-6.444165780991323,0.2050609665440982,-100.705,-7.722856944663562,3.316330803764906,113,160
2024,20240124,0.0,0.0,72082.66589999999,0.0,0.0,72082.66589999999,11285923.934549704,0.0,0.0,11285923.934549704,4.0,0.0,0.0,2.0,2.0,5.0,5.0,29.03,-8.09916578099132,0.08831760866327851,-98.7775,-5.795356944663567,0.23471614061812382,112,159
2024,20240125,0.0,0.0,49612.0477,0.0,211429.5682,261041.6159,8699182.291404132,0.0,47285405.83639509,55984588.12779923,2.0,21.0,0.0,3.0,5.0,15.0,5.0,31.175545,-5.953620780991322,0.6261445465158814,-90.041015,2.941128055336435,2.1796640441941095,111,158
2024,20240126,0.0,0.0,57396.182,0.0,0.0,57396.182,11503265.672747202,0.0,0.0,11503265.672747202,5.0,0.0,0.0,2.0,2.0,5.0,0.0,31.226,-5.903165780991323,0.6116616711875932,-96.494,-3.5118569446635632,3.6988011571318657,110,157
2024,20240127,0.0,0.0,0.0,86609.2144,79721.7016,166330.916,0.0,17137652.22890647,15856154.330782726,32993806.5596892,0.0,5.0,3.0,1.0,0.0,0.0,0.0,33.130199999999995,-3.998965780991327,1.8055325013229009,-82.47985714285714,10.502285912479294,1.6117713266849683,109,156
2024,20240201,0.0,0.0,0.0,0.0,0.0,0.0,0.0,0.0,0.0,0.0,0.0,10.0,0.0,1.0,0.0,0.0,0.0,37.129165780991315,-7.105427357601002e-15,0.0,-92.98214305533645,-1.4210854715202004e-14,0.0,104,151
2024,20240202,0.0,0.0,41369.4157,4231.136,179208.20919999998,224808.7609,8393016.155265447,1069501.950873101,31189199.509608828,40651717.61574738,6.0,16.0,1.0,1.0,0.0,0.0,0.0,32.178195,-4.9509707809913195,2.308541403359775,-99.57629,-6.594146944663564,1.332181348054859,103,150
2024,20240203,0.0,0.0,28390.855600000003,0.0,72363.7641,100754.6197,5168582.571160343,0.0,12043013.809811758,17211596.380972102,2.0,29.0,0.0,3.0,2.0,5.0,15.0,5.439988888888889,-31.68917689210243,23.433134080050223,-137.47415555555554,-44.492012500219104,39.43571120444359,102,149
2024,20240204,0.0,0.0,642463.3600999999,101510.968,204078.48790000004,948052.816,116542121.9204005,18798580.148627546,32054869.85923598,167395571.92826402,25.0,101.0,6.0,1.0,0.0,0.0,0.0,29.96898157894737,-7.160184202043951,2.223283691136405,-85.20879736842105,7.773345686915391,9.288311198940917,101,148
2024,20240207,0.0,0.0,0.0,31472.6245,1077188.5081999998,1108661.1326999995,0.0,5005866.465710416,142516942.18635318,147522808.6520636,0.0,24.0,2.0,1.0,0.0,0.0,0.0,34.80721578947368,-2.3219499915176414,1.1553188930926561,-117.97523157894736,-24.993088523610922,4.069906451703042,98,145
2024,20240208,0.0,0.0,1280331.0587,219532.2985,109043.6356,1608906.9928,282887904.15408945,47551657.42548326,22327065.113082975,352766626.6926557,39.0,10.0,6.0,1.0,0.0,0.0,0.0,41.99107083333333,4.86190505234201,0.9414928957502663,-89.33573958333334,3.646403472003101,0.9088091332839087,97,144
2024,20240209,0.0,0.0,37318.5332,10151.066,0.0,47469.5992,9555751.375217712,2696739.1085395827,0.0,12252490.483757297,4.0,1.0,2.0,2.0,2.0,5.0,5.0,35.08415,-2.0450157809913208,1.3551798991277872,-94.27595000000001,-1.2938069446635723,3.153967199417269,96,143
2024,20240210,1.0,1072.0,137895.612,57811.37030000001,147721.63170000003,343428.61400000006,28950320.450830057,13427129.206740577,34617044.03454942,76994493.69212005,9.0,6.0,2.0,2.0,0.0,5.0,5.0,35.88581764705882,-1.2433481339324999,3.4622182450770094,-90.69394117647059,2.2882018788658485,5.935061069405571,95,142
2024,20240211,1.0,1072.0,1549940.9079999998,0.0,119858.5956,1669799.5036,300574519.7363397,0.0,25491606.818003636,326066126.55434334,82.0,9.0,0.0,3.0,2.0,5.0,15.0,31.827739560439557,-5.301426220551765,0.8368201141993983,-94.1602978021978,-1.1781547468613667,2.3341685013429845,94,141
2024,20240212,1.0,1072.0,305521.90520000004,0.0,383558.3342,689080.2394000001,66252263.022806875,0.0,80514341.6790566,146766604.70186347,19.0,23.0,0.0,3.0,5.0,15.0,15.0,33.41376486486486,-3.7154009161264625,2.7525643823549344,-86.63058918918918,6.351553866147256,3.7840213751586607,93,140
2024,20240216,0.0,0.0,65668.45420000001,0.0,10525.9443,76194.39850000001,15912308.708275065,0.0,2527113.6999789327,18439422.408254,5.0,2.0,0.0,0.0,0.0,0.0,0.0,35.3466,-1.7825657809913196,0.8287758201105996,-89.90535,3.076793055336438,1.7975452525597249,89,136
2024,20240218,0.0,0.0,0.0,133133.187,0.0,133133.187,0.0,18639550.67605498,0.0,18639550.67605498,0.0,6.0,5.0,1.0,0.0,0.0,0.0,25.7431,-11.386065780991323,0.6202836447948625,-80.5418,12.440343055336442,0.5372589692131646,87,134
2024,20240219,0.0,0.0,28891.2768,0.0,97734.3101,126625.5869,5358945.066448008,0.0,16843878.975249797,22202824.041697804,1.0,21.0,0.0,2.0,2.0,5.0,0.0,38.4019,1.272734219008676,1.509388755423862,-121.88458,-28.902436944663563,1.6877899934529765,86,133
2024,20240221,0.0,0.0,0.0,0.0,0.0,0.0,0.0,0.0,0.0,0.0,0.0,10.0,0.0,1.0,0.0,0.0,0.0,37.129165780991315,-7.105427357601002e-15,0.0,-92.98214305533645,-1.4210854715202004e-14,0.0,84,131
2024,20240222,0.0,0.0,242710.4179,0.0,28840.968,271551.3859,56598859.04874992,0.0,7092970.173521753,63691829.22227168,13.0,4.0,0.0,2.0,0.0,0.0,5.0,37.94403125,0.8148654690086801,2.4089690374982005,-91.28205625,1.70008680533644,2.5944694915579585,83,130
2024,20240224,0.0,0.0,0.0,0.0,24244.062400000003,24244.062400000003,0.0,0.0,4743662.861131849,4743662.861131849,0.0,13.0,0.0,2.0,0.0,5.0,5.0,34.19,-2.939165780991324,0.0,-79.72,13.262143055336438,0.0,81,128
2024,20240226,0.0,0.0,0.0,0.0,13259.705800000002,13259.705800000002,0.0,0.0,3357751.1470305766,3357751.1470305766,0.0,63.0,0.0,1.0,0.0,0.0,0.0,44.6201,7.490934219008679,0.0,-122.7533,-29.77115694466356,0.0,79,126
2024,20240227,1.0,1534.0,2808178.2420999995,682024.9393999999,1534449.7109,5024652.892399999,571833307.430081,133733492.2272694,298618781.6862451,1004185581.3435956,63.0,139.0,13.0,2.0,0.0,0.0,5.0,41.882914563106795,4.753748782115473,0.40410673080743914,-88.27399902912622,4.7081440262102205,1.3337727489281557,78,125
2024,20240228,1.0,1534.0,1189982.7532,606542.5130000002,6509599.0131,8306124.2793,274233367.7473345,137206486.37294623,1355413614.7500856,1766853468.8703663,42.0,318.0,17.0,3.0,5.0,15.0,15.0,37.330335074626866,0.20116929363554448,2.6296402147280475,-84.00296007462687,8.979182980709567,2.1025649274202944,77,124
2024,20240229,0.0,0.0,0.0,0.0,0.0,0.0,0.0,0.0,0.0,0.0,0.0,45.0,0.0,2.0,2.0,5.0,0.0,37.129165780991315,-7.105427357601002e-15,0.0,-92.98214305533645,-1.4210854715202004e-14,0.0,76,123
2024,20240301,0.0,0.0,14245.6462,25888.848100000003,48201.3448,88335.83910000001,3109442.6284276894,4610992.971524545,8304196.806473253,16024632.406425487,1.0,51.0,1.0,1.0,0.0,0.0,0.0,37.4467,0.31753421900867806,4.137283241452051,-116.28130000000002,-23.29915694466358,14.454434391563025,75,122
2024,20240302,0.0,0.0,10254.9092,0.0,183214.25930000003,193469.16850000003,2119891.442337916,0.0,33504419.500535835,35624310.94287375,1.0,95.0,0.0,1.0,0.0,0.0,0.0,40.33235294117647,3.203187160185145,2.6467280022032957,-111.3364705882353,-18.354327532898864,7.44501002448659,74,121
2024,20240303,0.0,0.0,133843.07020000002,0.0,126229.05239999996,260072.1226,19993215.39587199,0.0,17541741.03962346,37534956.43549545,5.0,38.0,0.0,1.0,0.0,0.0,0.0,28.36555555555556,-8.763610225435762,6.743109651917119,-81.46111111111111,11.521031944225328,3.765001475578872,73,120
2024,20240304,0.0,0.0,1232614.7329000002,33184.7828,147150.60710000002,1412950.1228,279167267.14037055,7306922.541599195,31992279.457353655,318466469.1393234,53.0,9.0,1.0,2.0,0.0,0.0,5.0,39.37509166666666,2.245925885675341,3.737166011936964,-90.59384166666668,2.3883013886697597,2.0775250649157297,72,119
2024,20240305,0.0,0.0,330934.6393,77439.33949999999,0.0,408373.9788,67587903.05031668,16408854.585792605,0.0,83996757.63610928,17.0,2.0,3.0,2.0,2.0,5.0,5.0,34.089335,-3.0398307809913234,4.736875744653798,-93.203075,-0.2209319446635618,7.138744222080622,71,118
2024,20240306,0.0,0.0,66483.78020000001,0.0,26434.1287,92917.9089,10485038.46201644,0.0,3630632.3157097665,14115670.777726203,2.0,15.0,0.0,2.0,2.0,5.0,5.0,28.136666666666667,-8.992499114324655,3.8445849364181486,-85.99333333333334,6.988809722003097,9.817944455604406,70,117
2024,20240307,0.0,0.0,284715.3325,23500.7848,0.0,308216.11730000004,58036587.159860566,4076346.644284114,0.0,62112933.80414468,22.0,2.0,1.0,2.0,2.0,5.0,5.0,35.54110869565218,-1.5880570853391447,1.9632972057492388,-99.55860434782609,-6.576461292489654,5.144069088631743,69,116
2024,20240308,0.0,0.0,138210.817,0.0,47058.708,185269.525,26397351.986721817,0.0,10350075.256225536,36747427.24294735,7.0,7.0,0.0,3.0,2.0,15.0,15.0,31.916272727272727,-5.212893053718595,0.641385077922631,-92.017,0.9651430553364406,3.528142429097786,68,115
2024,20240309,0.0,0.0,46570.0684,76049.65510000002,161575.8074,284195.5309,9864079.556505118,14973282.649712786,32768478.214513555,57605840.420731455,5.0,18.0,6.0,3.0,5.0,15.0,15.0,31.10043333333333,-6.02873244765799,0.59386199953588,-84.68822083333333,8.293922222003104,2.1163342597785286,67,114
2024,20240311,0.0,0.0,0.0,0.0,0.0,0.0,0.0,0.0,0.0,0.0,0.0,52.0,0.0,1.0,0.0,0.0,0.0,37.129165780991315,-7.105427357601002e-15,0.0,-92.98214305533645,-1.4210854715202004e-14,0.0,65,112
2024,20240312,1.0,6151.6,447720.4085,0.0,278.8248,447999.2333,107847795.27280056,0.0,108938.96631868914,107956734.23911925,31.0,2.0,0.0,1.0,0.0,0.0,0.0,38.689834375,1.5606685940086749,0.7753210754716792,-94.918503125,-1.9363600696635643,3.959225863032573,64,111
2024,20240313,1.0,6151.6,1170261.9386,21214.7274,148453.097,1339929.763,285302002.9588888,5154753.442750775,28476375.20755372,318933131.6091933,101.0,17.0,2.0,2.0,0.0,5.0,5.0,38.97001818181818,1.8408524008268614,0.8031378058980404,-95.56921545454546,-2.5870723992090205,3.8850741363803856,63,110
2024,20240314,1.0,6151.6,7808246.0946,1227037.883,2876564.7972,11911848.7748,1753402328.8991847,288667170.10953075,681147759.9778365,2723217258.986552,342.0,177.0,43.0,4.0,5.0,15.0,30.0,37.44460747663552,0.31544169564419633,2.3545127790289544,-90.43201028037383,2.5501327749626057,4.980054513429475,62,109
2024,20240315,0.0,0.0,1052633.7236,119030.3549,1973451.6816,3145115.7601000005,174553164.74347687,25757341.713057622,405008357.3182666,605318863.774801,38.0,98.0,7.0,4.0,10.0,15.0,30.0,32.32330928571428,-4.805856495277041,2.16863991216112,-90.74930785714285,2.232835198193584,5.808013684879776,61,108
2024,20240316,0.0,0.0,189662.691,0.0,21705.4993,211368.1903,29646206.933750097,0.0,972843.006139342,30619049.93988944,6.0,2.0,0.0,4.0,2.0,15.0,30.0,28.55742857142857,-8.571737209562752,1.4231958002025904,-96.42641428571429,-3.4442712303778507,0.9945814872406892,60,107
2024,20240317,0.0,0.0,66846.4994,0.0,11245.0271,78091.5265,10916691.267790755,0.0,1572440.4356318605,12489131.703422615,3.0,1.0,0.0,3.0,2.0,15.0,15.0,28.957500000000003,-8.171665780991319,0.7809982927851592,-97.22,-4.237856944663562,1.879592154342705,59,106
2024,20240318,0.0,0.0,76765.7102,0.0,0.0,76765.7102,13573601.623649688,0.0,0.0,13573601.623649688,3.0,0.0,0.0,2.0,2.0,5.0,5.0,33.39,-3.7391657809913212,0.06244997998398293,-111.58,-18.59785694466356,0.13527749258468513,58,105
2024,20240320,0.0,0.0,0.0,0.0,0.0,0.0,0.0,0.0,0.0,0.0,0.0,28.0,0.0,1.0,0.0,0.0,0.0,37.129165780991315,-7.105427357601002e-15,0.0,-92.98214305533645,-1.4210854715202004e-14,0.0,56,103
2024,20240321,0.0,0.0,753656.5015,0.0,153125.1731,906781.6746,126336540.17379542,0.0,26014844.484865516,152351384.65866095,26.0,6.0,0.0,2.0,2.0,5.0,5.0,29.741990625,-7.387175155991322,2.296758070925383,-95.8909875,-2.9088444446635577,5.65907700828016,55,102
2024,20240323,0.0,0.0,12075.6658,0.0,3604.6335,15680.2993,2379028.5403724406,0.0,585130.6844295304,2964159.224801971,1.0,22.0,0.0,3.0,5.0,15.0,5.0,34.4775,-2.6516657809913227,4.05525739010485,-99.2245,-6.24235694466357,24.528827132580147,53,100
2024,20240324,0.0,0.0,399960.5171,22648.886,63727.08750000001,486336.4906,71823031.64163592,6222460.8813577285,13346786.054446785,91392278.57744044,34.0,70.0,8.0,2.0,2.0,5.0,0.0,36.788468,-0.3406977809913201,2.4330631136231293,-100.87254800000001,-7.8904049446635725,4.231144612312613,52,99
2024,20240325,0.0,0.0,7111.5211,18045.822,70259.2387,95416.5818,1790425.8199362247,4386166.829764215,17171507.49481872,23348100.14451916,1.0,67.0,2.0,3.0,5.0,15.0,15.0,32.58608181818182,-4.543083962809504,0.21656476083694792,-91.164,1.818143055336435,1.4091901546633043,51,98
2024,20240326,0.0,0.0,128337.1917,16777.867399999996,117974.1476,263089.2067,25669648.257606026,3550656.058570797,22553784.767021257,51774089.08319808,13.0,17.0,2.0,4.0,10.0,30.0,5.0,33.39393529411765,-3.735230486873675,5.485180479248287,-87.90848235294118,5.073660702395259,9.283602680885481,50,97
2024,20240327,0.0,0.0,402510.2775,0.0,78664.81980000001,481175.0973,78288133.56289439,0.0,14872528.607415464,93160662.17030986,29.0,11.0,0.0,3.0,2.0,15.0,0.0,31.101358823529413,-6.027806957461909,0.9618892341944477,-84.53606470588235,8.446078349454083,3.569693177111525,49,96
2024,20240329,0.0,0.0,0.0,0.0,18687.916299999997,18687.916299999997,0.0,0.0,3223448.663937012,3223448.663937012,0.0,10.0,0.0,1.0,0.0,0.0,0.0,36.11,-1.0191657809913224,0.0,-121.63,-28.64785694466356,0.0,47,94
2024,20240330,0.0,0.0,1347335.6974000002,0.0,169426.0205,1516761.7179000005,297627452.41872007,0.0,29779659.866240308,327407112.2849604,43.0,11.0,0.0,2.0,0.0,0.0,5.0,39.25658571428571,2.127419933294391,1.360308033283881,-87.15701632653061,5.825126728805827,13.011067696650084,46,93
2024,20240331,0.0,0.0,1150905.7774,0.0,279905.4782,1430811.2556,269612046.37519044,0.0,43379067.518134534,312991113.893325,63.0,15.0,0.0,2.0,0.0,5.0,5.0,39.765814285714285,2.636648504722963,1.5627727569732837,-92.27611142857143,0.7060316267650109,8.241520706174448,45,92
2024,20240401,1.0,2465.5,2716029.1621,193650.7545,1407811.7961000002,4317491.7127,514449314.56177473,49023168.5767346,335227147.7604402,898699630.8989494,118.0,126.0,15.0,3.0,2.0,5.0,15.0,35.43782447257384,-1.6913413084174849,3.053902397779163,-95.1691582278481,-2.187015172511664,3.296336651237256,44,91
2024,20240402,1.0,2465.5,844573.8169,1941346.2902,5565180.842200001,8351100.9493,191371142.72205773,445940844.33938813,1252963659.8645337,1890275646.9259796,43.0,284.0,86.0,4.0,10.0,30.0,30.0,37.566374242424246,0.4372084614329239,1.8129472812245344,-84.90753232323232,8.07461073210412,3.3316807493912055,43,90
2024,20240403,1.0,2465.5,218221.01480000003,150151.5903,1721849.5942000002,2090222.1993,28455553.348117467,24541149.462453224,313063672.4124274,366060375.22299814,5.0,118.0,5.0,5.0,15.0,30.0,30.0,33.30610909090909,-3.8230566900822325,3.7925616766723342,-82.81504155844156,10.167101496894873,7.282949326127045,42,89
2024,20240404,0.0,0.0,0.0,0.0,37369.3306,37369.3306,0.0,0.0,6230406.2934753075,6230406.2934753075,0.0,32.0,0.0,3.0,5.0,15.0,5.0,37.0,-0.1291657809913218,0.0,-121.93,-28.94785694466357,0.0,41,88
2024,20240405,0.0,0.0,17216.9951,0.0,115344.28699999998,132561.28209999998,3034487.7998932665,0.0,22172989.26219773,25207477.062090997,1.0,45.0,0.0,2.0,0.0,5.0,5.0,42.77596153846154,5.6467957574702154,3.1567249765483356,-113.98436153846154,-21.002218483125105,4.171335693463681,40,87
2024,20240406,0.0,0.0,15771.492300000002,0.0,155653.72460000002,171425.21690000003,3031595.8375160024,0.0,49916357.22051576,52947953.05803176,1.0,237.0,0.0,1.0,0.0,0.0,0.0,40.49103488372093,3.3618691027296066,1.4223635405103703,-98.85616279069767,-5.87401973536123,1.1158255632625167,39,86
2024,20240407,0.0,0.0,271965.0108,35652.8756,73805.4336,381423.31999999995,67343907.38806473,10197920.634108037,17875683.424655832,95417511.4468286,19.0,22.0,3.0,3.0,2.0,15.0,15.0,37.485277777777775,0.3561119967864528,2.5199001249032036,-89.76318888888889,3.2189541664475456,1.6475315109239035,38,85
2024,20240408,1.0,2725.1,1743034.3793,0.0,187549.8323,1930584.2116,339617471.49119467,0.0,43134562.75729179,382752034.24848646,84.0,17.0,0.0,3.0,5.0,5.0,15.0,34.061284848484846,-3.067880932506476,1.38213527257894,-94.7799888888889,-1.7978458335524579,4.807945653532741,37,84
2024,20240409,1.0,2725.1,2335983.6388000003,31418.3173,773107.7348,3140509.6909000007,410710586.1514605,7125628.094213894,156081620.16236523,573917834.4080397,95.0,60.0,3.0,4.0,5.0,15.0,30.0,31.47323694267516,-5.655928838316161,1.7137413382409041,-96.18327070063694,-3.2011276453005024,3.477870899339043,36,83
2024,20240410,1.0,2725.1,151987.8356,481795.04399999994,1683481.171,2317264.0505999997,32712411.83201059,99827694.7407057,326058900.7969395,458599007.3696558,13.0,123.0,35.0,4.0,10.0,30.0,30.0,30.421921621621625,-6.707244159369697,0.5791346617152813,-91.20286013513514,1.7792829202012967,2.5948855837762435,35,82
2024,20240411,1.0,2725.1,47284.416699999994,115810.6738,3346438.224,3509533.3145,10161272.404891964,22879467.235842936,654413104.5685112,687453844.2092462,2.0,167.0,4.0,5.0,15.0,45.0,15.0,35.37743146853147,-1.7517343124598526,2.9644467101607717,-80.9712951048951,12.010847950441331,1.9077427134206772,34,81
2024,20240412,0.0,0.0,42898.9617,25952.9433,864051.6256,932903.5306,9422702.250189004,5833217.786145781,165476679.84329817,180732599.87963295,2.0,58.0,1.0,4.0,10.0,15.0,5.0,35.21671707317073,-1.9124487078205945,2.739763416875848,-82.68004878048781,10.302094274848628,15.070825772782358,33,80
2024,20240414,0.0,0.0,3061056.8894,0.0,1155376.3013,4216433.1907,629823439.1480601,0.0,195228724.9227902,825052164.0708503,90.0,30.0,0.0,2.0,0.0,5.0,5.0,41.06826460176991,3.9390988207785895,0.4424751477928991,-79.79131681415929,13.190826241177149,3.7954620655532896,31,78
2024,20240415,0.0,0.0,2322341.2201,0.0,850481.3226,3172822.5427,371755876.5782513,0.0,135725646.44227144,507481523.0205227,66.0,62.0,0.0,4.0,5.0,30.0,15.0,39.59234948453608,2.4631837035447575,2.639276552593048,-86.08611546391752,6.896027591418914,11.115803065496628,30,77
2024,20240416,0.0,0.0,896235.7286,327469.226,915844.4996,2139549.4542,229154695.6011636,95045039.98011012,245532492.81849328,569732228.399767,61.0,132.0,35.0,4.0,10.0,15.0,30.0,40.92978285714286,3.800617076151539,1.794305904461356,-93.11361828571428,-0.1314752303778448,4.467548319018734,29,76
2024,20240417,0.0,0.0,1565883.0304,187318.1387,3241323.6252,4994524.7943,356518951.9532381,42042502.39412341,724695043.2262756,1123256497.573637,55.0,96.0,5.0,4.0,10.0,15.0,30.0,40.39880128205128,3.269635501059959,0.9008226538424594,-83.1938358974359,9.788307157900533,4.341688185427103,28,75
2024,20240418,0.0,0.0,848637.8052,321236.8595999999,1669904.4331,2839779.0979,197322002.4489099,75177519.67499943,394887003.7822991,667386525.9062085,53.0,102.0,17.0,3.0,5.0,15.0,15.0,38.10110559006211,0.9719398090707898,2.18155442959397,-90.7862354037267,2.19590765160973,3.8208091363023198,27,74
2024,20240419,0.0,0.0,79764.6966,0.0,186812.7382,266577.43480000005,16622166.546992004,0.0,38483566.536624424,55105733.08361643,3.0,8.0,1.0,4.0,5.0,30.0,30.0,36.66054166666667,-0.4686241143246548,7.716073717124927,-90.28796666666666,2.6941763886697743,19.19453889438032,26,73
2024,20240420,0.0,0.0,1393535.5010000002,0.0,647921.6318,2041457.1328000005,260471548.27849445,0.0,126308181.28022876,386779729.5587232,52.0,23.0,0.0,2.0,0.0,5.0,5.0,33.457510666666664,-3.6716551143246576,2.166577049519891,-84.38871733333333,8.593425722003104,7.943931077573374,25,72
2024,20240421,0.0,0.0,65461.9199,0.0,46939.7268,112401.6467,11040879.962743036,0.0,8710553.471406722,19751433.434149757,3.0,10.0,0.0,2.0,2.0,5.0,5.0,30.172766666666664,-6.9563991143246575,1.455152612843982,-89.61058333333334,3.3715597220030986,8.82866150906618,24,71
2024,20240422,0.0,0.0,16361.0146,0.0,0.0,16361.0146,4445712.048865894,0.0,0.0,4445712.048865894,2.0,9.0,0.0,2.0,0.0,5.0,5.0,40.28225,3.153084219008676,0.025102290732121713,-96.84625,-3.864106944663561,0.18915106396739523,23,70
2024,20240423,0.0,0.0,169032.58469999998,0.0,32254.8572,201287.4419,39238779.08405709,0.0,7521592.580058623,46760371.66411571,6.0,6.0,0.0,2.0,0.0,5.0,5.0,36.905,-0.22416578099132067,5.400524385313308,-93.96499999999999,-0.9828569446635527,7.84742980506704,22,69
2024,20240425,0.0,0.0,164042.11419999998,25848.5527,36473.77180000001,226364.4387,48403531.739160486,5635806.144577963,10228958.719004177,64268296.60274263,72.0,28.0,5.0,3.0,2.0,15.0,15.0,39.42021444444445,2.2910486634531253,2.5874231540914114,-101.48044444444444,-8.498301389108008,1.8764517308545967,20,67
2024,20240426,1.0,1697.8,1120981.3154999998,1323145.6208,852587.6537,3296714.59,252042967.5289775,318298254.6169561,186351068.20685697,756692290.3527906,77.0,72.0,103.0,4.0,10.0,30.0,30.0,37.87992170212766,0.7507559211363386,3.516942730128774,-96.07296893617021,-3.0908258808337763,2.6472431704706643,19,66
2024,20240427,1.0,1697.8,1780007.8310000002,993494.8097,916114.8607999998,3689617.5015,428869809.928723,226633513.9801405,219968751.6891613,875472075.5980248,160.0,75.0,72.0,4.0,10.0,15.0,30.0,37.23542857142857,0.10626279043724907,3.215733104459119,-96.21086611295682,-3.2287230576203854,3.7137280184805967,18,65
2024,20240428,1.0,1697.8,316948.4156,395156.8686000001,1101142.4301,1813247.7143,59880086.92250104,78797816.26901923,230327781.05154857,369005684.2430688,15.0,72.0,20.0,5.0,15.0,30.0,45.0,32.83638557692308,-4.292780204068244,2.1895437231124255,-94.8620076923077,-1.8798646369712628,1.39351339563844,17,64
2024,20240429,0.0,0.0,260694.5191,0.0,285332.72949999996,546027.2485999999,44374491.240313426,0.0,51321341.79135165,95695833.03166509,11.0,19.0,0.0,4.0,5.0,30.0,15.0,33.428432,-3.700733780991321,3.5571790975809283,-91.51143599999999,1.4707070553364474,5.449620809658839,16,63
2024,20240430,0.0,0.0,2119942.3983,143212.3739,803022.7255000002,3066177.4977,457854784.6810914,34548386.39240037,161543575.67047042,653946746.7439623,153.0,60.0,14.0,2.0,0.0,5.0,5.0,38.32491860465116,1.1957528236598378,3.0595410793594167,-95.29779441860465,-2.3156513632682163,5.816335890401163,15,62
2024,20240501,0.0,0.0,257392.6948,52767.485,343887.59699999995,654047.7767999999,63948797.8988828,14016423.541879578,76907785.43230122,154873006.8730636,61.0,60.0,14.0,4.0,5.0,15.0,30.0,36.57582096774193,-0.5533448132493888,3.118708034001482,-100.37566129032258,-7.393518234986146,2.7659545386781232,14,61
2024,20240502,0.0,0.0,804456.9233999999,64292.8125,937736.2182,1806485.9540999995,173343423.2572577,14139630.439206954,194562803.15501752,382045856.85148215,51.0,43.0,7.0,4.0,5.0,30.0,30.0,36.15727777777778,-0.9718880032135431,4.404795955165686,-94.97532121212122,-1.9931781567847793,4.266431779202177,13,60
2024,20240503,0.0,0.0,459884.9123,29515.5796,377224.0712,866624.5631,103715005.49331053,9780410.243382778,87999107.3869425,201494523.12363583,68.0,62.0,11.0,3.0,5.0,15.0,15.0,36.21288357142858,-0.9162822095627448,4.56163791276097,-98.61284,-5.630696944663569,5.922008893131702,12,59
2024,20240504,0.0,0.0,401288.3092,42373.625,345992.85939999996,789654.7936,88892399.50527392,10175840.693707855,72079655.60978055,171147895.8087623,51.0,57.0,7.0,4.0,5.0,15.0,30.0,33.30873815789474,-3.8204276230965846,3.3835052644643357,-95.7461644736842,-2.7640214183477667,7.175779432353521,11,58
2024,20240505,0.0,0.0,12827.827100000002,0.0,156367.3362,169195.1633,2803972.5730383117,0.0,30720048.62350675,33524021.196545064,1.0,45.0,0.0,4.0,10.0,15.0,30.0,38.833875,1.7047092190086772,7.564068611429244,-97.69699166666668,-4.71484861133024,8.431710896852787,10,57
2024,20240506,1.0,6571.0,1419242.995,550979.6189,3291415.529,5261638.1429,330901136.0071431,139279871.76632398,793396968.2062079,1263577975.9796748,122.0,311.0,49.0,3.0,2.0,15.0,15.0,37.748388674698795,0.6192228937074731,2.547730363929213,-94.68884650602409,-1.7067034506876553,4.924769017461021,9,56
2024,20240507,1.0,6571.0,6061550.2203,1782802.0729000005,4563583.6858,12407935.979,1308769654.4067345,416280793.9748903,1032904631.775076,2757955080.1567006,157.0,247.0,63.0,6.0,30.0,30.0,45.0,40.14043730964467,3.011271528653346,2.424013636056982,-88.0256304568528,4.956512598483641,3.7639236190458862,8,55
2024,20240508,1.0,6571.0,6388473.801,1445398.3864,7091735.6305,14925607.8179,1409686435.4238212,317331470.7441269,1540466465.06279,3267484371.230738,332.0,307.0,65.0,4.0,10.0,15.0,15.0,36.652159201141224,-0.477006579850098,1.8707403413443102,-87.93010670470757,5.0520363506288675,5.2288021620168585,7,54
2024,20240509,1.0,6571.0,4162758.844299999,528937.3577,6856178.9199,11547875.1219,772153895.5062511,112268402.20556578,1347884853.3089545,2232307151.0207715,187.0,283.0,23.0,5.0,10.0,45.0,45.0,33.173967276422765,-3.955198504568557,1.9868626261418185,-89.4987069105691,3.4834361447673388,6.689525700806051,6,53
2024,20240510,0.0,0.0,1062493.2258,191556.10900000003,2435182.8863999997,3689232.2212,205802502.1699238,39979566.33600923,476626522.9054856,722408591.4114187,43.0,163.0,19.0,4.0,5.0,30.0,30.0,32.191743555555554,-4.937422225435768,2.938628368550815,-83.54399733333332,9.438145722003114,3.711100029940578,5,52
2024,20240511,1.0,1124.0,1159862.0681,223221.1739,498526.3684,1881609.6104,247130649.07918772,46061828.82889473,96596831.3063641,389789309.21444654,59.0,20.0,8.0,4.0,5.0,30.0,15.0,36.522556976744184,-0.6066088042471378,3.8927729422471957,-89.04721744186047,3.9349256134759685,10.519065653443603,4,51
2024,20240512,1.0,1124.0,783588.987,3496.8313,278567.4177,1065653.236,145511500.5214752,1207876.7556517182,58686513.93531984,205405891.21244675,49.0,16.0,1.0,3.0,2.0,5.0,15.0,32.8984609375,-4.230704843491324,4.363463693880697,-95.685415625,-2.703272569663568,5.49267336431483,3,50
2024,20240513,1.0,1124.0,992223.4242,215157.2992,1585917.7347,2793298.4581,121134944.51282014,46062919.04816539,324485813.75030726,491683677.3112928,49.0,140.0,17.0,3.0,5.0,15.0,15.0,32.8175312195122,-4.311634561479124,5.53419186202351,-96.7501424390244,-3.7679993836879646,8.95775861374164,2,49
2024,20240514,0.0,0.0,197594.9276,239683.825,881637.5104000001,1318916.2630000005,51244993.55688985,48509706.44574275,182465203.45603433,282219903.4586669,31.0,47.0,11.0,4.0,5.0,30.0,30.0,35.379916853932585,-1.749248927058737,6.748336747189098,-89.88808089887641,3.0940621564600264,11.956048277240237,1,48
2024,20240515,0.0,0.0,944696.915,0.0,473169.2788,1417866.1938,203915679.6819419,0.0,101244487.85441224,305160167.5363541,67.0,34.0,0.0,3.0,5.0,15.0,15.0,35.64963402061856,-1.4795317603727653,1.5048210540685696,-90.74211237113401,2.2400306842024236,9.75144896721826,0,47
2024,20240516,1.0,1551.0,377351.6589,128984.2687,2647888.8123999997,3154224.74,75605501.85727061,22299356.04463146,495229861.76607186,593134719.667974,39.0,153.0,5.0,4.0,5.0,30.0,15.0,31.322850000000003,-5.806315780991319,2.829073701456406,-96.0851125,-3.1029694446635574,4.275815120789578,1,46
2024,20240517,1.0,1551.0,407251.3324,214081.0303,468271.95469999994,1089604.3174,44804569.00338277,46651724.96356048,113581217.97463924,205037511.9415825,23.0,112.0,7.0,4.0,5.0,30.0,30.0,38.99728110236221,1.8681153213708868,7.946936017953688,-94.15067716535434,-1.1685341100179016,7.98770030309685,2,45
2024,20240518,1.0,4907.8,676865.8302999999,0.0,553947.084,1230812.9142999998,183472187.53750655,0.0,111965775.93409124,295437963.4715978,57.0,36.0,0.0,3.0,5.0,15.0,15.0,39.53043103448276,2.401265253491438,6.702668886594946,-88.0101908045977,4.971952250738738,4.008205034055848,3,44
2024,20240519,1.0,4907.8,1620847.4183999998,233209.30539999995,1247100.5857,3101157.3094999995,375397987.2018001,57442044.20573131,310234357.5198237,743074388.927355,153.0,160.0,29.0,3.0,2.0,15.0,5.0,38.23730384615384,1.108138065162521,3.538266478485543,-96.15570118343196,-3.1735581280955216,6.075481198692508,4,43
2024,20240520,1.0,4907.8,1190390.9615000002,41749.6404,2165459.9252,3397600.5271,290801723.68737495,11923893.820332984,449218673.2405537,751944290.7482617,107.0,85.0,3.0,5.0,5.0,45.0,30.0,41.03182352941177,3.902657748420445,2.5577424578378056,-95.7934679144385,-2.811324859102058,7.024215866491619,5,42
2024,20240521,1.0,4907.8,2579190.8788,647714.7294,7382624.1167,10609529.7249,600176022.295062,182964829.9278617,1825013574.3496404,2608154426.572564,158.0,443.0,53.0,4.0,5.0,30.0,30.0,41.26156319218241,4.132397411191086,3.3097120925851606,-91.52221107491857,1.4599319804178634,5.147734826930448,6,41
2024,20240522,1.0,4907.8,4003917.4012,99941.2797,4593761.6694,8697620.3503,762748290.0082867,20203900.32900481,887994732.5259279,1670946922.8632193,165.0,190.0,6.0,5.0,15.0,45.0,45.0,35.92763193277311,-1.2015338482182116,3.841568400602219,-89.96641400560225,3.0157290497341904,7.949925374218715,7,40
2024,20240523,0.0,0.0,2010088.9109,368796.8635999999,6094008.055700001,8472893.830200002,371740180.3768543,74056356.36820428,912302685.7400744,1358099222.485133,139.0,178.0,34.0,4.0,5.0,30.0,30.0,38.40665402985075,1.2774882488594272,4.360985768331857,-91.90115462686568,1.0809884284707607,11.092971552036115,8,39
2024,20240524,0.0,0.0,2979674.5239,691200.0858000001,4500964.4529,8171839.0626,645871354.6131448,184440770.8680339,1067393098.4340572,1897705223.915236,144.0,296.0,52.0,4.0,5.0,30.0,15.0,38.78415777310924,1.654991992117921,3.6144043614233756,-91.5894924369748,1.3926506183616425,4.976923363062295,9,38
2024,20240525,1.0,3466.4,1863858.5735,532399.8614,3795244.5071,6191502.942,417569367.26024413,104945110.05270655,801142189.4633594,1323656666.77631,145.0,202.0,25.0,4.0,5.0,30.0,30.0,36.6772682320442,-0.4518975489471231,2.815339111413881,-92.23234751381214,0.7497955415242927,7.72870090017622,10,37
2024,20240526,1.0,3466.4,3700072.9429,1739742.812,17415893.4909,22855709.2458,877230567.7581733,415575656.7592585,3787700974.3520617,5080507198.8694935,240.0,767.0,107.0,5.0,15.0,45.0,45.0,37.5649,0.4357342190086797,1.4482471189793713,-86.29182666060055,6.690316394735888,5.218695050751711,11,36
2024,20240527,1.0,2348.3,5759286.866699999,322903.0413,7257269.662099999,13339459.570099998,1020073209.1825584,56412495.20372283,1340774584.7415874,2417260289.1278687,170.0,247.0,9.0,4.0,10.0,30.0,30.0,34.825092723004694,-2.3040730579866278,3.161122594726134,-87.96786948356808,5.014273571768356,7.2735317453552195,12,35
2024,20240528,1.0,2348.3,1841863.8001,1232.9701,3794978.5844999994,5638075.354699999,356385842.1120169,352044.3416978102,657053970.5132749,1013791856.9669896,143.0,150.0,1.0,3.0,5.0,15.0,15.0,34.1444044982699,-2.984761282721422,3.4799520329070477,-98.60148719723183,-5.619344141895397,5.132444314712067,13,34
2024,20240529,0.0,0.0,182592.70459999997,81664.15300000002,228624.3632,492881.2208,38419714.9588961,16238733.480729869,41207159.25391726,95865607.69354324,36.0,27.0,7.0,4.0,2.0,30.0,15.0,38.086587692307695,0.9574219113163736,5.329442029850186,-100.88190307692308,-7.899760021586644,7.729422325822798,14,33
2024,20240530,0.0,0.0,2632889.3496,112938.86000000002,1266824.0518000002,4012652.2614,476013298.52697355,25101083.421010155,257192655.84363836,758307037.791622,154.0,98.0,13.0,3.0,2.0,15.0,15.0,34.7518981060606,-2.377267674930721,5.046404823286649,-100.19740795454545,-7.215264899209018,6.480680077405312,15,32
2024,20240531,1.0,3012.8,545383.1565,21671.4023,645925.563,1212980.1217999998,99263298.89878024,7568876.016012478,119753369.49366404,226585544.4084567,43.0,49.0,3.0,4.0,5.0,30.0,30.0,33.267957894736846,-3.8612078862544763,3.5711540637053054,-99.84505263157895,-6.862909576242515,4.201268116304024,16,31
2024,20240601,1.0,3012.8,604901.0454,10308.955499999998,753360.2611,1368570.262,119490360.44042684,2273209.3714715983,145757992.0270668,267521561.83896524,65.0,59.0,2.0,3.0,2.0,15.0,15.0,35.33081544715447,-1.7983503338368507,5.095407597992281,-98.75563252032521,-5.773489464988771,5.049256033569731,17,30
2024,20240602,0.0,0.0,868749.8132,30056.9832,765506.8565,1664313.6529,193073812.4387515,9446416.185056029,182044438.68422607,384564667.3080336,109.0,119.0,11.0,3.0,2.0,15.0,15.0,39.14749188034188,2.01832609935056,5.515604173099399,-98.62096538461539,-5.638822329278952,4.479660708742249,18,29
2024,20240603,0.0,0.0,216548.0931,30381.0715,1231048.8257999998,1477977.9903999998,51772521.97886023,5443795.842482128,282917102.20563954,340133420.0269819,25.0,122.0,1.0,4.0,5.0,30.0,30.0,36.25187829457364,-0.8772874864176785,5.115803664442074,-95.25240077519379,-2.270257719857355,6.0923920957116655,19,28
2024,20240604,0.0,0.0,360922.6471,119369.3163,2192649.5943,2672941.5577,90814574.80221368,27196017.47238225,490368750.8870867,608379343.1616826,41.0,147.0,9.0,3.0,5.0,15.0,15.0,36.44016440677966,-0.6890013742116636,4.599639053604287,-92.40549830508475,0.5766447502516883,5.251519384896164,20,27
2024,20240605,0.0,0.0,122211.8446,1230900.6977,2941565.4452,4294677.9875,26101205.097571313,209754743.11360127,626343987.2231259,862199935.4342985,15.0,189.0,26.0,3.0,2.0,15.0,15.0,38.593932535885166,1.4647667548938443,5.9963985845907954,-85.49545980861244,7.486683246723999,8.610849288158335,21,26
2024,20240606,0.0,0.0,155260.44879999998,36267.3815,911739.1518,1103266.9821,27133354.80352259,6444515.40736446,176938865.80557412,210516736.01646116,7.0,83.0,1.0,2.0,2.0,5.0,5.0,34.668541509433965,-2.460624271557357,3.8920241099060506,-87.91731698113207,5.064826074204362,11.946038307446337,22,25
2024,20240607,0.0,0.0,264485.36819999997,7433.679299999999,886346.8557000001,1158265.9032,67345592.09685348,1704127.0807028112,192944289.7816884,261994008.95924467,69.0,129.0,2.0,3.0,0.0,15.0,5.0,39.98400816326531,2.8548423822739863,2.9343185459423515,-99.48139897959184,-6.499255924255408,7.7328735515860725,23,24
2024,20240608,0.0,0.0,365425.8795,7782.699800000001,541928.329,915136.9083,78369145.26773676,1504566.8851749608,121342838.62263437,201216550.77554607,42.0,85.0,1.0,4.0,5.0,30.0,30.0,38.57934921875,1.4501834377586746,1.4517809365993906,-100.49706953125,-7.514926475913569,4.108693095575681,24,23
2024,20240609,0.0,0.0,621949.0157,0.0,1046123.4859,1668072.5016,131427250.09612328,0.0,233972386.83138043,365399636.9275037,47.0,75.0,0.0,4.0,2.0,30.0,30.0,37.033985123966936,-0.09518065702438605,3.057849941616419,-95.4349917355372,-2.452848680200759,9.759579472468635,25,22
2024,20240610,0.0,0.0,362769.955,7437.9078,979260.9636,1349468.8264,72116738.55683613,1982130.824352194,187963961.1780047,262062830.55919307,39.0,88.0,2.0,3.0,0.0,15.0,15.0,36.11091007751938,-1.0182557034719437,5.487281642649398,-92.50193798449612,0.48020507084031294,10.70073213428491,26,21
2024,20240611,0.0,0.0,0.0,0.0,77850.8876,77850.8876,0.0,0.0,15004684.795032002,15004684.795032002,1.0,10.0,0.0,3.0,2.0,15.0,15.0,34.701049999999995,-2.4281157809913267,10.687550697605554,-101.97918,-8.997036944663563,17.837386045780985,27,20
2024,20240612,1.0,1228.0,929635.9021000002,94921.9659,619604.6964,1644162.5644000005,280220925.14867777,23615012.03719017,172533159.1051069,476369096.2909748,135.0,51.0,9.0,3.0,0.0,15.0,15.0,45.27023711340206,8.141071332410739,3.0545942421897188,-94.12030051546391,-1.1381574601274735,2.8320222861908415,28,19
2024,20240613,1.0,1228.0,922899.3129000004,235858.222,3241148.5947999996,4399906.1296999995,243707230.9350211,50439527.74251953,663583630.1550174,957730388.832558,103.0,158.0,9.0,4.0,5.0,30.0,30.0,40.35954029850746,3.2303745175161396,2.3542190023188807,-92.71429589552238,0.26784715981405327,7.0220209014762665,29,18
2024,20240614,1.0,1228.0,267912.3629,116047.9517,7129676.0987,7513636.4133,59746164.61988391,14904293.664363578,1006149132.758479,1080799591.0427265,23.0,125.0,2.0,4.0,5.0,30.0,30.0,39.98370067567568,2.854534894684356,1.9628528770486886,-86.81954864864865,6.162594406687788,13.37124380662684,30,17
2024,20240615,0.0,0.0,84219.93010000001,47665.16810000001,444950.2598,576835.358,27221431.40290881,14590748.516574666,117336296.94327629,159148476.86275974,32.0,108.0,7.0,3.0,2.0,15.0,15.0,42.45161317829457,5.32244739730325,4.4930332106944295,-100.19492558139534,-7.212782526058902,4.803246941787772,31,16
2024,20240616,0.0,0.0,123843.8672,30972.5741,1990370.0613,2145186.5026,31328645.51536731,5468712.4907408785,430457748.620537,467255106.6266452,19.0,69.0,1.0,3.0,5.0,15.0,15.0,40.869140243902436,3.739974462911114,2.8350034509465685,-91.7815731707317,1.2005698846047324,5.599795914403944,32,15
2024,20240617,0.0,0.0,394672.3594,54929.5555,5604086.7184,6053688.6333,98159372.40351813,17382918.6094505,1203344495.0586154,1318886786.071584,20.0,238.0,5.0,3.0,2.0,5.0,15.0,41.77541212121212,4.646246340220799,2.4542983128682807,-84.838958008658,8.14318504667844,6.788106424495163,33,14
2024,20240618,0.0,0.0,233834.2174,23226.4381,2554877.3946,2811938.0500999996,66147782.569391236,6465899.954421026,513925876.6172267,586539559.141039,48.0,144.0,4.0,3.0,5.0,15.0,15.0,41.95701884816754,4.827853067176221,4.1642032707173895,-90.47271937172776,2.5094236836086736,9.457539045788959,34,13
2024,20240619,0.0,0.0,218882.47180000003,61139.6387,2586650.5214,2866672.6319,39934734.87060674,10059128.117655646,452703610.7634524,502697473.7517148,13.0,93.0,3.0,3.0,2.0,15.0,15.0,40.49787663551402,3.3687108545226963,5.252066012758549,-82.87100560747663,10.111137447859804,12.91652668247983,35,12
2024,20240620,0.0,0.0,475479.5275,28476.293300000005,3405010.2463,3908966.0671,92290307.7835174,6136230.358374726,548520765.9110119,646947304.0529041,35.0,138.0,5.0,2.0,2.0,5.0,5.0,42.665284269662926,5.536118488671605,2.1280854460352088,-84.86019438202247,8.121948673313966,15.685504126838762,36,11
2024,20240621,0.0,0.0,181619.1009,90397.2217,2826711.9237,3098728.2463,38184603.06552522,13232872.959253984,435089043.547322,486506519.5721012,30.0,78.0,3.0,3.0,2.0,15.0,15.0,41.463205405405404,4.334039624414082,2.8249934497377893,-92.11387477477479,0.8682682805616508,15.813112411301223,37,10
2024,20240622,0.0,0.0,1262774.2571,673696.0823,9667493.8186,11603964.158,205562087.66350347,142397769.92192492,1478050824.7640216,1826010682.34945,28.0,162.0,17.0,3.0,5.0,15.0,15.0,41.99739951690821,4.868233735916888,1.6617828019404361,-81.21872995169082,11.763413103645618,8.38963146856415,38,9
2024,20240623,0.0,0.0,328726.05819999997,40674.447799999994,11473682.992200002,11843083.4982,51077742.418645605,7094338.548868038,1567028663.1383624,1625200744.105876,10.0,162.0,1.0,3.0,5.0,15.0,5.0,41.59130755813953,4.4621417771482115,2.0224392720195246,-75.60795930232558,17.374183753010854,6.945893512533634,39,8
2024,20240624,1.0,1704.0,335069.4499,2234.5869,436511.302,773815.3388,79828882.0690561,453871.47811661154,92827897.79966012,173110651.34683284,48.0,41.0,1.0,4.0,10.0,30.0,15.0,42.96765333333333,5.838487552342009,5.082588277069296,-94.86506444444444,-1.8829213891080059,9.745583183872462,40,7
2024,20240625,1.0,1704.0,2446852.9046,154316.85170000003,5347832.2009,7949001.9572,589990141.4895623,45118163.086222224,1258561752.3514955,1893670056.92728,161.0,299.0,16.0,3.0,2.0,15.0,15.0,40.33209078947369,3.2029250084823673,2.766292601481968,-93.22683486842105,-0.2446918130846143,5.428777944959859,41,6
2024,20240626,1.0,1704.0,805737.0797,380527.67519999994,24958638.0892,26144902.8441,131606344.94575302,71780117.88173908,3854363178.2838874,4057749641.111379,21.0,572.0,12.0,3.0,2.0,15.0,15.0,38.7231554438861,1.5939896628947778,2.925349424237028,-84.0169608040201,8.965182251316335,9.96136998188896,42,5
2024,20240627,0.0,0.0,56026.7991,47411.1096,270579.5683,374017.477,13169400.59913603,9330654.303272018,74485886.80469239,96985941.70710044,25.0,125.0,5.0,3.0,0.0,15.0,15.0,43.3651761589404,6.2360103779490785,4.406643103704656,-103.22389139072848,-10.241748335392046,6.4762702704148065,43,4
2024,20240628,0.0,0.0,76091.7769,95742.1324,625243.1727000001,797077.0820000002,20478097.111228734,23376925.08278004,136244139.81148866,180099162.00549746,14.0,62.0,8.0,4.0,5.0,30.0,30.0,38.93898,1.809814219008679,4.493963558831794,-97.880936,-4.898792944663569,6.6265833661715625,44,3
2024,20240629,0.0,0.0,218310.34070000003,124257.9397,4023552.1639999994,4366120.444399999,47873918.99950855,27322423.340987384,757102843.5796363,832299185.9201323,26.0,127.0,4.0,3.0,5.0,15.0,15.0,39.62784713375796,2.4986813527666385,2.891212814665717,-87.56660573248408,5.415537322852359,9.678425303419822,45,2
2024,20240630,0.0,0.0,356674.9017,25138.1867,13858637.3314,14240450.4198,55616040.234583415,4308713.410752256,1981862947.9686809,2041787701.6140163,14.0,256.0,1.0,3.0,5.0,15.0,5.0,40.58954206642066,3.4603762854293407,3.176881269899566,-79.59454464944649,13.387598405889946,11.317630451715212,46,1
2024,20240701,0.0,0.0,21572.8222,20603.9097,142662.27440000002,184839.0063,7592761.221023707,6134756.931906524,37646144.178322025,51373662.331252255,10.0,44.0,4.0,4.0,2.0,30.0,15.0,40.97457017543859,3.8454043944472716,3.782375835605602,-102.58534561403509,-9.603202558698655,5.835200925665046,47,0
2024,20240702,0.0,0.0,12387.579500000002,14894.0438,791846.3274999999,819127.9507999999,3087120.6342585864,2343336.3617612254,206124862.9247397,211555319.92075947,2.0,73.0,1.0,3.0,5.0,15.0,15.0,38.49701842105263,1.367852640061308,4.016097988037992,-94.81715526315789,-1.8350122078214497,6.203292224733452,48,1
2024,20240703,0.0,0.0,302254.1751,16762.196600000003,367908.7065,686925.0782,68315670.16225186,4480908.841539563,97923702.75601736,170720281.75980878,59.0,69.0,3.0,4.0,5.0,30.0,15.0,39.940056488549615,2.8108907075582934,2.1699040598819535,-100.24621984732825,-7.264076791991812,3.795673573555522,49,2
2024,20240704,0.0,0.0,158898.1089,123241.933,1246770.2602,1528910.3021,42102811.97166062,28410629.646098856,284065789.0060908,354579230.6238503,14.0,83.0,5.0,3.0,5.0,15.0,15.0,37.077537623762375,-0.0516281572289472,2.5696715037082662,-93.0037099009901,-0.021566845653666178,6.622969424216078,50,3
2024,20240705,0.0,0.0,40573.0982,48639.016800000005,1889685.8219999997,1978897.9369999997,9946046.782630676,11889661.526297972,397550731.9972132,419386440.30614185,7.0,90.0,4.0,3.0,5.0,15.0,15.0,38.88389603960396,1.7547302586126392,4.046295308449962,-86.38208019801979,6.600062857316644,9.009228055699552,51,4
2024,20240706,0.0,0.0,217599.71990000003,25979.382599999997,696307.1868,939886.2893,79895790.4751018,8782543.37359183,159607634.39367563,248285968.24236923,79.0,85.0,8.0,3.0,0.0,15.0,5.0,40.54085581395349,3.41169003296217,2.6649778598909015,-97.64832267441861,-4.666179619082172,5.912936891328022,52,5
2024,20240707,0.0,0.0,413801.3563,1667.3765,1238995.0926,1654463.8254,87543849.79456322,555467.0838691924,241201368.5875081,329300685.46594054,44.0,57.0,1.0,3.0,2.0,15.0,15.0,36.67572772277228,-0.45343805821904226,3.4396149695312936,-96.54401584158416,-3.5618727862477186,7.052735240340908,53,6
2024,20240708,0.0,0.0,152039.5935,835481.6741,552388.8108,1539910.0784,31565825.8004418,180442184.8769205,124835950.1750542,336843960.8524165,9.0,31.0,67.0,3.0,5.0,15.0,15.0,34.41845794392523,-2.7107078370660886,3.942616147654105,-92.16421588785046,0.8179271674859763,4.369102954369152,54,7
2024,20240709,0.0,0.0,77016.63699999999,210526.4424,1055196.4844,1342739.5638,16493686.75810677,52239413.5232933,176028370.9149064,244761471.19630647,9.0,43.0,13.0,4.0,10.0,5.0,5.0,39.88866769230769,2.75950191131637,5.160003992068092,-82.20297846153845,10.779164593797987,12.156625188368128,55,8
2024,20240710,0.0,0.0,306866.6425,227137.1929,3936589.1331,4470592.9684999995,64928172.46351424,25377472.188490476,561998694.684533,652304339.3365377,23.0,133.0,7.0,4.0,10.0,5.0,5.0,42.381766871165645,5.252601090174323,2.281393984708385,-80.34613619631902,12.636006859017414,8.560124525003022,56,9
2024,20240711,0.0,0.0,138109.63710000005,0.0,218787.1062,356896.74330000003,32025552.22086931,0.0,43658051.71521874,75683603.93608806,13.0,19.0,0.0,4.0,10.0,15.0,5.0,37.7257625,0.59659671900868,4.254564313447155,-102.44684062500001,-9.46469756966357,8.63170851980517,57,10
2024,20240712,0.0,0.0,73465.47189999999,8853.005900000002,156525.50869999998,238843.98649999997,23250564.627078976,2311142.067456619,29873807.274795108,55435513.9693307,34.0,19.0,5.0,3.0,0.0,15.0,5.0,44.704146551724136,7.5749807707328145,4.602745730090366,-103.91898103448275,-10.936837979146318,4.935953977878971,58,11
2024,20240713,1.0,2435.0,773701.776,21818.763499999997,1398342.074,2193862.6135,216737785.51696187,6310697.679930883,351661832.73630625,574710315.933199,69.0,165.0,2.0,2.0,0.0,5.0,5.0,44.63437161016949,7.505205829178166,2.4454005609487495,-98.8161686440678,-5.834025588731365,8.441368077224382,59,12
2024,20240714,1.0,2435.0,384538.7687,741524.9445,9940719.4816,11066783.1948,71381520.41091724,148612715.26894975,1872419674.598424,2092413910.2782912,39.0,294.0,17.0,3.0,2.0,15.0,15.0,41.70387306590258,4.574707284911256,3.311687174039504,-91.92029054441261,1.0618525109238277,10.047920745606858,60,13
2024,20240715,1.0,2435.0,1709182.6475,3325040.6954,27733798.5081,32768021.851,346085841.5276163,674079023.0480454,5225873027.293084,6246037891.868746,70.0,749.0,81.0,3.0,2.0,15.0,15.0,41.265553,4.136387219008675,2.147410050126348,-85.32847522222222,7.653667833114213,7.060409937182462,61,14
2024,20240716,1.0,2435.0,460387.6611,347930.4301,22721480.6775,23529798.7687,80916229.6920699,58294608.57326321,3502655837.8881516,3641866676.153485,24.0,539.0,15.0,4.0,5.0,30.0,15.0,40.750172318339104,3.6210065373477818,2.6277832521749036,-81.49806678200692,11.48407627332952,10.650617687512307,62,15
2024,20240717,0.0,0.0,283483.96170000004,0.0,11776604.4404,12060088.4021,46295927.79428789,0.0,1798886525.059778,1845182452.854066,16.0,236.0,0.0,4.0,2.0,30.0,15.0,38.748334920634925,1.6191691396436028,3.4044396988810846,-80.41469682539683,12.567446229939605,9.255155995451899,63,16
2024,20240718,0.0,0.0,87716.84430000001,0.0,2267458.5945,2355175.4388,15284759.640637238,0.0,430963963.39426655,446248723.03490376,5.0,91.0,0.0,3.0,0.0,15.0,5.0,34.85002291666667,-2.2791428643246547,2.9360921054131293,-85.83885729166667,7.143285763669766,10.595188199195293,64,17
2024,20240719,0.0,0.0,64822.628,0.0,357553.434,422376.062,19559998.26236829,0.0,83246926.6498917,102806924.91226,33.0,70.0,0.0,3.0,0.0,15.0,5.0,40.252144660194176,3.1229788792028543,2.8272823799240596,-102.06641844660194,-9.084275391265507,5.913996345207444,65,18
2024,20240720,0.0,0.0,345290.13350000005,98890.8635,560381.7281,1004562.7251,63218329.16805428,18766590.412451167,105720165.81706443,187705085.3975699,24.0,41.0,5.0,4.0,0.0,30.0,15.0,37.90114285714286,0.7719770761515363,3.9518367474778575,-98.03076857142857,-5.04862551609213,10.588536696831964,66,19
2024,20240721,0.0,0.0,19706.0597,11766.940099999998,553331.8975,584804.8973,5019850.055400277,3148473.580582246,102935669.78835703,111103993.42433956,2.0,31.0,1.0,2.0,0.0,5.0,5.0,34.2417375,-2.8874282809913225,2.827980692746749,-103.8130375,-10.830894444663556,12.018142499349782,67,20
2024,20240722,0.0,0.0,72296.8611,0.0,950078.6445,1022375.5056,9773322.503543686,0.0,169060095.0402161,178833417.54375976,13.0,37.0,0.0,2.0,0.0,5.0,5.0,41.354416,4.225250219008679,5.613049301126939,-91.342926,1.639217055336431,13.71102477716098,68,21
2024,20240723,0.0,0.0,116259.04330000002,39146.177599999995,1146127.4506,1301532.6715,32402176.497110225,6984493.802374156,223205962.48752,262592632.78700435,10.0,35.0,1.0,2.0,2.0,5.0,0.0,39.60470869565217,2.475542914660849,4.86210116448645,-90.08910652173913,2.8930365335973107,12.051852847193286,69,22
2024,20240724,0.0,0.0,89475.00060000001,76467.63070000001,3455514.3577999994,3621456.9890999994,17317207.881249685,13319317.271203358,571892609.2804239,602529134.432877,5.0,122.0,3.0,2.0,0.0,5.0,0.0,39.6525904,2.5234246190086793,4.661249383920651,-93.0516872,-0.06954414466356695,18.138291357196373,70,23
2024,20240725,0.0,0.0,3351.1425000000004,3353.8755999999994,643623.6104,650328.6285,1186867.0055579436,969050.2151146014,117138669.53314516,119294586.75381772,2.0,63.0,1.0,3.0,0.0,15.0,5.0,39.596481818181815,2.4673160371904928,4.6061859505839164,-111.08829242424243,-18.10614936890599,6.20030246999936,71,24
2024,20240726,0.0,0.0,0.0,19974.199,70804.85250000001,90779.0515,0.0,4515258.889540195,14447911.664910464,18963170.55445066,0.0,9.0,2.0,3.0,0.0,15.0,0.0,38.32967272727273,1.2005069462814077,5.568803567929275,-96.79172727272727,-3.809584217390835,14.505458449086738,72,25
2024,20240727,0.0,0.0,48952.9714,0.0,394508.0667,443461.0381,11995417.98734048,0.0,80644381.20594126,92639799.19328174,13.0,62.0,0.0,2.0,2.0,5.0,5.0,41.19170133333333,4.0625355523420055,3.2904425470244067,-104.89291733333333,-11.910774277996893,7.041238259141124,73,26
2024,20240728,0.0,0.0,97680.2489,0.0,180075.2414,277755.4903,30285990.401392978,0.0,49679836.51974826,79965826.92114124,41.0,38.0,0.0,3.0,2.0,15.0,15.0,40.730840506329116,3.6016747253377943,3.0139802220404532,-100.43123417721519,-7.449091121878752,4.483925692214814,74,27
2024,20240729,0.0,0.0,171825.4614,144975.2565,3885235.1702999994,4202035.888199999,42470087.023405336,33887386.550550275,799782543.1078439,876140016.6817995,39.0,182.0,5.0,3.0,2.0,15.0,15.0,39.857336725663714,2.7281709446723923,4.637818495516655,-92.13348938053097,0.8486536748054618,7.367680953266844,75,28
2024,20240730,0.0,0.0,522023.0355,102766.98850000002,9309302.606599998,9934092.630599998,142384002.86914295,24618855.870323554,1929275224.1106584,2096278082.850125,54.0,358.0,5.0,3.0,5.0,15.0,15.0,37.64682302158273,0.5176572405914115,3.5736738491358633,-87.19253717026379,5.789605885072646,5.253004028057018,76,29
2024,20240731,0.0,0.0,676271.1199,2790.184400000001,5159677.3019,5838738.6062,202028032.74181065,1235271.5717755482,1127733469.6698678,1330996773.983454,85.0,321.0,1.0,4.0,2.0,30.0,15.0,41.22274422604422,4.0935784450528985,3.7248172827617183,-93.19760515970516,-0.2154621043687257,6.4290291849112915,77,30
2024,20240801,0.0,0.0,104745.9796,0.0,2913913.3438000004,3018659.3234000006,19672349.78821809,0.0,667179973.1281393,686852322.9163574,8.0,139.0,0.0,4.0,2.0,30.0,15.0,37.614702040816326,0.4855362598250039,1.199367344042147,-86.95502040816326,6.027122647173172,6.072113457403496,78,31
2024,20240802,0.0,0.0,122044.3142,0.0,7967485.361,8089529.6752,19507234.03866309,0.0,1264214641.12178,1283721875.160443,6.0,176.0,0.0,3.0,2.0,15.0,5.0,37.174596666666666,0.04543088567534426,3.334218716018164,-81.53762499999999,11.444518055336445,8.510597047525467,79,32
2024,20240803,0.0,0.0,999662.1309,41525.8334,13949429.6658,14990617.6301,209251609.9569243,9172626.28863589,2123169910.5396433,2341594146.7852035,65.0,281.0,2.0,2.0,0.0,5.0,5.0,39.240148255813956,2.1109824748226345,4.380990229225399,-82.60973691860464,10.372406136731797,9.119859919203387,80,33
2024,20240804,0.0,0.0,84283.5937,190192.607,922927.7043,1197403.905,13771730.809861835,33814452.503851146,141711083.2786138,189297266.5923268,4.0,44.0,6.0,3.0,2.0,15.0,15.0,40.981596296296296,3.852430515304974,5.980999044362511,-82.60506111111111,10.377081944225324,14.511189354678244,81,34
2024,20240805,0.0,0.0,468812.9814000001,363091.235,2825302.7617,3657206.9781,91611806.47362,85514418.16804752,499813315.6572681,676939540.2989355,17.0,83.0,25.0,3.0,5.0,5.0,5.0,42.1420376,5.01287181900868,2.9668923630318584,-83.3675216,9.614621455336433,10.998348553170592,82,35
2024,20240806,0.0,0.0,689223.9259,399228.5338,11589888.261199998,12678340.720899995,132169079.19917738,83621323.24263665,2236392640.9530687,2452183043.3948827,38.0,299.0,11.0,3.0,5.0,15.0,15.0,41.706381556195964,4.5772157752046425,2.5979393305034586,-85.06732334293947,7.914819712396962,10.104988730677173,83,36
2024,20240807,0.0,0.0,138848.1446,80563.0834,194229.142,413640.37,27010470.87208755,15563213.41943154,37308852.30489123,79882536.59641032,14.0,23.0,4.0,3.0,5.0,15.0,15.0,39.17660975609756,2.0474439751062405,2.606164431574193,-101.1834487804878,-8.201305725151357,9.264198614265622,84,37
2024,20240808,0.0,0.0,0.0,543228.1462000001,217350.65359999996,760578.7998,0.0,88759213.81281087,39274109.2776752,128033323.09048608,0.0,46.0,13.0,2.0,2.0,5.0,5.0,36.15105357142857,-0.9781122095627524,2.582560809005082,-83.86697142857143,9.115171626765004,12.665222108998506,85,38
2024,20240809,0.0,0.0,0.0,171157.1002,241060.7136,412217.8138,0.0,25042222.859024532,37298809.63278465,62341032.49180918,0.0,54.0,3.0,3.0,5.0,5.0,0.0,40.03688823529412,2.9077224543027995,3.309642662713444,-97.03618235294118,-4.054039297604746,16.93528273893867,86,39
2024,20240810,0.0,0.0,34868.43660000001,0.0,330095.96969999996,364964.4063,7762021.1399184335,0.0,59004369.93326428,66766391.07318271,7.0,33.0,0.0,3.0,5.0,15.0,0.0,39.983915789473684,2.8547500084823625,3.642151388984883,-109.74767105263159,-16.765527997295152,7.966355396795847,87,40
2024,20240811,0.0,0.0,235089.13160000005,23388.839,837823.5414,1096301.512,36435733.63979269,2814863.5416832706,127898874.6166577,167149471.79813367,29.0,46.0,2.0,2.0,0.0,5.0,5.0,40.2110012987013,3.081835517709976,3.466561841192808,-95.37134415584416,-2.3892011005077194,12.593305626512903,88,41
2024,20240812,0.0,0.0,161371.6546,0.0,200936.3398,362307.9944,31307052.77415798,0.0,39647020.45183804,70954073.22599602,15.0,28.0,0.0,3.0,2.0,15.0,15.0,41.62294186046511,4.49377607947379,4.21789717599346,-104.9559976744186,-11.97385461908216,9.288244987758102,89,42
2024,20240813,0.0,0.0,123726.08340000002,0.0,453785.1324,577511.2158,23547389.508337475,0.0,88635446.7454037,112182836.25374116,15.0,51.0,0.0,2.0,0.0,5.0,5.0,40.15165,3.0224842190086747,1.6507473207611165,-106.08336515151515,-13.101222096178716,5.914643793695896,90,43
2024,20240814,0.0,0.0,114204.7988,25530.4003,981419.7717000002,1121154.9708000002,20654680.533774287,6744344.383312696,210263367.2389396,237662392.1560266,10.0,85.0,3.0,2.0,0.0,5.0,5.0,39.44964226804124,2.320476487049916,2.904668353732311,-93.05841134020619,-0.07626828486975512,9.546509060426626,91,44
2024,20240815,0.0,0.0,1384483.1426,22838.8331,2620936.8085000003,4028258.7842,244598734.1676827,5233814.693996518,482441074.3412149,732273623.2028942,47.0,111.0,1.0,3.0,5.0,15.0,15.0,39.67053949044586,2.5413737094545397,3.733476093448781,-86.5082898089172,6.473853246419239,13.016559922914288,92,45
2024,20240816,0.0,0.0,213857.3042,0.0,2263385.5505,2477242.8547,56532656.774233185,0.0,494444143.12832934,550976799.9025625,28.0,117.0,0.0,3.0,2.0,15.0,15.0,36.50399300699301,-0.6251727739983153,2.531876502246271,-92.4954006993007,0.4867423560357338,5.97242060656817,93,46
2024,20240817,0.0,0.0,776350.7866,0.0,8521836.973900001,9298187.7605,171807635.4338048,0.0,1719123994.387557,1890931629.8213615,33.0,314.0,0.0,3.0,0.0,15.0,15.0,37.078228530259366,-0.05093725073195543,3.221979602203598,-87.74470778097982,5.2374352743566135,10.190936280272819,94,47
2024,20240818,0.0,0.0,1707758.5340999998,0.0,6898158.1641999995,8605916.6983,292188967.74404925,0.0,1281260746.4800344,1573449714.2240837,62.0,297.0,0.0,3.0,2.0,15.0,15.0,34.96003871866295,-2.1691270623283714,3.3349149681067223,-87.06824038997215,5.91390266536429,7.735196314695804,95,48
2024,20240819,0.0,0.0,223647.1186,32042.097599999997,1095227.4843,1350916.7005000005,44754880.44163873,5949351.089067995,196128981.36382648,246833212.8945332,36.0,72.0,3.0,3.0,2.0,15.0,5.0,40.75963963963964,3.6304738586483154,5.210655987725005,-98.77463783783784,-5.792494782501407,12.99119988201142,96,49
2024,20240820,0.0,0.0,133146.48260000002,0.0,33651.2815,166797.76410000003,24620359.326970115,0.0,7860677.666395493,32481036.99336561,11.0,12.0,0.0,3.0,0.0,15.0,15.0,42.76272727272727,5.6335614917359464,4.846533549444127,-104.49318181818181,-11.511038762845374,8.673405101838956,97,50
2024,20240821,0.0,0.0,85492.1147,46076.0269,94249.9315,225818.0731,18244010.378603473,7826670.772136089,19101670.39950643,45172351.55024599,24.0,26.0,2.0,3.0,0.0,15.0,5.0,41.736478846153844,4.607313065162522,5.812771217145662,-104.06705000000001,-11.084906944663572,6.037836169003389,98,51
2024,20240822,0.0,0.0,57823.8061,6290.065600000001,668061.9272,732175.7989,11560120.66152584,1587067.3838184292,123298993.8594137,136446181.90475798,8.0,47.0,2.0,3.0,0.0,15.0,15.0,37.01253392857143,-0.11663185241989282,4.330870576571152,-104.21321250000001,-11.231069444663575,8.980568977217882,99,52
2024,20240823,0.0,0.0,32438.766899999995,0.0,528543.3060000001,560982.0729000001,6389008.682995676,0.0,121976789.13868146,128365797.82167712,10.0,124.0,0.0,3.0,0.0,15.0,5.0,42.935500000000005,5.806334219008683,4.696921801448587,-109.53341068702291,-16.55126763168647,5.380981952441436,100,53
2024,20240824,0.0,0.0,2525.5766999999996,0.0,16372.2483,18897.825,1146802.1864650412,0.0,5221263.98767349,6368066.174138531,7.0,19.0,0.0,2.0,0.0,5.0,5.0,47.16956521739131,10.040399436399987,3.224924915631751,-105.51565217391305,-12.533509118576617,1.8306328416125717,101,54
2024,20240825,0.0,0.0,22932.9581,0.0,64736.0214,87668.9795,7651534.099906828,0.0,22108579.244830072,29760113.3447369,11.0,35.0,0.0,2.0,0.0,5.0,5.0,42.29329772727272,5.164131946281401,3.900552916290895,-101.72512727272728,-8.742984217390841,3.549057879989837,102,55
2024,20240826,0.0,0.0,2078808.1714,37115.4912,1215773.7018,3331697.3644,321846263.4493902,4869135.514085675,306296272.0870956,633011671.0505714,67.0,97.0,2.0,3.0,2.0,15.0,15.0,43.22837228915663,6.0992065081653095,2.4124247734323006,-91.42704638554217,1.555096669794267,11.095790128417889,103,56
2024,20240827,0.0,0.0,773258.1558000001,0.0,5633498.835499999,6406756.991299999,162217772.3697147,0.0,1256503400.7068293,1418721173.076544,21.0,188.0,0.0,4.0,5.0,30.0,30.0,42.877940291262135,5.748774510270813,1.7542222557903424,-88.02933009708738,4.952812958249055,3.9863554774446794,104,57
2024,20240828,0.0,0.0,22190.2556,36959.083000000006,904673.4733,963822.8119,11806993.667166682,8098842.050066496,151154745.17156413,171060580.8887973,20.0,30.0,5.0,3.0,2.0,15.0,15.0,42.50530784313725,5.376142062145931,5.264490744558038,-94.10939803921569,-1.1272549838792543,9.01991066673036,105,58
2024,20240829,0.0,0.0,1131686.0803,214689.7912,5538477.3363999985,6884853.207899999,183907237.2977816,54891506.60755895,1081312554.942017,1320111298.8473575,27.0,210.0,11.0,3.0,2.0,15.0,15.0,39.759157959183675,2.629992178192353,4.553491481817836,-85.36045632653061,7.621686728805827,7.507167539562458,106,59
2024,20240830,0.0,0.0,290551.48050000006,15186.1925,2502884.5738999997,2808622.2468999997,60255956.25843398,3669885.8812616775,506644231.9490004,570570074.0886961,9.0,87.0,1.0,3.0,5.0,15.0,15.0,36.675266666666666,-0.45389911432465624,2.4002292677626778,-83.472053125,9.510089930336434,4.139241054893569,107,60
2024,20240831,0.0,0.0,0.0,42046.5827,3036889.8357,3078936.4184000003,0.0,8393866.991791286,606380940.9277576,614774807.9195489,0.0,111.0,2.0,3.0,2.0,15.0,5.0,38.58288849557522,1.453722714583897,1.384300348793585,-81.10648672566371,11.875656329672722,2.494817433039386,108,61
2024,20240901,0.0,0.0,0.0,0.0,536593.616,536593.616,0.0,0.0,100782758.69316262,100782758.69316262,0.0,20.0,0.0,3.0,0.0,15.0,5.0,34.45831052631579,-2.67085525467553,7.046128211207339,-68.20894736842105,24.773195686915386,58.13289659911798,109,62
2024,20240902,0.0,0.0,0.0,0.0,27673.964399999997,27673.964399999997,0.0,0.0,7735545.786512268,7735545.786512268,0.0,15.0,0.0,2.0,0.0,5.0,0.0,40.88522727272727,3.7560614917359487,7.742236612257587,-111.28646363636364,-18.3043205810272,14.72593692274096,110,63
2024,20240903,0.0,0.0,1368.3518,15059.1623,67874.856,84302.3701,493820.05257120216,2767929.6548285377,15075256.806490917,18337006.513890658,1.0,18.0,1.0,2.0,0.0,5.0,0.0,43.151585,6.022419219008675,3.5905427586010026,-108.56185,-15.57970694466357,6.859534687571746,111,64
2024,20240904,0.0,0.0,3027.2857000000004,1740.9111,10306.0404,15074.2372,593724.6952507502,472516.3629884516,1874202.7289827375,2940443.7872219393,1.0,1.0,1.0,2.0,0.0,5.0,5.0,40.5967,3.4675342190086766,2.1859131204144417,-107.79849999999999,-14.816356944663553,2.888344475646904,112,65
2024,20240905,0.0,0.0,11798.4787,9539.6916,23423.440800000004,44761.6111,2273642.672001361,2443278.370414364,4360276.286352635,9077197.32876836,2.0,6.0,1.0,2.0,0.0,5.0,5.0,35.071557142857145,-2.0576086381341767,0.6240173658297848,-105.29831428571428,-12.316171230377847,3.1768154113979046,113,66
2024,20240906,0.0,0.0,300951.6508,27431.621,1163061.0441,1491444.3159,66584800.05734427,4163589.373279804,256154313.71379408,326902703.1444182,9.0,38.0,1.0,2.0,0.0,5.0,5.0,40.37183125,3.242665469008678,1.1760030965287507,-82.97108541666667,10.011057638669769,8.275183551296923,114,67
2024,20240907,0.0,0.0,90985.0322,52099.056800000006,120133.1802,263217.2692,13855370.253116343,10212592.011784026,15644327.733799083,39712289.99869946,4.0,6.0,1.0,2.0,0.0,5.0,5.0,37.448840000000004,0.3196742190086823,7.076172257214898,-96.45508,-3.4729369446635587,15.398587080768165,115,68
2024,20240908,0.0,0.0,242800.45340000003,0.0,503390.2368,746190.6902000001,30069272.70021642,0.0,63080225.96125342,93149498.66146985,3.0,7.0,0.0,1.0,0.0,0.0,0.0,33.8629,-3.2662657809913185,0.5032824654207617,-116.88666,-23.90451694466357,1.0387896837719908,116,69
2024,20240909,0.0,0.0,0.0,108514.1994,142671.0461,251185.2455,0.0,9389903.582945222,13786650.532767048,23176554.11571227,0.0,5.0,4.0,1.0,0.0,0.0,0.0,41.61175555555556,4.482589774564239,4.345316184154814,-85.24616666666667,7.735976388669769,13.350057205776311,117,70
2024,20240911,0.0,0.0,0.0,0.0,19911.2684,19911.2684,0.0,0.0,6692169.66936285,6692169.66936285,0.0,30.0,0.0,2.0,2.0,0.0,0.0,44.942364285714284,7.813198504722962,1.7106353208483884,-112.48027142857143,-19.49812837323499,3.217046705724551,119,72
2024,20240912,0.0,0.0,7006.1456,0.0,14809.5302,21815.675799999997,2346989.50216324,0.0,4819501.0385586275,7166490.540721867,7.0,78.0,0.0,3.0,5.0,5.0,5.0,44.30365,7.174484219008676,3.859446770544539,-103.5766125,-10.59446944466356,5.055529759893282,120,73
2024,20240913,0.0,0.0,20592.555,0.0,191817.7653,212410.3203,4512106.692088848,0.0,41957549.077059485,46469655.769148335,1.0,9.0,0.0,3.0,5.0,15.0,15.0,34.30347,-2.8256957809913246,1.1393220772313088,-86.82518,6.156963055336433,0.7427435519747096,121,74
2024,20240914,0.0,0.0,5064.7333,0.0,24964.1638,30028.8971,2092866.007082202,0.0,6709992.429857882,8802858.436940083,5.0,12.0,0.0,2.0,2.0,5.0,0.0,41.11552666666667,3.986360885675346,4.01544873572532,-100.17332,-7.191176944663567,6.280462191272229,122,75
2024,20240915,0.0,0.0,38270.5239,10594.9094,106819.8238,155685.2571,8865103.949010078,2119485.26549644,22056317.292466514,33040906.506973032,12.0,28.0,1.0,2.0,0.0,5.0,5.0,41.63985897435897,4.510693193367651,3.565183853730991,-105.80243846153847,-12.820295406202035,6.524856681733781,123,76
2024,20240916,0.0,0.0,44362.1382,11067.5017,100045.132,155474.77190000002,11968030.10894245,2210651.050093063,23711881.434936684,37890562.59397219,13.0,34.0,1.0,2.0,0.0,5.0,5.0,42.21440952380952,5.0852437428182,4.175688534303874,-103.29681904761905,-10.314675992282616,9.251630952649302,124,77
2024,20240917,0.0,0.0,5928.854299999999,0.0,415631.10180000006,421559.95610000007,1740749.086262994,0.0,86188357.41344506,87929106.49970806,5.0,97.0,0.0,3.0,5.0,15.0,15.0,40.17645268817204,3.0472869071807196,3.690965338045093,-103.69122365591397,-10.709080600577536,2.118135487126737,125,78
2024,20240918,0.0,0.0,6906.7968,2262.0,50180.21169999999,59349.0085,1622013.5922856794,587664.5510593143,9552179.141045878,11761857.28439087,3.0,20.0,1.0,4.0,2.0,30.0,15.0,39.728575,2.5994092190086775,8.000239760826815,-94.95305,-1.970906944663568,8.426824717701036,126,79
2024,20240919,0.0,0.0,409276.9683,4904.4036,320224.21020000003,734405.5821,115180275.66727036,1432593.6706032678,88313769.76129739,204926639.09917095,30.0,26.0,1.0,3.0,2.0,15.0,15.0,41.921168421052634,4.7920026400613125,5.657095566257536,-92.62597543859648,0.35616761673995256,5.206143917639204,127,80
2024,20240920,0.0,0.0,109339.4171,0.0,325137.09849999996,434476.5155999999,18246055.88586337,0.0,82284138.7174592,100530194.60332257,4.0,41.0,0.0,3.0,5.0,15.0,15.0,40.727417777777774,3.598251996786452,4.467206316861135,-99.03137999999998,-6.049236944663548,6.7841873609485885,128,81
2024,20240921,0.0,0.0,1014488.6391,7834.415599999999,2408284.7491999995,3430607.8038999997,212554870.06904,1775100.270606417,456289172.5824881,670619142.9221345,53.0,89.0,2.0,2.0,0.0,5.0,5.0,39.67243611111111,2.543270330119789,3.6347961696896225,-86.47326597222222,6.508877083114214,9.538733990428849,129,82
2024,20240922,0.0,0.0,153525.30060000002,107079.0684,514751.1115,775355.4805000001,24240975.37832591,25692513.393526472,108905879.73534848,158839368.50720087,3.0,16.0,3.0,3.0,5.0,15.0,15.0,38.68715,1.5579842190086808,2.0730621624268086,-85.69725909090909,7.284883964427351,6.766872063408063,130,83
2024,20240923,0.0,0.0,0.0,0.0,88311.1108,88311.1108,0.0,0.0,20956231.43925985,20956231.43925985,0.0,4.0,0.0,2.0,0.0,5.0,5.0,37.44675,0.3175842190086797,0.02616288720051092,-85.637275,7.344868055336434,0.0889698965942987,131,84
2024,20240924,0.0,0.0,1398064.981,246156.1691,2045289.2607,3689510.4108000007,325573108.80124396,56880241.69754506,452428550.3004469,834881900.7992359,87.0,88.0,7.0,2.0,2.0,5.0,5.0,36.53638021978022,-0.5927855612111017,1.7601726462107257,-88.78145714285715,4.200685912479287,6.559097414807745,132,85
2024,20240925,0.0,0.0,400985.79649999994,180292.8589,440189.20820000005,1021467.8636,70544478.12855396,36547809.96609945,101606913.61064056,208699201.70529395,13.0,61.0,7.0,3.0,2.0,15.0,5.0,42.38293544303798,5.253769662046658,7.947927703448269,-106.2346240506329,-13.252480995296466,15.698144911962638,133,86
2024,20240926,0.0,0.0,12584.7224,327191.4299,51123.8081,390899.9604,3116411.3542109826,62424387.80694494,9598494.58370876,75139293.74486467,1.0,10.0,15.0,2.0,2.0,5.0,5.0,33.12438947368421,-4.004776307307111,2.9173141500159065,-82.07132105263157,10.910822002704862,2.8444459949911236,134,87
2024,20240927,0.0,0.0,0.0,606432.1519,408306.6146,1014738.7665,0.0,117588189.59558272,83266984.62654321,200855174.22212595,0.0,231.0,28.0,4.0,10.0,5.0,0.0,35.41947777777778,-1.709688003213543,2.0312770366188255,-80.02223777777778,12.959905277558661,1.4403437117086286,135,88
2024,20240928,0.0,0.0,0.0,0.0,0.0,0.0,0.0,0.0,0.0,0.0,0.0,1.0,0.0,4.0,10.0,0.0,0.0,37.129165780991315,-7.105427357601002e-15,0.0,-92.98214305533645,-1.4210854715202004e-14,0.0,136,89
2024,20240929,0.0,0.0,0.0,0.0,164395.10859999998,164395.10859999998,0.0,0.0,29930550.325343058,29930550.325343058,0.0,29.0,0.0,1.0,0.0,0.0,0.0,40.907478947368425,3.778313166377103,1.718921878704126,-111.7894,-18.807256944663564,2.0101475777774205,137,90
2024,20240930,0.0,0.0,0.0,0.0,25706.4201,25706.4201,0.0,0.0,4539177.857611188,4539177.857611188,0.0,7.0,0.0,1.0,0.0,0.0,0.0,29.55,-7.579165780991321,0.0,-81.18,11.80214305533643,0.0,138,91
2024,20241003,0.0,0.0,0.0,0.0,0.0,0.0,0.0,0.0,0.0,0.0,0.0,1.0,0.0,1.0,0.0,0.0,0.0,37.129165780991315,-7.105427357601002e-15,0.0,-92.98214305533645,-1.4210854715202004e-14,0.0,141,94
2024,20241005,0.0,0.0,17324.9122,0.0,0.0,17324.9122,5811143.145767648,0.0,0.0,5811143.145767648,3.0,76.0,0.0,1.0,0.0,0.0,0.0,45.776666666666664,8.647500885675342,0.6350065616458863,-88.87666666666667,4.105476388669771,1.961665958651806,143,96
2024,20241006,0.0,0.0,343734.3704,0.0,2489267.0549,2833001.4253,59942045.017496966,0.0,464363156.3712891,524305201.388786,10.0,76.0,0.0,3.0,0.0,5.0,15.0,41.31713953488372,4.1879737538924005,0.9686660524877138,-79.66859302325581,13.313550032080627,1.0261709755248303,144,97
2024,20241007,0.0,0.0,0.0,0.0,0.0,0.0,0.0,0.0,0.0,0.0,0.0,0.0,0.0,0.0,0.0,0.0,0.0,37.129165780991315,-7.105427357601002e-15,0.0,-92.98214305533645,-1.4210854715202004e-14,0.0,145,98
2024,20241008,0.0,0.0,0.0,5935.9781,1696.0929,7632.071,0.0,855127.8110339665,387962.7950342813,1243090.606068248,0.0,1.0,1.0,1.0,0.0,0.0,0.0,31.482,-5.6471657809913225,9.811813695744533,-97.40700000000001,-4.424856944663574,22.06597421370741,146,99
2024,20241009,0.0,0.0,2599.9941,1858852.8946,2392.1863,1863845.0749999995,490270.05370231305,303641642.6319063,732818.9105288658,304864731.5961374,1.0,1.0,56.0,2.0,2.0,5.0,0.0,27.497477586206895,-9.631688194784427,2.619843776582744,-80.99366724137931,11.988475813957123,3.15846349577943,147,100
2024,20241010,0.0,0.0,0.0,0.0,0.0,0.0,0.0,0.0,0.0,0.0,0.0,3.0,0.0,4.0,10.0,5.0,0.0,37.129165780991315,-7.105427357601002e-15,0.0,-92.98214305533645,-1.4210854715202004e-14,0.0,148,101
2024,20241016,0.0,0.0,0.0,0.0,248.7269,248.7269,0.0,0.0,111794.90236920436,111794.90236920436,0.0,3.0,0.0,1.0,0.0,0.0,0.0,40.1731,3.0439342190086762,0.0,-115.4856,-22.50345694466357,0.0,154,107
2024,20241017,0.0,0.0,0.0,0.0,9242.5323,9242.5323,0.0,0.0,1907005.840228672,1907005.840228672,0.0,13.0,0.0,1.0,0.0,0.0,0.0,40.7309,3.6017342190086765,0.00789366834874946,-114.45326666666666,-21.471123611330228,0.6884401523250514,155,108
2024,20241018,0.0,0.0,15655.4417,1497.8694,24025.5262,41178.8373,3151611.441260531,331119.5691441546,4364926.658338829,7847657.668743514,3.0,21.0,1.0,1.0,0.0,0.0,0.0,36.134100000000004,-0.9950657809913181,0.9287803005375738,-109.7384,-16.756256944663562,3.262170097070695,156,109
2024,20241019,0.0,0.0,8763.7828,0.0,2831.66,11595.4428,1899786.878297713,0.0,657086.906624794,2556873.7849225067,3.0,5.0,0.0,2.0,2.0,5.0,5.0,33.699999999999996,-3.429165780991326,0.5981638571495308,-104.5575,-11.575356944663568,0.16007810593582558,157,110
2024,20241020,0.0,0.0,24203.316499999997,0.0,13286.9759,37490.2924,5378646.071726821,0.0,2904763.121277978,8283409.1930048,9.0,9.0,0.0,3.0,5.0,15.0,15.0,36.286153846153844,-0.8430119348374774,1.285784705031255,-103.94384615384615,-10.961703098509716,0.9050648085592059,158,111
2024,20241021,0.0,0.0,42858.57699999999,0.0,4144.1075,47002.68449999999,13236049.903339386,0.0,1239361.4530417342,14475411.35638112,12.0,5.0,0.0,3.0,5.0,5.0,15.0,39.09675,1.9675842190086783,3.0880823491286615,-100.11567142857143,-7.133528373234995,3.0929505189975153,159,112
2024,20241023,0.0,0.0,0.0,0.0,17434.065300000002,17434.065300000002,0.0,0.0,3438252.2441343977,3438252.2441343977,0.0,4.0,0.0,1.0,0.0,0.0,0.0,41.37453333333333,4.24536755234201,0.6088625898618933,-114.4373,-21.455156944663557,2.7688053145716127,161,114
2024,20241024,0.0,0.0,428046.7073,0.0,748341.7189,1176388.4262,116700646.50389676,0.0,174288485.2859192,290989131.78981596,32.0,54.0,0.0,0.0,0.0,0.0,0.0,40.10476190476191,2.975596123770586,1.2923999121746672,-94.77559523809524,-1.7934521827587986,3.7886512052016434,162,115
2024,20241029,0.0,0.0,0.0,0.0,0.0,0.0,0.0,0.0,0.0,0.0,0.0,27.0,0.0,1.0,0.0,0.0,0.0,18.03,-19.09916578099132,0.0,-67.1,25.882143055336442,0.0,167,120
2024,20241030,0.0,0.0,155895.5588,63324.6542,1201270.2421,1420490.4551,40095017.970866576,16536229.068105338,302671672.00417495,359302919.04314685,15.0,109.0,5.0,2.0,0.0,5.0,5.0,38.06952440944882,0.9403586284574956,2.0199207714588363,-95.85784409448819,-2.8757010391517497,2.015886409059479,168,121
2024,20241031,0.0,0.0,0.0,9828.246400000002,108707.6275,118535.8739,0.0,2518238.5559340203,27239192.21459973,29757430.770533748,0.0,12.0,1.0,4.0,10.0,30.0,15.0,35.96996363636364,-1.1592021446276846,6.480537851486205,-92.47385454545454,0.5082885098818934,13.060133253789083,169,122
2024,20241101,0.0,0.0,18894.949900000003,0.0,16821.3908,35716.3407,4110181.3218276114,0.0,3901537.618639946,8011718.940467557,5.0,6.0,0.0,2.0,0.0,5.0,0.0,31.72888888888889,-5.400276892102433,0.3328454763266456,-101.33444444444444,-8.352301389108007,1.57362726774093,170,123
2024,20241102,0.0,0.0,52700.3756,37392.529,28511.2283,118604.1329,13203419.248115225,8545586.152465455,6448114.440181846,28197119.84076253,17.0,7.0,4.0,2.0,0.0,5.0,5.0,33.27412,-3.8550457809913183,1.280180474581611,-102.033428,-9.051284944663564,2.0277358439731064,171,124
2024,20241103,0.0,0.0,99866.7975,300657.051,887266.323,1287790.1715,21080046.37100568,66232633.9111161,203666019.5442794,290978699.8264012,8.0,70.0,19.0,3.0,5.0,15.0,15.0,35.105317977528095,-2.0238478034632266,0.9317029721480441,-97.25038988764045,-4.2682468323040155,1.1789985840307768,172,125
2024,20241104,0.0,0.0,191062.8227,361926.9222,329340.4124,882330.1573000001,34183436.262309656,89543018.81671955,68039608.82549213,191766063.90452135,8.0,37.0,27.0,3.0,5.0,15.0,15.0,35.23193846153846,-1.8972273194528597,1.9139410852237306,-95.27255769230769,-2.2904146369712493,2.2951100648857112,173,126
2024,20241105,0.0,0.0,0.0,42433.1288,0.0,42433.1288,0.0,9826137.402742311,0.0,9826137.402742311,0.0,6.0,4.0,4.0,10.0,30.0,15.0,32.884325,-4.244840780991325,5.2816505547508505,-92.38765000000001,0.5944930553364287,0.15902877098185714,174,127
2024,20241107,0.0,0.0,111737.6987,4564.570999999999,79527.91350000001,195830.18320000003,21148788.5883061,1119091.541051051,15371028.91898217,37638909.04833932,9.0,13.0,1.0,3.0,5.0,0.0,0.0,31.85073888888889,-5.278426892102431,0.6711085781695909,-99.61246666666666,-6.630323611330226,1.0732164723254047,176,129
2024,20241108,0.0,0.0,30470.6687,0.0,29404.9257,59875.5944,5408045.441696538,0.0,5490020.775298955,10898066.216995493,1.0,3.0,0.0,3.0,2.0,15.0,15.0,32.55166666666667,-4.577499114324652,1.2577095743188613,-98.38946666666668,-5.407323611330241,2.8706945959703423,177,130
2024,20241110,0.0,0.0,0.0,64674.09419999999,63409.2726,128083.3668,0.0,15333120.181594096,14685298.910205511,30018419.09179961,0.0,4.0,2.0,1.0,0.0,0.0,0.0,38.05802,0.9288542190086773,11.182375167288923,-80.39544,12.586703055336443,8.070697101737867,179,132
2024,20241111,0.0,0.0,0.0,13573.5462,0.0,13573.5462,0.0,3384515.21188611,0.0,3384515.21188611,0.0,21.0,1.0,1.0,0.0,0.0,0.0,31.8489,-5.280265780991321,19.468063899628024,-95.29865000000001,-2.3165069446635727,40.50993536214295,180,133
2024,20241112,0.0,0.0,0.0,0.0,0.0,0.0,0.0,0.0,0.0,0.0,0.0,3.0,0.0,1.0,0.0,0.0,0.0,37.129165780991315,-7.105427357601002e-15,0.0,-92.98214305533645,-1.4210854715202004e-14,0.0,181,134
2024,20241117,0.0,0.0,5831.509,0.0,2914.0471999999995,8745.556199999999,1587012.084965543,0.0,815815.7538499092,2402827.8388154516,2.0,18.0,0.0,1.0,0.0,0.0,0.0,31.91,-5.219165780991322,0.060827625302982365,-102.36666666666667,-9.384523611330238,0.1527525231651957,179,139
2024,20241118,0.0,0.0,0.0,81477.18569999999,495764.22779999994,577241.4134999999,0.0,20353590.556471955,93351362.73775186,113704953.29422382,0.0,44.0,14.0,3.0,5.0,15.0,0.0,34.01162195121951,-3.1175438297718117,1.6741708379840146,-98.90662926829269,-5.924486212956253,1.4045451415394066,178,140
2024,20241120,0.0,0.0,0.0,25697.8229,1454428.1700000002,1480125.9929000002,0.0,6007754.678778121,309501643.77360755,315509398.45238566,0.0,132.0,1.0,2.0,2.0,5.0,0.0,40.50724042553192,3.3780746445405967,0.3023011812742631,-79.86497234042552,13.117170714910912,0.2882301644460159,176,142
2024,20241121,0.0,0.0,0.0,0.0,0.0,0.0,0.0,0.0,0.0,0.0,0.0,5.0,0.0,1.0,0.0,0.0,0.0,37.129165780991315,-7.105427357601002e-15,0.0,-92.98214305533645,-1.4210854715202004e-14,0.0,175,143
2024,20241122,0.0,0.0,0.0,0.0,0.0,0.0,0.0,0.0,0.0,0.0,0.0,16.0,0.0,1.0,0.0,0.0,0.0,37.129165780991315,-7.105427357601002e-15,0.0,-92.98214305533645,-1.4210854715202004e-14,0.0,174,144
2024,20241123,0.0,0.0,0.0,0.0,0.0,0.0,0.0,0.0,0.0,0.0,0.0,7.0,0.0,1.0,0.0,0.0,0.0,37.129165780991315,-7.105427357601002e-15,0.0,-92.98214305533645,-1.4210854715202004e-14,0.0,173,145
2024,20241128,0.0,0.0,10924.4744,0.0,0.0,10924.4744,2267053.689740798,0.0,0.0,2267053.689740798,1.0,0.0,0.0,2.0,2.0,5.0,5.0,31.23,-5.899165780991321,0.0,-83.48,9.502143055336433,0.0,168,150
2024,20241209,0.0,0.0,0.0,0.0,0.0,0.0,0.0,0.0,0.0,0.0,0.0,22.0,0.0,1.0,0.0,0.0,0.0,37.129165780991315,-7.105427357601002e-15,0.0,-92.98214305533645,-1.4210854715202004e-14,0.0,157,161
2024,20241211,0.0,0.0,0.0,0.0,138236.0162,138236.0162,0.0,0.0,23362147.856438942,23362147.856438942,0.0,33.0,0.0,2.0,2.0,5.0,0.0,35.234725,-1.8944407809913244,3.568392530141082,-78.65735000000001,14.324793055336428,1.975282974664645,155,163
2024,20241214,0.0,0.0,0.0,63205.9293,242307.4872,305513.4165,0.0,12552032.513555083,41148166.925149515,53700199.438704595,0.0,53.0,3.0,1.0,0.0,0.0,0.0,37.52999,0.40082421900867615,0.6728209130221793,-113.43481,-20.452666944663562,14.044595908387285,152,166
2024,20241216,0.0,0.0,76622.36069999999,0.0,0.0,76622.36069999999,13134904.038152484,0.0,0.0,13134904.038152484,2.0,3.0,0.0,2.0,0.0,0.0,5.0,33.04685,-4.082315780991323,0.2590132139486291,-96.91730000000001,-3.935156944663575,0.18002938649009748,150,168
2024,20241217,0.0,0.0,0.0,0.0,13424.3315,13424.3315,0.0,0.0,3105334.334727495,3105334.334727495,0.0,6.0,0.0,1.0,0.0,0.0,0.0,34.8852,-2.2439657809913243,0.0,-95.7833,-2.8011569446635605,0.0,149,169
2024,20241218,0.0,0.0,109057.9425,0.0,57107.8231,166165.7656,21651297.67502556,0.0,12083993.512108937,33735291.1871345,5.0,83.0,0.0,2.0,2.0,5.0,5.0,32.949525,-4.1796407809913205,1.8458943792334688,-83.952275,9.029868055336436,2.1774123434874353,148,170
2024,20241224,0.0,0.0,522955.4502,32093.84109999999,0.0,555049.2913,90056331.22452743,5671843.804512463,0.0,95728175.02903987,16.0,17.0,1.0,1.0,0.0,0.0,0.0,30.725417647058823,-6.403748133932499,0.9766846805874034,-96.8059705882353,-3.8238275328988607,0.7222982519055978,142,176
2024,20241226,0.0,0.0,124651.2556,228922.976,74218.3049,427792.5365000001,22071655.134153485,41339580.16232801,15822108.829975734,79233344.12645723,4.0,14.0,10.0,1.0,0.0,0.0,0.0,31.189414999999997,-5.939750780991325,0.922620658362276,-94.344615,-1.362471944663568,1.459138316474915,140,178
2024,20241227,0.0,0.0,0.0,92813.73389999998,7663.73,100477.46389999996,0.0,20310126.505393952,1903178.2613091865,22213304.76670314,0.0,27.0,8.0,3.0,5.0,15.0,15.0,31.085677777777775,-6.043488003213547,0.6502093062579501,-89.10210000000001,3.8800430553364293,0.8945622840249885,139,179
2024,20241228,0.0,0.0,463978.9811,1190619.9869,1794138.4616,3448737.4296,85730572.78073934,257339164.512687,397554085.9796045,740623823.2730308,21.0,134.0,92.0,2.0,2.0,5.0,5.0,32.09669071729957,-5.032475063691749,1.3618805103568186,-90.52487426160337,2.457268793733064,2.5045448706716322,138,180
2024,20241229,0.0,0.0,0.0,920499.9675,4128069.9429,5048569.9103999995,0.0,180479422.25112864,779438988.6267534,959918410.877882,0.0,215.0,33.0,5.0,15.0,30.0,15.0,33.836508860759494,-3.2926569202318277,1.5332714757642656,-83.60643860759494,9.375704447741498,1.885666940207543,137,181
2024,20241231,0.0,0.0,278097.2852,0.0,835928.7515000001,1114026.0367,46340218.23447188,0.0,143282418.9494491,189622637.18392095,8.0,39.0,0.0,1.0,0.0,0.0,0.0,38.792159999999996,1.6629942190086737,1.0278411455151,-78.7253,14.256843055336432,1.4443211219975554,135,182
2025,20250103,0.0,0.0,0.0,0.0,0.0,0.0,0.0,0.0,0.0,0.0,0.0,0.0,0.0,0.0,0.0,0.0,0.0,37.129165780991315,-7.105427357601002e-15,0.0,-92.98214305533645,-1.4210854715202004e-14,0.0,132,179
2025,20250105,0.0,0.0,0.0,0.0,0.0,0.0,0.0,0.0,0.0,0.0,0.0,0.0,0.0,0.0,0.0,0.0,0.0,37.129165780991315,-7.105427357601002e-15,0.0,-92.98214305533645,-1.4210854715202004e-14,0.0,130,177
2025,20250106,0.0,0.0,0.0,0.0,0.0,0.0,0.0,0.0,0.0,0.0,0.0,0.0,0.0,0.0,0.0,0.0,0.0,37.129165780991315,-7.105427357601002e-15,0.0,-92.98214305533645,-1.4210854715202004e-14,0.0,129,176
2025,20250118,0.0,0.0,0.0,0.0,0.0,0.0,0.0,0.0,0.0,0.0,0.0,0.0,0.0,0.0,0.0,0.0,0.0,37.129165780991315,-7.105427357601002e-15,0.0,-92.98214305533645,-1.4210854715202004e-14,0.0,117,164
2025,20250119,0.0,0.0,0.0,0.0,0.0,0.0,0.0,0.0,0.0,0.0,0.0,0.0,0.0,0.0,0.0,0.0,0.0,37.129165780991315,-7.105427357601002e-15,0.0,-92.98214305533645,-1.4210854715202004e-14,0.0,116,163
2025,20250129,0.0,0.0,0.0,0.0,0.0,0.0,0.0,0.0,0.0,0.0,0.0,0.0,0.0,0.0,0.0,0.0,0.0,37.129165780991315,-7.105427357601002e-15,0.0,-92.98214305533645,-1.4210854715202004e-14,0.0,106,153
2025,20250130,0.0,0.0,0.0,0.0,0.0,0.0,0.0,0.0,0.0,0.0,0.0,0.0,0.0,0.0,0.0,0.0,0.0,37.129165780991315,-7.105427357601002e-15,0.0,-92.98214305533645,-1.4210854715202004e-14,0.0,105,152
2025,20250131,0.0,0.0,0.0,0.0,0.0,0.0,0.0,0.0,0.0,0.0,0.0,0.0,0.0,0.0,0.0,0.0,0.0,37.129165780991315,-7.105427357601002e-15,0.0,-92.98214305533645,-1.4210854715202004e-14,0.0,104,151
2025,20250204,0.0,0.0,0.0,0.0,0.0,0.0,0.0,0.0,0.0,0.0,0.0,0.0,0.0,0.0,0.0,0.0,0.0,37.129165780991315,-7.105427357601002e-15,0.0,-92.98214305533645,-1.4210854715202004e-14,0.0,100,147
2025,20250205,0.0,0.0,0.0,0.0,0.0,0.0,0.0,0.0,0.0,0.0,0.0,0.0,0.0,0.0,0.0,0.0,0.0,37.129165780991315,-7.105427357601002e-15,0.0,-92.98214305533645,-1.4210854715202004e-14,0.0,99,146
2025,20250206,0.0,0.0,0.0,0.0,0.0,0.0,0.0,0.0,0.0,0.0,0.0,0.0,0.0,0.0,0.0,0.0,0.0,37.129165780991315,-7.105427357601002e-15,0.0,-92.98214305533645,-1.4210854715202004e-14,0.0,98,145
2025,20250207,0.0,0.0,0.0,0.0,0.0,0.0,0.0,0.0,0.0,0.0,0.0,0.0,0.0,0.0,0.0,0.0,0.0,37.129165780991315,-7.105427357601002e-15,0.0,-92.98214305533645,-1.4210854715202004e-14,0.0,97,144
2025,20250211,0.0,0.0,0.0,0.0,0.0,0.0,0.0,0.0,0.0,0.0,0.0,0.0,0.0,0.0,0.0,0.0,0.0,37.129165780991315,-7.105427357601002e-15,0.0,-92.98214305533645,-1.4210854715202004e-14,0.0,93,140
2025,20250212,0.0,0.0,0.0,0.0,0.0,0.0,0.0,0.0,0.0,0.0,0.0,0.0,0.0,0.0,0.0,0.0,0.0,37.129165780991315,-7.105427357601002e-15,0.0,-92.98214305533645,-1.4210854715202004e-14,0.0,92,139
2025,20250213,0.0,0.0,0.0,0.0,0.0,0.0,0.0,0.0,0.0,0.0,0.0,0.0,0.0,0.0,0.0,0.0,0.0,37.129165780991315,-7.105427357601002e-15,0.0,-92.98214305533645,-1.4210854715202004e-14,0.0,91,138
2025,20250214,0.0,0.0,0.0,0.0,0.0,0.0,0.0,0.0,0.0,0.0,0.0,0.0,0.0,0.0,0.0,0.0,0.0,37.129165780991315,-7.105427357601002e-15,0.0,-92.98214305533645,-1.4210854715202004e-14,0.0,90,137
2025,20250215,0.0,0.0,0.0,0.0,0.0,0.0,0.0,0.0,0.0,0.0,0.0,0.0,0.0,0.0,0.0,0.0,0.0,37.129165780991315,-7.105427357601002e-15,0.0,-92.98214305533645,-1.4210854715202004e-14,0.0,89,136
2025,20250216,0.0,0.0,0.0,0.0,0.0,0.0,0.0,0.0,0.0,0.0,0.0,0.0,0.0,0.0,0.0,0.0,0.0,37.129165780991315,-7.105427357601002e-15,0.0,-92.98214305533645,-1.4210854715202004e-14,0.0,88,135
2025,20250218,0.0,0.0,0.0,0.0,0.0,0.0,0.0,0.0,0.0,0.0,0.0,0.0,0.0,0.0,0.0,0.0,0.0,37.129165780991315,-7.105427357601002e-15,0.0,-92.98214305533645,-1.4210854715202004e-14,0.0,86,133
2025,20250219,0.0,0.0,0.0,0.0,0.0,0.0,0.0,0.0,0.0,0.0,0.0,0.0,0.0,0.0,0.0,0.0,0.0,37.129165780991315,-7.105427357601002e-15,0.0,-92.98214305533645,-1.4210854715202004e-14,0.0,85,132
2025,20250224,0.0,0.0,0.0,0.0,0.0,0.0,0.0,0.0,0.0,0.0,0.0,0.0,0.0,0.0,0.0,0.0,0.0,37.129165780991315,-7.105427357601002e-15,0.0,-92.98214305533645,-1.4210854715202004e-14,0.0,80,127
2025,20250225,0.0,0.0,0.0,0.0,0.0,0.0,0.0,0.0,0.0,0.0,0.0,0.0,0.0,0.0,0.0,0.0,0.0,37.129165780991315,-7.105427357601002e-15,0.0,-92.98214305533645,-1.4210854715202004e-14,0.0,79,126
2025,20250226,0.0,0.0,0.0,0.0,0.0,0.0,0.0,0.0,0.0,0.0,0.0,0.0,0.0,0.0,0.0,0.0,0.0,37.129165780991315,-7.105427357601002e-15,0.0,-92.98214305533645,-1.4210854715202004e-14,0.0,78,125
2025,20250227,0.0,0.0,0.0,0.0,0.0,0.0,0.0,0.0,0.0,0.0,0.0,0.0,0.0,0.0,0.0,0.0,0.0,37.129165780991315,-7.105427357601002e-15,0.0,-92.98214305533645,-1.4210854715202004e-14,0.0,77,124
2025,20250302,0.0,0.0,0.0,0.0,0.0,0.0,0.0,0.0,0.0,0.0,0.0,0.0,0.0,0.0,0.0,0.0,0.0,37.129165780991315,-7.105427357601002e-15,0.0,-92.98214305533645,-1.4210854715202004e-14,0.0,74,121
2025,20250303,0.0,0.0,0.0,0.0,0.0,0.0,0.0,0.0,0.0,0.0,0.0,0.0,0.0,0.0,0.0,0.0,0.0,37.129165780991315,-7.105427357601002e-15,0.0,-92.98214305533645,-1.4210854715202004e-14,0.0,73,120
2025,20250304,0.0,0.0,0.0,0.0,0.0,0.0,0.0,0.0,0.0,0.0,0.0,0.0,0.0,0.0,0.0,0.0,0.0,37.129165780991315,-7.105427357601002e-15,0.0,-92.98214305533645,-1.4210854715202004e-14,0.0,72,119
2025,20250305,0.0,0.0,0.0,0.0,0.0,0.0,0.0,0.0,0.0,0.0,0.0,0.0,0.0,0.0,0.0,0.0,0.0,37.129165780991315,-7.105427357601002e-15,0.0,-92.98214305533645,-1.4210854715202004e-14,0.0,71,118
2025,20250306,0.0,0.0,0.0,0.0,0.0,0.0,0.0,0.0,0.0,0.0,0.0,0.0,0.0,0.0,0.0,0.0,0.0,37.129165780991315,-7.105427357601002e-15,0.0,-92.98214305533645,-1.4210854715202004e-14,0.0,70,117
2025,20250307,0.0,0.0,0.0,0.0,0.0,0.0,0.0,0.0,0.0,0.0,0.0,0.0,0.0,0.0,0.0,0.0,0.0,37.129165780991315,-7.105427357601002e-15,0.0,-92.98214305533645,-1.4210854715202004e-14,0.0,69,116
2025,20250308,0.0,0.0,0.0,0.0,0.0,0.0,0.0,0.0,0.0,0.0,0.0,0.0,0.0,0.0,0.0,0.0,0.0,37.129165780991315,-7.105427357601002e-15,0.0,-92.98214305533645,-1.4210854715202004e-14,0.0,68,115
2025,20250309,0.0,0.0,0.0,0.0,0.0,0.0,0.0,0.0,0.0,0.0,0.0,0.0,0.0,0.0,0.0,0.0,0.0,37.129165780991315,-7.105427357601002e-15,0.0,-92.98214305533645,-1.4210854715202004e-14,0.0,67,114
2025,20250310,0.0,0.0,0.0,0.0,0.0,0.0,0.0,0.0,0.0,0.0,0.0,0.0,0.0,0.0,0.0,0.0,0.0,37.129165780991315,-7.105427357601002e-15,0.0,-92.98214305533645,-1.4210854715202004e-14,0.0,66,113
2025,20250312,0.0,0.0,0.0,0.0,0.0,0.0,0.0,0.0,0.0,0.0,0.0,0.0,0.0,0.0,0.0,0.0,0.0,37.129165780991315,-7.105427357601002e-15,0.0,-92.98214305533645,-1.4210854715202004e-14,0.0,64,111
2025,20250313,0.0,0.0,0.0,0.0,0.0,0.0,0.0,0.0,0.0,0.0,0.0,0.0,0.0,0.0,0.0,0.0,0.0,37.129165780991315,-7.105427357601002e-15,0.0,-92.98214305533645,-1.4210854715202004e-14,0.0,63,110
2025,20250314,0.0,0.0,0.0,0.0,0.0,0.0,0.0,0.0,0.0,0.0,0.0,0.0,0.0,0.0,0.0,0.0,0.0,37.129165780991315,-7.105427357601002e-15,0.0,-92.98214305533645,-1.4210854715202004e-14,0.0,62,109
2025,20250315,0.0,0.0,0.0,0.0,0.0,0.0,0.0,0.0,0.0,0.0,0.0,0.0,0.0,0.0,0.0,0.0,0.0,37.129165780991315,-7.105427357601002e-15,0.0,-92.98214305533645,-1.4210854715202004e-14,0.0,61,108
2025,20250316,0.0,0.0,0.0,0.0,0.0,0.0,0.0,0.0,0.0,0.0,0.0,0.0,0.0,0.0,0.0,0.0,0.0,37.129165780991315,-7.105427357601002e-15,0.0,-92.98214305533645,-1.4210854715202004e-14,0.0,60,107
2025,20250317,0.0,0.0,0.0,0.0,0.0,0.0,0.0,0.0,0.0,0.0,0.0,0.0,0.0,0.0,0.0,0.0,0.0,37.129165780991315,-7.105427357601002e-15,0.0,-92.98214305533645,-1.4210854715202004e-14,0.0,59,106
2025,20250318,0.0,0.0,0.0,0.0,0.0,0.0,0.0,0.0,0.0,0.0,0.0,0.0,0.0,0.0,0.0,0.0,0.0,37.129165780991315,-7.105427357601002e-15,0.0,-92.98214305533645,-1.4210854715202004e-14,0.0,58,105
2025,20250319,0.0,0.0,0.0,0.0,0.0,0.0,0.0,0.0,0.0,0.0,0.0,0.0,0.0,0.0,0.0,0.0,0.0,37.129165780991315,-7.105427357601002e-15,0.0,-92.98214305533645,-1.4210854715202004e-14,0.0,57,104
2025,20250320,0.0,0.0,0.0,0.0,0.0,0.0,0.0,0.0,0.0,0.0,0.0,0.0,0.0,0.0,0.0,0.0,0.0,37.129165780991315,-7.105427357601002e-15,0.0,-92.98214305533645,-1.4210854715202004e-14,0.0,56,103
2025,20250321,0.0,0.0,0.0,0.0,0.0,0.0,0.0,0.0,0.0,0.0,0.0,0.0,0.0,0.0,0.0,0.0,0.0,37.129165780991315,-7.105427357601002e-15,0.0,-92.98214305533645,-1.4210854715202004e-14,0.0,55,102
2025,20250322,0.0,0.0,0.0,0.0,0.0,0.0,0.0,0.0,0.0,0.0,0.0,0.0,0.0,0.0,0.0,0.0,0.0,37.129165780991315,-7.105427357601002e-15,0.0,-92.98214305533645,-1.4210854715202004e-14,0.0,54,101
2025,20250323,0.0,0.0,0.0,0.0,0.0,0.0,0.0,0.0,0.0,0.0,0.0,0.0,0.0,0.0,0.0,0.0,0.0,37.129165780991315,-7.105427357601002e-15,0.0,-92.98214305533645,-1.4210854715202004e-14,0.0,53,100
2025,20250324,0.0,0.0,0.0,0.0,0.0,0.0,0.0,0.0,0.0,0.0,0.0,0.0,0.0,0.0,0.0,0.0,0.0,37.129165780991315,-7.105427357601002e-15,0.0,-92.98214305533645,-1.4210854715202004e-14,0.0,52,99
2025,20250325,0.0,0.0,0.0,0.0,0.0,0.0,0.0,0.0,0.0,0.0,0.0,0.0,0.0,0.0,0.0,0.0,0.0,37.129165780991315,-7.105427357601002e-15,0.0,-92.98214305533645,-1.4210854715202004e-14,0.0,51,98
2025,20250326,0.0,0.0,0.0,0.0,0.0,0.0,0.0,0.0,0.0,0.0,0.0,0.0,0.0,0.0,0.0,0.0,0.0,37.129165780991315,-7.105427357601002e-15,0.0,-92.98214305533645,-1.4210854715202004e-14,0.0,50,97
2025,20250327,0.0,0.0,0.0,0.0,0.0,0.0,0.0,0.0,0.0,0.0,0.0,0.0,0.0,0.0,0.0,0.0,0.0,37.129165780991315,-7.105427357601002e-15,0.0,-92.98214305533645,-1.4210854715202004e-14,0.0,49,96
2025,20250328,0.0,0.0,0.0,0.0,0.0,0.0,0.0,0.0,0.0,0.0,0.0,0.0,0.0,0.0,0.0,0.0,0.0,37.129165780991315,-7.105427357601002e-15,0.0,-92.98214305533645,-1.4210854715202004e-14,0.0,48,95
2025,20250329,0.0,0.0,0.0,0.0,0.0,0.0,0.0,0.0,0.0,0.0,0.0,0.0,0.0,0.0,0.0,0.0,0.0,37.129165780991315,-7.105427357601002e-15,0.0,-92.98214305533645,-1.4210854715202004e-14,0.0,47,94
2025,20250330,0.0,0.0,0.0,0.0,0.0,0.0,0.0,0.0,0.0,0.0,0.0,0.0,0.0,0.0,0.0,0.0,0.0,37.129165780991315,-7.105427357601002e-15,0.0,-92.98214305533645,-1.4210854715202004e-14,0.0,46,93
2025,20250331,0.0,0.0,0.0,0.0,0.0,0.0,0.0,0.0,0.0,0.0,0.0,0.0,0.0,0.0,0.0,0.0,0.0,37.129165780991315,-7.105427357601002e-15,0.0,-92.98214305533645,-1.4210854715202004e-14,0.0,45,92
2025,20250401,0.0,0.0,0.0,0.0,0.0,0.0,0.0,0.0,0.0,0.0,0.0,0.0,0.0,0.0,0.0,0.0,0.0,37.129165780991315,-7.105427357601002e-15,0.0,-92.98214305533645,-1.4210854715202004e-14,0.0,44,91
2025,20250402,0.0,0.0,0.0,0.0,0.0,0.0,0.0,0.0,0.0,0.0,0.0,0.0,0.0,0.0,0.0,0.0,0.0,37.129165780991315,-7.105427357601002e-15,0.0,-92.98214305533645,-1.4210854715202004e-14,0.0,43,90
2025,20250403,0.0,0.0,0.0,0.0,0.0,0.0,0.0,0.0,0.0,0.0,0.0,0.0,0.0,0.0,0.0,0.0,0.0,37.129165780991315,-7.105427357601002e-15,0.0,-92.98214305533645,-1.4210854715202004e-14,0.0,42,89
2025,20250404,0.0,0.0,0.0,0.0,0.0,0.0,0.0,0.0,0.0,0.0,0.0,0.0,0.0,0.0,0.0,0.0,0.0,37.129165780991315,-7.105427357601002e-15,0.0,-92.98214305533645,-1.4210854715202004e-14,0.0,41,88
2025,20250405,0.0,0.0,0.0,0.0,0.0,0.0,0.0,0.0,0.0,0.0,0.0,0.0,0.0,0.0,0.0,0.0,0.0,37.129165780991315,-7.105427357601002e-15,0.0,-92.98214305533645,-1.4210854715202004e-14,0.0,40,87
2025,20250406,0.0,0.0,0.0,0.0,0.0,0.0,0.0,0.0,0.0,0.0,0.0,0.0,0.0,0.0,0.0,0.0,0.0,37.129165780991315,-7.105427357601002e-15,0.0,-92.98214305533645,-1.4210854715202004e-14,0.0,39,86
2025,20250407,0.0,0.0,0.0,0.0,0.0,0.0,0.0,0.0,0.0,0.0,0.0,0.0,0.0,0.0,0.0,0.0,0.0,37.129165780991315,-7.105427357601002e-15,0.0,-92.98214305533645,-1.4210854715202004e-14,0.0,38,85
2025,20250408,0.0,0.0,0.0,0.0,0.0,0.0,0.0,0.0,0.0,0.0,0.0,0.0,0.0,0.0,0.0,0.0,0.0,37.129165780991315,-7.105427357601002e-15,0.0,-92.98214305533645,-1.4210854715202004e-14,0.0,37,84
2025,20250410,0.0,0.0,0.0,0.0,0.0,0.0,0.0,0.0,0.0,0.0,0.0,0.0,0.0,0.0,0.0,0.0,0.0,37.129165780991315,-7.105427357601002e-15,0.0,-92.98214305533645,-1.4210854715202004e-14,0.0,35,82
2025,20250411,0.0,0.0,0.0,0.0,0.0,0.0,0.0,0.0,0.0,0.0,0.0,0.0,0.0,0.0,0.0,0.0,0.0,37.129165780991315,-7.105427357601002e-15,0.0,-92.98214305533645,-1.4210854715202004e-14,0.0,34,81
2025,20250413,0.0,0.0,0.0,0.0,0.0,0.0,0.0,0.0,0.0,0.0,0.0,0.0,0.0,0.0,0.0,0.0,0.0,37.129165780991315,-7.105427357601002e-15,0.0,-92.98214305533645,-1.4210854715202004e-14,0.0,32,79
2025,20250414,0.0,0.0,0.0,0.0,0.0,0.0,0.0,0.0,0.0,0.0,0.0,0.0,0.0,0.0,0.0,0.0,0.0,37.129165780991315,-7.105427357601002e-15,0.0,-92.98214305533645,-1.4210854715202004e-14,0.0,31,78
2025,20250415,0.0,0.0,0.0,0.0,0.0,0.0,0.0,0.0,0.0,0.0,0.0,0.0,0.0,0.0,0.0,0.0,0.0,37.129165780991315,-7.105427357601002e-15,0.0,-92.98214305533645,-1.4210854715202004e-14,0.0,30,77
2025,20250416,0.0,0.0,0.0,0.0,0.0,0.0,0.0,0.0,0.0,0.0,0.0,0.0,0.0,0.0,0.0,0.0,0.0,37.129165780991315,-7.105427357601002e-15,0.0,-92.98214305533645,-1.4210854715202004e-14,0.0,29,76
2025,20250417,0.0,0.0,0.0,0.0,0.0,0.0,0.0,0.0,0.0,0.0,0.0,0.0,0.0,0.0,0.0,0.0,0.0,37.129165780991315,-7.105427357601002e-15,0.0,-92.98214305533645,-1.4210854715202004e-14,0.0,28,75
2025,20250418,0.0,0.0,0.0,0.0,0.0,0.0,0.0,0.0,0.0,0.0,0.0,0.0,0.0,0.0,0.0,0.0,0.0,37.129165780991315,-7.105427357601002e-15,0.0,-92.98214305533645,-1.4210854715202004e-14,0.0,27,74
2025,20250419,0.0,0.0,0.0,0.0,0.0,0.0,0.0,0.0,0.0,0.0,0.0,0.0,0.0,0.0,0.0,0.0,0.0,37.129165780991315,-7.105427357601002e-15,0.0,-92.98214305533645,-1.4210854715202004e-14,0.0,26,73
2025,20250420,0.0,0.0,0.0,0.0,0.0,0.0,0.0,0.0,0.0,0.0,0.0,0.0,0.0,0.0,0.0,0.0,0.0,37.129165780991315,-7.105427357601002e-15,0.0,-92.98214305533645,-1.4210854715202004e-14,0.0,25,72
2025,20250421,0.0,0.0,0.0,0.0,0.0,0.0,0.0,0.0,0.0,0.0,0.0,0.0,0.0,0.0,0.0,0.0,0.0,37.129165780991315,-7.105427357601002e-15,0.0,-92.98214305533645,-1.4210854715202004e-14,0.0,24,71
2025,20250422,0.0,0.0,0.0,0.0,0.0,0.0,0.0,0.0,0.0,0.0,0.0,0.0,0.0,0.0,0.0,0.0,0.0,37.129165780991315,-7.105427357601002e-15,0.0,-92.98214305533645,-1.4210854715202004e-14,0.0,23,70
2025,20250423,0.0,0.0,0.0,0.0,0.0,0.0,0.0,0.0,0.0,0.0,0.0,0.0,0.0,0.0,0.0,0.0,0.0,37.129165780991315,-7.105427357601002e-15,0.0,-92.98214305533645,-1.4210854715202004e-14,0.0,22,69
2025,20250424,0.0,0.0,0.0,0.0,0.0,0.0,0.0,0.0,0.0,0.0,0.0,0.0,0.0,0.0,0.0,0.0,0.0,37.129165780991315,-7.105427357601002e-15,0.0,-92.98214305533645,-1.4210854715202004e-14,0.0,21,68
2025,20250425,0.0,0.0,0.0,0.0,0.0,0.0,0.0,0.0,0.0,0.0,0.0,0.0,0.0,0.0,0.0,0.0,0.0,37.129165780991315,-7.105427357601002e-15,0.0,-92.98214305533645,-1.4210854715202004e-14,0.0,20,67
2025,20250426,0.0,0.0,0.0,0.0,0.0,0.0,0.0,0.0,0.0,0.0,0.0,0.0,0.0,0.0,0.0,0.0,0.0,37.129165780991315,-7.105427357601002e-15,0.0,-92.98214305533645,-1.4210854715202004e-14,0.0,19,66
2025,20250427,0.0,0.0,0.0,0.0,0.0,0.0,0.0,0.0,0.0,0.0,0.0,0.0,0.0,0.0,0.0,0.0,0.0,37.129165780991315,-7.105427357601002e-15,0.0,-92.98214305533645,-1.4210854715202004e-14,0.0,18,65
2025,20250428,0.0,0.0,0.0,0.0,0.0,0.0,0.0,0.0,0.0,0.0,0.0,0.0,0.0,0.0,0.0,0.0,0.0,37.129165780991315,-7.105427357601002e-15,0.0,-92.98214305533645,-1.4210854715202004e-14,0.0,17,64
2025,20250429,0.0,0.0,0.0,0.0,0.0,0.0,0.0,0.0,0.0,0.0,0.0,0.0,0.0,0.0,0.0,0.0,0.0,37.129165780991315,-7.105427357601002e-15,0.0,-92.98214305533645,-1.4210854715202004e-14,0.0,16,63
2025,20250430,0.0,0.0,0.0,0.0,0.0,0.0,0.0,0.0,0.0,0.0,0.0,0.0,0.0,0.0,0.0,0.0,0.0,37.129165780991315,-7.105427357601002e-15,0.0,-92.98214305533645,-1.4210854715202004e-14,0.0,15,62
2025,20250501,0.0,0.0,0.0,0.0,0.0,0.0,0.0,0.0,0.0,0.0,0.0,0.0,0.0,0.0,0.0,0.0,0.0,37.129165780991315,-7.105427357601002e-15,0.0,-92.98214305533645,-1.4210854715202004e-14,0.0,14,61
2025,20250502,0.0,0.0,0.0,0.0,0.0,0.0,0.0,0.0,0.0,0.0,0.0,0.0,0.0,0.0,0.0,0.0,0.0,37.129165780991315,-7.105427357601002e-15,0.0,-92.98214305533645,-1.4210854715202004e-14,0.0,13,60
2025,20250503,0.0,0.0,0.0,0.0,0.0,0.0,0.0,0.0,0.0,0.0,0.0,0.0,0.0,0.0,0.0,0.0,0.0,37.129165780991315,-7.105427357601002e-15,0.0,-92.98214305533645,-1.4210854715202004e-14,0.0,12,59
2025,20250504,0.0,0.0,0.0,0.0,0.0,0.0,0.0,0.0,0.0,0.0,0.0,0.0,0.0,0.0,0.0,0.0,0.0,37.129165780991315,-7.105427357601002e-15,0.0,-92.98214305533645,-1.4210854715202004e-14,0.0,11,58
2025,20250505,0.0,0.0,0.0,0.0,0.0,0.0,0.0,0.0,0.0,0.0,0.0,0.0,0.0,0.0,0.0,0.0,0.0,37.129165780991315,-7.105427357601002e-15,0.0,-92.98214305533645,-1.4210854715202004e-14,0.0,10,57
2025,20250506,0.0,0.0,0.0,0.0,0.0,0.0,0.0,0.0,0.0,0.0,0.0,0.0,0.0,0.0,0.0,0.0,0.0,37.129165780991315,-7.105427357601002e-15,0.0,-92.98214305533645,-1.4210854715202004e-14,0.0,9,56
2025,20250507,0.0,0.0,0.0,0.0,0.0,0.0,0.0,0.0,0.0,0.0,0.0,0.0,0.0,0.0,0.0,0.0,0.0,37.129165780991315,-7.105427357601002e-15,0.0,-92.98214305533645,-1.4210854715202004e-14,0.0,8,55
2025,20250508,0.0,0.0,0.0,0.0,0.0,0.0,0.0,0.0,0.0,0.0,0.0,0.0,0.0,0.0,0.0,0.0,0.0,37.129165780991315,-7.105427357601002e-15,0.0,-92.98214305533645,-1.4210854715202004e-14,0.0,7,54
2025,20250509,0.0,0.0,0.0,0.0,0.0,0.0,0.0,0.0,0.0,0.0,0.0,0.0,0.0,0.0,0.0,0.0,0.0,37.129165780991315,-7.105427357601002e-15,0.0,-92.98214305533645,-1.4210854715202004e-14,0.0,6,53
2025,20250510,0.0,0.0,0.0,0.0,0.0,0.0,0.0,0.0,0.0,0.0,0.0,0.0,0.0,0.0,0.0,0.0,0.0,37.129165780991315,-7.105427357601002e-15,0.0,-92.98214305533645,-1.4210854715202004e-14,0.0,5,52
2025,20250511,0.0,0.0,0.0,0.0,0.0,0.0,0.0,0.0,0.0,0.0,0.0,0.0,0.0,0.0,0.0,0.0,0.0,37.129165780991315,-7.105427357601002e-15,0.0,-92.98214305533645,-1.4210854715202004e-14,0.0,4,51
2025,20250512,0.0,0.0,0.0,0.0,0.0,0.0,0.0,0.0,0.0,0.0,0.0,0.0,0.0,0.0,0.0,0.0,0.0,37.129165780991315,-7.105427357601002e-15,0.0,-92.98214305533645,-1.4210854715202004e-14,0.0,3,50
2025,20250513,0.0,0.0,0.0,0.0,0.0,0.0,0.0,0.0,0.0,0.0,0.0,0.0,0.0,0.0,0.0,0.0,0.0,37.129165780991315,-7.105427357601002e-15,0.0,-92.98214305533645,-1.4210854715202004e-14,0.0,2,49
2025,20250514,0.0,0.0,0.0,0.0,0.0,0.0,0.0,0.0,0.0,0.0,0.0,0.0,0.0,0.0,0.0,0.0,0.0,37.129165780991315,-7.105427357601002e-15,0.0,-92.98214305533645,-1.4210854715202004e-14,0.0,1,48
2025,20250515,0.0,0.0,0.0,0.0,0.0,0.0,0.0,0.0,0.0,0.0,0.0,0.0,0.0,0.0,0.0,0.0,0.0,37.129165780991315,-7.105427357601002e-15,0.0,-92.98214305533645,-1.4210854715202004e-14,0.0,0,47
2025,20250516,0.0,0.0,0.0,0.0,0.0,0.0,0.0,0.0,0.0,0.0,0.0,0.0,0.0,0.0,0.0,0.0,0.0,37.129165780991315,-7.105427357601002e-15,0.0,-92.98214305533645,-1.4210854715202004e-14,0.0,1,46
2025,20250517,0.0,0.0,0.0,0.0,0.0,0.0,0.0,0.0,0.0,0.0,0.0,0.0,0.0,0.0,0.0,0.0,0.0,37.129165780991315,-7.105427357601002e-15,0.0,-92.98214305533645,-1.4210854715202004e-14,0.0,2,45
2025,20250518,0.0,0.0,0.0,0.0,0.0,0.0,0.0,0.0,0.0,0.0,0.0,0.0,0.0,0.0,0.0,0.0,0.0,37.129165780991315,-7.105427357601002e-15,0.0,-92.98214305533645,-1.4210854715202004e-14,0.0,3,44
2025,20250519,0.0,0.0,0.0,0.0,0.0,0.0,0.0,0.0,0.0,0.0,0.0,0.0,0.0,0.0,0.0,0.0,0.0,37.129165780991315,-7.105427357601002e-15,0.0,-92.98214305533645,-1.4210854715202004e-14,0.0,4,43
2025,20250520,0.0,0.0,0.0,0.0,0.0,0.0,0.0,0.0,0.0,0.0,0.0,0.0,0.0,0.0,0.0,0.0,0.0,37.129165780991315,-7.105427357601002e-15,0.0,-92.98214305533645,-1.4210854715202004e-14,0.0,5,42
2025,20250521,0.0,0.0,0.0,0.0,0.0,0.0,0.0,0.0,0.0,0.0,0.0,0.0,0.0,0.0,0.0,0.0,0.0,37.129165780991315,-7.105427357601002e-15,0.0,-92.98214305533645,-1.4210854715202004e-14,0.0,6,41
2025,20250522,0.0,0.0,0.0,0.0,0.0,0.0,0.0,0.0,0.0,0.0,0.0,0.0,0.0,0.0,0.0,0.0,0.0,37.129165780991315,-7.105427357601002e-15,0.0,-92.98214305533645,-1.4210854715202004e-14,0.0,7,40
2025,20250523,0.0,0.0,0.0,0.0,0.0,0.0,0.0,0.0,0.0,0.0,0.0,0.0,0.0,0.0,0.0,0.0,0.0,37.129165780991315,-7.105427357601002e-15,0.0,-92.98214305533645,-1.4210854715202004e-14,0.0,8,39
2025,20250524,0.0,0.0,0.0,0.0,0.0,0.0,0.0,0.0,0.0,0.0,0.0,0.0,0.0,0.0,0.0,0.0,0.0,37.129165780991315,-7.105427357601002e-15,0.0,-92.98214305533645,-1.4210854715202004e-14,0.0,9,38
2025,20250525,0.0,0.0,0.0,0.0,0.0,0.0,0.0,0.0,0.0,0.0,0.0,0.0,0.0,0.0,0.0,0.0,0.0,37.129165780991315,-7.105427357601002e-15,0.0,-92.98214305533645,-1.4210854715202004e-14,0.0,10,37
2025,20250526,0.0,0.0,0.0,0.0,0.0,0.0,0.0,0.0,0.0,0.0,0.0,0.0,0.0,0.0,0.0,0.0,0.0,37.129165780991315,-7.105427357601002e-15,0.0,-92.98214305533645,-1.4210854715202004e-14,0.0,11,36
2025,20250527,0.0,0.0,0.0,0.0,0.0,0.0,0.0,0.0,0.0,0.0,0.0,0.0,0.0,0.0,0.0,0.0,0.0,37.129165780991315,-7.105427357601002e-15,0.0,-92.98214305533645,-1.4210854715202004e-14,0.0,12,35
2025,20250528,0.0,0.0,0.0,0.0,0.0,0.0,0.0,0.0,0.0,0.0,0.0,0.0,0.0,0.0,0.0,0.0,0.0,37.129165780991315,-7.105427357601002e-15,0.0,-92.98214305533645,-1.4210854715202004e-14,0.0,13,34
2025,20250529,0.0,0.0,0.0,0.0,0.0,0.0,0.0,0.0,0.0,0.0,0.0,0.0,0.0,0.0,0.0,0.0,0.0,37.129165780991315,-7.105427357601002e-15,0.0,-92.98214305533645,-1.4210854715202004e-14,0.0,14,33
2025,20250530,0.0,0.0,0.0,0.0,0.0,0.0,0.0,0.0,0.0,0.0,0.0,0.0,0.0,0.0,0.0,0.0,0.0,37.129165780991315,-7.105427357601002e-15,0.0,-92.98214305533645,-1.4210854715202004e-14,0.0,15,32
2025,20250531,0.0,0.0,0.0,0.0,0.0,0.0,0.0,0.0,0.0,0.0,0.0,0.0,0.0,0.0,0.0,0.0,0.0,37.129165780991315,-7.105427357601002e-15,0.0,-92.98214305533645,-1.4210854715202004e-14,0.0,16,31
