0.0,0.0,0.0,0.0,0.0,0.0,0.0,0.0,0.0,0.0,0.0,0.0,0.0,0.0,0.0,0.0,0.0,0.0,0.0,0.0,0.0,0.0,0.0,0.0,0.0,0.0,0.0,0.0,0.0,0.0,0.0,0.0,0.0,0.0,0.0,0.0,0.0,0.0,0.0,0.0,0.0,0.0,0.0,0.0,0.0,0.0,0.0,0.0,0.0,0.0,0.0,0.0,0.0,0.0,0.0,0.0,0.0,0.0,0.0,0.0,0.0,0.0,0.0,0.0,0.0,0.0,0.0,0.0,0.0,0.0,0.0,0.0,0.0,0.0,0.0,0.0,0.0,0.0,0.0,0.0,0.0,0.0,0.0,0.0,0.0,0.0,0.0,0.0,0.0,0.0,0.0,0.0,0.0,0.0,0.0,0.0,0.0,0.0,0.0,0.0,0.0,0.0,0.0,0.0,0.0,0.0,0.0,0.0,0.0,0.0,0.0,0.0,0.0,0.0,0.0,0.0,0.0,0.0,0.0,0.0,0.0,0.0,0.0,0.0,0.0,0.0,0.0,0.0,0.0,0.0,0.0,0.0,0.0,0.0,0.0,0.0,0.0,0.0,0.0,0.0,0.0,0.0,0.0,0.0,0.0,0.0,0.0,0.0,0.0,0.0,0.0,0.0,0.0,0.0,0.0,0.0,0.0,0.0,0.0,0.0,0.0,0.0,0.0,0.0,0.0,0.0,0.0,0.0,0.0,0.0,0.0,0.0,0.0,0.0,0.0,0.0,0.0,0.0,0.0,0.0,0.0,0.0,0.0,0.0,0.0,0.0,0.0,0.0,0.0,0.0,0.0,0.0,0.0,0.0,0.0,0.0,0.0,0.0,0.0,0.0,0.0,0.0,0.0,0.0,0.0,0.0,0.0,0.0,0.0,0.0,0.0,0.0,0.0,0.0,0.0,0.0,0.0,0.0,0.0,0.0,0.0,0.0,0.0,0.0,0.0,0.0,0.0,0.0,0.0,0.0,0.0,0.0,0.0,0.0,0.0,0.0,0.0,0.0,0.0,0.0,0.0,0.0,0.0,0.0,0.0,0.0,0.0,0.0,0.0,0.0,0.0,0.0,0.0,0.0,0.0,0.0,0.0
0.0,0.0,0.0,0.0,0.0,0.0,0.0,0.0,0.0,0.0,0.0,0.0,0.0,0.0,0.0,0.0,0.0,0.0,0.0,0.0,0.0,0.0,0.0,0.0,0.0,0.0,0.0,0.0,0.0,0.0,0.0,0.0,0.0,0.0,0.0,0.0,0.0,0.0,0.0,0.0,0.0,0.0,0.0,0.0,0.0,0.0,0.0,0.0,0.0,0.0,0.0,0.0,0.0,0.0,0.0,0.0,0.0,0.0,0.0,0.0,0.0,0.0,0.0,0.0,0.0,0.0,0.0,0.0,0.0,0.0,0.0,0.0,0.0,0.0,0.0,0.0,0.0,0.0,0.0,0.0,0.0,0.0,0.0,0.0,0.0,0.0,0.0,0.0,0.0,0.0,0.0,0.0,0.0,0.0,0.0,0.0,0.0,0.0,0.0,0.0,0.0,0.0,0.0,0.0,0.0,0.0,0.0,0.0,0.0,0.0,0.0,0.0,0.0,0.0,0.0,0.0,0.0,0.0,0.0,0.0,0.0,0.0,0.0,0.0,0.0,0.0,0.0,0.0,0.0,0.0,0.0,0.0,0.0,0.0,0.0,0.0,0.0,0.0,0.0,0.0,0.0,0.0,0.0,0.0,0.0,0.0,0.0,0.0,0.0,0.0,0.0,0.0,0.0,0.0,0.0,0.0,0.0,0.0,0.0,0.0,0.0,0.0,0.0,0.0,0.0,0.0,0.0,0.0,0.0,0.0,0.0,0.0,0.0,0.0,0.0,0.0,0.0,0.0,0.0,0.0,0.0,0.0,0.0,0.0,0.0,0.0,0.0,0.0,0.0,0.0,0.0,0.0,0.0,0.0,0.0,0.0,0.0,0.0,0.0,0.0,0.0,0.0,0.0,0.0,0.0,0.0,0.0,0.0,0.0,0.0,0.0,0.0,0.0,0.0,0.0,0.0,0.0,0.0,0.0,0.0,0.0,0.0,0.0,0.0,0.0,0.0,0.0,0.0,0.0,0.0,0.0,0.0,0.0,0.0,0.0,0.0,0.0,0.0,0.0,0.0,0.0,0.0,0.0,0.0,0.0,0.0,0.0,0.0,0.0,0.0,0.0,0.0,0.0,0.0,0.0,0.0,0.0
0.0,0.0,0.0,0.0,0.0,0.0,0.0,0.0,0.0,0.0,0.0,0.0,0.0,0.0,0.0,0.0,0.0,0.0,0.0,0.0,0.0,0.0,0.0,0.0,0.0,0.0,0.0,0.0,0.0,0.0,0.0,0.0,0.0,0.0,0.0,0.0,0.0,0.0,0.0,0.0,0.0,0.0,0.0,0.0,0.0,0.0,0.0,0.0,0.0,0.0,0.0,0.0,0.0,0.0,0.0,0.0,0.0,0.0,0.0,0.0,0.0,0.0,0.0,0.0,0.0,0.0,0.0,0.0,0.0,0.0,0.0,0.0,0.0,0.0,0.0,0.0,0.0,0.0,0.0,0.0,0.0,0.0,0.0,0.0,0.0,0.0,0.0,0.0,0.0,0.0,0.0,0.0,0.0,0.0,0.0,0.0,0.0,0.0,0.0,0.0,0.0,0.0,0.0,0.0,0.0,0.0,0.0,0.0,0.0,0.0,0.0,0.0,0.0,0.0,0.0,0.0,0.0,0.0,0.0,0.0,0.0,0.0,0.0,0.0,0.0,0.0,0.0,0.0,0.0,0.0,0.0,0.0,0.0,0.0,0.0,0.0,0.0,0.0,0.0,0.0,0.0,0.0,0.0,0.0,0.0,0.0,0.0,0.0,0.0,0.0,0.0,0.0,0.0,0.0,0.0,0.0,0.0,0.0,0.0,0.0,0.0,0.0,0.0,0.0,0.0,0.0,0.0,0.0,0.0,0.0,0.0,0.0,0.0,0.0,0.0,0.0,0.0,0.0,0.0,0.0,0.0,0.0,0.0,0.0,0.0,0.0,0.0,0.0,0.0,0.0,0.0,0.0,0.0,0.0,0.0,0.0,0.0,0.0,0.0,0.0,0.0,0.0,0.0,0.0,0.0,0.0,0.0,0.0,0.0,0.0,0.0,0.0,0.0,0.0,0.0,0.0,0.0,0.0,0.0,0.0,0.0,0.0,0.0,0.0,0.0,0.0,0.0,0.0,0.0,0.0,0.0,0.0,0.0,0.0,0.0,0.0,0.0,0.0,0.0,0.0,0.0,0.0,0.0,0.0,0.0,0.0,0.0,0.0,0.0,0.0,0.0,0.0,0.0,0.0,0.0,0.0,0.0
0.0,0.0,0.0,0.0,0.0,0.0,0.0,0.0,0.0,0.0,0.0,0.0,0.0,0.0,0.0,0.0,0.0,0.0,0.0,0.0,0.0,0.0,0.0,0.0,0.0,0.0,0.0,0.0,0.0,0.0,0.0,0.0,0.0,0.0,0.0,0.0,0.0,0.0,0.0,0.0,0.0,0.0,0.0,0.0,0.0,0.0,0.0,0.0,0.0,0.0,0.0,0.0,0.0,0.0,0.0,0.0,0.0,0.0,0.0,0.0,0.0,0.0,0.0,0.0,0.0,0.0,0.0,0.0,0.0,0.0,0.0,0.0,0.0,0.0,0.0,0.0,0.0,0.0,0.0,0.0,0.0,0.0,0.0,0.0,0.0,0.0,0.0,0.0,0.0,0.0,0.0,0.0,0.0,0.0,0.0,0.0,0.0,0.0,0.0,0.0,0.0,0.0,0.0,0.0,0.0,0.0,0.0,0.0,0.0,0.0,0.0,0.0,0.0,0.0,0.0,0.0,0.0,0.0,0.0,0.0,0.0,0.0,0.0,0.0,0.0,0.0,0.0,0.0,0.0,0.0,0.0,0.0,0.0,0.0,0.0,0.0,0.0,0.0,0.0,0.0,0.0,0.0,0.0,0.0,0.0,0.0,0.0,0.0,0.0,0.0,0.0,0.0,0.0,0.0,0.0,0.0,0.0,0.0,0.0,0.0,0.0,0.0,0.0,0.0,0.0,0.0,0.0,0.0,0.0,0.0,0.0,0.0,0.0,0.0,0.0,0.0,0.0,0.0,0.0,0.0,0.0,0.0,0.0,0.0,0.0,0.0,0.0,0.0,0.0,0.0,0.0,0.0,0.0,0.0,0.0,0.0,0.0,0.0,0.0,0.0,0.0,0.0,0.0,0.0,0.0,0.0,0.0,0.0,0.0,0.0,0.0,0.0,0.0,0.0,0.0,0.0,0.0,0.0,0.0,0.0,0.0,0.0,0.0,0.0,0.0,0.0,0.0,0.0,0.0,0.0,0.0,0.0,0.0,0.0,0.0,0.0,0.0,0.0,0.0,0.0,0.0,0.0,0.0,0.0,0.0,0.0,0.0,0.0,0.0,0.0,0.0,0.0,0.0,0.0,0.0,0.0,0.0
0.0,0.0,0.0,0.0,0.0,0.0,0.0,0.0,0.0,0.0,0.0,0.0,0.0,0.0,0.0,0.0,0.0,0.0,0.0,0.0,0.0,0.0,0.0,0.0,0.0,0.0,0.0,0.0,0.0,0.0,0.0,0.0,0.0,0.0,0.0,0.0,0.0,0.0,0.0,0.0,0.0,0.0,0.0,0.0,0.0,0.0,0.0,0.0,0.0,0.0,0.0,0.0,0.0,0.0,0.0,0.0,0.0,0.0,0.0,0.0,0.0,0.0,0.0,0.0,0.0,0.0,0.0,0.0,0.0,0.0,0.0,0.0,0.0,0.0,0.0,0.0,0.0,0.0,0.0,0.0,0.0,0.0,0.0,0.0,0.0,0.0,0.0,0.0,0.0,0.0,0.0,0.0,0.0,0.0,0.0,0.0,0.0,0.0,0.0,0.0,0.0,0.0,0.0,0.0,0.0,0.0,0.0,0.0,0.0,0.0,0.0,0.0,0.0,0.0,0.0,0.0,0.0,0.0,0.0,0.0,0.0,0.0,0.0,0.0,0.0,0.0,0.0,0.0,0.0,0.0,0.0,0.0,0.0,0.0,0.0,0.0,0.0,0.0,0.0,0.0,0.0,0.0,0.0,0.0,0.0,0.0,0.0,0.0,0.0,0.0,0.0,0.0,0.0,0.0,0.0,0.0,0.0,0.0,0.0,0.0,0.0,0.0,0.0,0.0,0.0,0.0,0.0,0.0,0.0,0.0,0.0,0.0,0.0,0.0,0.0,0.0,0.0,0.0,0.0,0.0,0.0,0.0,0.0,0.0,0.0,0.0,0.0,0.0,0.0,0.0,0.0,0.0,0.0,0.0,0.0,0.0,0.0,0.0,0.0,0.0,0.0,0.0,0.0,0.0,0.0,0.0,0.0,0.0,0.0,0.0,0.0,0.0,0.0,0.0,0.0,0.0,0.0,0.0,0.0,0.0,0.0,0.0,0.0,0.0,0.0,0.0,0.0,0.0,0.0,0.0,0.0,0.0,0.0,0.0,0.0,0.0,0.0,0.0,0.0,0.0,0.0,0.0,0.0,0.0,0.0,0.0,0.0,0.0,0.0,0.0,0.0,0.0,0.0,0.0,0.0,0.0,0.0
0.0,0.0,0.0,0.0,0.0,0.0,0.0,0.0,0.0,0.0,0.0,0.0,0.0,0.0,0.0,0.0,0.0,0.0,0.0,0.0,0.0,0.0,0.0,0.0,0.0,0.0,0.0,0.0,0.0,0.0,0.0,0.0,0.0,0.0,0.0,0.0,0.0,0.0,0.0,0.0,0.0,0.0,0.0,0.0,0.0,0.0,0.0,0.0,0.0,0.0,0.0,0.0,0.0,0.0,0.0,0.0,0.0,0.0,0.0,0.0,0.0,0.0,0.0,0.0,0.0,0.0,0.0,0.0,0.0,0.0,0.0,0.0,0.0,0.0,0.0,0.0,0.0,0.0,0.0,0.0,0.0,0.0,0.0,0.0,0.0,0.0,0.0,0.0,0.0,0.0,0.0,0.0,0.0,0.0,0.0,0.0,0.0,0.0,0.0,0.0,0.0,0.0,0.0,0.0,0.0,0.0,0.0,0.0,0.0,0.0,0.0,0.0,0.0,0.0,0.0,0.0,0.0,0.0,0.0,0.0,0.0,0.0,0.0,0.0,0.0,0.0,0.0,0.0,0.0,0.0,0.0,0.0,0.0,0.0,0.0,0.0,0.0,0.0,0.0,0.0,0.0,0.0,0.0,0.0,0.0,0.0,0.0,0.0,0.0,0.0,0.0,0.0,0.0,0.0,0.0,0.0,0.0,0.0,0.0,0.0,0.0,0.0,0.0,0.0,0.0,0.0,0.0,0.0,0.0,0.0,0.0,0.0,0.0,0.0,0.0,0.0,0.0,0.0,0.0,0.0,0.0,0.0,0.0,0.0,0.0,0.0,0.0,0.0,0.0,0.0,0.0,0.0,0.0,0.0,0.0,0.0,0.0,0.0,0.0,0.0,0.0,0.0,0.0,0.0,0.0,0.0,0.0,0.0,0.0,0.0,0.0,0.0,0.0,0.0,0.0,0.0,0.0,0.0,0.0,0.0,0.0,0.0,0.0,0.0,0.0,0.0,0.0,0.0,0.0,0.0,0.0,0.0,0.0,0.0,0.0,0.0,0.0,0.0,0.0,0.0,0.0,0.0,0.0,0.0,0.0,0.0,0.0,0.0,0.0,0.0,0.0,0.0,0.0,0.0,0.0,0.0,0.0
0.0,0.0,0.0,0.0,0.0,0.0,0.0,0.0,0.0,0.0,0.0,0.0,0.0,0.0,0.0,0.0,0.0,0.0,0.0,0.0,0.0,0.0,0.0,0.0,0.0,0.0,0.0,0.0,0.0,0.0,0.0,0.0,0.0,0.0,0.0,0.0,0.0,0.0,0.0,0.0,0.0,0.0,0.0,0.0,0.0,0.0,0.0,0.0,0.0,0.0,0.0,0.0,0.0,0.0,0.0,0.0,0.0,0.0,0.0,0.0,0.0,0.0,0.0,0.0,0.0,0.0,0.0,0.0,0.0,0.0,0.0,0.0,0.0,0.0,0.0,0.0,0.0,0.0,0.0,0.0,0.0,0.0,0.0,0.0,0.0,0.0,0.0,0.0,0.0,0.0,0.0,0.0,0.0,0.0,0.0,0.0,0.0,0.0,0.0,0.0,0.0,0.0,0.0,0.0,0.0,0.0,0.0,0.0,0.0,0.0,0.0,0.0,0.0,0.0,0.0,0.0,0.0,0.0,0.0,0.0,0.0,0.0,0.0,0.0,0.0,0.0,0.0,0.0,0.0,0.0,0.0,0.0,0.0,0.0,0.0,0.0,0.0,0.0,0.0,0.0,0.0,0.0,0.0,0.0,0.0,0.0,0.0,0.0,0.0,0.0,0.0,0.0,0.0,0.0,0.0,0.0,0.0,0.0,0.0,0.0,0.0,0.0,0.0,0.0,0.0,0.0,0.0,0.0,0.0,0.0,0.0,0.0,0.0,0.0,0.0,0.0,0.0,0.0,0.0,0.0,0.0,0.0,0.0,0.0,0.0,0.0,0.0,0.0,0.0,0.0,0.0,0.0,0.0,0.0,0.0,0.0,0.0,0.0,0.0,0.0,0.0,0.0,0.0,0.0,0.0,0.0,0.0,0.0,0.0,0.0,0.0,0.0,0.0,0.0,0.0,0.0,0.0,0.0,0.0,0.0,0.0,0.0,0.0,0.0,0.0,0.0,0.0,0.0,0.0,0.0,0.0,0.0,0.0,0.0,0.0,0.0,0.0,0.0,0.0,0.0,0.0,0.0,0.0,0.0,0.0,0.0,0.0,0.0,0.0,0.0,0.0,0.0,0.0,0.0,0.0,0.0,0.0
0.0,0.0,0.0,0.0,0.0,0.0,0.0,0.0,0.0,0.0,0.0,0.0,0.0,0.0,0.0,0.0,0.0,0.0,0.0,0.0,0.0,0.0,0.0,0.0,0.0,0.0,0.0,0.0,0.0,0.0,0.0,0.0,0.0,0.0,0.0,0.0,0.0,0.0,0.0,0.0,0.0,0.0,0.0,0.0,0.0,0.0,0.0,0.0,0.0,0.0,0.0,0.0,0.0,0.0,0.0,0.0,0.0,0.0,0.0,0.0,0.0,0.0,0.0,0.0,0.0,0.0,0.0,0.0,0.0,0.0,0.0,0.0,0.0,0.0,0.0,0.0,0.0,0.0,0.0,0.0,0.0,0.0,0.0,0.0,0.0,0.0,0.0,0.0,0.0,0.0,0.0,0.0,0.0,0.0,0.0,0.0,0.0,0.0,0.0,0.0,0.0,0.0,0.0,0.0,0.0,0.0,0.0,0.0,0.0,0.0,0.0,0.0,0.0,0.0,0.0,0.0,0.0,0.0,0.0,0.0,0.0,0.0,0.0,0.0,0.0,0.0,0.0,0.0,0.0,0.0,0.0,0.0,0.0,0.0,0.0,0.0,0.0,0.0,0.0,0.0,0.0,0.0,0.0,0.0,0.0,0.0,0.0,0.0,0.0,0.0,0.0,0.0,0.0,0.0,0.0,0.0,0.0,0.0,0.0,0.0,0.0,0.0,0.0,0.0,0.0,0.0,0.0,0.0,0.0,0.0,0.0,0.0,0.0,0.0,0.0,0.0,0.0,0.0,0.0,0.0,0.0,0.0,0.0,0.0,0.0,0.0,0.0,0.0,0.0,0.0,0.0,0.0,0.0,0.0,0.0,0.0,0.0,0.0,0.0,0.0,0.0,0.0,0.0,0.0,0.0,0.0,0.0,0.0,0.0,0.0,0.0,0.0,0.0,0.0,0.0,0.0,0.0,0.0,0.0,0.0,0.0,0.0,0.0,0.0,0.0,0.0,0.0,0.0,0.0,0.0,0.0,0.0,0.0,0.0,0.0,0.0,0.0,0.0,0.0,0.0,0.0,0.0,0.0,0.0,0.0,0.0,0.0,0.0,0.0,0.0,0.0,0.0,0.0,0.0,0.0,0.0,0.0
0.0,0.0,0.0,0.0,0.0,0.0,0.0,0.0,0.0,0.0,0.0,0.0,0.0,0.0,0.0,0.0,0.0,0.0,0.0,0.0,0.0,0.0,0.0,0.0,0.0,0.0,0.0,0.0,0.0,0.0,0.0,0.0,0.0,0.0,0.0,0.0,0.0,0.0,0.0,0.0,0.0,0.0,0.0,0.0,0.0,0.0,0.0,0.0,0.0,0.0,0.0,0.0,0.0,0.0,0.0,0.0,0.0,0.0,0.0,0.0,0.0,0.0,0.0,0.0,0.0,0.0,0.0,0.0,0.0,0.0,0.0,0.0,0.0,0.0,0.0,0.0,0.0,0.0,0.0,0.0,0.0,0.0,0.0,0.0,0.0,0.0,0.0,0.0,0.0,0.0,0.0,0.0,0.0,0.0,0.0,0.0,0.0,0.0,0.0,0.0,0.0,0.0,0.0,0.0,0.0,0.0,0.0,0.0,0.0,0.0,0.0,0.0,0.0,0.0,0.0,0.0,0.0,0.0,0.0,0.0,0.0,0.0,0.0,0.0,0.0,0.0,0.0,0.0,0.0,0.0,0.0,0.0,0.0,0.0,0.0,0.0,0.0,0.0,0.0,0.0,0.0,0.0,0.0,0.0,0.0,0.0,0.0,0.0,0.0,0.0,0.0,0.0,0.0,0.0,0.0,0.0,0.0,0.0,0.0,0.0,0.0,0.0,0.0,0.0,0.0,0.0,0.0,0.0,0.0,0.0,0.0,0.0,0.0,0.0,0.0,0.0,0.0,0.0,0.0,0.0,0.0,0.0,0.0,0.0,0.0,0.0,0.0,0.0,0.0,0.0,0.0,0.0,0.0,0.0,0.0,0.0,0.0,0.0,0.0,0.0,0.0,0.0,0.0,0.0,0.0,0.0,0.0,0.0,0.0,0.0,0.0,0.0,0.0,0.0,0.0,0.0,0.0,0.0,0.0,0.0,0.0,0.0,0.0,0.0,0.0,0.0,0.0,0.0,0.0,0.0,0.0,0.0,0.0,0.0,0.0,0.0,0.0,0.0,0.0,0.0,0.0,0.0,0.0,0.0,0.0,0.0,0.0,0.0,0.0,0.0,0.0,0.0,0.0,0.0,0.0,0.0,0.0
0.0,0.0,0.0,0.0,0.0,0.0,0.0,0.0,0.0,0.0,0.0,0.0,0.0,0.0,0.0,0.0,0.0,0.0,0.0,0.0,0.0,0.0,0.0,0.0,0.0,0.0,0.0,0.0,0.0,0.0,0.0,0.0,0.0,0.0,0.0,0.0,0.0,0.0,0.0,0.0,0.0,0.0,0.0,0.0,0.0,0.0,0.0,0.0,0.0,0.0,0.0,0.0,0.0,0.0,0.0,0.0,0.0,0.0,0.0,0.0,0.0,0.0,0.0,0.0,0.0,0.0,0.0,0.0,0.0,0.0,0.0,0.0,0.0,0.0,0.0,0.0,0.0,0.0,0.0,0.0,0.0,0.0,0.0,0.0,0.0,0.0,0.0,0.0,0.0,0.0,0.0,0.0,0.0,0.0,0.0,0.0,0.0,0.0,0.0,0.0,0.0,0.0,0.0,0.0,0.0,0.0,0.0,0.0,0.0,0.0,0.0,0.0,0.0,0.0,0.0,0.0,0.0,0.0,0.0,0.0,0.0,0.0,0.0,0.0,0.0,0.0,0.0,0.0,0.0,0.0,0.0,0.0,0.0,0.0,0.0,0.0,0.0,0.0,0.0,0.0,0.0,0.0,0.0,0.0,0.0,0.0,0.0,0.0,0.0,0.0,0.0,0.0,0.0,0.0,0.0,0.0,0.0,0.0,0.0,0.0,0.0,0.0,0.0,0.0,0.0,0.0,0.0,0.0,0.0,0.0,0.0,0.0,0.0,0.0,0.0,0.0,0.0,0.0,0.0,0.0,0.0,0.0,0.0,0.0,0.0,0.0,0.0,0.0,0.0,0.0,0.0,0.0,0.0,0.0,0.0,0.0,0.0,0.0,0.0,0.0,0.0,0.0,0.0,0.0,0.0,0.0,0.0,0.0,0.0,0.0,0.0,0.0,0.0,0.0,0.0,0.0,0.0,0.0,0.0,0.0,0.0,0.0,0.0,0.0,0.0,0.0,0.0,0.0,0.0,0.0,0.0,0.0,0.0,0.0,0.0,0.0,0.0,0.0,0.0,0.0,0.0,0.0,0.0,0.0,0.0,0.0,0.0,0.0,0.0,0.0,0.0,0.0,0.0,0.0,0.0,0.0,0.0
0.0,0.0,0.0,0.0,0.0,0.0,0.0,0.0,0.0,0.0,0.0,0.0,0.0,0.0,0.0,0.0,0.0,0.0,0.0,0.0,0.0,0.0,0.0,0.0,0.0,0.0,0.0,0.0,0.0,0.0,0.0,0.0,0.0,0.0,0.0,0.0,0.0,0.0,0.0,0.0,0.0,0.0,0.0,0.0,0.0,0.0,0.0,0.0,0.0,0.0,0.0,0.0,0.0,0.0,0.0,0.0,0.0,0.0,0.0,0.0,0.0,0.0,0.0,0.0,0.0,0.0,0.0,0.0,0.0,0.0,0.0,0.0,0.0,0.0,0.0,0.0,0.0,0.0,0.0,0.0,0.0,0.0,0.0,0.0,0.0,0.0,0.0,0.0,0.0,0.0,0.0,0.0,0.0,0.0,0.0,0.0,0.0,0.0,0.0,0.0,0.0,0.0,0.0,0.0,0.0,0.0,0.0,0.0,0.0,0.0,0.0,0.0,0.0,0.0,0.0,0.0,0.0,0.0,0.0,0.0,0.0,0.0,0.0,0.0,0.0,0.0,0.0,0.0,0.0,0.0,0.0,0.0,0.0,0.0,0.0,0.0,0.0,0.0,0.0,0.0,0.0,0.0,0.0,0.0,0.0,0.0,0.0,0.0,0.0,0.0,0.0,0.0,0.0,0.0,0.0,0.0,0.0,0.0,0.0,0.0,0.0,0.0,0.0,0.0,0.0,0.0,0.0,0.0,0.0,0.0,0.0,0.0,0.0,0.0,0.0,0.0,0.0,0.0,0.0,0.0,0.0,0.0,0.0,0.0,0.0,0.0,0.0,0.0,0.0,0.0,0.0,0.0,0.0,0.0,0.0,0.0,0.0,0.0,0.0,0.0,0.0,0.0,0.0,0.0,0.0,0.0,0.0,0.0,0.0,0.0,0.0,0.0,0.0,0.0,0.0,0.0,0.0,0.0,0.0,0.0,0.0,0.0,0.0,0.0,0.0,0.0,0.0,0.0,0.0,0.0,0.0,0.0,0.0,0.0,0.0,0.0,0.0,0.0,0.0,0.0,0.0,0.0,0.0,0.0,0.0,0.0,0.0,0.0,0.0,0.0,0.0,0.0,0.0,0.0,0.0,0.0,0.0
0.0,0.0,0.0,0.0,0.0,0.0,0.0,0.0,0.0,0.0,0.0,0.0,0.0,0.0,0.0,0.0,0.0,0.0,0.0,0.0,0.0,0.0,0.0,0.0,0.0,0.0,0.0,0.0,0.0,0.0,0.0,0.0,0.0,0.0,0.0,0.0,0.0,0.0,0.0,0.0,0.0,0.0,0.0,0.0,0.0,0.0,0.0,0.0,0.0,0.0,0.0,0.0,0.0,0.0,0.0,0.0,0.0,0.0,0.0,0.0,0.0,0.0,0.0,0.0,0.0,0.0,0.0,0.0,0.0,0.0,0.0,0.0,0.0,0.0,0.0,0.0,0.0,0.0,0.0,0.0,0.0,0.0,0.0,0.0,0.0,0.0,0.0,0.0,0.0,0.0,0.0,0.0,0.0,0.0,0.0,0.0,0.0,0.0,0.0,0.0,0.0,0.0,0.0,0.0,0.0,0.0,0.0,0.0,0.0,0.0,0.0,0.0,0.0,0.0,0.0,0.0,0.0,0.0,0.0,0.0,0.0,0.0,0.0,0.0,0.0,0.0,0.0,0.0,0.0,0.0,0.0,0.0,0.0,0.0,0.0,0.0,0.0,0.0,0.0,0.0,0.0,0.0,0.0,0.0,0.0,0.0,0.0,0.0,0.0,0.0,0.0,0.0,0.0,0.0,0.0,0.0,0.0,0.0,0.0,0.0,0.0,0.0,0.0,0.0,0.0,0.0,0.0,0.0,0.0,0.0,0.0,0.0,0.0,0.0,0.0,0.0,0.0,0.0,0.0,0.0,0.0,0.0,0.0,0.0,0.0,0.0,0.0,0.0,0.0,0.0,0.0,0.0,0.0,0.0,0.0,0.0,0.0,0.0,0.0,0.0,0.0,0.0,0.0,0.0,0.0,0.0,0.0,0.0,0.0,0.0,0.0,0.0,0.0,0.0,0.0,0.0,0.0,0.0,0.0,0.0,0.0,0.0,0.0,0.0,0.0,0.0,0.0,0.0,0.0,0.0,0.0,0.0,0.0,0.0,0.0,0.0,0.0,0.0,0.0,0.0,0.0,0.0,0.0,0.0,0.0,0.0,0.0,0.0,0.0,0.0,0.0,0.0,0.0,0.0,0.0,0.0,0.0
0.0,0.0,0.0,0.0,0.0,0.0,0.0,0.0,0.0,0.0,0.0,0.0,0.0,0.0,0.0,0.0,0.0,0.0,0.0,0.0,0.0,0.0,0.0,0.0,0.0,0.0,0.0,0.0,0.0,0.0,0.0,0.0,0.0,0.0,0.0,0.0,0.0,0.0,0.0,0.0,0.0,0.0,0.0,0.0,0.0,0.0,0.0,0.0,0.0,0.0,0.0,0.0,0.0,0.0,0.0,0.0,0.0,0.0,0.0,0.0,0.0,0.0,0.0,0.0,0.0,0.0,0.0,0.0,0.0,0.0,0.0,0.0,0.0,0.0,0.0,0.0,0.0,0.0,0.0,0.0,0.0,0.0,0.0,0.0,0.0,0.0,0.0,0.0,0.0,0.0,0.0,0.0,0.0,0.0,0.0,0.0,0.0,0.0,0.0,0.0,0.0,0.0,0.0,0.0,0.0,0.0,0.0,0.0,0.0,0.0,0.0,0.0,0.0,0.0,0.0,0.0,0.0,0.0,0.0,0.0,0.0,0.0,0.0,0.0,0.0,0.0,0.0,0.0,0.0,0.0,0.0,0.0,0.0,0.0,0.0,0.0,0.0,0.0,0.0,0.0,0.0,0.0,0.0,0.0,0.0,0.0,0.0,0.0,0.0,0.0,0.0,0.0,0.0,0.0,0.0,0.0,0.0,0.0,0.0,0.0,0.0,0.0,0.0,0.0,0.0,0.0,0.0,0.0,0.0,0.0,0.0,0.0,0.0,0.0,0.0,0.0,0.0,0.0,0.0,0.0,0.0,0.0,0.0,0.0,0.0,0.0,0.0,0.0,0.0,0.0,0.0,0.0,0.0,0.0,0.0,0.0,0.0,0.0,0.0,0.0,0.0,0.0,0.0,0.0,0.0,0.0,0.0,0.0,0.0,0.0,0.0,0.0,0.0,0.0,0.0,0.0,0.0,0.0,0.0,0.0,0.0,0.0,0.0,0.0,0.0,0.0,0.0,0.0,0.0,0.0,0.0,0.0,0.0,0.0,0.0,0.0,0.0,0.0,0.0,0.0,0.0,0.0,0.0,0.0,0.0,0.0,0.0,0.0,0.0,0.0,0.0,0.0,0.0,0.0,0.0,0.0,0.0
0.0,0.0,0.0,0.0,0.0,0.0,0.0,0.0,0.0,0.0,0.0,0.0,0.0,0.0,0.0,0.0,0.0,0.0,0.0,0.0,0.0,0.0,0.0,0.0,0.0,0.0,0.0,0.0,0.0,0.0,0.0,0.0,0.0,0.0,0.0,0.0,0.0,0.0,0.0,0.0,0.0,0.0,0.0,0.0,0.0,0.0,0.0,0.0,0.0,0.0,0.0,0.0,0.0,0.0,0.0,0.0,0.0,0.0,0.0,0.0,0.0,0.0,0.0,0.0,0.0,0.0,0.0,0.0,0.0,0.0,0.0,0.0,0.0,0.0,0.0,0.0,0.0,0.0,0.0,0.0,0.0,0.0,0.0,0.0,0.0,0.0,0.0,0.0,0.0,0.0,0.0,0.0,0.0,0.0,0.0,0.0,0.0,0.0,0.0,0.0,0.0,0.0,0.0,0.0,0.0,0.0,0.0,0.0,0.0,0.0,0.0,0.0,0.0,0.0,0.0,0.0,0.0,0.0,0.0,0.0,0.0,0.0,0.0,0.0,0.0,0.0,0.0,0.0,0.0,0.0,0.0,0.0,0.0,0.0,0.0,0.0,0.0,0.0,0.0,0.0,0.0,0.0,0.0,0.0,0.0,0.0,0.0,0.0,0.0,0.0,0.0,0.0,0.0,0.0,0.0,0.0,0.0,0.0,0.0,0.0,0.0,0.0,0.0,0.0,0.0,0.0,0.0,0.0,0.0,0.0,0.0,0.0,0.0,0.0,0.0,0.0,0.0,0.0,0.0,0.0,0.0,0.0,0.0,0.0,0.0,0.0,0.0,0.0,0.0,0.0,0.0,0.0,0.0,0.0,0.0,0.0,0.0,0.0,0.0,0.0,0.0,0.0,0.0,0.0,0.0,0.0,0.0,0.0,0.0,0.0,0.0,0.0,0.0,0.0,0.0,0.0,0.0,0.0,0.0,0.0,0.0,0.0,0.0,0.0,0.0,0.0,0.0,0.0,0.0,0.0,0.0,0.0,0.0,0.0,0.0,0.0,0.0,0.0,0.0,0.0,0.0,0.0,0.0,0.0,0.0,0.0,0.0,0.0,0.0,0.0,0.0,0.0,0.0,0.0,0.0,0.0,0.0
0.0,0.0,0.0,0.0,0.0,0.0,0.0,0.0,0.0,0.0,0.0,0.0,0.0,0.0,0.0,0.0,0.0,0.0,0.0,0.0,0.0,0.0,0.0,0.0,0.0,0.0,0.0,0.0,0.0,0.0,0.0,0.0,0.0,0.0,0.0,0.0,0.0,0.0,0.0,0.0,0.0,0.0,0.0,0.0,0.0,0.0,0.0,0.0,0.0,0.0,0.0,0.0,0.0,0.0,0.0,0.0,0.0,0.0,0.0,0.0,0.0,0.0,0.0,0.0,0.0,0.0,0.0,0.0,0.0,0.0,0.0,0.0,0.0,0.0,0.0,0.0,0.0,0.0,0.0,0.0,0.0,0.0,0.0,0.0,0.0,0.0,0.0,0.0,0.0,0.0,0.0,0.0,0.0,0.0,0.0,0.0,0.0,0.0,0.0,0.0,0.0,0.0,0.0,0.0,0.0,0.0,0.0,0.0,0.0,0.0,0.0,0.0,0.0,0.0,0.0,0.0,0.0,0.0,0.0,0.0,0.0,0.0,0.0,0.0,0.0,0.0,0.0,0.0,0.0,0.0,0.0,0.0,0.0,0.0,0.0,0.0,0.0,0.0,0.0,0.0,0.0,0.0,0.0,0.0,0.0,0.0,0.0,0.0,0.0,0.0,0.0,0.0,0.0,0.0,0.0,0.0,0.0,0.0,0.0,0.0,0.0,0.0,0.0,0.0,0.0,0.0,0.0,0.0,0.0,0.0,0.0,0.0,0.0,0.0,0.0,0.0,0.0,0.0,0.0,0.0,0.0,0.0,0.0,0.0,0.0,0.0,0.0,0.0,0.0,0.0,0.0,0.0,0.0,0.0,0.0,0.0,0.0,0.0,0.0,0.0,0.0,0.0,0.0,0.0,0.0,0.0,0.0,0.0,0.0,0.0,0.0,0.0,0.0,0.0,0.0,0.0,0.0,0.0,0.0,0.0,0.0,0.0,0.0,0.0,0.0,0.0,0.0,0.0,0.0,0.0,0.0,0.0,0.0,0.0,0.0,0.0,0.0,0.0,0.0,0.0,0.0,0.0,0.0,0.0,0.0,0.0,0.0,0.0,0.0,0.0,0.0,0.0,0.0,0.0,0.0,0.0,0.0
0.0,0.0,0.0,0.0,0.0,0.0,0.0,0.0,0.0,0.0,0.0,0.0,0.0,0.0,0.0,0.0,0.0,0.0,0.0,0.0,0.0,0.0,0.0,0.0,0.0,0.0,0.0,0.0,0.0,0.0,0.0,0.0,0.0,0.0,0.0,0.0,0.0,0.0,0.0,0.0,0.0,0.0,0.0,0.0,0.0,0.0,0.0,0.0,0.0,0.0,0.0,0.0,0.0,0.0,0.0,0.0,0.0,0.0,0.0,0.0,0.0,0.0,0.0,0.0,0.0,0.0,0.0,0.0,0.0,0.0,0.0,0.0,0.0,0.0,0.0,0.0,0.0,0.0,0.0,0.0,0.0,0.0,0.0,0.0,0.0,0.0,0.0,0.0,0.0,0.0,0.0,0.0,0.0,0.0,0.0,0.0,0.0,0.0,0.0,0.0,0.0,0.0,0.0,0.0,0.0,0.0,0.0,0.0,0.0,0.0,0.0,0.0,0.0,0.0,0.0,0.0,0.0,0.0,0.0,0.0,0.0,0.0,0.0,0.0,0.0,0.0,0.0,0.0,0.0,0.0,0.0,0.0,0.0,0.0,0.0,0.0,0.0,0.0,0.0,0.0,0.0,0.0,0.0,0.0,0.0,0.0,0.0,0.0,0.0,0.0,0.0,0.0,0.0,0.0,0.0,0.0,0.0,0.0,0.0,0.0,0.0,0.0,0.0,0.0,0.0,0.0,0.0,0.0,0.0,0.0,0.0,0.0,0.0,0.0,0.0,0.0,0.0,0.0,0.0,0.0,0.0,0.0,0.0,0.0,0.0,0.0,0.0,0.0,0.0,0.0,0.0,0.0,0.0,0.0,0.0,0.0,0.0,0.0,0.0,0.0,0.0,0.0,0.0,0.0,0.0,0.0,0.0,0.0,0.0,0.0,0.0,0.0,0.0,0.0,0.0,0.0,0.0,0.0,0.0,0.0,0.0,0.0,0.0,0.0,0.0,0.0,0.0,0.0,0.0,0.0,0.0,0.0,0.0,0.0,0.0,0.0,0.0,0.0,0.0,0.0,0.0,0.0,0.0,0.0,0.0,0.0,0.0,0.0,0.0,0.0,0.0,0.0,0.0,0.0,0.0,0.0,0.0
0.0,0.0,0.0,0.0,0.0,0.0,0.0,0.0,0.0,0.0,0.0,0.0,0.0,0.0,0.0,0.0,0.0,0.0,0.0,0.0,0.0,0.0,0.0,0.0,0.0,0.0,0.0,0.0,0.0,0.0,0.0,0.0,0.0,0.0,0.0,0.0,0.0,0.0,0.0,0.0,0.0,0.0,0.0,0.0,0.0,0.0,0.0,0.0,0.0,0.0,0.0,0.0,0.0,0.0,0.0,0.0,0.0,0.0,0.0,0.0,0.0,0.0,0.0,0.0,0.0,0.0,0.0,0.0,0.0,0.0,0.0,0.0,0.0,0.0,0.0,0.0,0.0,0.0,0.0,0.0,0.0,0.0,0.0,0.0,0.0,0.0,0.0,0.0,0.0,0.0,0.0,0.0,0.0,0.0,0.0,0.0,0.0,0.0,0.0,0.0,0.0,0.0,0.0,0.0,0.0,0.0,0.0,0.0,0.0,0.0,0.0,0.0,0.0,0.0,0.0,0.0,0.0,0.0,0.0,0.0,0.0,0.0,0.0,0.0,0.0,0.0,0.0,0.0,0.0,0.0,0.0,0.0,0.0,0.0,0.0,0.0,0.0,0.0,0.0,0.0,0.0,0.0,0.0,0.0,0.0,0.0,0.0,0.0,0.0,0.0,0.0,0.0,0.0,0.0,0.0,0.0,0.0,0.0,0.0,0.0,0.0,0.0,0.0,0.0,0.0,0.0,0.0,0.0,0.0,0.0,0.0,0.0,0.0,0.0,0.0,0.0,0.0,0.0,0.0,0.0,0.0,0.0,0.0,0.0,0.0,0.0,0.0,0.0,0.0,0.0,0.0,0.0,0.0,0.0,0.0,0.0,0.0,0.0,0.0,0.0,0.0,0.0,0.0,0.0,0.0,0.0,0.0,0.0,0.0,0.0,0.0,0.0,0.0,0.0,0.0,0.0,0.0,0.0,0.0,0.0,0.0,0.0,0.0,0.0,0.0,0.0,0.0,0.0,0.0,0.0,0.0,0.0,0.0,0.0,0.0,0.0,0.0,0.0,0.0,0.0,0.0,0.0,0.0,0.0,0.0,0.0,0.0,0.0,0.0,0.0,0.0,0.0,0.0,0.0,0.0,0.0,0.0
0.0,0.0,0.0,0.0,0.0,0.0,0.0,0.0,0.0,0.0,0.0,0.0,0.0,0.0,0.0,0.0,0.0,0.0,0.0,0.0,0.0,0.0,0.0,0.0,0.0,0.0,0.0,0.0,0.0,0.0,0.0,0.0,0.0,0.0,0.0,0.0,0.0,0.0,0.0,0.0,0.0,0.0,0.0,0.0,0.0,0.0,0.0,0.0,0.0,0.0,0.0,0.0,0.0,0.0,0.0,0.0,0.0,0.0,0.0,0.0,0.0,0.0,0.0,0.0,0.0,0.0,0.0,0.0,0.0,0.0,0.0,0.0,0.0,0.0,0.0,0.0,0.0,0.0,0.0,0.0,0.0,0.0,0.0,0.0,0.0,0.0,0.0,0.0,0.0,0.0,0.0,0.0,0.0,0.0,0.0,0.0,0.0,0.0,0.0,0.0,0.0,0.0,0.0,0.0,0.0,0.0,0.0,0.0,0.0,0.0,0.0,0.0,0.0,0.0,0.0,0.0,0.0,0.0,0.0,0.0,0.0,0.0,0.0,0.0,0.0,0.0,0.0,0.0,0.0,0.0,0.0,0.0,0.0,0.0,0.0,0.0,0.0,0.0,0.0,0.0,0.0,0.0,0.0,0.0,0.0,0.0,0.0,0.0,0.0,0.0,0.0,0.0,0.0,0.0,0.0,0.0,0.0,0.0,0.0,0.0,0.0,0.0,0.0,0.0,0.0,0.0,0.0,0.0,0.0,0.0,0.0,0.0,0.0,0.0,0.0,0.0,0.0,0.0,0.0,0.0,0.0,0.0,0.0,0.0,0.0,0.0,0.0,0.0,0.0,0.0,0.0,0.0,0.0,0.0,0.0,0.0,0.0,0.0,0.0,0.0,0.0,0.0,0.0,0.0,0.0,0.0,0.0,0.0,0.0,0.0,0.0,0.0,0.0,0.0,0.0,0.0,0.0,0.0,0.0,0.0,0.0,0.0,0.0,0.0,0.0,0.0,0.0,0.0,0.0,0.0,0.0,0.0,0.0,0.0,0.0,0.0,0.0,0.0,0.0,0.0,0.0,0.0,0.0,0.0,0.0,0.0,0.0,0.0,0.0,0.0,0.0,0.0,0.0,0.0,0.0,0.0,0.0
0.0,0.0,0.0,0.0,0.0,0.0,0.0,0.0,0.0,0.0,0.0,0.0,0.0,0.0,0.0,0.0,0.0,0.0,0.0,0.0,0.0,0.0,0.0,0.0,0.0,0.0,0.0,0.0,0.0,0.0,0.0,0.0,0.0,0.0,0.0,0.0,0.0,0.0,0.0,0.0,0.0,0.0,0.0,0.0,0.0,0.0,0.0,0.0,0.0,0.0,0.0,0.0,0.0,0.0,0.0,0.0,0.0,0.0,0.0,0.0,0.0,0.0,0.0,0.0,0.0,0.0,0.0,0.0,0.0,0.0,0.0,0.0,0.0,0.0,0.0,0.0,0.0,0.0,0.0,0.0,0.0,0.0,0.0,0.0,0.0,0.0,0.0,0.0,0.0,0.0,0.0,0.0,0.0,0.0,0.0,0.0,0.0,0.0,0.0,0.0,0.0,0.0,0.0,0.0,0.0,0.0,0.0,0.0,0.0,0.0,0.0,0.0,0.0,0.0,0.0,0.0,0.0,0.0,0.0,0.0,0.0,0.0,0.0,0.0,0.0,0.0,0.0,0.0,0.0,0.0,0.0,0.0,0.0,0.0,0.0,0.0,0.0,0.0,0.0,0.0,0.0,0.0,0.0,0.0,0.0,0.0,0.0,0.0,0.0,0.0,0.0,0.0,0.0,0.0,0.0,0.0,0.0,0.0,0.0,0.0,0.0,0.0,0.0,0.0,0.0,0.0,0.0,0.0,0.0,0.0,0.0,0.0,0.0,0.0,0.0,0.0,0.0,0.0,0.0,0.0,0.0,0.0,0.0,0.0,0.0,0.0,0.0,0.0,0.0,0.0,0.0,0.0,0.0,0.0,0.0,0.0,0.0,0.0,0.0,0.0,0.0,0.0,0.0,0.0,0.0,0.0,0.0,0.0,0.0,0.0,0.0,0.0,0.0,0.0,0.0,0.0,0.0,0.0,0.0,0.0,0.0,0.0,0.0,0.0,0.0,0.0,0.0,0.0,0.0,0.0,0.0,0.0,0.0,0.0,0.0,0.0,0.0,0.0,0.0,0.0,0.0,0.0,0.0,0.0,0.0,0.0,0.0,0.0,0.0,0.0,0.0,0.0,0.0,0.0,0.0,0.0,0.0
0.0,0.0,0.0,0.0,0.0,0.0,0.0,0.0,0.0,0.0,0.0,0.0,0.0,0.0,0.0,0.0,0.0,0.0,0.0,0.0,0.0,0.0,0.0,0.0,0.0,0.0,0.0,0.0,0.0,0.0,0.0,0.0,0.0,0.0,0.0,0.0,0.0,0.0,0.0,0.0,0.0,0.0,0.0,0.0,0.0,0.0,0.0,0.0,0.0,0.0,0.0,0.0,0.0,0.0,0.0,0.0,0.0,0.0,0.0,0.0,0.0,0.0,0.0,0.0,0.0,0.0,0.0,0.0,0.0,0.0,0.0,0.0,0.0,0.0,0.0,0.0,0.0,0.0,0.0,0.0,0.0,0.0,0.0,0.0,0.0,0.0,0.0,0.0,0.0,0.0,0.0,0.0,0.0,0.0,0.0,0.0,0.0,0.0,0.0,0.0,0.0,0.0,0.0,0.0,0.0,0.0,0.0,0.0,0.0,0.0,0.0,0.0,0.0,0.0,0.0,0.0,0.0,0.0,0.0,0.0,0.0,0.0,0.0,0.0,0.0,0.0,0.0,0.0,0.0,0.0,0.0,0.0,0.0,0.0,0.0,0.0,0.0,0.0,0.0,0.0,0.0,0.0,0.0,0.0,0.0,0.0,0.0,0.0,0.0,0.0,0.0,0.0,0.0,0.0,0.0,0.0,0.0,0.0,0.0,0.0,0.0,0.0,0.0,0.0,0.0,0.0,0.0,0.0,0.0,0.0,0.0,0.0,0.0,0.0,0.0,0.0,0.0,0.0,0.0,0.0,0.0,0.0,0.0,0.0,0.0,0.0,0.0,0.0,0.0,0.0,0.0,0.0,0.0,0.0,0.0,0.0,0.0,0.0,0.0,0.0,0.0,0.0,0.0,0.0,0.0,0.0,0.0,0.0,0.0,0.0,0.0,0.0,0.0,0.0,0.0,0.0,0.0,0.0,0.0,0.0,0.0,0.0,0.0,0.0,0.0,0.0,0.0,0.0,0.0,0.0,0.0,0.0,0.0,0.0,0.0,0.0,0.0,0.0,0.0,0.0,0.0,0.0,0.0,0.0,0.0,0.0,0.0,0.0,0.0,0.0,0.0,0.0,0.0,0.0,0.0,0.0,0.0
0.0,0.0,0.0,0.0,0.0,0.0,0.0,0.0,0.0,0.0,0.0,0.0,0.0,0.0,0.0,0.0,0.0,0.0,0.0,0.0,0.0,0.0,0.0,0.0,0.0,0.0,0.0,0.0,0.0,0.0,0.0,0.0,0.0,0.0,0.0,0.0,0.0,0.0,0.0,0.0,0.0,0.0,0.0,0.0,0.0,0.0,0.0,0.0,0.0,0.0,0.0,0.0,0.0,0.0,0.0,0.0,0.0,0.0,0.0,0.0,0.0,0.0,0.0,0.0,0.0,0.0,0.0,0.0,0.0,0.0,0.0,0.0,0.0,0.0,0.0,0.0,0.0,0.0,0.0,0.0,0.0,0.0,0.0,0.0,0.0,0.0,0.0,0.0,0.0,0.0,0.0,0.0,0.0,0.0,0.0,0.0,0.0,0.0,0.0,0.0,0.0,0.0,0.0,0.0,0.0,0.0,0.0,0.0,0.0,0.0,0.0,0.0,0.0,0.0,0.0,0.0,0.0,0.0,0.0,0.0,0.0,0.0,0.0,0.0,0.0,0.0,0.0,0.0,0.0,0.0,0.0,0.0,0.0,0.0,0.0,0.0,0.0,0.0,0.0,0.0,0.0,0.0,0.0,0.0,0.0,0.0,0.0,0.0,0.0,0.0,0.0,0.0,0.0,0.0,0.0,0.0,0.0,0.0,0.0,0.0,0.0,0.0,0.0,0.0,0.0,0.0,0.0,0.0,0.0,0.0,0.0,0.0,0.0,0.0,0.0,0.0,0.0,0.0,0.0,0.0,0.0,0.0,0.0,0.0,0.0,0.0,0.0,0.0,0.0,0.0,0.0,0.0,0.0,0.0,0.0,0.0,0.0,0.0,0.0,0.0,0.0,0.0,0.0,0.0,0.0,0.0,0.0,0.0,0.0,0.0,0.0,0.0,0.0,0.0,0.0,0.0,0.0,0.0,0.0,0.0,0.0,0.0,0.0,0.0,0.0,0.0,0.0,0.0,0.0,0.0,0.0,0.0,0.0,0.0,0.0,0.0,0.0,0.0,0.0,0.0,0.0,0.0,0.0,0.0,0.0,0.0,0.0,0.0,0.0,0.0,0.0,0.0,0.0,0.0,0.0,0.0,0.0
0.0,0.0,0.0,0.0,0.0,0.0,0.0,0.0,0.0,0.0,0.0,0.0,0.0,0.0,0.0,0.0,0.0,0.0,0.0,0.0,0.0,0.0,0.0,0.0,0.0,0.0,0.0,0.0,0.0,0.0,0.0,0.0,0.0,0.0,0.0,0.0,0.0,0.0,0.0,0.0,0.0,0.0,0.0,0.0,0.0,0.0,0.0,0.0,0.0,0.0,0.0,0.0,0.0,0.0,0.0,0.0,0.0,0.0,0.0,0.0,0.0,0.0,0.0,0.0,0.0,0.0,0.0,0.0,0.0,0.0,0.0,0.0,0.0,0.0,0.0,0.0,0.0,0.0,0.0,0.0,0.0,0.0,0.0,0.0,0.0,0.0,0.0,0.0,0.0,0.0,0.0,0.0,0.0,0.0,0.0,0.0,0.0,0.0,0.0,0.0,0.0,0.0,0.0,0.0,0.0,0.0,0.0,0.0,0.0,0.0,0.0,0.0,0.0,0.0,0.0,0.0,0.0,0.0,0.0,0.0,0.0,0.0,0.0,0.0,0.0,0.0,0.0,0.0,0.0,0.0,0.0,0.0,0.0,0.0,0.0,0.0,0.0,0.0,0.0,0.0,0.0,0.0,0.0,0.0,0.0,0.0,0.0,0.0,0.0,0.0,0.0,0.0,0.0,0.0,0.0,0.0,0.0,0.0,0.0,0.0,0.0,0.0,0.0,0.0,0.0,0.0,0.0,0.0,0.0,0.0,0.0,0.0,0.0,0.0,0.0,0.0,0.0,0.0,0.0,0.0,0.0,0.0,0.0,0.0,0.0,0.0,0.0,0.0,0.0,0.0,0.0,0.0,0.0,0.0,0.0,0.0,0.0,0.0,0.0,0.0,0.0,0.0,0.0,0.0,0.0,0.0,0.0,0.0,0.0,0.0,0.0,0.0,0.0,0.0,0.0,0.0,0.0,0.0,0.0,0.0,0.0,0.0,0.0,0.0,0.0,0.0,0.0,0.0,0.0,0.0,0.0,0.0,0.0,0.0,0.0,0.0,0.0,0.0,0.0,0.0,0.0,0.0,0.0,0.0,0.0,0.0,0.0,0.0,0.0,0.0,0.0,0.0,0.0,0.0,0.0,0.0,0.0
0.0,0.0,0.0,0.0,0.0,0.0,0.0,0.0,0.0,0.0,0.0,0.0,0.0,0.0,0.0,0.0,0.0,0.0,0.0,0.0,0.0,0.0,0.0,0.0,0.0,0.0,0.0,0.0,0.0,0.0,0.0,0.0,0.0,0.0,0.0,0.0,0.0,0.0,0.0,0.0,0.0,0.0,0.0,0.0,0.0,0.0,0.0,0.0,0.0,0.0,0.0,0.0,0.0,0.0,0.0,0.0,0.0,0.0,0.0,0.0,0.0,0.0,0.0,0.0,0.0,0.0,0.0,0.0,0.0,0.0,0.0,0.0,0.0,0.0,0.0,0.0,0.0,0.0,0.0,0.0,0.0,0.0,0.0,0.0,0.0,0.0,0.0,0.0,0.0,0.0,0.0,0.0,0.0,0.0,0.0,0.0,0.0,0.0,0.0,0.0,0.0,0.0,0.0,0.0,0.0,0.0,0.0,0.0,0.0,0.0,0.0,0.0,0.0,0.0,0.0,0.0,0.0,0.0,0.0,0.0,0.0,0.0,0.0,0.0,0.0,0.0,0.0,0.0,0.0,0.0,0.0,0.0,0.0,0.0,0.0,0.0,0.0,0.0,0.0,0.0,0.0,0.0,0.0,0.0,0.0,0.0,0.0,0.0,0.0,0.0,0.0,0.0,0.0,0.0,0.0,0.0,0.0,0.0,0.0,0.0,0.0,0.0,0.0,0.0,0.0,0.0,0.0,0.0,0.0,0.0,0.0,0.0,0.0,0.0,0.0,0.0,0.0,0.0,0.0,0.0,0.0,0.0,0.0,0.0,0.0,0.0,0.0,0.0,0.0,0.0,0.0,0.0,0.0,0.0,0.0,0.0,0.0,0.0,0.0,0.0,0.0,0.0,0.0,0.0,0.0,0.0,0.0,0.0,0.0,0.0,0.0,0.0,0.0,0.0,0.0,0.0,0.0,0.0,0.0,0.0,0.0,0.0,0.0,0.0,0.0,0.0,0.0,0.0,0.0,0.0,0.0,0.0,0.0,0.0,0.0,0.0,0.0,0.0,0.0,0.0,0.0,0.0,0.0,0.0,0.0,0.0,0.0,0.0,0.0,0.0,0.0,0.0,0.0,0.0,0.0,0.0,0.0
0.0,0.0,0.0,0.0,0.0,0.0,0.0,0.0,0.0,0.0,0.0,0.0,0.0,0.0,0.0,0.0,0.0,0.0,0.0,0.0,0.0,0.0,0.0,0.0,0.0,0.0,0.0,0.0,0.0,0.0,0.0,0.0,0.0,0.0,0.0,0.0,0.0,0.0,0.0,0.0,0.0,0.0,0.0,0.0,0.0,0.0,0.0,0.0,0.0,0.0,0.0,0.0,0.0,0.0,0.0,0.0,0.0,0.0,0.0,0.0,0.0,0.0,0.0,0.0,0.0,0.0,0.0,0.0,0.0,0.0,0.0,0.0,0.0,0.0,0.0,0.0,0.0,0.0,0.0,0.0,0.0,0.0,0.0,0.0,0.0,0.0,0.0,0.0,0.0,0.0,0.0,0.0,0.0,0.0,0.0,0.0,0.0,0.0,0.0,0.0,0.0,0.0,0.0,0.0,0.0,0.0,0.0,0.0,0.0,0.0,0.0,0.0,0.0,0.0,0.0,0.0,0.0,0.0,0.0,0.0,0.0,0.0,0.0,0.0,0.0,0.0,0.0,0.0,0.0,0.0,0.0,0.0,0.0,0.0,0.0,0.0,0.0,0.0,0.0,0.0,0.0,0.0,0.0,0.0,0.0,0.0,0.0,0.0,0.0,0.0,0.0,0.0,0.0,0.0,0.0,0.0,0.0,0.0,0.0,0.0,0.0,0.0,0.0,0.0,0.0,0.0,0.0,0.0,0.0,0.0,0.0,0.0,0.0,0.0,0.0,0.0,0.0,0.0,0.0,0.0,0.0,0.0,0.0,0.0,0.0,0.0,0.0,0.0,0.0,0.0,0.0,0.0,0.0,0.0,0.0,0.0,0.0,0.0,0.0,0.0,0.0,0.0,0.0,0.0,0.0,0.0,0.0,0.0,0.0,0.0,0.0,0.0,0.0,0.0,0.0,0.0,0.0,0.0,0.0,0.0,0.0,0.0,0.0,0.0,0.0,0.0,0.0,0.0,0.0,0.0,0.0,0.0,0.0,0.0,0.0,0.0,0.0,0.0,0.0,0.0,0.0,0.0,0.0,0.0,0.0,0.0,0.0,0.0,0.0,0.0,0.0,0.0,0.0,0.0,0.0,0.0,0.0
0.0,0.0,0.0,0.0,0.0,0.0,0.0,0.0,0.0,0.0,0.0,0.0,0.0,0.0,0.0,0.0,0.0,0.0,0.0,0.0,0.0,0.0,0.0,0.0,0.0,0.0,0.0,0.0,0.0,0.0,0.0,0.0,0.0,0.0,0.0,0.0,0.0,0.0,0.0,0.0,0.0,0.0,0.0,0.0,0.0,0.0,0.0,0.0,0.0,0.0,0.0,0.0,0.0,0.0,0.0,0.0,0.0,0.0,0.0,0.0,0.0,0.0,0.0,0.0,0.0,0.0,0.0,0.0,0.0,0.0,0.0,0.0,0.0,0.0,0.0,0.0,0.0,0.0,0.0,0.0,0.0,0.0,0.0,0.0,0.0,0.0,0.0,0.0,0.0,0.0,0.0,0.0,0.0,0.0,0.0,0.0,0.0,0.0,0.0,0.0,0.0,0.0,0.0,0.0,0.0,0.0,0.0,0.0,0.0,0.0,0.0,0.0,0.0,0.0,0.0,0.0,0.0,0.0,0.0,0.0,0.0,0.0,0.0,0.0,0.0,0.0,0.0,0.0,0.0,0.0,0.0,0.0,0.0,0.0,0.0,0.0,0.0,0.0,0.0,0.0,0.0,0.0,0.0,0.0,0.0,0.0,0.0,0.0,0.0,0.0,0.0,0.0,0.0,0.0,0.0,0.0,0.0,0.0,0.0,0.0,0.0,0.0,0.0,0.0,0.0,0.0,0.0,0.0,0.0,0.0,0.0,0.0,0.0,0.0,0.0,0.0,0.0,0.0,0.0,0.0,0.0,0.0,0.0,0.0,0.0,0.0,0.0,0.0,0.0,0.0,0.0,0.0,0.0,0.0,0.0,0.0,0.0,0.0,0.0,0.0,0.0,0.0,0.0,0.0,0.0,0.0,0.0,0.0,0.0,0.0,0.0,0.0,0.0,0.0,0.0,0.0,0.0,0.0,0.0,0.0,0.0,0.0,0.0,0.0,0.0,0.0,0.0,0.0,0.0,0.0,0.0,0.0,0.0,0.0,0.0,0.0,0.0,0.0,0.0,0.0,0.0,0.0,0.0,0.0,0.0,0.0,0.0,0.0,0.0,0.0,0.0,0.0,0.0,0.0,0.0,0.0,0.0
0.0,0.0,0.0,0.0,0.0,0.0,0.0,0.0,0.0,0.0,0.0,0.0,0.0,0.0,0.0,0.0,0.0,0.0,0.0,0.0,0.0,0.0,0.0,0.0,0.0,0.0,0.0,0.0,0.0,0.0,0.0,0.0,0.0,0.0,0.0,0.0,0.0,0.0,0.0,0.0,0.0,0.0,0.0,0.0,0.0,0.0,0.0,0.0,0.0,0.0,0.0,0.0,0.0,0.0,0.0,0.0,0.0,0.0,0.0,0.0,0.0,0.0,0.0,0.0,0.0,0.0,0.0,0.0,0.0,0.0,0.0,0.0,0.0,0.0,0.0,0.0,0.0,0.0,0.0,0.0,0.0,0.0,0.0,0.0,0.0,0.0,0.0,0.0,0.0,0.0,0.0,0.0,0.0,0.0,0.0,0.0,0.0,0.0,0.0,0.0,0.0,0.0,0.0,0.0,0.0,0.0,0.0,0.0,0.0,0.0,0.0,0.0,0.0,0.0,0.0,0.0,0.0,0.0,0.0,0.0,0.0,0.0,0.0,0.0,0.0,0.0,0.0,0.0,0.0,0.0,0.0,0.0,0.0,0.0,0.0,0.0,0.0,0.0,0.0,0.0,0.0,0.0,0.0,0.0,0.0,0.0,0.0,0.0,0.0,0.0,0.0,0.0,0.0,0.0,0.0,0.0,0.0,0.0,0.0,0.0,0.0,0.0,0.0,0.0,0.0,0.0,0.0,0.0,0.0,0.0,0.0,0.0,0.0,0.0,0.0,0.0,0.0,0.0,0.0,0.0,0.0,0.0,0.0,0.0,0.0,0.0,0.0,0.0,0.0,0.0,0.0,0.0,0.0,0.0,0.0,0.0,0.0,0.0,0.0,0.0,0.0,0.0,0.0,0.0,0.0,0.0,0.0,0.0,0.0,0.0,0.0,0.0,0.0,0.0,0.0,0.0,0.0,0.0,0.0,0.0,0.0,0.0,0.0,0.0,0.0,0.0,0.0,0.0,0.0,0.0,0.0,0.0,0.0,0.0,0.0,0.0,0.0,0.0,0.0,0.0,0.0,0.0,0.0,0.0,0.0,0.0,0.0,0.0,0.0,0.0,0.0,0.0,0.0,0.0,0.0,0.0,0.0
0.0,0.0,0.0,0.0,0.0,0.0,0.0,0.0,0.0,0.0,0.0,0.0,0.0,0.0,0.0,0.0,0.0,0.0,0.0,0.0,0.0,0.0,0.0,0.0,0.0,0.0,0.0,0.0,0.0,0.0,0.0,0.0,0.0,0.0,0.0,0.0,0.0,0.0,0.0,0.0,0.0,0.0,0.0,0.0,0.0,0.0,0.0,0.0,0.0,0.0,0.0,0.0,0.0,0.0,0.0,0.0,0.0,0.0,0.0,0.0,0.0,0.0,0.0,0.0,0.0,0.0,0.0,0.0,0.0,0.0,0.0,0.0,0.0,0.0,0.0,0.0,0.0,0.0,0.0,0.0,0.0,0.0,0.0,0.0,0.0,0.0,0.0,0.0,0.0,0.0,0.0,0.0,0.0,0.0,0.0,0.0,0.0,0.0,0.0,0.0,0.0,0.0,0.0,0.0,0.0,0.0,0.0,0.0,0.0,0.0,0.0,0.0,0.0,0.0,0.0,0.0,0.0,0.0,0.0,0.0,0.0,0.0,0.0,0.0,0.0,0.0,0.0,0.0,0.0,0.0,0.0,0.0,0.0,0.0,0.0,0.0,0.0,0.0,0.0,0.0,0.0,0.0,0.0,0.0,0.0,0.0,0.0,0.0,0.0,0.0,0.0,0.0,0.0,0.0,0.0,0.0,0.0,0.0,0.0,0.0,0.0,0.0,0.0,0.0,0.0,0.0,0.0,0.0,0.0,0.0,0.0,0.0,0.0,0.0,0.0,0.0,0.0,0.0,0.0,0.0,0.0,0.0,0.0,0.0,0.0,0.0,0.0,0.0,0.0,0.0,0.0,0.0,0.0,0.0,0.0,0.0,0.0,0.0,0.0,0.0,0.0,0.0,0.0,0.0,0.0,0.0,0.0,0.0,0.0,0.0,0.0,0.0,0.0,0.0,0.0,0.0,0.0,0.0,0.0,0.0,0.0,0.0,0.0,0.0,0.0,0.0,0.0,0.0,0.0,0.0,0.0,0.0,0.0,0.0,0.0,0.0,0.0,0.0,0.0,0.0,0.0,0.0,0.0,0.0,0.0,0.0,0.0,0.0,0.0,0.0,0.0,0.0,0.0,0.0,0.0,0.0,0.0
0.0,0.0,0.0,0.0,0.0,0.0,0.0,0.0,0.0,0.0,0.0,0.0,0.0,0.0,0.0,0.0,0.0,0.0,0.0,0.0,0.0,0.0,0.0,0.0,0.0,0.0,0.0,0.0,0.0,0.0,0.0,0.0,0.0,0.0,0.0,0.0,0.0,0.0,0.0,0.0,0.0,0.0,0.0,0.0,0.0,0.0,0.0,0.0,0.0,0.0,0.0,0.0,0.0,0.0,0.0,0.0,0.0,0.0,0.0,0.0,0.0,0.0,0.0,0.0,0.0,0.0,0.0,0.0,0.0,0.0,0.0,0.0,0.0,0.0,0.0,0.0,0.0,0.0,0.0,0.0,0.0,0.0,0.0,0.0,0.0,0.0,0.0,0.0,0.0,0.0,0.0,0.0,0.0,0.0,0.0,0.0,0.0,0.0,0.0,0.0,0.0,0.0,0.0,0.0,0.0,0.0,0.0,0.0,0.0,0.0,0.0,0.0,0.0,0.0,0.0,0.0,0.0,0.0,0.0,0.0,0.0,0.0,0.0,0.0,0.0,0.0,0.0,0.0,0.0,0.0,0.0,0.0,0.0,0.0,0.0,0.0,0.0,0.0,0.0,0.0,0.0,0.0,0.0,0.0,0.0,0.0,0.0,0.0,0.0,0.0,0.0,0.0,0.0,0.0,0.0,0.0,0.0,0.0,0.0,0.0,0.0,0.0,0.0,0.0,0.0,0.0,0.0,0.0,0.0,0.0,0.0,0.0,0.0,0.0,0.0,0.0,0.0,0.0,0.0,0.0,0.0,0.0,0.0,0.0,0.0,0.0,0.0,0.0,0.0,0.0,0.0,0.0,0.0,0.0,0.0,0.0,0.0,0.0,0.0,0.0,0.0,0.0,0.0,0.0,0.0,0.0,0.0,0.0,0.0,0.0,0.0,0.0,0.0,0.0,0.0,0.0,0.0,0.0,0.0,0.0,0.0,0.0,0.0,0.0,0.0,0.0,0.0,0.0,0.0,0.0,0.0,0.0,0.0,0.0,0.0,0.0,0.0,0.0,0.0,0.0,0.0,0.0,0.0,0.0,0.0,0.0,0.0,0.0,0.0,0.0,0.0,0.0,0.0,0.0,0.0,0.0,0.0
0.0,0.0,0.0,0.0,0.0,0.0,0.0,0.0,0.0,0.0,0.0,0.0,0.0,0.0,0.0,0.0,0.0,0.0,0.0,0.0,0.0,0.0,0.0,0.0,0.0,0.0,0.0,0.0,0.0,0.0,0.0,0.0,0.0,0.0,0.0,0.0,0.0,0.0,0.0,0.0,0.0,0.0,0.0,0.0,0.0,0.0,0.0,0.0,0.0,0.0,0.0,0.0,0.0,0.0,0.0,0.0,0.0,0.0,0.0,0.0,0.0,0.0,0.0,0.0,0.0,0.0,0.0,0.0,0.0,0.0,0.0,0.0,0.0,0.0,0.0,0.0,0.0,0.0,0.0,0.0,0.0,0.0,0.0,0.0,0.0,0.0,0.0,0.0,0.0,0.0,0.0,0.0,0.0,0.0,0.0,0.0,0.0,0.0,0.0,0.0,0.0,0.0,0.0,0.0,0.0,0.0,0.0,0.0,0.0,0.0,0.0,0.0,0.0,0.0,0.0,0.0,0.0,0.0,0.0,0.0,0.0,0.0,0.0,0.0,0.0,0.0,0.0,0.0,0.0,0.0,0.0,0.0,0.0,0.0,0.0,0.0,0.0,0.0,0.0,0.0,0.0,0.0,0.0,0.0,0.0,0.0,0.0,0.0,0.0,0.0,0.0,0.0,0.0,0.0,0.0,0.0,0.0,0.0,0.0,0.0,0.0,0.0,0.0,0.0,0.0,0.0,0.0,0.0,0.0,0.0,0.0,0.0,0.0,0.0,0.0,0.0,0.0,0.0,0.0,0.0,0.0,0.0,0.0,0.0,0.0,0.0,0.0,0.0,0.0,0.0,0.0,0.0,0.0,0.0,0.0,0.0,0.0,0.0,0.0,0.0,0.0,0.0,0.0,0.0,0.0,0.0,0.0,0.0,0.0,0.0,0.0,0.0,0.0,0.0,0.0,0.0,0.0,0.0,0.0,0.0,0.0,0.0,0.0,0.0,0.0,0.0,0.0,0.0,0.0,0.0,0.0,0.0,0.0,0.0,0.0,0.0,0.0,0.0,0.0,0.0,0.0,0.0,0.0,0.0,0.0,0.0,0.0,0.0,0.0,0.0,0.0,0.0,0.0,0.0,0.0,0.0,0.0
0.0,0.0,0.0,0.0,0.0,0.0,0.0,0.0,0.0,0.0,0.0,0.0,0.0,0.0,0.0,0.0,0.0,0.0,0.0,0.0,0.0,0.0,0.0,0.0,0.0,0.0,0.0,0.0,0.0,0.0,0.0,0.0,0.0,0.0,0.0,0.0,0.0,0.0,0.0,0.0,0.0,0.0,0.0,0.0,0.0,0.0,0.0,0.0,0.0,0.0,0.0,0.0,0.0,0.0,0.0,0.0,0.0,0.0,0.0,0.0,0.0,0.0,0.0,0.0,0.0,0.0,0.0,0.0,0.0,0.0,0.0,0.0,0.0,0.0,0.0,0.0,0.0,0.0,0.0,0.0,0.0,0.0,0.0,0.0,0.0,0.0,0.0,0.0,0.0,0.0,0.0,0.0,0.0,0.0,0.0,0.0,0.0,0.0,0.0,0.0,0.0,0.0,0.0,0.0,0.0,0.0,0.0,0.0,0.0,0.0,0.0,0.0,0.0,0.0,0.0,0.0,0.0,0.0,0.0,0.0,0.0,0.0,0.0,0.0,0.0,0.0,0.0,0.0,0.0,0.0,0.0,0.0,0.0,0.0,0.0,0.0,0.0,0.0,0.0,0.0,0.0,0.0,0.0,0.0,0.0,0.0,0.0,0.0,0.0,0.0,0.0,0.0,0.0,0.0,0.0,0.0,0.0,0.0,0.0,0.0,0.0,0.0,0.0,0.0,0.0,0.0,0.0,0.0,0.0,0.0,0.0,0.0,0.0,0.0,0.0,0.0,0.0,0.0,0.0,0.0,0.0,0.0,0.0,0.0,0.0,0.0,0.0,0.0,0.0,0.0,0.0,0.0,0.0,0.0,0.0,0.0,0.0,0.0,0.0,0.0,0.0,0.0,0.0,0.0,0.0,0.0,0.0,0.0,0.0,0.0,0.0,0.0,0.0,0.0,0.0,0.0,0.0,0.0,0.0,0.0,0.0,0.0,0.0,0.0,0.0,0.0,0.0,0.0,0.0,0.0,0.0,0.0,0.0,0.0,0.0,0.0,0.0,0.0,0.0,0.0,0.0,0.0,0.0,0.0,0.0,0.0,0.0,0.0,0.0,0.0,0.0,0.0,0.0,0.0,0.0,0.0,0.0
0.0,0.0,0.0,0.0,0.0,0.0,0.0,0.0,0.0,0.0,0.0,0.0,0.0,0.0,0.0,0.0,0.0,0.0,0.0,0.0,0.0,0.0,0.0,0.0,0.0,0.0,0.0,0.0,0.0,0.0,0.0,0.0,0.0,0.0,0.0,0.0,0.0,0.0,0.0,0.0,0.0,0.0,0.0,0.0,0.0,0.0,0.0,0.0,0.0,0.0,0.0,0.0,0.0,0.0,0.0,0.0,0.0,0.0,0.0,0.0,0.0,0.0,0.0,0.0,0.0,0.0,0.0,0.0,0.0,0.0,0.0,0.0,0.0,0.0,0.0,0.0,0.0,0.0,0.0,0.0,0.0,0.0,0.0,0.0,0.0,0.0,0.0,0.0,0.0,0.0,0.0,0.0,0.0,0.0,0.0,0.0,0.0,0.0,0.0,0.0,0.0,0.0,0.0,0.0,0.0,0.0,0.0,0.0,0.0,0.0,0.0,0.0,0.0,0.0,0.0,0.0,0.0,0.0,0.0,0.0,0.0,0.0,0.0,0.0,0.0,0.0,0.0,0.0,0.0,0.0,0.0,0.0,0.0,0.0,0.0,0.0,0.0,0.0,0.0,0.0,0.0,0.0,0.0,0.0,0.0,0.0,0.0,0.0,0.0,0.0,0.0,0.0,0.0,0.0,0.0,0.0,0.0,0.0,0.0,0.0,0.0,0.0,0.0,0.0,0.0,0.0,0.0,0.0,0.0,0.0,0.0,0.0,0.0,0.0,0.0,0.0,0.0,0.0,0.0,0.0,0.0,0.0,0.0,0.0,0.0,0.0,0.0,0.0,0.0,0.0,0.0,0.0,0.0,0.0,0.0,0.0,0.0,0.0,0.0,0.0,0.0,0.0,0.0,0.0,0.0,0.0,0.0,0.0,0.0,0.0,0.0,0.0,0.0,0.0,0.0,0.0,0.0,0.0,0.0,0.0,0.0,0.0,0.0,0.0,0.0,0.0,0.0,0.0,0.0,0.0,0.0,0.0,0.0,0.0,0.0,0.0,0.0,0.0,0.0,0.0,0.0,0.0,0.0,0.0,0.0,0.0,0.0,0.0,0.0,0.0,0.0,0.0,0.0,0.0,0.0,0.0,0.0
0.0,0.0,0.0,0.0,0.0,0.0,0.0,0.0,0.0,0.0,0.0,0.0,0.0,0.0,0.0,0.0,0.0,0.0,0.0,0.0,0.0,0.0,0.0,0.0,0.0,0.0,0.0,0.0,0.0,0.0,0.0,0.0,0.0,0.0,0.0,0.0,0.0,0.0,0.0,0.0,0.0,0.0,0.0,0.0,0.0,0.0,0.0,0.0,0.0,0.0,0.0,0.0,0.0,0.0,0.0,0.0,0.0,0.0,0.0,0.0,0.0,0.0,0.0,0.0,0.0,0.0,0.0,0.0,0.0,0.0,0.0,0.0,0.0,0.0,0.0,0.0,0.0,0.0,0.0,0.0,0.0,0.0,0.0,0.0,0.0,0.0,0.0,0.0,0.0,0.0,0.0,0.0,0.0,0.0,0.0,0.0,0.0,0.0,0.0,0.0,0.0,0.0,0.0,0.0,0.0,0.0,0.0,0.0,0.0,0.0,0.0,0.0,0.0,0.0,0.0,0.0,0.0,0.0,0.0,0.0,0.0,0.0,0.0,0.0,0.0,0.0,0.0,0.0,0.0,0.0,0.0,0.0,0.0,0.0,0.0,0.0,0.0,0.0,0.0,0.0,0.0,0.0,0.0,0.0,0.0,0.0,0.0,0.0,0.0,0.0,0.0,0.0,0.0,0.0,0.0,0.0,0.0,0.0,0.0,0.0,0.0,0.0,0.0,0.0,0.0,0.0,0.0,0.0,0.0,0.0,0.0,0.0,0.0,0.0,0.0,0.0,0.0,0.0,0.0,0.0,0.0,0.0,0.0,0.0,0.0,0.0,0.0,0.0,0.0,0.0,0.0,0.0,0.0,0.0,0.0,0.0,0.0,0.0,0.0,0.0,0.0,0.0,0.0,0.0,0.0,0.0,0.0,0.0,0.0,0.0,0.0,0.0,0.0,0.0,0.0,0.0,0.0,0.0,0.0,0.0,0.0,0.0,0.0,0.0,0.0,0.0,0.0,0.0,0.0,0.0,0.0,0.0,0.0,0.0,0.0,0.0,0.0,0.0,0.0,0.0,0.0,0.0,0.0,0.0,0.0,0.0,0.0,0.0,0.0,0.0,0.0,0.0,0.0,0.0,0.0,0.0,0.0
0.0,0.0,0.0,0.0,0.0,0.0,0.0,0.0,0.0,0.0,0.0,0.0,0.0,0.0,0.0,0.0,0.0,0.0,0.0,0.0,0.0,0.0,0.0,0.0,0.0,0.0,0.0,0.0,0.0,0.0,0.0,0.0,0.0,0.0,0.0,0.0,0.0,0.0,0.0,0.0,0.0,0.0,0.0,0.0,0.0,0.0,0.0,0.0,0.0,0.0,0.0,0.0,0.0,0.0,0.0,0.0,0.0,0.0,0.0,0.0,0.0,0.0,0.0,0.0,0.0,0.0,0.0,0.0,0.0,0.0,0.0,0.0,0.0,0.0,0.0,0.0,0.0,0.0,0.0,0.0,0.0,0.0,0.0,0.0,0.0,0.0,0.0,0.0,0.0,0.0,0.0,0.0,0.0,0.0,0.0,0.0,0.0,0.0,0.0,0.0,0.0,0.0,0.0,0.0,0.0,0.0,0.0,0.0,0.0,0.0,0.0,0.0,0.0,0.0,0.0,0.0,0.0,0.0,0.0,0.0,0.0,0.0,0.0,0.0,0.0,0.0,0.0,0.0,0.0,0.0,0.0,0.0,0.0,0.0,0.0,0.0,0.0,0.0,0.0,0.0,0.0,0.0,0.0,0.0,0.0,0.0,0.0,0.0,0.0,0.0,0.0,0.0,0.0,0.0,0.0,0.0,0.0,0.0,0.0,0.0,0.0,0.0,0.0,0.0,0.0,0.0,0.0,0.0,0.0,0.0,0.0,0.0,0.0,0.0,0.0,0.0,0.0,0.0,0.0,0.0,0.0,0.0,0.0,0.0,0.0,0.0,0.0,0.0,0.0,0.0,0.0,0.0,0.0,0.0,0.0,0.0,0.0,0.0,0.0,0.0,0.0,0.0,0.0,0.0,0.0,0.0,0.0,0.0,0.0,0.0,0.0,0.0,0.0,0.0,0.0,0.0,0.0,0.0,0.0,0.0,0.0,0.0,0.0,0.0,0.0,0.0,0.0,0.0,0.0,0.0,0.0,0.0,0.0,0.0,0.0,0.0,0.0,0.0,0.0,0.0,0.0,0.0,0.0,0.0,0.0,0.0,0.0,0.0,0.0,0.0,0.0,0.0,0.0,0.0,0.0,0.0,0.0
0.0,0.0,0.0,0.0,0.0,0.0,0.0,0.0,0.0,0.0,0.0,0.0,0.0,0.0,0.0,0.0,0.0,0.0,0.0,0.0,0.0,0.0,0.0,0.0,0.0,0.0,0.0,0.0,0.0,0.0,0.0,0.0,0.0,0.0,0.0,0.0,0.0,0.0,0.0,0.0,0.0,0.0,0.0,0.0,0.0,0.0,0.0,0.0,0.0,0.0,0.0,0.0,0.0,0.0,0.0,0.0,0.0,0.0,0.0,0.0,0.0,0.0,0.0,0.0,0.0,0.0,0.0,0.0,0.0,0.0,0.0,0.0,0.0,0.0,0.0,0.0,0.0,0.0,0.0,0.0,0.0,0.0,0.0,0.0,0.0,0.0,0.0,0.0,0.0,0.0,0.0,0.0,0.0,0.0,0.0,0.0,0.0,0.0,0.0,0.0,0.0,0.0,0.0,0.0,0.0,0.0,0.0,0.0,0.0,0.0,0.0,0.0,0.0,0.0,0.0,0.0,0.0,0.0,0.0,0.0,0.0,0.0,0.0,0.0,0.0,0.0,0.0,0.0,0.0,0.0,0.0,0.0,0.0,0.0,0.0,0.0,0.0,0.0,0.0,0.0,0.0,0.0,0.0,0.0,0.0,0.0,0.0,0.0,0.0,0.0,0.0,0.0,0.0,0.0,0.0,0.0,0.0,0.0,0.0,0.0,0.0,0.0,0.0,0.0,0.0,0.0,0.0,0.0,0.0,0.0,0.0,0.0,0.0,0.0,0.0,0.0,0.0,0.0,0.0,0.0,0.0,0.0,0.0,0.0,0.0,0.0,0.0,0.0,0.0,0.0,0.0,0.0,0.0,0.0,0.0,0.0,0.0,0.0,0.0,0.0,0.0,0.0,0.0,0.0,0.0,0.0,0.0,0.0,0.0,0.0,0.0,0.0,0.0,0.0,0.0,0.0,0.0,0.0,0.0,0.0,0.0,0.0,0.0,0.0,0.0,0.0,0.0,0.0,0.0,0.0,0.0,0.0,0.0,0.0,0.0,0.0,0.0,0.0,0.0,0.0,0.0,0.0,0.0,0.0,0.0,0.0,0.0,0.0,0.0,0.0,0.0,0.0,0.0,0.0,0.0,0.0,0.0
0.0,0.0,0.0,0.0,0.0,0.0,0.0,0.0,0.0,0.0,0.0,0.0,0.0,0.0,0.0,0.0,0.0,0.0,0.0,0.0,0.0,0.0,0.0,0.0,0.0,0.0,0.0,0.0,0.0,0.0,0.0,0.0,0.0,0.0,0.0,0.0,0.0,0.0,0.0,0.0,0.0,0.0,0.0,0.0,0.0,0.0,0.0,0.0,0.0,0.0,0.0,0.0,0.0,0.0,0.0,0.0,0.0,0.0,0.0,0.0,0.0,0.0,0.0,0.0,0.0,0.0,0.0,0.0,0.0,0.0,0.0,0.0,0.0,0.0,0.0,0.0,0.0,0.0,0.0,0.0,0.0,0.0,0.0,0.0,0.0,0.0,0.0,0.0,0.0,0.0,0.0,0.0,0.0,0.0,0.0,0.0,0.0,0.0,0.0,0.0,0.0,0.0,0.0,0.0,0.0,0.0,0.0,0.0,0.0,0.0,0.0,0.0,0.0,0.0,0.0,0.0,0.0,0.0,0.0,0.0,0.0,0.0,0.0,0.0,0.0,0.0,0.0,0.0,0.0,0.0,0.0,0.0,0.0,0.0,0.0,0.0,0.0,0.0,0.0,0.0,0.0,0.0,0.0,0.0,0.0,0.0,0.0,0.0,0.0,0.0,0.0,0.0,0.0,0.0,0.0,0.0,0.0,0.0,0.0,0.0,0.0,0.0,0.0,0.0,0.0,0.0,0.0,0.0,0.0,0.0,0.0,0.0,0.0,0.0,0.0,0.0,0.0,0.0,0.0,0.0,0.0,0.0,0.0,0.0,0.0,0.0,0.0,0.0,0.0,0.0,0.0,0.0,0.0,0.0,0.0,0.0,0.0,0.0,0.0,0.0,0.0,0.0,0.0,0.0,0.0,0.0,0.0,0.0,0.0,0.0,0.0,0.0,0.0,0.0,0.0,0.0,0.0,0.0,0.0,0.0,0.0,0.0,0.0,0.0,0.0,0.0,0.0,0.0,0.0,0.0,0.0,0.0,0.0,0.0,0.0,0.0,0.0,0.0,0.0,0.0,0.0,0.0,0.0,0.0,0.0,0.0,0.0,0.0,0.0,0.0,0.0,0.0,0.0,0.0,0.0,0.0,0.0
0.0,0.0,0.0,0.0,0.0,0.0,0.0,0.0,0.0,0.0,0.0,0.0,0.0,0.0,0.0,0.0,0.0,0.0,0.0,0.0,0.0,0.0,0.0,0.0,0.0,0.0,0.0,0.0,0.0,0.0,0.0,0.0,0.0,0.0,0.0,0.0,0.0,0.0,0.0,0.0,0.0,0.0,0.0,0.0,0.0,0.0,0.0,0.0,0.0,0.0,0.0,0.0,0.0,0.0,0.0,0.0,0.0,0.0,0.0,0.0,0.0,0.0,0.0,0.0,0.0,0.0,0.0,0.0,0.0,0.0,0.0,0.0,0.0,0.0,0.0,0.0,0.0,0.0,0.0,0.0,0.0,0.0,0.0,0.0,0.0,0.0,0.0,0.0,0.0,0.0,0.0,0.0,0.0,0.0,0.0,0.0,0.0,0.0,0.0,0.0,0.0,0.0,0.0,0.0,0.0,0.0,0.0,0.0,0.0,0.0,0.0,0.0,0.0,0.0,0.0,0.0,0.0,0.0,0.0,0.0,0.0,0.0,0.0,0.0,0.0,0.0,0.0,0.0,0.0,0.0,0.0,0.0,0.0,0.0,0.0,0.0,0.0,0.0,0.0,0.0,0.0,0.0,0.0,0.0,0.0,0.0,0.0,0.0,0.0,0.0,0.0,0.0,0.0,0.0,0.0,0.0,0.0,0.0,0.0,0.0,0.0,0.0,0.0,0.0,0.0,0.0,0.0,0.0,0.0,0.0,0.0,0.0,0.0,0.0,0.0,0.0,0.0,0.0,0.0,0.0,0.0,0.0,0.0,0.0,0.0,0.0,0.0,0.0,0.0,0.0,0.0,0.0,0.0,0.0,0.0,0.0,0.0,0.0,0.0,0.0,0.0,0.0,0.0,0.0,0.0,0.0,0.0,0.0,0.0,0.0,0.0,0.0,0.0,0.0,0.0,0.0,0.0,0.0,0.0,0.0,0.0,0.0,0.0,0.0,0.0,0.0,0.0,0.0,0.0,0.0,0.0,0.0,0.0,0.0,0.0,0.0,0.0,0.0,0.0,0.0,0.0,0.0,0.0,0.0,0.0,0.0,0.0,0.0,0.0,0.0,0.0,0.0,0.0,0.0,0.0,0.0,0.0
0.0,0.0,0.0,0.0,0.0,0.0,0.0,0.0,0.0,0.0,0.0,0.0,0.0,0.0,0.0,0.0,0.0,0.0,0.0,0.0,0.0,0.0,0.0,0.0,0.0,0.0,0.0,0.0,0.0,0.0,0.0,0.0,0.0,0.0,0.0,0.0,0.0,0.0,0.0,0.0,0.0,0.0,0.0,0.0,0.0,0.0,0.0,0.0,0.0,0.0,0.0,0.0,0.0,0.0,0.0,0.0,0.0,0.0,0.0,0.0,0.0,0.0,0.0,0.0,0.0,0.0,0.0,0.0,0.0,0.0,0.0,0.0,0.0,0.0,0.0,0.0,0.0,0.0,0.0,0.0,0.0,0.0,0.0,0.0,0.0,0.0,0.0,0.0,0.0,0.0,0.0,0.0,0.0,0.0,0.0,0.0,0.0,0.0,0.0,0.0,0.0,0.0,0.0,0.0,0.0,0.0,0.0,0.0,0.0,0.0,0.0,0.0,0.0,0.0,0.0,0.0,0.0,0.0,0.0,0.0,0.0,0.0,0.0,0.0,0.0,0.0,0.0,0.0,0.0,0.0,0.0,0.0,0.0,0.0,0.0,0.0,0.0,0.0,0.0,0.0,0.0,0.0,0.0,0.0,0.0,0.0,0.0,0.0,0.0,0.0,0.0,0.0,0.0,0.0,0.0,0.0,0.0,0.0,0.0,0.0,0.0,0.0,0.0,0.0,0.0,0.0,0.0,0.0,0.0,0.0,0.0,0.0,0.0,0.0,0.0,0.0,0.0,0.0,0.0,0.0,0.0,0.0,0.0,0.0,0.0,0.0,0.0,0.0,0.0,0.0,0.0,0.0,0.0,0.0,0.0,0.0,0.0,0.0,0.0,0.0,0.0,0.0,0.0,0.0,0.0,0.0,0.0,0.0,0.0,0.0,0.0,0.0,0.0,0.0,0.0,0.0,0.0,0.0,0.0,0.0,0.0,0.0,0.0,0.0,0.0,0.0,0.0,0.0,0.0,0.0,0.0,0.0,0.0,0.0,0.0,0.0,0.0,0.0,0.0,0.0,0.0,0.0,0.0,0.0,0.0,0.0,0.0,0.0,0.0,0.0,0.0,0.0,0.0,0.0,0.0,0.0,0.0
0.0,0.0,0.0,0.0,0.0,0.0,0.0,0.0,0.0,0.0,0.0,0.0,0.0,0.0,0.0,0.0,0.0,0.0,0.0,0.0,0.0,0.0,0.0,0.0,0.0,0.0,0.0,0.0,0.0,0.0,0.0,0.0,0.0,0.0,0.0,0.0,0.0,0.0,0.0,0.0,0.0,0.0,0.0,0.0,0.0,0.0,0.0,0.0,0.0,0.0,0.0,0.0,0.0,0.0,0.0,0.0,0.0,0.0,0.0,0.0,0.0,0.0,0.0,0.0,0.0,0.0,0.0,0.0,0.0,0.0,0.0,0.0,0.0,0.0,0.0,0.0,0.0,0.0,0.0,0.0,0.0,0.0,0.0,0.0,0.0,0.0,0.0,0.0,0.0,0.0,0.0,0.0,0.0,0.0,0.0,0.0,0.0,0.0,0.0,0.0,0.0,0.0,0.0,0.0,0.0,0.0,0.0,0.0,0.0,0.0,0.0,0.0,0.0,0.0,0.0,0.0,0.0,0.0,0.0,0.0,0.0,0.0,0.0,0.0,0.0,0.0,0.0,0.0,0.0,0.0,0.0,0.0,0.0,0.0,0.0,0.0,0.0,0.0,0.0,0.0,0.0,0.0,0.0,0.0,0.0,0.0,0.0,0.0,0.0,0.0,0.0,0.0,0.0,0.0,0.0,0.0,0.0,0.0,0.0,0.0,0.0,0.0,0.0,0.0,0.0,0.0,0.0,0.0,0.0,0.0,0.0,0.0,0.0,0.0,0.0,0.0,0.0,0.0,0.0,0.0,0.0,0.0,0.0,0.0,0.0,0.0,0.0,0.0,0.0,0.0,0.0,0.0,0.0,0.0,0.0,0.0,0.0,0.0,0.0,0.0,0.0,0.0,0.0,0.0,0.0,0.0,0.0,0.0,0.0,0.0,0.0,0.0,0.0,0.0,0.0,0.0,0.0,0.0,0.0,0.0,0.0,0.0,0.0,0.0,0.0,0.0,0.0,0.0,0.0,0.0,0.0,0.0,0.0,0.0,0.0,0.0,0.0,0.0,0.0,0.0,0.0,0.0,0.0,0.0,0.0,0.0,0.0,0.0,0.0,0.0,0.0,0.0,0.0,0.0,0.0,0.0,0.0
0.0,0.0,0.0,0.0,0.0,0.0,0.0,0.0,0.0,0.0,0.0,0.0,0.0,0.0,0.0,0.0,0.0,0.0,0.0,0.0,0.0,0.0,0.0,0.0,0.0,0.0,0.0,0.0,0.0,0.0,0.0,0.0,0.0,0.0,0.0,0.0,0.0,0.0,0.0,0.0,0.0,0.0,0.0,0.0,0.0,0.0,0.0,0.0,0.0,0.0,0.0,0.0,0.0,0.0,0.0,0.0,0.0,0.0,0.0,0.0,0.0,0.0,0.0,0.0,0.0,0.0,0.0,0.0,0.0,0.0,0.0,0.0,0.0,0.0,0.0,0.0,0.0,0.0,0.0,0.0,0.0,0.0,0.0,0.0,0.0,0.0,0.0,0.0,0.0,0.0,0.0,0.0,0.0,0.0,0.0,0.0,0.0,0.0,0.0,0.0,0.0,0.0,0.0,0.0,0.0,0.0,0.0,0.0,0.0,0.0,0.0,0.0,0.0,0.0,0.0,0.0,0.0,0.0,0.0,0.0,0.0,0.0,0.0,0.0,0.0,0.0,0.0,0.0,0.0,0.0,0.0,0.0,0.0,0.0,0.0,0.0,0.0,0.0,0.0,0.0,0.0,0.0,0.0,0.0,0.0,0.0,0.0,0.0,0.0,0.0,0.0,0.0,0.0,0.0,0.0,0.0,0.0,0.0,0.0,0.0,0.0,0.0,0.0,0.0,0.0,0.0,0.0,0.0,0.0,0.0,0.0,0.0,0.0,0.0,0.0,0.0,0.0,0.0,0.0,0.0,0.0,0.0,0.0,0.0,0.0,0.0,0.0,0.0,0.0,0.0,0.0,0.0,0.0,0.0,0.0,0.0,0.0,0.0,0.0,0.0,0.0,0.0,0.0,0.0,0.0,0.0,0.0,0.0,0.0,0.0,0.0,0.0,0.0,0.0,0.0,0.0,0.0,0.0,0.0,0.0,0.0,0.0,0.0,0.0,0.0,0.0,0.0,0.0,0.0,0.0,0.0,0.0,0.0,0.0,0.0,0.0,0.0,0.0,0.0,0.0,0.0,0.0,0.0,0.0,0.0,0.0,0.0,0.0,0.0,0.0,0.0,0.0,0.0,0.0,0.0,0.0,0.0
0.0,0.0,0.0,0.0,0.0,0.0,0.0,0.0,0.0,0.0,0.0,0.0,0.0,0.0,0.0,0.0,0.0,0.0,0.0,0.0,0.0,0.0,0.0,0.0,0.0,0.0,0.0,0.0,0.0,0.0,0.0,0.0,0.0,0.0,0.0,0.0,0.0,0.0,0.0,0.0,0.0,0.0,0.0,0.0,0.0,0.0,0.0,0.0,0.0,0.0,0.0,0.0,0.0,0.0,0.0,0.0,0.0,0.0,0.0,0.0,0.0,0.0,0.0,0.0,0.0,0.0,0.0,0.0,0.0,0.0,0.0,0.0,0.0,0.0,0.0,0.0,0.0,0.0,0.0,0.0,0.0,0.0,0.0,0.0,0.0,0.0,0.0,0.0,0.0,0.0,0.0,0.0,0.0,0.0,0.0,0.0,0.0,0.0,0.0,0.0,0.0,0.0,0.0,0.0,0.0,0.0,0.0,0.0,0.0,0.0,0.0,0.0,0.0,0.0,0.0,0.0,0.0,0.0,0.0,0.0,0.0,0.0,0.0,0.0,0.0,0.0,0.0,0.0,0.0,0.0,0.0,0.0,0.0,0.0,0.0,0.0,0.0,0.0,0.0,0.0,0.0,0.0,0.0,0.0,0.0,0.0,0.0,0.0,0.0,0.0,0.0,0.0,0.0,0.0,0.0,0.0,0.0,0.0,0.0,0.0,0.0,0.0,0.0,0.0,0.0,0.0,0.0,0.0,0.0,0.0,0.0,0.0,0.0,0.0,0.0,0.0,0.0,0.0,0.0,0.0,0.0,0.0,0.0,0.0,0.0,0.0,0.0,0.0,0.0,0.0,0.0,0.0,0.0,0.0,0.0,0.0,0.0,0.0,0.0,0.0,0.0,0.0,0.0,0.0,0.0,0.0,0.0,0.0,0.0,0.0,0.0,0.0,0.0,0.0,0.0,0.0,0.0,0.0,0.0,0.0,0.0,0.0,0.0,0.0,0.0,0.0,0.0,0.0,0.0,0.0,0.0,0.0,0.0,0.0,0.0,0.0,0.0,0.0,0.0,0.0,0.0,0.0,0.0,0.0,0.0,0.0,0.0,0.0,0.0,0.0,0.0,0.0,0.0,0.0,0.0,0.0,0.0
0.0,0.0,0.0,0.0,0.0,0.0,0.0,0.0,0.0,0.0,0.0,0.0,0.0,0.0,0.0,0.0,0.0,0.0,0.0,0.0,0.0,0.0,0.0,0.0,0.0,0.0,0.0,0.0,0.0,0.0,0.0,0.0,0.0,0.0,0.0,0.0,0.0,0.0,0.0,0.0,0.0,0.0,0.0,0.0,0.0,0.0,0.0,0.0,0.0,0.0,0.0,0.0,0.0,0.0,0.0,0.0,0.0,0.0,0.0,0.0,0.0,0.0,0.0,0.0,0.0,0.0,0.0,0.0,0.0,0.0,0.0,0.0,0.0,0.0,0.0,0.0,0.0,0.0,0.0,0.0,0.0,0.0,0.0,0.0,0.0,0.0,0.0,0.0,0.0,0.0,0.0,0.0,0.0,0.0,0.0,0.0,0.0,0.0,0.0,0.0,0.0,0.0,0.0,0.0,0.0,0.0,0.0,0.0,0.0,0.0,0.0,0.0,0.0,0.0,0.0,0.0,0.0,0.0,0.0,0.0,0.0,0.0,0.0,0.0,0.0,0.0,0.0,0.0,0.0,0.0,0.0,0.0,0.0,0.0,0.0,0.0,0.0,0.0,0.0,0.0,0.0,0.0,0.0,0.0,0.0,0.0,0.0,0.0,0.0,0.0,0.0,0.0,0.0,0.0,0.0,0.0,0.0,0.0,0.0,0.0,0.0,0.0,0.0,0.0,0.0,0.0,0.0,0.0,0.0,0.0,0.0,0.0,0.0,0.0,0.0,0.0,0.0,0.0,0.0,0.0,0.0,0.0,0.0,0.0,0.0,0.0,0.0,0.0,0.0,0.0,0.0,0.0,0.0,0.0,0.0,0.0,0.0,0.0,0.0,0.0,0.0,0.0,0.0,0.0,0.0,0.0,0.0,0.0,0.0,0.0,0.0,0.0,0.0,0.0,0.0,0.0,0.0,0.0,0.0,0.0,0.0,0.0,0.0,0.0,0.0,0.0,0.0,0.0,0.0,0.0,0.0,0.0,0.0,0.0,0.0,0.0,0.0,0.0,0.0,0.0,0.0,0.0,0.0,0.0,0.0,0.0,0.0,0.0,0.0,0.0,0.0,0.0,0.0,0.0,0.0,0.0,0.0
0.0,0.0,0.0,0.0,0.0,0.0,0.0,0.0,0.0,0.0,0.0,0.0,0.0,0.0,0.0,0.0,0.0,0.0,0.0,0.0,0.0,0.0,0.0,0.0,0.0,0.0,0.0,0.0,0.0,0.0,0.0,0.0,0.0,0.0,0.0,0.0,0.0,0.0,0.0,0.0,0.0,0.0,0.0,0.0,0.0,0.0,0.0,0.0,0.0,0.0,0.0,0.0,0.0,0.0,0.0,0.0,0.0,0.0,0.0,0.0,0.0,0.0,0.0,0.0,0.0,0.0,0.0,0.0,0.0,0.0,0.0,0.0,0.0,0.0,0.0,0.0,0.0,0.0,0.0,0.0,0.0,0.0,0.0,0.0,0.0,0.0,0.0,0.0,0.0,0.0,0.0,0.0,0.0,0.0,0.0,0.0,0.0,0.0,0.0,0.0,0.0,0.0,0.0,0.0,0.0,0.0,0.0,0.0,0.0,0.0,0.0,0.0,0.0,0.0,0.0,0.0,0.0,0.0,0.0,0.0,0.0,0.0,0.0,0.0,0.0,0.0,0.0,0.0,0.0,0.0,0.0,0.0,0.0,0.0,0.0,0.0,0.0,0.0,0.0,0.0,0.0,0.0,0.0,0.0,0.0,0.0,0.0,0.0,0.0,0.0,0.0,0.0,0.0,0.0,0.0,0.0,0.0,0.0,0.0,0.0,0.0,0.0,0.0,0.0,0.0,0.0,0.0,0.0,0.0,0.0,0.0,0.0,0.0,0.0,0.0,0.0,0.0,0.0,0.0,0.0,0.0,0.0,0.0,0.0,0.0,0.0,0.0,0.0,0.0,0.0,0.0,0.0,0.0,0.0,0.0,0.0,0.0,0.0,0.0,0.0,0.0,0.0,0.0,0.0,0.0,0.0,0.0,0.0,0.0,0.0,0.0,0.0,0.0,0.0,0.0,0.0,0.0,0.0,0.0,0.0,0.0,0.0,0.0,0.0,0.0,0.0,0.0,0.0,0.0,0.0,0.0,0.0,0.0,0.0,0.0,0.0,0.0,0.0,0.0,0.0,0.0,0.0,0.0,0.0,0.0,0.0,0.0,0.0,0.0,0.0,0.0,0.0,0.0,0.0,0.0,0.0,0.0
0.0,0.0,0.0,0.0,0.0,0.0,0.0,0.0,0.0,0.0,0.0,0.0,0.0,0.0,0.0,0.0,0.0,0.0,0.0,0.0,0.0,0.0,0.0,0.0,0.0,0.0,0.0,0.0,0.0,0.0,0.0,0.0,0.0,0.0,0.0,0.0,0.0,0.0,0.0,0.0,0.0,0.0,0.0,0.0,0.0,0.0,0.0,0.0,0.0,0.0,0.0,0.0,0.0,0.0,0.0,0.0,0.0,0.0,0.0,0.0,0.0,0.0,0.0,0.0,0.0,0.0,0.0,0.0,0.0,0.0,0.0,0.0,0.0,0.0,0.0,0.0,0.0,0.0,0.0,0.0,0.0,0.0,0.0,0.0,0.0,0.0,0.0,0.0,0.0,0.0,0.0,0.0,0.0,0.0,0.0,0.0,0.0,0.0,0.0,0.0,0.0,0.0,0.0,0.0,0.0,0.0,0.0,0.0,0.0,0.0,0.0,0.0,0.0,0.0,0.0,0.0,0.0,0.0,0.0,0.0,0.0,0.0,0.0,0.0,0.0,0.0,0.0,0.0,0.0,0.0,0.0,0.0,0.0,0.0,0.0,0.0,0.0,0.0,0.0,0.0,0.0,0.0,0.0,0.0,0.0,0.0,0.0,0.0,0.0,0.0,0.0,0.0,0.0,0.0,0.0,0.0,0.0,0.0,0.0,0.0,0.0,0.0,0.0,0.0,0.0,0.0,0.0,0.0,0.0,0.0,0.0,0.0,0.0,0.0,0.0,0.0,0.0,0.0,0.0,0.0,0.0,0.0,0.0,0.0,0.0,0.0,0.0,0.0,0.0,0.0,0.0,0.0,0.0,0.0,0.0,0.0,0.0,0.0,0.0,0.0,0.0,0.0,0.0,0.0,0.0,0.0,0.0,0.0,0.0,0.0,0.0,0.0,0.0,0.0,0.0,0.0,0.0,0.0,0.0,0.0,0.0,0.0,0.0,0.0,0.0,0.0,0.0,0.0,0.0,0.0,0.0,0.0,0.0,0.0,0.0,0.0,0.0,0.0,0.0,0.0,0.0,0.0,0.0,0.0,0.0,0.0,0.0,0.0,0.0,0.0,0.0,0.0,0.0,0.0,0.0,0.0,0.0
0.0,0.0,0.0,0.0,0.0,0.0,0.0,0.0,0.0,0.0,0.0,0.0,0.0,0.0,0.0,0.0,0.0,0.0,0.0,0.0,0.0,0.0,0.0,0.0,0.0,0.0,0.0,0.0,0.0,0.0,0.0,0.0,0.0,0.0,0.0,0.0,0.0,0.0,0.0,0.0,0.0,0.0,0.0,0.0,0.0,0.0,0.0,0.0,0.0,0.0,0.0,0.0,0.0,0.0,0.0,0.0,0.0,0.0,0.0,0.0,0.0,0.0,0.0,0.0,0.0,0.0,0.0,0.0,0.0,0.0,0.0,0.0,0.0,0.0,0.0,0.0,0.0,0.0,0.0,0.0,0.0,0.0,0.0,0.0,0.0,0.0,0.0,0.0,0.0,0.0,0.0,0.0,0.0,0.0,0.0,0.0,0.0,0.0,0.0,0.0,0.0,0.0,0.0,0.0,0.0,0.0,0.0,0.0,0.0,0.0,0.0,0.0,0.0,0.0,0.0,0.0,0.0,0.0,0.0,0.0,0.0,0.0,0.0,0.0,0.0,0.0,0.0,0.0,0.0,0.0,0.0,0.0,0.0,0.0,0.0,0.0,0.0,0.0,0.0,0.0,0.0,0.0,0.0,0.0,0.0,0.0,0.0,0.0,0.0,0.0,0.0,0.0,0.0,0.0,0.0,0.0,0.0,0.0,0.0,0.0,0.0,0.0,0.0,0.0,0.0,0.0,0.0,0.0,0.0,0.0,0.0,0.0,0.0,0.0,0.0,0.0,0.0,0.0,0.0,0.0,0.0,0.0,0.0,0.0,0.0,0.0,0.0,0.0,0.0,0.0,0.0,0.0,0.0,0.0,0.0,0.0,0.0,0.0,0.0,0.0,0.0,0.0,0.0,0.0,0.0,0.0,0.0,0.0,0.0,0.0,0.0,0.0,0.0,0.0,0.0,0.0,0.0,0.0,0.0,0.0,0.0,0.0,0.0,0.0,0.0,0.0,0.0,0.0,0.0,0.0,0.0,0.0,0.0,0.0,0.0,0.0,0.0,0.0,0.0,0.0,0.0,0.0,0.0,0.0,0.0,0.0,0.0,0.0,0.0,0.0,0.0,0.0,0.0,0.0,0.0,0.0,0.0
0.0,0.0,0.0,0.0,0.0,0.0,0.0,0.0,0.0,0.0,0.0,0.0,0.0,0.0,0.0,0.0,0.0,0.0,0.0,0.0,0.0,0.0,0.0,0.0,0.0,0.0,0.0,0.0,0.0,0.0,0.0,0.0,0.0,0.0,0.0,0.0,0.0,0.0,0.0,0.0,0.0,0.0,0.0,0.0,0.0,0.0,0.0,0.0,0.0,0.0,0.0,0.0,0.0,0.0,0.0,0.0,0.0,0.0,0.0,0.0,0.0,0.0,0.0,0.0,0.0,0.0,0.0,0.0,0.0,0.0,0.0,0.0,0.0,0.0,0.0,0.0,0.0,0.0,0.0,0.0,0.0,0.0,0.0,0.0,0.0,0.0,0.0,0.0,0.0,0.0,0.0,0.0,0.0,0.0,0.0,0.0,0.0,0.0,0.0,0.0,0.0,0.0,0.0,0.0,0.0,0.0,0.0,0.0,0.0,0.0,0.0,0.0,0.0,0.0,0.0,0.0,0.0,0.0,0.0,0.0,0.0,0.0,0.0,0.0,0.0,0.0,0.0,0.0,0.0,0.0,0.0,0.0,0.0,0.0,0.0,0.0,0.0,0.0,0.0,0.0,0.0,0.0,0.0,0.0,0.0,0.0,0.0,0.0,0.0,0.0,0.0,0.0,0.0,0.0,0.0,0.0,0.0,0.0,0.0,0.0,0.0,0.0,0.0,0.0,0.0,0.0,0.0,0.0,0.0,0.0,0.0,0.0,0.0,0.0,0.0,0.0,0.0,0.0,0.0,0.0,0.0,0.0,0.0,0.0,0.0,0.0,0.0,0.0,0.0,0.0,0.0,0.0,0.0,0.0,0.0,0.0,0.0,0.0,0.0,0.0,0.0,0.0,0.0,0.0,0.0,0.0,0.0,0.0,0.0,0.0,0.0,0.0,0.0,0.0,0.0,0.0,0.0,0.0,0.0,0.0,0.0,0.0,0.0,0.0,0.0,0.0,0.0,0.0,0.0,0.0,0.0,0.0,0.0,0.0,0.0,0.0,0.0,0.0,0.0,0.0,0.0,0.0,0.0,0.0,0.0,0.0,0.0,0.0,0.0,0.0,0.0,0.0,0.0,0.0,0.0,0.0,0.0
0.0,0.0,0.0,0.0,0.0,0.0,0.0,0.0,0.0,0.0,0.0,0.0,0.0,0.0,0.0,0.0,0.0,0.0,0.0,0.0,0.0,0.0,0.0,0.0,0.0,0.0,0.0,0.0,0.0,0.0,0.0,0.0,0.0,0.0,0.0,0.0,0.0,0.0,0.0,0.0,0.0,0.0,0.0,0.0,0.0,0.0,0.0,0.0,0.0,0.0,0.0,0.0,0.0,0.0,0.0,0.0,0.0,0.0,0.0,0.0,0.0,0.0,0.0,0.0,0.0,0.0,0.0,0.0,0.0,0.0,0.0,0.0,0.0,0.0,0.0,0.0,0.0,0.0,0.0,0.0,0.0,0.0,0.0,0.0,0.0,0.0,0.0,0.0,0.0,0.0,0.0,0.0,0.0,0.0,0.0,0.0,0.0,0.0,0.0,0.0,0.0,0.0,0.0,0.0,0.0,0.0,0.0,0.0,0.0,0.0,0.0,0.0,0.0,0.0,0.0,0.0,0.0,0.0,0.0,0.0,0.0,0.0,0.0,0.0,0.0,0.0,0.0,0.0,0.0,0.0,0.0,0.0,0.0,0.0,0.0,0.0,0.0,0.0,0.0,0.0,0.0,0.0,0.0,0.0,0.0,0.0,0.0,0.0,0.0,0.0,0.0,0.0,0.0,0.0,0.0,0.0,0.0,0.0,0.0,0.0,0.0,0.0,0.0,0.0,0.0,0.0,0.0,0.0,0.0,0.0,0.0,0.0,0.0,0.0,0.0,0.0,0.0,0.0,0.0,0.0,0.0,0.0,0.0,0.0,0.0,0.0,0.0,0.0,0.0,0.0,0.0,0.0,0.0,0.0,0.0,0.0,0.0,0.0,0.0,0.0,0.0,0.0,0.0,0.0,0.0,0.0,0.0,0.0,0.0,0.0,0.0,0.0,0.0,0.0,0.0,0.0,0.0,0.0,0.0,0.0,0.0,0.0,0.0,0.0,0.0,0.0,0.0,0.0,0.0,0.0,0.0,0.0,0.0,0.0,0.0,0.0,0.0,0.0,0.0,0.0,0.0,0.0,0.0,0.0,0.0,0.0,0.0,0.0,0.0,0.0,0.0,0.0,0.0,0.0,0.0,0.0,0.0
0.0,0.0,0.0,0.0,0.0,0.0,0.0,0.0,0.0,0.0,0.0,0.0,0.0,0.0,0.0,0.0,0.0,0.0,0.0,0.0,0.0,0.0,0.0,0.0,0.0,0.0,0.0,0.0,0.0,0.0,0.0,0.0,0.0,0.0,0.0,0.0,0.0,0.0,0.0,0.0,0.0,0.0,0.0,0.0,0.0,0.0,0.0,0.0,0.0,0.0,0.0,0.0,0.0,0.0,0.0,0.0,0.0,0.0,0.0,0.0,0.0,0.0,0.0,0.0,0.0,0.0,0.0,0.0,0.0,0.0,0.0,0.0,0.0,0.0,0.0,0.0,0.0,0.0,0.0,0.0,0.0,0.0,0.0,0.0,0.0,0.0,0.0,0.0,0.0,0.0,0.0,0.0,0.0,0.0,0.0,0.0,0.0,0.0,0.0,0.0,0.0,0.0,0.0,0.0,0.0,0.0,0.0,0.0,0.0,0.0,0.0,0.0,0.0,0.0,0.0,0.0,0.0,0.0,0.0,0.0,0.0,0.0,0.0,0.0,0.0,0.0,0.0,0.0,0.0,0.0,0.0,0.0,0.0,0.0,0.0,0.0,0.0,0.0,0.0,0.0,0.0,0.0,0.0,0.0,0.0,0.0,0.0,0.0,0.0,0.0,0.0,0.0,0.0,0.0,0.0,0.0,0.0,0.0,0.0,0.0,0.0,0.0,0.0,0.0,0.0,0.0,0.0,0.0,0.0,0.0,0.0,0.0,0.0,0.0,0.0,0.0,0.0,0.0,0.0,0.0,0.0,0.0,0.0,0.0,0.0,0.0,0.0,0.0,0.0,0.0,0.0,0.0,0.0,0.0,0.0,0.0,0.0,0.0,0.0,0.0,0.0,0.0,0.0,0.0,0.0,0.0,0.0,0.0,0.0,0.0,0.0,0.0,0.0,0.0,0.0,0.0,0.0,0.0,0.0,0.0,0.0,0.0,0.0,0.0,0.0,0.0,0.0,0.0,0.0,0.0,0.0,0.0,0.0,0.0,0.0,0.0,0.0,0.0,0.0,0.0,0.0,0.0,0.0,0.0,0.0,0.0,0.0,0.0,0.0,0.0,0.0,0.0,0.0,0.0,0.0,0.0,0.0
0.0,0.0,0.0,0.0,0.0,0.0,0.0,0.0,0.0,0.0,0.0,0.0,0.0,0.0,0.0,0.0,0.0,0.0,0.0,0.0,0.0,0.0,0.0,0.0,0.0,0.0,0.0,0.0,0.0,0.0,0.0,0.0,0.0,0.0,0.0,0.0,0.0,0.0,0.0,0.0,0.0,0.0,0.0,0.0,0.0,0.0,0.0,0.0,0.0,0.0,0.0,0.0,0.0,0.0,0.0,0.0,0.0,0.0,0.0,0.0,0.0,0.0,0.0,0.0,0.0,0.0,0.0,0.0,0.0,0.0,0.0,0.0,0.0,0.0,0.0,0.0,0.0,0.0,0.0,0.0,0.0,0.0,0.0,0.0,0.0,0.0,0.0,0.0,0.0,0.0,0.0,0.0,0.0,0.0,0.0,0.0,0.0,0.0,0.0,0.0,0.0,0.0,0.0,0.0,0.0,0.0,0.0,0.0,0.0,0.0,0.0,0.0,0.0,0.0,0.0,0.0,0.0,0.0,0.0,0.0,0.0,0.0,0.0,0.0,0.0,0.0,0.0,0.0,0.0,0.0,0.0,0.0,0.0,0.0,0.0,0.0,0.0,0.0,0.0,0.0,0.0,0.0,0.0,0.0,0.0,0.0,0.0,0.0,0.0,0.0,0.0,0.0,0.0,0.0,0.0,0.0,0.0,0.0,0.0,0.0,0.0,0.0,0.0,0.0,0.0,0.0,0.0,0.0,0.0,0.0,0.0,0.0,0.0,0.0,0.0,0.0,0.0,0.0,0.0,0.0,0.0,0.0,0.0,0.0,0.0,0.0,0.0,0.0,0.0,0.0,0.0,0.0,0.0,0.0,0.0,0.0,0.0,0.0,0.0,0.0,0.0,0.0,0.0,0.0,0.0,0.0,0.0,0.0,0.0,0.0,0.0,0.0,0.0,0.0,0.0,0.0,0.0,0.0,0.0,0.0,0.0,0.0,0.0,0.0,0.0,0.0,0.0,0.0,0.0,0.0,0.0,0.0,0.0,0.0,0.0,0.0,0.0,0.0,0.0,0.0,0.0,0.0,0.0,0.0,0.0,0.0,0.0,0.0,0.0,0.0,0.0,0.0,0.0,0.0,0.0,0.0,0.0
0.0,0.0,0.0,0.0,0.0,0.0,0.0,0.0,0.0,0.0,0.0,0.0,0.0,0.0,0.0,0.0,0.0,0.0,0.0,0.0,0.0,0.0,0.0,0.0,0.0,0.0,0.0,0.0,0.0,0.0,0.0,0.0,0.0,0.0,0.0,0.0,0.0,0.0,0.0,0.0,0.0,0.0,0.0,0.0,0.0,0.0,0.0,0.0,0.0,0.0,0.0,0.0,0.0,0.0,0.0,0.0,0.0,0.0,0.0,0.0,0.0,0.0,0.0,0.0,0.0,0.0,0.0,0.0,0.0,0.0,0.0,0.0,0.0,0.0,0.0,0.0,0.0,0.0,0.0,0.0,0.0,0.0,0.0,0.0,0.0,0.0,0.0,0.0,0.0,0.0,0.0,0.0,0.0,0.0,0.0,0.0,0.0,0.0,0.0,0.0,0.0,0.0,0.0,0.0,0.0,0.0,0.0,0.0,0.0,0.0,0.0,0.0,0.0,0.0,0.0,0.0,0.0,0.0,0.0,0.0,0.0,0.0,0.0,0.0,0.0,0.0,0.0,0.0,0.0,0.0,0.0,0.0,0.0,0.0,0.0,0.0,0.0,0.0,0.0,0.0,0.0,0.0,0.0,0.0,0.0,0.0,0.0,0.0,0.0,0.0,0.0,0.0,0.0,0.0,0.0,0.0,0.0,0.0,0.0,0.0,0.0,0.0,0.0,0.0,0.0,0.0,0.0,0.0,0.0,0.0,0.0,0.0,0.0,0.0,0.0,0.0,0.0,0.0,0.0,0.0,0.0,0.0,0.0,0.0,0.0,0.0,0.0,0.0,0.0,0.0,0.0,0.0,0.0,0.0,0.0,0.0,0.0,0.0,0.0,0.0,0.0,0.0,0.0,0.0,0.0,0.0,0.0,0.0,0.0,0.0,0.0,0.0,0.0,0.0,0.0,0.0,0.0,0.0,0.0,0.0,0.0,0.0,0.0,0.0,0.0,0.0,0.0,0.0,0.0,0.0,0.0,0.0,0.0,0.0,0.0,0.0,0.0,0.0,0.0,0.0,0.0,0.0,0.0,0.0,0.0,0.0,0.0,0.0,0.0,0.0,0.0,0.0,0.0,0.0,0.0,0.0,0.0
0.0,0.0,0.0,0.0,0.0,0.0,0.0,0.0,0.0,0.0,0.0,0.0,0.0,0.0,0.0,0.0,0.0,0.0,0.0,0.0,0.0,0.0,0.0,0.0,0.0,0.0,0.0,0.0,0.0,0.0,0.0,0.0,0.0,0.0,0.0,0.0,0.0,0.0,0.0,0.0,0.0,0.0,0.0,0.0,0.0,0.0,0.0,0.0,0.0,0.0,0.0,0.0,0.0,0.0,0.0,0.0,0.0,0.0,0.0,0.0,0.0,0.0,0.0,0.0,0.0,0.0,0.0,0.0,0.0,0.0,0.0,0.0,0.0,0.0,0.0,0.0,0.0,0.0,0.0,0.0,0.0,0.0,0.0,0.0,0.0,0.0,0.0,0.0,0.0,0.0,0.0,0.0,0.0,0.0,0.0,0.0,0.0,0.0,0.0,0.0,0.0,0.0,0.0,0.0,0.0,0.0,0.0,0.0,0.0,0.0,0.0,0.0,0.0,0.0,0.0,0.0,0.0,0.0,0.0,0.0,0.0,0.0,0.0,0.0,0.0,0.0,0.0,0.0,0.0,0.0,0.0,0.0,0.0,0.0,0.0,0.0,0.0,0.0,0.0,0.0,0.0,0.0,0.0,0.0,0.0,0.0,0.0,0.0,0.0,0.0,0.0,0.0,0.0,0.0,0.0,0.0,0.0,0.0,0.0,0.0,0.0,0.0,0.0,0.0,0.0,0.0,0.0,0.0,0.0,0.0,0.0,0.0,0.0,0.0,0.0,0.0,0.0,0.0,0.0,0.0,0.0,0.0,0.0,0.0,0.0,0.0,0.0,0.0,0.0,0.0,0.0,0.0,0.0,0.0,0.0,0.0,0.0,0.0,0.0,0.0,0.0,0.0,0.0,0.0,0.0,0.0,0.0,0.0,0.0,0.0,0.0,0.0,0.0,0.0,0.0,0.0,0.0,0.0,0.0,0.0,0.0,0.0,0.0,0.0,0.0,0.0,0.0,0.0,0.0,0.0,0.0,0.0,0.0,0.0,0.0,0.0,0.0,0.0,0.0,0.0,0.0,0.0,0.0,0.0,0.0,0.0,0.0,0.0,0.0,0.0,0.0,0.0,0.0,0.0,0.0,0.0,0.0
0.0,0.0,0.0,0.0,0.0,0.0,0.0,0.0,0.0,0.0,0.0,0.0,0.0,0.0,0.0,0.0,0.0,0.0,0.0,0.0,0.0,0.0,0.0,0.0,0.0,0.0,0.0,0.0,0.0,0.0,0.0,0.0,0.0,0.0,0.0,0.0,0.0,0.0,0.0,0.0,0.0,0.0,0.0,0.0,0.0,0.0,0.0,0.0,0.0,0.0,0.0,0.0,0.0,0.0,0.0,0.0,0.0,0.0,0.0,0.0,0.0,0.0,0.0,0.0,0.0,0.0,0.0,0.0,0.0,0.0,0.0,0.0,0.0,0.0,0.0,0.0,0.0,0.0,0.0,0.0,0.0,0.0,0.0,0.0,0.0,0.0,0.0,0.0,0.0,0.0,0.0,0.0,0.0,0.0,0.0,0.0,0.0,0.0,0.0,0.0,0.0,0.0,0.0,0.0,0.0,0.0,0.0,0.0,0.0,0.0,0.0,0.0,0.0,0.0,0.0,0.0,0.0,0.0,0.0,0.0,0.0,0.0,0.0,0.0,0.0,0.0,0.0,0.0,0.0,0.0,0.0,0.0,0.0,0.0,0.0,0.0,0.0,0.0,0.0,0.0,0.0,0.0,0.0,0.0,0.0,0.0,0.0,0.0,0.0,0.0,0.0,0.0,0.0,0.0,0.0,0.0,0.0,0.0,0.0,0.0,0.0,0.0,0.0,0.0,0.0,0.0,0.0,0.0,0.0,0.0,0.0,0.0,0.0,0.0,0.0,0.0,0.0,0.0,0.0,0.0,0.0,0.0,0.0,0.0,0.0,0.0,0.0,0.0,0.0,0.0,0.0,0.0,0.0,0.0,0.0,0.0,0.0,0.0,0.0,0.0,0.0,0.0,0.0,0.0,0.0,0.0,0.0,0.0,0.0,0.0,0.0,0.0,0.0,0.0,0.0,0.0,0.0,0.0,0.0,0.0,0.0,0.0,0.0,0.0,0.0,0.0,0.0,0.0,0.0,0.0,0.0,0.0,0.0,0.0,0.0,0.0,0.0,0.0,0.0,0.0,0.0,0.0,0.0,0.0,0.0,0.0,0.0,0.0,0.0,0.0,0.0,0.0,0.0,0.0,0.0,0.0,0.0
0.0,0.0,0.0,0.0,0.0,0.0,0.0,0.0,0.0,0.0,0.0,0.0,0.0,0.0,0.0,0.0,0.0,0.0,0.0,0.0,0.0,0.0,0.0,0.0,0.0,0.0,0.0,0.0,0.0,0.0,0.0,0.0,0.0,0.0,0.0,0.0,0.0,0.0,0.0,0.0,0.0,0.0,0.0,0.0,0.0,0.0,0.0,0.0,0.0,0.0,0.0,0.0,0.0,0.0,0.0,0.0,0.0,0.0,0.0,0.0,0.0,0.0,0.0,0.0,0.0,0.0,0.0,0.0,0.0,0.0,0.0,0.0,0.0,0.0,0.0,0.0,0.0,0.0,0.0,0.0,0.0,0.0,0.0,0.0,0.0,0.0,0.0,0.0,0.0,0.0,0.0,0.0,0.0,0.0,0.0,0.0,0.0,0.0,0.0,0.0,0.0,0.0,0.0,0.0,0.0,0.0,0.0,0.0,0.0,0.0,0.0,0.0,0.0,0.0,0.0,0.0,0.0,0.0,0.0,0.0,0.0,0.0,0.0,0.0,0.0,0.0,0.0,0.0,0.0,0.0,0.0,0.0,0.0,0.0,0.0,0.0,0.0,0.0,0.0,0.0,0.0,0.0,0.0,0.0,0.0,0.0,0.0,0.0,0.0,0.0,0.0,0.0,0.0,0.0,0.0,0.0,0.0,0.0,0.0,0.0,0.0,0.0,0.0,0.0,0.0,0.0,0.0,0.0,0.0,0.0,0.0,0.0,0.0,0.0,0.0,0.0,0.0,0.0,0.0,0.0,0.0,0.0,0.0,0.0,0.0,0.0,0.0,0.0,0.0,0.0,0.0,0.0,0.0,0.0,0.0,0.0,0.0,0.0,0.0,0.0,0.0,0.0,0.0,0.0,0.0,0.0,0.0,0.0,0.0,0.0,0.0,0.0,0.0,0.0,0.0,0.0,0.0,0.0,0.0,0.0,0.0,0.0,0.0,0.0,0.0,0.0,0.0,0.0,0.0,0.0,0.0,0.0,0.0,0.0,0.0,0.0,0.0,0.0,0.0,0.0,0.0,0.0,0.0,0.0,0.0,0.0,0.0,0.0,0.0,0.0,0.0,0.0,0.0,0.0,0.0,0.0,0.0
0.0,0.0,0.0,0.0,0.0,0.0,0.0,0.0,0.0,0.0,0.0,0.0,0.0,0.0,0.0,0.0,0.0,0.0,0.0,0.0,0.0,0.0,0.0,0.0,0.0,0.0,0.0,0.0,0.0,0.0,0.0,0.0,0.0,0.0,0.0,0.0,0.0,0.0,0.0,0.0,0.0,0.0,0.0,0.0,0.0,0.0,0.0,0.0,0.0,0.0,0.0,0.0,0.0,0.0,0.0,0.0,0.0,0.0,0.0,0.0,0.0,0.0,0.0,0.0,0.0,0.0,0.0,0.0,0.0,0.0,0.0,0.0,0.0,0.0,0.0,0.0,0.0,0.0,0.0,0.0,0.0,0.0,0.0,0.0,0.0,0.0,0.0,0.0,0.0,0.0,0.0,0.0,0.0,0.0,0.0,0.0,0.0,0.0,0.0,0.0,0.0,0.0,0.0,0.0,0.0,0.0,0.0,0.0,0.0,0.0,0.0,0.0,0.0,0.0,0.0,0.0,0.0,0.0,0.0,0.0,0.0,0.0,0.0,0.0,0.0,0.0,0.0,0.0,0.0,0.0,0.0,0.0,0.0,0.0,0.0,0.0,0.0,0.0,0.0,0.0,0.0,0.0,0.0,0.0,0.0,0.0,0.0,0.0,0.0,0.0,0.0,0.0,0.0,0.0,0.0,0.0,0.0,0.0,0.0,0.0,0.0,0.0,0.0,0.0,0.0,0.0,0.0,0.0,0.0,0.0,0.0,0.0,0.0,0.0,0.0,0.0,0.0,0.0,0.0,0.0,0.0,0.0,0.0,0.0,0.0,0.0,0.0,0.0,0.0,0.0,0.0,0.0,0.0,0.0,0.0,0.0,0.0,0.0,0.0,0.0,0.0,0.0,0.0,0.0,0.0,0.0,0.0,0.0,0.0,0.0,0.0,0.0,0.0,0.0,0.0,0.0,0.0,0.0,0.0,0.0,0.0,0.0,0.0,0.0,0.0,0.0,0.0,0.0,0.0,0.0,0.0,0.0,0.0,0.0,0.0,0.0,0.0,0.0,0.0,0.0,0.0,0.0,0.0,0.0,0.0,0.0,0.0,0.0,0.0,0.0,0.0,0.0,0.0,0.0,0.0,0.0,0.0
0.0,0.0,0.0,0.0,0.0,0.0,0.0,0.0,0.0,0.0,0.0,0.0,0.0,0.0,0.0,0.0,0.0,0.0,0.0,0.0,0.0,0.0,0.0,0.0,0.0,0.0,0.0,0.0,0.0,0.0,0.0,0.0,0.0,0.0,0.0,0.0,0.0,0.0,0.0,0.0,0.0,0.0,0.0,0.0,0.0,0.0,0.0,0.0,0.0,0.0,0.0,0.0,0.0,0.0,0.0,0.0,0.0,0.0,0.0,0.0,0.0,0.0,0.0,0.0,0.0,0.0,0.0,0.0,0.0,0.0,0.0,0.0,0.0,0.0,0.0,0.0,0.0,0.0,0.0,0.0,0.0,0.0,0.0,0.0,0.0,0.0,0.0,0.0,0.0,0.0,0.0,0.0,0.0,0.0,0.0,0.0,0.0,0.0,0.0,0.0,0.0,0.0,0.0,0.0,0.0,0.0,0.0,0.0,0.0,0.0,0.0,0.0,0.0,0.0,0.0,0.0,0.0,0.0,0.0,0.0,0.0,0.0,0.0,0.0,0.0,0.0,0.0,0.0,0.0,0.0,0.0,0.0,0.0,0.0,0.0,0.0,0.0,0.0,0.0,0.0,0.0,0.0,0.0,0.0,0.0,0.0,0.0,0.0,0.0,0.0,0.0,0.0,0.0,0.0,0.0,0.0,0.0,0.0,0.0,0.0,0.0,0.0,0.0,0.0,0.0,0.0,0.0,0.0,0.0,0.0,0.0,0.0,0.0,0.0,0.0,0.0,0.0,0.0,0.0,0.0,0.0,0.0,0.0,0.0,0.0,0.0,0.0,0.0,0.0,0.0,0.0,0.0,0.0,0.0,0.0,0.0,0.0,0.0,0.0,0.0,0.0,0.0,0.0,0.0,0.0,0.0,0.0,0.0,0.0,0.0,0.0,0.0,0.0,0.0,0.0,0.0,0.0,0.0,0.0,0.0,0.0,0.0,0.0,0.0,0.0,0.0,0.0,0.0,0.0,0.0,0.0,0.0,0.0,0.0,0.0,0.0,0.0,0.0,0.0,0.0,0.0,0.0,0.0,0.0,0.0,0.0,0.0,0.0,0.0,0.0,0.0,0.0,0.0,0.0,0.0,0.0,0.0
0.0,0.0,0.0,0.0,0.0,0.0,0.0,0.0,0.0,0.0,0.0,0.0,0.0,0.0,0.0,0.0,0.0,0.0,0.0,0.0,0.0,0.0,0.0,0.0,0.0,0.0,0.0,0.0,0.0,0.0,0.0,0.0,0.0,0.0,0.0,0.0,0.0,0.0,0.0,0.0,0.0,0.0,0.0,0.0,0.0,0.0,0.0,0.0,0.0,0.0,0.0,0.0,0.0,0.0,0.0,0.0,0.0,0.0,0.0,0.0,0.0,0.0,0.0,0.0,0.0,0.0,0.0,0.0,0.0,0.0,0.0,0.0,0.0,0.0,0.0,0.0,0.0,0.0,0.0,0.0,0.0,0.0,0.0,0.0,0.0,0.0,0.0,0.0,0.0,0.0,0.0,0.0,0.0,0.0,0.0,0.0,0.0,0.0,0.0,0.0,0.0,0.0,0.0,0.0,0.0,0.0,0.0,0.0,0.0,0.0,0.0,0.0,0.0,0.0,0.0,0.0,0.0,0.0,0.0,0.0,0.0,0.0,0.0,0.0,0.0,0.0,0.0,0.0,0.0,0.0,0.0,0.0,0.0,0.0,0.0,0.0,0.0,0.0,0.0,0.0,0.0,0.0,0.0,0.0,0.0,0.0,0.0,0.0,0.0,0.0,0.0,0.0,0.0,0.0,0.0,0.0,0.0,0.0,0.0,0.0,0.0,0.0,0.0,0.0,0.0,0.0,0.0,0.0,0.0,0.0,0.0,0.0,0.0,0.0,0.0,0.0,0.0,0.0,0.0,0.0,0.0,0.0,0.0,0.0,0.0,0.0,0.0,0.0,0.0,0.0,0.0,0.0,0.0,0.0,0.0,0.0,0.0,0.0,0.0,0.0,0.0,0.0,0.0,0.0,0.0,0.0,0.0,0.0,0.0,0.0,0.0,0.0,0.0,0.0,0.0,0.0,0.0,0.0,0.0,0.0,0.0,0.0,0.0,0.0,0.0,0.0,0.0,0.0,0.0,0.0,0.0,0.0,0.0,0.0,0.0,0.0,0.0,0.0,0.0,0.0,0.0,0.0,0.0,0.0,0.0,0.0,0.0,0.0,0.0,0.0,0.0,0.0,0.0,0.0,0.0,0.0,0.0
0.0,0.0,0.0,0.0,0.0,0.0,0.0,0.0,0.0,0.0,0.0,0.0,0.0,0.0,0.0,0.0,0.0,0.0,0.0,0.0,0.0,0.0,0.0,0.0,0.0,0.0,0.0,0.0,0.0,0.0,0.0,0.0,0.0,0.0,0.0,0.0,0.0,0.0,0.0,0.0,0.0,0.0,0.0,0.0,0.0,0.0,0.0,0.0,0.0,0.0,0.0,0.0,0.0,0.0,0.0,0.0,0.0,0.0,0.0,0.0,0.0,0.0,0.0,0.0,0.0,0.0,0.0,0.0,0.0,0.0,0.0,0.0,0.0,0.0,0.0,0.0,0.0,0.0,0.0,0.0,0.0,0.0,0.0,0.0,0.0,0.0,0.0,0.0,0.0,0.0,0.0,0.0,0.0,0.0,0.0,0.0,0.0,0.0,0.0,0.0,0.0,0.0,0.0,0.0,0.0,0.0,0.0,0.0,0.0,0.0,0.0,0.0,0.0,0.0,0.0,0.0,0.0,0.0,0.0,0.0,0.0,0.0,0.0,0.0,0.0,0.0,0.0,0.0,0.0,0.0,0.0,0.0,0.0,0.0,0.0,0.0,0.0,0.0,0.0,0.0,0.0,0.0,0.0,0.0,0.0,0.0,0.0,0.0,0.0,0.0,0.0,0.0,0.0,0.0,0.0,0.0,0.0,0.0,0.0,0.0,0.0,0.0,0.0,0.0,0.0,0.0,0.0,0.0,0.0,0.0,0.0,0.0,0.0,0.0,0.0,0.0,0.0,0.0,0.0,0.0,0.0,0.0,0.0,0.0,0.0,0.0,0.0,0.0,0.0,0.0,0.0,0.0,0.0,0.0,0.0,0.0,0.0,0.0,0.0,0.0,0.0,0.0,0.0,0.0,0.0,0.0,0.0,0.0,0.0,0.0,0.0,0.0,0.0,0.0,0.0,0.0,0.0,0.0,0.0,0.0,0.0,0.0,0.0,0.0,0.0,0.0,0.0,0.0,0.0,0.0,0.0,0.0,0.0,0.0,0.0,0.0,0.0,0.0,0.0,0.0,0.0,0.0,0.0,0.0,0.0,0.0,0.0,0.0,0.0,0.0,0.0,0.0,0.0,0.0,0.0,0.0,0.0
0.0,0.0,0.0,0.0,0.0,0.0,0.0,0.0,0.0,0.0,0.0,0.0,0.0,0.0,0.0,0.0,0.0,0.0,0.0,0.0,0.0,0.0,0.0,0.0,0.0,0.0,0.0,0.0,0.0,0.0,0.0,0.0,0.0,0.0,0.0,0.0,0.0,0.0,0.0,0.0,0.0,0.0,0.0,0.0,0.0,0.0,0.0,0.0,0.0,0.0,0.0,0.0,0.0,0.0,0.0,0.0,0.0,0.0,0.0,0.0,0.0,0.0,0.0,0.0,0.0,0.0,0.0,0.0,0.0,0.0,0.0,0.0,0.0,0.0,0.0,0.0,0.0,0.0,0.0,0.0,0.0,0.0,0.0,0.0,0.0,0.0,0.0,0.0,0.0,0.0,0.0,0.0,0.0,0.0,0.0,0.0,0.0,0.0,0.0,0.0,0.0,0.0,0.0,0.0,0.0,0.0,0.0,0.0,0.0,0.0,0.0,0.0,0.0,0.0,0.0,0.0,0.0,0.0,0.0,0.0,0.0,0.0,0.0,0.0,0.0,0.0,0.0,0.0,0.0,0.0,0.0,0.0,0.0,0.0,0.0,0.0,0.0,0.0,0.0,0.0,0.0,0.0,0.0,0.0,0.0,0.0,0.0,0.0,0.0,0.0,0.0,0.0,0.0,0.0,0.0,0.0,0.0,0.0,0.0,0.0,0.0,0.0,0.0,0.0,0.0,0.0,0.0,0.0,0.0,0.0,0.0,0.0,0.0,0.0,0.0,0.0,0.0,0.0,0.0,0.0,0.0,0.0,0.0,0.0,0.0,0.0,0.0,0.0,0.0,0.0,0.0,0.0,0.0,0.0,0.0,0.0,0.0,0.0,0.0,0.0,0.0,0.0,0.0,0.0,0.0,0.0,0.0,0.0,0.0,0.0,0.0,0.0,0.0,0.0,0.0,0.0,0.0,0.0,0.0,0.0,0.0,0.0,0.0,0.0,0.0,0.0,0.0,0.0,0.0,0.0,0.0,0.0,0.0,0.0,0.0,0.0,0.0,0.0,0.0,0.0,0.0,0.0,0.0,0.0,0.0,0.0,0.0,0.0,0.0,0.0,0.0,0.0,0.0,0.0,0.0,0.0,0.0
0.0,0.0,0.0,0.0,0.0,0.0,0.0,0.0,0.0,0.0,0.0,0.0,0.0,0.0,0.0,0.0,0.0,0.0,0.0,0.0,0.0,0.0,0.0,0.0,0.0,0.0,0.0,0.0,0.0,0.0,0.0,0.0,0.0,0.0,0.0,0.0,0.0,0.0,0.0,0.0,0.0,0.0,0.0,0.0,0.0,0.0,0.0,0.0,0.0,0.0,0.0,0.0,0.0,0.0,0.0,0.0,0.0,0.0,0.0,0.0,0.0,0.0,0.0,0.0,0.0,0.0,0.0,0.0,0.0,0.0,0.0,0.0,0.0,0.0,0.0,0.0,0.0,0.0,0.0,0.0,0.0,0.0,0.0,0.0,0.0,0.0,0.0,0.0,0.0,0.0,0.0,0.0,0.0,0.0,0.0,0.0,0.0,0.0,0.0,0.0,0.0,0.0,0.0,0.0,0.0,0.0,0.0,0.0,0.0,0.0,0.0,0.0,0.0,0.0,0.0,0.0,0.0,0.0,0.0,0.0,0.0,0.0,0.0,0.0,0.0,0.0,0.0,0.0,0.0,0.0,0.0,0.0,0.0,0.0,0.0,0.0,0.0,0.0,0.0,0.0,0.0,0.0,0.0,0.0,0.0,0.0,0.0,0.0,0.0,0.0,0.0,0.0,0.0,0.0,0.0,0.0,0.0,0.0,0.0,0.0,0.0,0.0,0.0,0.0,0.0,0.0,0.0,0.0,0.0,0.0,0.0,0.0,0.0,0.0,0.0,0.0,0.0,0.0,0.0,0.0,0.0,0.0,0.0,0.0,0.0,0.0,0.0,0.0,0.0,0.0,0.0,0.0,0.0,0.0,0.0,0.0,0.0,0.0,0.0,0.0,0.0,0.0,0.0,0.0,0.0,0.0,0.0,0.0,0.0,0.0,0.0,0.0,0.0,0.0,0.0,0.0,0.0,0.0,0.0,0.0,0.0,0.0,0.0,0.0,0.0,0.0,0.0,0.0,0.0,0.0,0.0,0.0,0.0,0.0,0.0,0.0,0.0,0.0,0.0,0.0,0.0,0.0,0.0,0.0,0.0,0.0,0.0,0.0,0.0,0.0,0.0,0.0,0.0,0.0,0.0,0.0,0.0
0.0,0.0,0.0,0.0,0.0,0.0,0.0,0.0,0.0,0.0,0.0,0.0,0.0,0.0,0.0,0.0,0.0,0.0,0.0,0.0,0.0,0.0,0.0,0.0,0.0,0.0,0.0,0.0,0.0,0.0,0.0,0.0,0.0,0.0,0.0,0.0,0.0,0.0,0.0,0.0,0.0,0.0,0.0,0.0,0.0,0.0,0.0,0.0,0.0,0.0,0.0,0.0,0.0,0.0,0.0,0.0,0.0,0.0,0.0,0.0,0.0,0.0,0.0,0.0,0.0,0.0,0.0,0.0,0.0,0.0,0.0,0.0,0.0,0.0,0.0,0.0,0.0,0.0,0.0,0.0,0.0,0.0,0.0,0.0,0.0,0.0,0.0,0.0,0.0,0.0,0.0,0.0,0.0,0.0,0.0,0.0,0.0,0.0,0.0,0.0,0.0,0.0,0.0,0.0,0.0,0.0,0.0,0.0,0.0,0.0,0.0,0.0,0.0,0.0,0.0,0.0,0.0,0.0,0.0,0.0,0.0,0.0,0.0,0.0,0.0,0.0,0.0,0.0,0.0,0.0,0.0,0.0,0.0,0.0,0.0,0.0,0.0,0.0,0.0,0.0,0.0,0.0,0.0,0.0,0.0,0.0,0.0,0.0,0.0,0.0,0.0,0.0,0.0,0.0,0.0,0.0,0.0,0.0,0.0,0.0,0.0,0.0,0.0,0.0,0.0,0.0,0.0,0.0,0.0,0.0,0.0,0.0,0.0,0.0,0.0,0.0,0.0,0.0,0.0,0.0,0.0,0.0,0.0,0.0,0.0,0.0,0.0,0.0,0.0,0.0,0.0,0.0,0.0,0.0,0.0,0.0,0.0,0.0,0.0,0.0,0.0,0.0,0.0,0.0,0.0,0.0,0.0,0.0,0.0,0.0,0.0,0.0,0.0,0.0,0.0,0.0,0.0,0.0,0.0,0.0,0.0,0.0,0.0,0.0,0.0,0.0,0.0,0.0,0.0,0.0,0.0,0.0,0.0,0.0,0.0,0.0,0.0,0.0,0.0,0.0,0.0,0.0,0.0,0.0,0.0,0.0,0.0,0.0,0.0,0.0,0.0,0.0,0.0,0.0,0.0,0.0,0.0
0.0,0.0,0.0,0.0,0.0,0.0,0.0,0.0,0.0,0.0,0.0,0.0,0.0,0.0,0.0,0.0,0.0,0.0,0.0,0.0,0.0,0.0,0.0,0.0,0.0,0.0,0.0,0.0,0.0,0.0,0.0,0.0,0.0,0.0,0.0,0.0,0.0,0.0,0.0,0.0,0.0,0.0,0.0,0.0,0.0,0.0,0.0,0.0,0.0,0.0,0.0,0.0,0.0,0.0,0.0,0.0,0.0,0.0,0.0,0.0,0.0,0.0,0.0,0.0,0.0,0.0,0.0,0.0,0.0,0.0,0.0,0.0,0.0,0.0,0.0,0.0,0.0,0.0,0.0,0.0,0.0,0.0,0.0,0.0,0.0,0.0,0.0,0.0,0.0,0.0,0.0,0.0,0.0,0.0,0.0,0.0,0.0,0.0,0.0,0.0,0.0,0.0,0.0,0.0,0.0,0.0,0.0,0.0,0.0,0.0,0.0,0.0,0.0,0.0,0.0,0.0,0.0,0.0,0.0,0.0,0.0,0.0,0.0,0.0,0.0,0.0,0.0,0.0,0.0,0.0,0.0,0.0,0.0,0.0,0.0,0.0,0.0,0.0,0.0,0.0,0.0,0.0,0.0,0.0,0.0,0.0,0.0,0.0,0.0,0.0,0.0,0.0,0.0,0.0,0.0,0.0,0.0,0.0,0.0,0.0,0.0,0.0,0.0,0.0,0.0,0.0,0.0,0.0,0.0,0.0,0.0,0.0,0.0,0.0,0.0,0.0,0.0,0.0,0.0,0.0,0.0,0.0,0.0,0.0,0.0,0.0,0.0,0.0,0.0,0.0,0.0,0.0,0.0,0.0,0.0,0.0,0.0,0.0,0.0,0.0,0.0,0.0,0.0,0.0,0.0,0.0,0.0,0.0,0.0,0.0,0.0,0.0,0.0,0.0,0.0,0.0,0.0,0.0,0.0,0.0,0.0,0.0,0.0,0.0,0.0,0.0,0.0,0.0,0.0,0.0,0.0,0.0,0.0,0.0,0.0,0.0,0.0,0.0,0.0,0.0,0.0,0.0,0.0,0.0,0.0,0.0,0.0,0.0,0.0,0.0,0.0,0.0,0.0,0.0,0.0,0.0,0.0
0.0,0.0,0.0,0.0,0.0,0.0,0.0,0.0,0.0,0.0,0.0,0.0,0.0,0.0,0.0,0.0,0.0,0.0,0.0,0.0,0.0,0.0,0.0,0.0,0.0,0.0,0.0,0.0,0.0,0.0,0.0,0.0,0.0,0.0,0.0,0.0,0.0,0.0,0.0,0.0,0.0,0.0,0.0,0.0,0.0,0.0,0.0,0.0,0.0,0.0,0.0,0.0,0.0,0.0,0.0,0.0,0.0,0.0,0.0,0.0,0.0,0.0,0.0,0.0,0.0,0.0,0.0,0.0,0.0,0.0,0.0,0.0,0.0,0.0,0.0,0.0,0.0,0.0,0.0,0.0,0.0,0.0,0.0,0.0,0.0,0.0,0.0,0.0,0.0,0.0,0.0,0.0,0.0,0.0,0.0,0.0,0.0,0.0,0.0,0.0,0.0,0.0,0.0,0.0,0.0,0.0,0.0,0.0,0.0,0.0,0.0,0.0,0.0,0.0,0.0,0.0,0.0,0.0,0.0,0.0,0.0,0.0,0.0,0.0,0.0,0.0,0.0,0.0,0.0,0.0,0.0,0.0,0.0,0.0,0.0,0.0,0.0,0.0,0.0,0.0,0.0,0.0,0.0,0.0,0.0,0.0,0.0,0.0,0.0,0.0,0.0,0.0,0.0,0.0,0.0,0.0,0.0,0.0,0.0,0.0,0.0,0.0,0.0,0.0,0.0,0.0,0.0,0.0,0.0,0.0,0.0,0.0,0.0,0.0,0.0,0.0,0.0,0.0,0.0,0.0,0.0,0.0,0.0,0.0,0.0,0.0,0.0,0.0,0.0,0.0,0.0,0.0,0.0,0.0,0.0,0.0,0.0,0.0,0.0,0.0,0.0,0.0,0.0,0.0,0.0,0.0,0.0,0.0,0.0,0.0,0.0,0.0,0.0,0.0,0.0,0.0,0.0,0.0,0.0,0.0,0.0,0.0,0.0,0.0,0.0,0.0,0.0,0.0,0.0,0.0,0.0,0.0,0.0,0.0,0.0,0.0,0.0,0.0,0.0,0.0,0.0,0.0,0.0,0.0,0.0,0.0,0.0,0.0,0.0,0.0,0.0,0.0,0.0,0.0,0.0,0.0,0.0
0.0,0.0,0.0,0.0,0.0,0.0,0.0,0.0,0.0,0.0,0.0,0.0,0.0,0.0,0.0,0.0,0.0,0.0,0.0,0.0,0.0,0.0,0.0,0.0,0.0,0.0,0.0,0.0,0.0,0.0,0.0,0.0,0.0,0.0,0.0,0.0,0.0,0.0,0.0,0.0,0.0,0.0,0.0,0.0,0.0,0.0,0.0,0.0,0.0,0.0,0.0,0.0,0.0,0.0,0.0,0.0,0.0,0.0,0.0,0.0,0.0,0.0,0.0,0.0,0.0,0.0,0.0,0.0,0.0,0.0,0.0,0.0,0.0,0.0,0.0,0.0,0.0,0.0,0.0,0.0,0.0,0.0,0.0,0.0,0.0,0.0,0.0,0.0,0.0,0.0,0.0,0.0,0.0,0.0,0.0,0.0,0.0,0.0,0.0,0.0,0.0,0.0,0.0,0.0,0.0,0.0,0.0,0.0,0.0,0.0,0.0,0.0,0.0,0.0,0.0,0.0,0.0,0.0,0.0,0.0,0.0,0.0,0.0,0.0,0.0,0.0,0.0,0.0,0.0,0.0,0.0,0.0,0.0,0.0,0.0,0.0,0.0,0.0,0.0,0.0,0.0,0.0,0.0,0.0,0.0,0.0,0.0,0.0,0.0,0.0,0.0,0.0,0.0,0.0,0.0,0.0,0.0,0.0,0.0,0.0,0.0,0.0,0.0,0.0,0.0,0.0,0.0,0.0,0.0,0.0,0.0,0.0,0.0,0.0,0.0,0.0,0.0,0.0,0.0,0.0,0.0,0.0,0.0,0.0,0.0,0.0,0.0,0.0,0.0,0.0,0.0,0.0,0.0,0.0,0.0,0.0,0.0,0.0,0.0,0.0,0.0,0.0,0.0,0.0,0.0,0.0,0.0,0.0,0.0,0.0,0.0,0.0,0.0,0.0,0.0,0.0,0.0,0.0,0.0,0.0,0.0,0.0,0.0,0.0,0.0,0.0,0.0,0.0,0.0,0.0,0.0,0.0,0.0,0.0,0.0,0.0,0.0,0.0,0.0,0.0,0.0,0.0,0.0,0.0,0.0,0.0,0.0,0.0,0.0,0.0,0.0,0.0,0.0,0.0,0.0,0.0,0.0
0.0,0.0,0.0,0.0,0.0,0.0,0.0,0.0,0.0,0.0,0.0,0.0,0.0,0.0,0.0,0.0,0.0,0.0,0.0,0.0,0.0,0.0,0.0,0.0,0.0,0.0,0.0,0.0,0.0,0.0,0.0,0.0,0.0,0.0,0.0,0.0,0.0,0.0,0.0,0.0,0.0,0.0,0.0,0.0,0.0,0.0,0.0,0.0,0.0,0.0,0.0,0.0,0.0,0.0,0.0,0.0,0.0,0.0,0.0,0.0,0.0,0.0,0.0,0.0,0.0,0.0,0.0,0.0,0.0,0.0,0.0,0.0,0.0,0.0,0.0,0.0,0.0,0.0,0.0,0.0,0.0,0.0,0.0,0.0,0.0,0.0,0.0,0.0,0.0,0.0,0.0,0.0,0.0,0.0,0.0,0.0,0.0,0.0,0.0,0.0,0.0,0.0,0.0,0.0,0.0,0.0,0.0,0.0,0.0,0.0,0.0,0.0,0.0,0.0,0.0,0.0,0.0,0.0,0.0,0.0,0.0,0.0,0.0,0.0,0.0,0.0,0.0,0.0,0.0,0.0,0.0,0.0,0.0,0.0,0.0,0.0,0.0,0.0,0.0,0.0,0.0,0.0,0.0,0.0,0.0,0.0,0.0,0.0,0.0,0.0,0.0,0.0,0.0,0.0,0.0,0.0,0.0,0.0,0.0,0.0,0.0,0.0,0.0,0.0,0.0,0.0,0.0,0.0,0.0,0.0,0.0,0.0,0.0,0.0,0.0,0.0,0.0,0.0,0.0,0.0,0.0,0.0,0.0,0.0,0.0,0.0,0.0,0.0,0.0,0.0,0.0,0.0,0.0,0.0,0.0,0.0,0.0,0.0,0.0,0.0,0.0,0.0,0.0,0.0,0.0,0.0,0.0,0.0,0.0,0.0,0.0,0.0,0.0,0.0,0.0,0.0,0.0,0.0,0.0,0.0,0.0,0.0,0.0,0.0,0.0,0.0,0.0,0.0,0.0,0.0,0.0,0.0,0.0,0.0,0.0,0.0,0.0,0.0,0.0,0.0,0.0,0.0,0.0,0.0,0.0,0.0,0.0,0.0,0.0,0.0,0.0,0.0,0.0,0.0,0.0,0.0,0.0
0.0,0.0,0.0,0.0,0.0,0.0,0.0,0.0,0.0,0.0,0.0,0.0,0.0,0.0,0.0,0.0,0.0,0.0,0.0,0.0,0.0,0.0,0.0,0.0,0.0,0.0,0.0,0.0,0.0,0.0,0.0,0.0,0.0,0.0,0.0,0.0,0.0,0.0,0.0,0.0,0.0,0.0,0.0,0.0,0.0,0.0,0.0,0.0,0.0,0.0,0.0,0.0,0.0,0.0,0.0,0.0,0.0,0.0,0.0,0.0,0.0,0.0,0.0,0.0,0.0,0.0,0.0,0.0,0.0,0.0,0.0,0.0,0.0,0.0,0.0,0.0,0.0,0.0,0.0,0.0,0.0,0.0,0.0,0.0,0.0,0.0,0.0,0.0,0.0,0.0,0.0,0.0,0.0,0.0,0.0,0.0,0.0,0.0,0.0,0.0,0.0,0.0,0.0,0.0,0.0,0.0,0.0,0.0,0.0,0.0,0.0,0.0,0.0,0.0,0.0,0.0,0.0,0.0,0.0,0.0,0.0,0.0,0.0,0.0,0.0,0.0,0.0,0.0,0.0,0.0,0.0,0.0,0.0,0.0,0.0,0.0,0.0,0.0,0.0,0.0,0.0,0.0,0.0,0.0,0.0,0.0,0.0,0.0,0.0,0.0,0.0,0.0,0.0,0.0,0.0,0.0,0.0,0.0,0.0,0.0,0.0,0.0,0.0,0.0,0.0,0.0,0.0,0.0,0.0,0.0,0.0,0.0,0.0,0.0,0.0,0.0,0.0,0.0,0.0,0.0,0.0,0.0,0.0,0.0,0.0,0.0,0.0,0.0,0.0,0.0,0.0,0.0,0.0,0.0,0.0,0.0,0.0,0.0,0.0,0.0,0.0,0.0,0.0,0.0,0.0,0.0,0.0,0.0,0.0,0.0,0.0,0.0,0.0,0.0,0.0,0.0,0.0,0.0,0.0,0.0,0.0,0.0,0.0,0.0,0.0,0.0,0.0,0.0,0.0,0.0,0.0,0.0,0.0,0.0,0.0,0.0,0.0,0.0,0.0,0.0,0.0,0.0,0.0,0.0,0.0,0.0,0.0,0.0,0.0,0.0,0.0,0.0,0.0,0.0,0.0,0.0,0.0
0.0,0.0,0.0,0.0,0.0,0.0,0.0,0.0,0.0,0.0,0.0,0.0,0.0,0.0,0.0,0.0,0.0,0.0,0.0,0.0,0.0,0.0,0.0,0.0,0.0,0.0,0.0,0.0,0.0,0.0,0.0,0.0,0.0,0.0,0.0,0.0,0.0,0.0,0.0,0.0,0.0,0.0,0.0,0.0,0.0,0.0,0.0,0.0,0.0,0.0,0.0,0.0,0.0,0.0,0.0,0.0,0.0,0.0,0.0,0.0,0.0,0.0,0.0,0.0,0.0,0.0,0.0,0.0,0.0,0.0,0.0,0.0,0.0,0.0,0.0,0.0,0.0,0.0,0.0,0.0,0.0,0.0,0.0,0.0,0.0,0.0,0.0,0.0,0.0,0.0,0.0,0.0,0.0,0.0,0.0,0.0,0.0,0.0,0.0,0.0,0.0,0.0,0.0,0.0,0.0,0.0,0.0,0.0,0.0,0.0,0.0,0.0,0.0,0.0,0.0,0.0,0.0,0.0,0.0,0.0,0.0,0.0,0.0,0.0,0.0,0.0,0.0,0.0,0.0,0.0,0.0,0.0,0.0,0.0,0.0,0.0,0.0,0.0,0.0,0.0,0.0,0.0,0.0,0.0,0.0,0.0,0.0,0.0,0.0,0.0,0.0,0.0,0.0,0.0,0.0,0.0,0.0,0.0,0.0,0.0,0.0,0.0,0.0,0.0,0.0,0.0,0.0,0.0,0.0,0.0,0.0,0.0,0.0,0.0,0.0,0.0,0.0,0.0,0.0,0.0,0.0,0.0,0.0,0.0,0.0,0.0,0.0,0.0,0.0,0.0,0.0,0.0,0.0,0.0,0.0,0.0,0.0,0.0,0.0,0.0,0.0,0.0,0.0,0.0,0.0,0.0,0.0,0.0,0.0,0.0,0.0,0.0,0.0,0.0,0.0,0.0,0.0,0.0,0.0,0.0,0.0,0.0,0.0,0.0,0.0,0.0,0.0,0.0,0.0,0.0,0.0,0.0,0.0,0.0,0.0,0.0,0.0,0.0,0.0,0.0,0.0,0.0,0.0,0.0,0.0,0.0,0.0,0.0,0.0,0.0,0.0,0.0,0.0,0.0,0.0,0.0,0.0
0.0,0.0,0.0,0.0,0.0,0.0,0.0,0.0,0.0,0.0,0.0,0.0,0.0,0.0,0.0,0.0,0.0,0.0,0.0,0.0,0.0,0.0,0.0,0.0,0.0,0.0,0.0,0.0,0.0,0.0,0.0,0.0,0.0,0.0,0.0,0.0,0.0,0.0,0.0,0.0,0.0,0.0,0.0,0.0,0.0,0.0,0.0,0.0,0.0,0.0,0.0,0.0,0.0,0.0,0.0,0.0,0.0,0.0,0.0,0.0,0.0,0.0,0.0,0.0,0.0,0.0,0.0,0.0,0.0,0.0,0.0,0.0,0.0,0.0,0.0,0.0,0.0,0.0,0.0,0.0,0.0,0.0,0.0,0.0,0.0,0.0,0.0,0.0,0.0,0.0,0.0,0.0,0.0,0.0,0.0,0.0,0.0,0.0,0.0,0.0,0.0,0.0,0.0,0.0,0.0,0.0,0.0,0.0,0.0,0.0,0.0,0.0,0.0,0.0,0.0,0.0,0.0,0.0,0.0,0.0,0.0,0.0,0.0,0.0,0.0,0.0,0.0,0.0,0.0,0.0,0.0,0.0,0.0,0.0,0.0,0.0,0.0,0.0,0.0,0.0,0.0,0.0,0.0,0.0,0.0,0.0,0.0,0.0,0.0,0.0,0.0,0.0,0.0,0.0,0.0,0.0,0.0,0.0,0.0,0.0,0.0,0.0,0.0,0.0,0.0,0.0,0.0,0.0,0.0,0.0,0.0,0.0,0.0,0.0,0.0,0.0,0.0,0.0,0.0,0.0,0.0,0.0,0.0,0.0,0.0,0.0,0.0,0.0,0.0,0.0,0.0,0.0,0.0,0.0,0.0,0.0,0.0,0.0,0.0,0.0,0.0,0.0,0.0,0.0,0.0,0.0,0.0,0.0,0.0,0.0,0.0,0.0,0.0,0.0,0.0,0.0,0.0,0.0,0.0,0.0,0.0,0.0,0.0,0.0,0.0,0.0,0.0,0.0,0.0,0.0,0.0,0.0,0.0,0.0,0.0,0.0,0.0,0.0,0.0,0.0,0.0,0.0,0.0,0.0,0.0,0.0,0.0,0.0,0.0,0.0,0.0,0.0,0.0,0.0,0.0,0.0,0.0
0.0,0.0,0.0,0.0,0.0,0.0,0.0,0.0,0.0,0.0,0.0,0.0,0.0,0.0,0.0,0.0,0.0,0.0,0.0,0.0,0.0,0.0,0.0,0.0,0.0,0.0,0.0,0.0,0.0,0.0,0.0,0.0,0.0,0.0,0.0,0.0,0.0,0.0,0.0,0.0,0.0,0.0,0.0,0.0,0.0,0.0,0.0,0.0,0.0,0.0,0.0,0.0,0.0,0.0,0.0,0.0,0.0,0.0,0.0,0.0,0.0,0.0,0.0,0.0,0.0,0.0,0.0,0.0,0.0,0.0,0.0,0.0,0.0,0.0,0.0,0.0,0.0,0.0,0.0,0.0,0.0,0.0,0.0,0.0,0.0,0.0,0.0,0.0,0.0,0.0,0.0,0.0,0.0,0.0,0.0,0.0,0.0,0.0,0.0,0.0,0.0,0.0,0.0,0.0,0.0,0.0,0.0,0.0,0.0,0.0,0.0,0.0,0.0,0.0,0.0,0.0,0.0,0.0,0.0,0.0,0.0,0.0,0.0,0.0,0.0,0.0,0.0,0.0,0.0,0.0,0.0,0.0,0.0,0.0,0.0,0.0,0.0,0.0,0.0,0.0,0.0,0.0,0.0,0.0,0.0,0.0,0.0,0.0,0.0,0.0,0.0,0.0,0.0,0.0,0.0,0.0,0.0,0.0,0.0,0.0,0.0,0.0,0.0,0.0,0.0,0.0,0.0,0.0,0.0,0.0,0.0,0.0,0.0,0.0,0.0,0.0,0.0,0.0,0.0,0.0,0.0,0.0,0.0,0.0,0.0,0.0,0.0,0.0,0.0,0.0,0.0,0.0,0.0,0.0,0.0,0.0,0.0,0.0,0.0,0.0,0.0,0.0,0.0,0.0,0.0,0.0,0.0,0.0,0.0,0.0,0.0,0.0,0.0,0.0,0.0,0.0,0.0,0.0,0.0,0.0,0.0,0.0,0.0,0.0,0.0,0.0,0.0,0.0,0.0,0.0,0.0,0.0,0.0,0.0,0.0,0.0,0.0,0.0,0.0,0.0,0.0,0.0,0.0,0.0,0.0,0.0,0.0,0.0,0.0,0.0,0.0,0.0,0.0,0.0,0.0,0.0,0.0
0.0,0.0,0.0,0.0,0.0,0.0,0.0,0.0,0.0,0.0,0.0,0.0,0.0,0.0,0.0,0.0,0.0,0.0,0.0,0.0,0.0,0.0,0.0,0.0,0.0,0.0,0.0,0.0,0.0,0.0,0.0,0.0,0.0,0.0,0.0,0.0,0.0,0.0,0.0,0.0,0.0,0.0,0.0,0.0,0.0,0.0,0.0,0.0,0.0,0.0,0.0,0.0,0.0,0.0,0.0,0.0,0.0,0.0,0.0,0.0,0.0,0.0,0.0,0.0,0.0,0.0,0.0,0.0,0.0,0.0,0.0,0.0,0.0,0.0,0.0,0.0,0.0,0.0,0.0,0.0,0.0,0.0,0.0,0.0,0.0,0.0,0.0,0.0,0.0,0.0,0.0,0.0,0.0,0.0,0.0,0.0,0.0,0.0,0.0,0.0,0.0,0.0,0.0,0.0,0.0,0.0,0.0,0.0,0.0,0.0,0.0,0.0,0.0,0.0,0.0,0.0,0.0,0.0,0.0,0.0,0.0,0.0,0.0,0.0,0.0,0.0,0.0,0.0,0.0,0.0,0.0,0.0,0.0,0.0,0.0,0.0,0.0,0.0,0.0,0.0,0.0,0.0,0.0,0.0,0.0,0.0,0.0,0.0,0.0,0.0,0.0,0.0,0.0,0.0,0.0,0.0,0.0,0.0,0.0,0.0,0.0,0.0,0.0,0.0,0.0,0.0,0.0,0.0,0.0,0.0,0.0,0.0,0.0,0.0,0.0,0.0,0.0,0.0,0.0,0.0,0.0,0.0,0.0,0.0,0.0,0.0,0.0,0.0,0.0,0.0,0.0,0.0,0.0,0.0,0.0,0.0,0.0,0.0,0.0,0.0,0.0,0.0,0.0,0.0,0.0,0.0,0.0,0.0,0.0,0.0,0.0,0.0,0.0,0.0,0.0,0.0,0.0,0.0,0.0,0.0,0.0,0.0,0.0,0.0,0.0,0.0,0.0,0.0,0.0,0.0,0.0,0.0,0.0,0.0,0.0,0.0,0.0,0.0,0.0,0.0,0.0,0.0,0.0,0.0,0.0,0.0,0.0,0.0,0.0,0.0,0.0,0.0,0.0,0.0,0.0,0.0,0.0
0.0,0.0,0.0,0.0,0.0,0.0,0.0,0.0,0.0,0.0,0.0,0.0,0.0,0.0,0.0,0.0,0.0,0.0,0.0,0.0,0.0,0.0,0.0,0.0,0.0,0.0,0.0,0.0,0.0,0.0,0.0,0.0,0.0,0.0,0.0,0.0,0.0,0.0,0.0,0.0,0.0,0.0,0.0,0.0,0.0,0.0,0.0,0.0,0.0,0.0,0.0,0.0,0.0,0.0,0.0,0.0,0.0,0.0,0.0,0.0,0.0,0.0,0.0,0.0,0.0,0.0,0.0,0.0,0.0,0.0,0.0,0.0,0.0,0.0,0.0,0.0,0.0,0.0,0.0,0.0,0.0,0.0,0.0,0.0,0.0,0.0,0.0,0.0,0.0,0.0,0.0,0.0,0.0,0.0,0.0,0.0,0.0,0.0,0.0,0.0,0.0,0.0,0.0,0.0,0.0,0.0,0.0,0.0,0.0,0.0,0.0,0.0,0.0,0.0,0.0,0.0,0.0,0.0,0.0,0.0,0.0,0.0,0.0,0.0,0.0,0.0,0.0,0.0,0.0,0.0,0.0,0.0,0.0,0.0,0.0,0.0,0.0,0.0,0.0,0.0,0.0,0.0,0.0,0.0,0.0,0.0,0.0,0.0,0.0,0.0,0.0,0.0,0.0,0.0,0.0,0.0,0.0,0.0,0.0,0.0,0.0,0.0,0.0,0.0,0.0,0.0,0.0,0.0,0.0,0.0,0.0,0.0,0.0,0.0,0.0,0.0,0.0,0.0,0.0,0.0,0.0,0.0,0.0,0.0,0.0,0.0,0.0,0.0,0.0,0.0,0.0,0.0,0.0,0.0,0.0,0.0,0.0,0.0,0.0,0.0,0.0,0.0,0.0,0.0,0.0,0.0,0.0,0.0,0.0,0.0,0.0,0.0,0.0,0.0,0.0,0.0,0.0,0.0,0.0,0.0,0.0,0.0,0.0,0.0,0.0,0.0,0.0,0.0,0.0,0.0,0.0,0.0,0.0,0.0,0.0,0.0,0.0,0.0,0.0,0.0,0.0,0.0,0.0,0.0,0.0,0.0,0.0,0.0,0.0,0.0,0.0,0.0,0.0,0.0,0.0,0.0,0.0
0.0,0.0,0.0,0.0,0.0,0.0,0.0,0.0,0.0,0.0,0.0,0.0,0.0,0.0,0.0,0.0,0.0,0.0,0.0,0.0,0.0,0.0,0.0,0.0,0.0,0.0,0.0,0.0,0.0,0.0,0.0,0.0,0.0,0.0,0.0,0.0,0.0,0.0,0.0,0.0,0.0,0.0,0.0,0.0,0.0,0.0,0.0,0.0,0.0,0.0,0.0,0.0,0.0,0.0,0.0,0.0,0.0,0.0,0.0,0.0,0.0,0.0,0.0,0.0,0.0,0.0,0.0,0.0,0.0,0.0,0.0,0.0,0.0,0.0,0.0,0.0,0.0,0.0,0.0,0.0,0.0,0.0,0.0,0.0,0.0,0.0,0.0,0.0,0.0,0.0,0.0,0.0,0.0,0.0,0.0,0.0,0.0,0.0,0.0,0.0,0.0,0.0,0.0,0.0,0.0,0.0,0.0,0.0,0.0,0.0,0.0,0.0,0.0,0.0,0.0,0.0,0.0,0.0,0.0,0.0,0.0,0.0,0.0,0.0,0.0,0.0,0.0,0.0,0.0,0.0,0.0,0.0,0.0,0.0,0.0,0.0,0.0,0.0,0.0,0.0,0.0,0.0,0.0,0.0,0.0,0.0,0.0,0.0,0.0,0.0,0.0,0.0,0.0,0.0,0.0,0.0,0.0,0.0,0.0,0.0,0.0,0.0,0.0,0.0,0.0,0.0,0.0,0.0,0.0,0.0,0.0,0.0,0.0,0.0,0.0,0.0,0.0,0.0,0.0,0.0,0.0,0.0,0.0,0.0,0.0,0.0,0.0,0.0,0.0,0.0,0.0,0.0,0.0,0.0,0.0,0.0,0.0,0.0,0.0,0.0,0.0,0.0,0.0,0.0,0.0,0.0,0.0,0.0,0.0,0.0,0.0,0.0,0.0,0.0,0.0,0.0,0.0,0.0,0.0,0.0,0.0,0.0,0.0,0.0,0.0,0.0,0.0,0.0,0.0,0.0,0.0,0.0,0.0,0.0,0.0,0.0,0.0,0.0,0.0,0.0,0.0,0.0,0.0,0.0,0.0,0.0,0.0,0.0,0.0,0.0,0.0,0.0,0.0,0.0,0.0,0.0,0.0
0.0,0.0,0.0,0.0,0.0,0.0,0.0,0.0,0.0,0.0,0.0,0.0,0.0,0.0,0.0,0.0,0.0,0.0,0.0,0.0,0.0,0.0,0.0,0.0,0.0,0.0,0.0,0.0,0.0,0.0,0.0,0.0,0.0,0.0,0.0,0.0,0.0,0.0,0.0,0.0,0.0,0.0,0.0,0.0,0.0,0.0,0.0,0.0,0.0,0.0,0.0,0.0,0.0,0.0,0.0,0.0,0.0,0.0,0.0,0.0,0.0,0.0,0.0,0.0,0.0,0.0,0.0,0.0,0.0,0.0,0.0,0.0,0.0,0.0,0.0,0.0,0.0,0.0,0.0,0.0,0.0,0.0,0.0,0.0,0.0,0.0,0.0,0.0,0.0,0.0,0.0,0.0,0.0,0.0,0.0,0.0,0.0,0.0,0.0,0.0,0.0,0.0,0.0,0.0,0.0,0.0,0.0,0.0,0.0,0.0,0.0,0.0,0.0,0.0,0.0,0.0,0.0,0.0,0.0,0.0,0.0,0.0,0.0,0.0,0.0,0.0,0.0,0.0,0.0,0.0,0.0,0.0,0.0,0.0,0.0,0.0,0.0,0.0,0.0,0.0,0.0,0.0,0.0,0.0,0.0,0.0,0.0,0.0,0.0,0.0,0.0,0.0,0.0,0.0,0.0,0.0,0.0,0.0,0.0,0.0,0.0,0.0,0.0,0.0,0.0,0.0,0.0,0.0,0.0,0.0,0.0,0.0,0.0,0.0,0.0,0.0,0.0,0.0,0.0,0.0,0.0,0.0,0.0,0.0,0.0,0.0,0.0,0.0,0.0,0.0,0.0,0.0,0.0,0.0,0.0,0.0,0.0,0.0,0.0,0.0,0.0,0.0,0.0,0.0,0.0,0.0,0.0,0.0,0.0,0.0,0.0,0.0,0.0,0.0,0.0,0.0,0.0,0.0,0.0,0.0,0.0,0.0,0.0,0.0,0.0,0.0,0.0,0.0,0.0,0.0,0.0,0.0,0.0,0.0,0.0,0.0,0.0,0.0,0.0,0.0,0.0,0.0,0.0,0.0,0.0,0.0,0.0,0.0,0.0,0.0,0.0,0.0,0.0,0.0,0.0,0.0,0.0
0.0,0.0,0.0,0.0,0.0,0.0,0.0,0.0,0.0,0.0,0.0,0.0,0.0,0.0,0.0,0.0,0.0,0.0,0.0,0.0,0.0,0.0,0.0,0.0,0.0,0.0,0.0,0.0,0.0,0.0,0.0,0.0,0.0,0.0,0.0,0.0,0.0,0.0,0.0,0.0,0.0,0.0,0.0,0.0,0.0,0.0,0.0,0.0,0.0,0.0,0.0,0.0,0.0,0.0,0.0,0.0,0.0,0.0,0.0,0.0,0.0,0.0,0.0,0.0,0.0,0.0,0.0,0.0,0.0,0.0,0.0,0.0,0.0,0.0,0.0,0.0,0.0,0.0,0.0,0.0,0.0,0.0,0.0,0.0,0.0,0.0,0.0,0.0,0.0,0.0,0.0,0.0,0.0,0.0,0.0,0.0,0.0,0.0,0.0,0.0,0.0,0.0,0.0,0.0,0.0,0.0,0.0,0.0,0.0,0.0,0.0,0.0,0.0,0.0,0.0,0.0,0.0,0.0,0.0,0.0,0.0,0.0,0.0,0.0,0.0,0.0,0.0,0.0,0.0,0.0,0.0,0.0,0.0,0.0,0.0,0.0,0.0,0.0,0.0,0.0,0.0,0.0,0.0,0.0,0.0,0.0,0.0,0.0,0.0,0.0,0.0,0.0,0.0,0.0,0.0,0.0,0.0,0.0,0.0,0.0,0.0,0.0,0.0,0.0,0.0,0.0,0.0,0.0,0.0,0.0,0.0,0.0,0.0,0.0,0.0,0.0,0.0,0.0,0.0,0.0,0.0,0.0,0.0,0.0,0.0,0.0,0.0,0.0,0.0,0.0,0.0,0.0,0.0,0.0,0.0,0.0,0.0,0.0,0.0,0.0,0.0,0.0,0.0,0.0,0.0,0.0,0.0,0.0,0.0,0.0,0.0,0.0,0.0,0.0,0.0,0.0,0.0,0.0,0.0,0.0,0.0,0.0,0.0,0.0,0.0,0.0,0.0,0.0,0.0,0.0,0.0,0.0,0.0,0.0,0.0,0.0,0.0,0.0,0.0,0.0,0.0,0.0,0.0,0.0,0.0,0.0,0.0,0.0,0.0,0.0,0.0,0.0,0.0,0.0,0.0,0.0,0.0
0.0,0.0,0.0,0.0,0.0,0.0,0.0,0.0,0.0,0.0,0.0,0.0,0.0,0.0,0.0,0.0,0.0,0.0,0.0,0.0,0.0,0.0,0.0,0.0,0.0,0.0,0.0,0.0,0.0,0.0,0.0,0.0,0.0,0.0,0.0,0.0,0.0,0.0,0.0,0.0,0.0,0.0,0.0,0.0,0.0,0.0,0.0,0.0,0.0,0.0,0.0,0.0,0.0,0.0,0.0,0.0,0.0,0.0,0.0,0.0,0.0,0.0,0.0,0.0,0.0,0.0,0.0,0.0,0.0,0.0,0.0,0.0,0.0,0.0,0.0,0.0,0.0,0.0,0.0,0.0,0.0,0.0,0.0,0.0,0.0,0.0,0.0,0.0,0.0,0.0,0.0,0.0,0.0,0.0,0.0,0.0,0.0,0.0,0.0,0.0,0.0,0.0,0.0,0.0,0.0,0.0,0.0,0.0,0.0,0.0,0.0,0.0,0.0,0.0,0.0,0.0,0.0,0.0,0.0,0.0,0.0,0.0,0.0,0.0,0.0,0.0,0.0,0.0,0.0,0.0,0.0,0.0,0.0,0.0,0.0,0.0,0.0,0.0,0.0,0.0,0.0,0.0,0.0,0.0,0.0,0.0,0.0,0.0,0.0,0.0,0.0,0.0,0.0,0.0,0.0,0.0,0.0,0.0,0.0,0.0,0.0,0.0,0.0,0.0,0.0,0.0,0.0,0.0,0.0,0.0,0.0,0.0,0.0,0.0,0.0,0.0,0.0,0.0,0.0,0.0,0.0,0.0,0.0,0.0,0.0,0.0,0.0,0.0,0.0,0.0,0.0,0.0,0.0,0.0,0.0,0.0,0.0,0.0,0.0,0.0,0.0,0.0,0.0,0.0,0.0,0.0,0.0,0.0,0.0,0.0,0.0,0.0,0.0,0.0,0.0,0.0,0.0,0.0,0.0,0.0,0.0,0.0,0.0,0.0,0.0,0.0,0.0,0.0,0.0,0.0,0.0,0.0,0.0,0.0,0.0,0.0,0.0,0.0,0.0,0.0,0.0,0.0,0.0,0.0,0.0,0.0,0.0,0.0,0.0,0.0,0.0,0.0,0.0,0.0,0.0,0.0,0.0
0.0,0.0,0.0,0.0,0.0,0.0,0.0,0.0,0.0,0.0,0.0,0.0,0.0,0.0,0.0,0.0,0.0,0.0,0.0,0.0,0.0,0.0,0.0,0.0,0.0,0.0,0.0,0.0,0.0,0.0,0.0,0.0,0.0,0.0,0.0,0.0,0.0,0.0,0.0,0.0,0.0,0.0,0.0,0.0,0.0,0.0,0.0,0.0,0.0,0.0,0.0,0.0,0.0,0.0,0.0,0.0,0.0,0.0,0.0,0.0,0.0,0.0,0.0,0.0,0.0,0.0,0.0,0.0,0.0,0.0,0.0,0.0,0.0,0.0,0.0,0.0,0.0,0.0,0.0,0.0,0.0,0.0,0.0,0.0,0.0,0.0,0.0,0.0,0.0,0.0,0.0,0.0,0.0,0.0,0.0,0.0,0.0,0.0,0.0,0.0,0.0,0.0,0.0,0.0,0.0,0.0,0.0,0.0,0.0,0.0,0.0,0.0,0.0,0.0,0.0,0.0,0.0,0.0,0.0,0.0,0.0,0.0,0.0,0.0,0.0,0.0,0.0,0.0,0.0,0.0,0.0,0.0,0.0,0.0,0.0,0.0,0.0,0.0,0.0,0.0,0.0,0.0,0.0,0.0,0.0,0.0,0.0,0.0,0.0,0.0,0.0,0.0,0.0,0.0,0.0,0.0,0.0,0.0,0.0,0.0,0.0,0.0,0.0,0.0,0.0,0.0,0.0,0.0,0.0,0.0,0.0,0.0,0.0,0.0,0.0,0.0,0.0,0.0,0.0,0.0,0.0,0.0,0.0,0.0,0.0,0.0,0.0,0.0,0.0,0.0,0.0,0.0,0.0,0.0,0.0,0.0,0.0,0.0,0.0,0.0,0.0,0.0,0.0,0.0,0.0,0.0,0.0,0.0,0.0,0.0,0.0,0.0,0.0,0.0,0.0,0.0,0.0,0.0,0.0,0.0,0.0,0.0,0.0,0.0,0.0,0.0,0.0,0.0,0.0,0.0,0.0,0.0,0.0,0.0,0.0,0.0,0.0,0.0,0.0,0.0,0.0,0.0,0.0,0.0,0.0,0.0,0.0,0.0,0.0,0.0,0.0,0.0,0.0,0.0,0.0,0.0,0.0
0.0,0.0,0.0,0.0,0.0,0.0,0.0,0.0,0.0,0.0,0.0,0.0,0.0,0.0,0.0,0.0,0.0,0.0,0.0,0.0,0.0,0.0,0.0,0.0,0.0,0.0,0.0,0.0,0.0,0.0,0.0,0.0,0.0,0.0,0.0,0.0,0.0,0.0,0.0,0.0,0.0,0.0,0.0,0.0,0.0,0.0,0.0,0.0,0.0,0.0,0.0,0.0,0.0,0.0,0.0,0.0,0.0,0.0,0.0,0.0,0.0,0.0,0.0,0.0,0.0,0.0,0.0,0.0,0.0,0.0,0.0,0.0,0.0,0.0,0.0,0.0,0.0,0.0,0.0,0.0,0.0,0.0,0.0,0.0,0.0,0.0,0.0,0.0,0.0,0.0,0.0,0.0,0.0,0.0,0.0,0.0,0.0,0.0,0.0,0.0,0.0,0.0,0.0,0.0,0.0,0.0,0.0,0.0,0.0,0.0,0.0,0.0,0.0,0.0,0.0,0.0,0.0,0.0,0.0,0.0,0.0,0.0,0.0,0.0,0.0,0.0,0.0,0.0,0.0,0.0,0.0,0.0,0.0,0.0,0.0,0.0,0.0,0.0,0.0,0.0,0.0,0.0,0.0,0.0,0.0,0.0,0.0,0.0,0.0,0.0,0.0,0.0,0.0,0.0,0.0,0.0,0.0,0.0,0.0,0.0,0.0,0.0,0.0,0.0,0.0,0.0,0.0,0.0,0.0,0.0,0.0,0.0,0.0,0.0,0.0,0.0,0.0,0.0,0.0,0.0,0.0,0.0,0.0,0.0,0.0,0.0,0.0,0.0,0.0,0.0,0.0,0.0,0.0,0.0,0.0,0.0,0.0,0.0,0.0,0.0,0.0,0.0,0.0,0.0,0.0,0.0,0.0,0.0,0.0,0.0,0.0,0.0,0.0,0.0,0.0,0.0,0.0,0.0,0.0,0.0,0.0,0.0,0.0,0.0,0.0,0.0,0.0,0.0,0.0,0.0,0.0,0.0,0.0,0.0,0.0,0.0,0.0,0.0,0.0,0.0,0.0,0.0,0.0,0.0,0.0,0.0,0.0,0.0,0.0,0.0,0.0,0.0,0.0,0.0,0.0,0.0,0.0
0.0,0.0,0.0,0.0,0.0,0.0,0.0,0.0,0.0,0.0,0.0,0.0,0.0,0.0,0.0,0.0,0.0,0.0,0.0,0.0,0.0,0.0,0.0,0.0,0.0,0.0,0.0,0.0,0.0,0.0,0.0,0.0,0.0,0.0,0.0,0.0,0.0,0.0,0.0,0.0,0.0,0.0,0.0,0.0,0.0,0.0,0.0,0.0,0.0,0.0,0.0,0.0,0.0,0.0,0.0,0.0,0.0,0.0,0.0,0.0,0.0,0.0,0.0,0.0,0.0,0.0,0.0,0.0,0.0,0.0,0.0,0.0,0.0,0.0,0.0,0.0,0.0,0.0,0.0,0.0,0.0,0.0,0.0,0.0,0.0,0.0,0.0,0.0,0.0,0.0,0.0,0.0,0.0,0.0,0.0,0.0,0.0,0.0,0.0,0.0,0.0,0.0,0.0,0.0,0.0,0.0,0.0,0.0,0.0,0.0,0.0,0.0,0.0,0.0,0.0,0.0,0.0,0.0,0.0,0.0,0.0,0.0,0.0,0.0,0.0,0.0,0.0,0.0,0.0,0.0,0.0,0.0,0.0,0.0,0.0,0.0,0.0,0.0,0.0,0.0,0.0,0.0,0.0,0.0,0.0,0.0,0.0,0.0,0.0,0.0,0.0,0.0,0.0,0.0,0.0,0.0,0.0,0.0,0.0,0.0,0.0,0.0,0.0,0.0,0.0,0.0,0.0,0.0,0.0,0.0,0.0,0.0,0.0,0.0,0.0,0.0,0.0,0.0,0.0,0.0,0.0,0.0,0.0,0.0,0.0,0.0,0.0,0.0,0.0,0.0,0.0,0.0,0.0,0.0,0.0,0.0,0.0,0.0,0.0,0.0,0.0,0.0,0.0,0.0,0.0,0.0,0.0,0.0,0.0,0.0,0.0,0.0,0.0,0.0,0.0,0.0,0.0,0.0,0.0,0.0,0.0,0.0,0.0,0.0,0.0,0.0,0.0,0.0,0.0,0.0,0.0,0.0,0.0,0.0,0.0,0.0,0.0,0.0,0.0,0.0,0.0,0.0,0.0,0.0,0.0,0.0,0.0,0.0,0.0,0.0,0.0,0.0,0.0,0.0,0.0,0.0,0.0
0.0,0.0,0.0,0.0,0.0,0.0,0.0,0.0,0.0,0.0,0.0,0.0,0.0,0.0,0.0,0.0,0.0,0.0,0.0,0.0,0.0,0.0,0.0,0.0,0.0,0.0,0.0,0.0,0.0,0.0,0.0,0.0,0.0,0.0,0.0,0.0,0.0,0.0,0.0,0.0,0.0,0.0,0.0,0.0,0.0,0.0,0.0,0.0,0.0,0.0,0.0,0.0,0.0,0.0,0.0,0.0,0.0,0.0,0.0,0.0,0.0,0.0,0.0,0.0,0.0,0.0,0.0,0.0,0.0,0.0,0.0,0.0,0.0,0.0,0.0,0.0,0.0,0.0,0.0,0.0,0.0,0.0,0.0,0.0,0.0,0.0,0.0,0.0,0.0,0.0,0.0,0.0,0.0,0.0,0.0,0.0,0.0,0.0,0.0,0.0,0.0,0.0,0.0,0.0,0.0,0.0,0.0,0.0,0.0,0.0,0.0,0.0,0.0,0.0,0.0,0.0,0.0,0.0,0.0,0.0,0.0,0.0,0.0,0.0,0.0,0.0,0.0,0.0,0.0,0.0,0.0,0.0,0.0,0.0,0.0,0.0,0.0,0.0,0.0,0.0,0.0,0.0,0.0,0.0,0.0,0.0,0.0,0.0,0.0,0.0,0.0,0.0,0.0,0.0,0.0,0.0,0.0,0.0,0.0,0.0,0.0,0.0,0.0,0.0,0.0,0.0,0.0,0.0,0.0,0.0,0.0,0.0,0.0,0.0,0.0,0.0,0.0,0.0,0.0,0.0,0.0,0.0,0.0,0.0,0.0,0.0,0.0,0.0,0.0,0.0,0.0,0.0,0.0,0.0,0.0,0.0,0.0,0.0,0.0,0.0,0.0,0.0,0.0,0.0,0.0,0.0,0.0,0.0,0.0,0.0,0.0,0.0,0.0,0.0,0.0,0.0,0.0,0.0,0.0,0.0,0.0,0.0,0.0,0.0,0.0,0.0,0.0,0.0,0.0,0.0,0.0,0.0,0.0,0.0,0.0,0.0,0.0,0.0,0.0,0.0,0.0,0.0,0.0,0.0,0.0,0.0,0.0,0.0,0.0,0.0,0.0,0.0,0.0,0.0,0.0,0.0,0.0
0.0,0.0,0.0,0.0,0.0,0.0,0.0,0.0,0.0,0.0,0.0,0.0,0.0,0.0,0.0,0.0,0.0,0.0,0.0,0.0,0.0,0.0,0.0,0.0,0.0,0.0,0.0,0.0,0.0,0.0,0.0,0.0,0.0,0.0,0.0,0.0,0.0,0.0,0.0,0.0,0.0,0.0,0.0,0.0,0.0,0.0,0.0,0.0,0.0,0.0,0.0,0.0,0.0,0.0,0.0,0.0,0.0,0.0,0.0,0.0,0.0,0.0,0.0,0.0,0.0,0.0,0.0,0.0,0.0,0.0,0.0,0.0,0.0,0.0,0.0,0.0,0.0,0.0,0.0,0.0,0.0,0.0,0.0,0.0,0.0,0.0,0.0,0.0,0.0,0.0,0.0,0.0,0.0,0.0,0.0,0.0,0.0,0.0,0.0,0.0,0.0,0.0,0.0,0.0,0.0,0.0,0.0,0.0,0.0,0.0,0.0,0.0,0.0,0.0,0.0,0.0,0.0,0.0,0.0,0.0,0.0,0.0,0.0,0.0,0.0,0.0,0.0,0.0,0.0,0.0,0.0,0.0,0.0,0.0,0.0,0.0,0.0,0.0,0.0,0.0,0.0,0.0,0.0,0.0,0.0,0.0,0.0,0.0,0.0,0.0,0.0,0.0,0.0,0.0,0.0,0.0,0.0,0.0,0.0,0.0,0.0,0.0,0.0,0.0,0.0,0.0,0.0,0.0,0.0,0.0,0.0,0.0,0.0,0.0,0.0,0.0,0.0,0.0,0.0,0.0,0.0,0.0,0.0,0.0,0.0,0.0,0.0,0.0,0.0,0.0,0.0,0.0,0.0,0.0,0.0,0.0,0.0,0.0,0.0,0.0,0.0,0.0,0.0,0.0,0.0,0.0,0.0,0.0,0.0,0.0,0.0,0.0,0.0,0.0,0.0,0.0,0.0,0.0,0.0,0.0,0.0,0.0,0.0,0.0,0.0,0.0,0.0,0.0,0.0,0.0,0.0,0.0,0.0,0.0,0.0,0.0,0.0,0.0,0.0,0.0,0.0,0.0,0.0,0.0,0.0,0.0,0.0,0.0,0.0,0.0,0.0,0.0,0.0,0.0,0.0,0.0,0.0
0.0,0.0,0.0,0.0,0.0,0.0,0.0,0.0,0.0,0.0,0.0,0.0,0.0,0.0,0.0,0.0,0.0,0.0,0.0,0.0,0.0,0.0,0.0,0.0,0.0,0.0,0.0,0.0,0.0,0.0,0.0,0.0,0.0,0.0,0.0,0.0,0.0,0.0,0.0,0.0,0.0,0.0,0.0,0.0,0.0,0.0,0.0,0.0,0.0,0.0,0.0,0.0,0.0,0.0,0.0,0.0,0.0,0.0,0.0,0.0,0.0,0.0,0.0,0.0,0.0,0.0,0.0,0.0,0.0,0.0,0.0,0.0,0.0,0.0,0.0,0.0,0.0,0.0,0.0,0.0,0.0,0.0,0.0,0.0,0.0,0.0,0.0,0.0,0.0,0.0,0.0,0.0,0.0,0.0,0.0,0.0,0.0,0.0,0.0,0.0,0.0,0.0,0.0,0.0,0.0,0.0,0.0,0.0,0.0,0.0,0.0,0.0,0.0,0.0,0.0,0.0,0.0,0.0,0.0,0.0,0.0,0.0,0.0,0.0,0.0,0.0,0.0,0.0,0.0,0.0,0.0,0.0,0.0,0.0,0.0,0.0,0.0,0.0,0.0,0.0,0.0,0.0,0.0,0.0,0.0,0.0,0.0,0.0,0.0,0.0,0.0,0.0,0.0,0.0,0.0,0.0,0.0,0.0,0.0,0.0,0.0,0.0,0.0,0.0,0.0,0.0,0.0,0.0,0.0,0.0,0.0,0.0,0.0,0.0,0.0,0.0,0.0,0.0,0.0,0.0,0.0,0.0,0.0,0.0,0.0,0.0,0.0,0.0,0.0,0.0,0.0,0.0,0.0,0.0,0.0,0.0,0.0,0.0,0.0,0.0,0.0,0.0,0.0,0.0,0.0,0.0,0.0,0.0,0.0,0.0,0.0,0.0,0.0,0.0,0.0,0.0,0.0,0.0,0.0,0.0,0.0,0.0,0.0,0.0,0.0,0.0,0.0,0.0,0.0,0.0,0.0,0.0,0.0,0.0,0.0,0.0,0.0,0.0,0.0,0.0,0.0,0.0,0.0,0.0,0.0,0.0,0.0,0.0,0.0,0.0,0.0,0.0,0.0,0.0,0.0,0.0,0.0
0.0,0.0,0.0,0.0,0.0,0.0,0.0,0.0,0.0,0.0,0.0,0.0,0.0,0.0,0.0,0.0,0.0,0.0,0.0,0.0,0.0,0.0,0.0,0.0,0.0,0.0,0.0,0.0,0.0,0.0,0.0,0.0,0.0,0.0,0.0,0.0,0.0,0.0,0.0,0.0,0.0,0.0,0.0,0.0,0.0,0.0,0.0,0.0,0.0,0.0,0.0,0.0,0.0,0.0,0.0,0.0,0.0,0.0,0.0,0.0,0.0,0.0,0.0,0.0,0.0,0.0,0.0,0.0,0.0,0.0,0.0,0.0,0.0,0.0,0.0,0.0,0.0,0.0,0.0,0.0,0.0,0.0,0.0,0.0,0.0,0.0,0.0,0.0,0.0,0.0,0.0,0.0,0.0,0.0,0.0,0.0,0.0,0.0,0.0,0.0,0.0,0.0,0.0,0.0,0.0,0.0,0.0,0.0,0.0,0.0,0.0,0.0,0.0,0.0,0.0,0.0,0.0,0.0,0.0,0.0,0.0,0.0,0.0,0.0,0.0,0.0,0.0,0.0,0.0,0.0,0.0,0.0,0.0,0.0,0.0,0.0,0.0,0.0,0.0,0.0,0.0,0.0,0.0,0.0,0.0,0.0,0.0,0.0,0.0,0.0,0.0,0.0,0.0,0.0,0.0,0.0,0.0,0.0,0.0,0.0,0.0,0.0,0.0,0.0,0.0,0.0,0.0,0.0,0.0,0.0,0.0,0.0,0.0,0.0,0.0,0.0,0.0,0.0,0.0,0.0,0.0,0.0,0.0,0.0,0.0,0.0,0.0,0.0,0.0,0.0,0.0,0.0,0.0,0.0,0.0,0.0,0.0,0.0,0.0,0.0,0.0,0.0,0.0,0.0,0.0,0.0,0.0,0.0,0.0,0.0,0.0,0.0,0.0,0.0,0.0,0.0,0.0,0.0,0.0,0.0,0.0,0.0,0.0,0.0,0.0,0.0,0.0,0.0,0.0,0.0,0.0,0.0,0.0,0.0,0.0,0.0,0.0,0.0,0.0,0.0,0.0,0.0,0.0,0.0,0.0,0.0,0.0,0.0,0.0,0.0,0.0,0.0,0.0,0.0,0.0,0.0,0.0
0.0,0.0,0.0,0.0,0.0,0.0,0.0,0.0,0.0,0.0,0.0,0.0,0.0,0.0,0.0,0.0,0.0,0.0,0.0,0.0,0.0,0.0,0.0,0.0,0.0,0.0,0.0,0.0,0.0,0.0,0.0,0.0,0.0,0.0,0.0,0.0,0.0,0.0,0.0,0.0,0.0,0.0,0.0,0.0,0.0,0.0,0.0,0.0,0.0,0.0,0.0,0.0,0.0,0.0,0.0,0.0,0.0,0.0,0.0,0.0,0.0,0.0,0.0,0.0,0.0,0.0,0.0,0.0,0.0,0.0,0.0,0.0,0.0,0.0,0.0,0.0,0.0,0.0,0.0,0.0,0.0,0.0,0.0,0.0,0.0,0.0,0.0,0.0,0.0,0.0,0.0,0.0,0.0,0.0,0.0,0.0,0.0,0.0,0.0,0.0,0.0,0.0,0.0,0.0,0.0,0.0,0.0,0.0,0.0,0.0,0.0,0.0,0.0,0.0,0.0,0.0,0.0,0.0,0.0,0.0,0.0,0.0,0.0,0.0,0.0,0.0,0.0,0.0,0.0,0.0,0.0,0.0,0.0,0.0,0.0,0.0,0.0,0.0,0.0,0.0,0.0,0.0,0.0,0.0,0.0,0.0,0.0,0.0,0.0,0.0,0.0,0.0,0.0,0.0,0.0,0.0,0.0,0.0,0.0,0.0,0.0,0.0,0.0,0.0,0.0,0.0,0.0,0.0,0.0,0.0,0.0,0.0,0.0,0.0,0.0,0.0,0.0,0.0,0.0,0.0,0.0,0.0,0.0,0.0,0.0,0.0,0.0,0.0,0.0,0.0,0.0,0.0,0.0,0.0,0.0,0.0,0.0,0.0,0.0,0.0,0.0,0.0,0.0,0.0,0.0,0.0,0.0,0.0,0.0,0.0,0.0,0.0,0.0,0.0,0.0,0.0,0.0,0.0,0.0,0.0,0.0,0.0,0.0,0.0,0.0,0.0,0.0,0.0,0.0,0.0,0.0,0.0,0.0,0.0,0.0,0.0,0.0,0.0,0.0,0.0,0.0,0.0,0.0,0.0,0.0,0.0,0.0,0.0,0.0,0.0,0.0,0.0,0.0,0.0,0.0,0.0,0.0
0.0,0.0,0.0,0.0,0.0,0.0,0.0,0.0,0.0,0.0,0.0,0.0,0.0,0.0,0.0,0.0,0.0,0.0,0.0,0.0,0.0,0.0,0.0,0.0,0.0,0.0,0.0,0.0,0.0,0.0,0.0,0.0,0.0,0.0,0.0,0.0,0.0,0.0,0.0,0.0,0.0,0.0,0.0,0.0,0.0,0.0,0.0,0.0,0.0,0.0,0.0,0.0,0.0,0.0,0.0,0.0,0.0,0.0,0.0,0.0,0.0,0.0,0.0,0.0,0.0,0.0,0.0,0.0,0.0,0.0,0.0,0.0,0.0,0.0,0.0,0.0,0.0,0.0,0.0,0.0,0.0,0.0,0.0,0.0,0.0,0.0,0.0,0.0,0.0,0.0,0.0,0.0,0.0,0.0,0.0,0.0,0.0,0.0,0.0,0.0,0.0,0.0,0.0,0.0,0.0,0.0,0.0,0.0,0.0,0.0,0.0,0.0,0.0,0.0,0.0,0.0,0.0,0.0,0.0,0.0,0.0,0.0,0.0,0.0,0.0,0.0,0.0,0.0,0.0,0.0,0.0,0.0,0.0,0.0,0.0,0.0,0.0,0.0,0.0,0.0,0.0,0.0,0.0,0.0,0.0,0.0,0.0,0.0,0.0,0.0,0.0,0.0,0.0,0.0,0.0,0.0,0.0,0.0,0.0,0.0,0.0,0.0,0.0,0.0,0.0,0.0,0.0,0.0,0.0,0.0,0.0,0.0,0.0,0.0,0.0,0.0,0.0,0.0,0.0,0.0,0.0,0.0,0.0,0.0,0.0,0.0,0.0,0.0,0.0,0.0,0.0,0.0,0.0,0.0,0.0,0.0,0.0,0.0,0.0,0.0,0.0,0.0,0.0,0.0,0.0,0.0,0.0,0.0,0.0,0.0,0.0,0.0,0.0,0.0,0.0,0.0,0.0,0.0,0.0,0.0,0.0,0.0,0.0,0.0,0.0,0.0,0.0,0.0,0.0,0.0,0.0,0.0,0.0,0.0,0.0,0.0,0.0,0.0,0.0,0.0,0.0,0.0,0.0,0.0,0.0,0.0,0.0,0.0,0.0,0.0,0.0,0.0,0.0,0.0,0.0,0.0,0.0
0.0,0.0,0.0,0.0,0.0,0.0,0.0,0.0,0.0,0.0,0.0,0.0,0.0,0.0,0.0,0.0,0.0,0.0,0.0,0.0,0.0,0.0,0.0,0.0,0.0,0.0,0.0,0.0,0.0,0.0,0.0,0.0,0.0,0.0,0.0,0.0,0.0,0.0,0.0,0.0,0.0,0.0,0.0,0.0,0.0,0.0,0.0,0.0,0.0,0.0,0.0,0.0,0.0,0.0,0.0,0.0,0.0,0.0,0.0,0.0,0.0,0.0,0.0,0.0,0.0,0.0,0.0,0.0,0.0,0.0,0.0,0.0,0.0,0.0,0.0,0.0,0.0,0.0,0.0,0.0,0.0,0.0,0.0,0.0,0.0,0.0,0.0,0.0,0.0,0.0,0.0,0.0,0.0,0.0,0.0,0.0,0.0,0.0,0.0,0.0,0.0,0.0,0.0,0.0,0.0,0.0,0.0,0.0,0.0,0.0,0.0,0.0,0.0,0.0,0.0,0.0,0.0,0.0,0.0,0.0,0.0,0.0,0.0,0.0,0.0,0.0,0.0,0.0,0.0,0.0,0.0,0.0,0.0,0.0,0.0,0.0,0.0,0.0,201.35553076518738,157580.64260010907,144053.64585102792,685344.134861099,0.0,0.0,0.0,0.0,0.0,0.0,0.0,0.0,0.0,0.0,0.0,0.0,0.0,0.0,0.0,0.0,0.0,0.0,0.0,0.0,0.0,0.0,0.0,0.0,0.0,0.0,0.0,0.0,0.0,0.0,0.0,0.0,0.0,0.0,0.0,0.0,0.0,0.0,0.0,0.0,0.0,0.0,0.0,0.0,0.0,0.0,0.0,0.0,0.0,0.0,0.0,0.0,0.0,0.0,0.0,0.0,0.0,0.0,0.0,0.0,0.0,0.0,0.0,0.0,0.0,0.0,0.0,0.0,0.0,0.0,0.0,0.0,0.0,0.0,0.0,0.0,0.0,0.0,0.0,0.0,0.0,0.0,0.0,0.0,0.0,0.0,0.0,0.0,0.0,0.0,0.0,0.0,0.0,0.0,0.0,0.0,0.0,0.0,0.0,0.0,0.0,0.0,0.0,0.0,0.0,0.0,0.0,0.0,0.0,0.0,0.0,0.0,0.0,0.0,0.0
0.0,0.0,0.0,0.0,0.0,0.0,0.0,0.0,0.0,0.0,0.0,0.0,0.0,0.0,0.0,0.0,0.0,0.0,0.0,0.0,0.0,0.0,0.0,0.0,0.0,0.0,0.0,0.0,0.0,0.0,0.0,0.0,0.0,0.0,0.0,0.0,0.0,0.0,0.0,0.0,0.0,0.0,0.0,0.0,0.0,0.0,0.0,0.0,0.0,0.0,0.0,0.0,0.0,0.0,0.0,0.0,0.0,0.0,0.0,0.0,0.0,0.0,0.0,0.0,0.0,0.0,0.0,0.0,0.0,0.0,0.0,0.0,0.0,0.0,0.0,0.0,0.0,0.0,0.0,0.0,0.0,0.0,0.0,0.0,0.0,0.0,0.0,0.0,0.0,0.0,0.0,0.0,0.0,0.0,0.0,0.0,0.0,0.0,0.0,0.0,0.0,0.0,0.0,0.0,0.0,0.0,0.0,0.0,0.0,0.0,0.0,0.0,0.0,0.0,0.0,0.0,0.0,0.0,0.0,0.0,0.0,0.0,0.0,0.0,0.0,0.0,0.0,0.0,0.0,0.0,532705.678364294,584149.0586996115,309356.7677585268,1110294.866667107,3441832.375423621,499778.64268320217,3505.8746992213587,67452.19789635311,520468.6927939326,221214.52070488478,1554950.6642469247,5191571.099003296,8781562.394436153,203455.93687506663,0.0,0.0,0.0,0.0,0.0,0.0,0.0,0.0,0.0,0.0,0.0,0.0,0.0,0.0,0.0,0.0,0.0,0.0,0.0,0.0,0.0,0.0,0.0,0.0,0.0,0.0,0.0,0.0,0.0,0.0,0.0,0.0,0.0,0.0,0.0,0.0,0.0,0.0,0.0,0.0,0.0,0.0,0.0,0.0,0.0,0.0,0.0,0.0,0.0,0.0,0.0,0.0,0.0,0.0,0.0,0.0,0.0,0.0,0.0,0.0,0.0,0.0,0.0,0.0,0.0,0.0,0.0,0.0,0.0,0.0,0.0,0.0,0.0,0.0,0.0,0.0,0.0,0.0,0.0,0.0,0.0,0.0,0.0,0.0,0.0,0.0,0.0,0.0,0.0,0.0,0.0,0.0,0.0,0.0,0.0,0.0,0.0,0.0,0.0,0.0,0.0,0.0,0.0,0.0,0.0,0.0,0.0,0.0,0.0,0.0,0.0,0.0,0.0
0.0,0.0,0.0,0.0,0.0,0.0,0.0,0.0,0.0,0.0,0.0,0.0,0.0,0.0,0.0,0.0,0.0,0.0,0.0,0.0,0.0,0.0,0.0,0.0,0.0,0.0,0.0,0.0,0.0,0.0,0.0,0.0,0.0,0.0,0.0,0.0,0.0,0.0,0.0,0.0,0.0,0.0,0.0,0.0,0.0,0.0,0.0,0.0,0.0,0.0,0.0,0.0,0.0,0.0,0.0,0.0,0.0,0.0,0.0,0.0,0.0,0.0,0.0,0.0,0.0,0.0,0.0,0.0,0.0,0.0,0.0,0.0,0.0,0.0,0.0,0.0,0.0,0.0,0.0,0.0,0.0,0.0,0.0,0.0,0.0,0.0,0.0,0.0,0.0,0.0,0.0,0.0,0.0,0.0,0.0,0.0,0.0,0.0,0.0,0.0,0.0,0.0,0.0,0.0,0.0,0.0,0.0,0.0,0.0,0.0,0.0,0.0,0.0,0.0,0.0,0.0,0.0,0.0,0.0,0.0,0.0,0.0,0.0,0.0,0.0,0.0,0.0,0.0,0.0,218295.59951047628,557858.0180695105,315221.4034231242,460777.57626353647,201654.79647011362,32682.3176150441,120796.45214533173,147938.49966340524,295758.91163822403,1070319.0792752847,458705.7364581791,282695.3460184861,106576.11423781421,2248679.3875511223,4938941.171923804,362557.72466858133,132575.3245430757,88918.88874011212,2855466.8975478252,3548284.5682275197,3659719.982751489,735199.1536440017,1122593.2912234268,1010390.7353341441,568170.8019552593,381925.5253770183,0.0,0.0,0.0,0.0,0.0,0.0,0.0,0.0,0.0,0.0,0.0,0.0,0.0,0.0,0.0,0.0,0.0,0.0,0.0,0.0,0.0,0.0,0.0,0.0,0.0,0.0,0.0,0.0,0.0,0.0,0.0,0.0,0.0,0.0,0.0,0.0,0.0,0.0,0.0,0.0,0.0,0.0,0.0,0.0,0.0,0.0,0.0,0.0,0.0,0.0,0.0,0.0,0.0,0.0,0.0,0.0,0.0,0.0,0.0,0.0,0.0,0.0,0.0,0.0,0.0,0.0,0.0,0.0,0.0,0.0,0.0,0.0,0.0,0.0,0.0,0.0,0.0,0.0,0.0,0.0,0.0,0.0,0.0,0.0,0.0,0.0,0.0,0.0,0.0,0.0,0.0,0.0,0.0,0.0,0.0,0.0,0.0,0.0,0.0,0.0,0.0,0.0
0.0,0.0,0.0,0.0,0.0,0.0,0.0,0.0,0.0,0.0,0.0,0.0,0.0,0.0,0.0,0.0,0.0,0.0,0.0,0.0,0.0,0.0,0.0,0.0,0.0,0.0,0.0,0.0,0.0,0.0,0.0,0.0,0.0,0.0,0.0,0.0,0.0,0.0,0.0,0.0,0.0,0.0,0.0,0.0,0.0,0.0,0.0,0.0,0.0,0.0,0.0,0.0,0.0,0.0,0.0,0.0,0.0,0.0,0.0,0.0,0.0,0.0,0.0,0.0,0.0,0.0,0.0,0.0,0.0,0.0,0.0,0.0,0.0,0.0,0.0,0.0,0.0,0.0,0.0,0.0,0.0,0.0,0.0,0.0,0.0,0.0,0.0,0.0,0.0,0.0,0.0,0.0,0.0,0.0,0.0,0.0,0.0,0.0,0.0,0.0,0.0,0.0,0.0,0.0,0.0,0.0,0.0,0.0,0.0,0.0,0.0,0.0,0.0,0.0,0.0,0.0,0.0,0.0,0.0,0.0,0.0,0.0,0.0,0.0,0.0,16244.839435346448,206906.86846733448,832565.2248014084,1340949.7420798545,227881.4696136673,133602.38055990444,734835.7736537715,5679907.325897309,2918062.1654825443,2285669.860618759,545073.1654022057,249485.36018301325,145275.1361649094,222354.2858535418,155100.57986017046,239642.21729232467,25394.544960765546,112905.98392869154,341510.95285813743,41882.816890491944,29108.527077290953,193423.77261446463,145447.95235963655,1063248.6087761656,214331.56670575755,20344.08840634446,4945.585091441186,52991.8035332305,10671.172366514958,271826.51961027243,2236737.307831035,940078.5329586931,0.0,0.0,0.0,0.0,0.0,0.0,0.0,0.0,0.0,0.0,0.0,0.0,0.0,0.0,0.0,0.0,0.0,0.0,0.0,0.0,0.0,0.0,0.0,0.0,0.0,0.0,0.0,0.0,0.0,0.0,0.0,0.0,0.0,0.0,0.0,0.0,0.0,0.0,0.0,0.0,0.0,0.0,0.0,0.0,0.0,0.0,0.0,0.0,0.0,0.0,0.0,0.0,0.0,0.0,0.0,0.0,0.0,0.0,0.0,0.0,0.0,0.0,0.0,0.0,0.0,0.0,0.0,0.0,0.0,0.0,0.0,0.0,0.0,0.0,0.0,0.0,0.0,0.0,0.0,0.0,0.0,0.0,0.0,0.0,0.0,0.0,0.0,0.0,0.0,0.0,0.0,0.0,0.0,0.0,0.0,0.0,0.0,0.0,0.0,0.0
0.0,0.0,0.0,0.0,0.0,0.0,0.0,0.0,0.0,0.0,0.0,0.0,0.0,0.0,0.0,0.0,0.0,0.0,0.0,0.0,0.0,0.0,0.0,0.0,0.0,0.0,0.0,0.0,0.0,0.0,0.0,0.0,0.0,0.0,0.0,0.0,0.0,0.0,0.0,0.0,0.0,0.0,0.0,0.0,0.0,0.0,0.0,0.0,0.0,0.0,0.0,0.0,0.0,0.0,0.0,0.0,0.0,0.0,0.0,0.0,0.0,0.0,0.0,0.0,0.0,0.0,0.0,0.0,0.0,0.0,0.0,0.0,0.0,0.0,0.0,0.0,0.0,0.0,0.0,0.0,0.0,0.0,0.0,0.0,0.0,0.0,0.0,0.0,0.0,0.0,0.0,0.0,0.0,0.0,0.0,0.0,0.0,0.0,0.0,0.0,0.0,0.0,0.0,0.0,0.0,0.0,0.0,0.0,0.0,0.0,0.0,0.0,0.0,0.0,0.0,0.0,0.0,0.0,0.0,0.0,0.0,10520.090236971268,459983.1422584052,355334.6094423156,36972.759203502734,1420619.3811881822,1378681.3818366514,13154815.753141545,23249438.156364433,5535236.106343344,2457454.694607917,2690911.778526414,581785.8401825019,747411.9141998354,69954.9565175186,211684.82011215694,609230.967269935,26564.31736747885,94351.507885948,95293.95352757753,86808.96656613692,167459.59500758484,523891.738296265,426035.1961599521,133474.061652036,0.0,0.0,1166.295820584076,15223.891017331534,4189.309021642201,0.0,1283.4707149944,43143.114821735995,175700.10481670586,664120.3201814767,2855340.550374002,6218144.793013021,7847941.321896888,122798.12723346257,0.0,0.0,0.0,0.0,0.0,0.0,0.0,0.0,0.0,0.0,0.0,0.0,0.0,0.0,0.0,0.0,0.0,0.0,0.0,0.0,0.0,0.0,0.0,0.0,0.0,0.0,0.0,0.0,0.0,0.0,0.0,0.0,0.0,0.0,0.0,0.0,0.0,0.0,0.0,0.0,0.0,0.0,0.0,0.0,0.0,0.0,0.0,0.0,0.0,0.0,0.0,0.0,0.0,0.0,0.0,0.0,0.0,0.0,0.0,0.0,0.0,0.0,0.0,0.0,0.0,0.0,0.0,0.0,0.0,0.0,0.0,0.0,0.0,0.0,0.0,0.0,0.0,0.0,0.0,0.0,0.0,0.0,0.0,0.0,0.0,0.0,0.0,0.0,0.0,0.0,0.0,0.0,0.0,0.0,0.0,0.0,0.0,0.0
0.0,0.0,0.0,0.0,0.0,0.0,0.0,0.0,0.0,0.0,0.0,0.0,0.0,0.0,0.0,0.0,0.0,0.0,0.0,0.0,0.0,0.0,0.0,0.0,0.0,0.0,0.0,0.0,0.0,0.0,0.0,0.0,0.0,0.0,0.0,0.0,0.0,0.0,0.0,0.0,0.0,0.0,0.0,0.0,0.0,0.0,0.0,0.0,0.0,0.0,0.0,0.0,0.0,0.0,0.0,0.0,0.0,0.0,0.0,0.0,0.0,0.0,0.0,0.0,0.0,0.0,0.0,0.0,0.0,0.0,0.0,0.0,0.0,0.0,0.0,0.0,0.0,0.0,0.0,0.0,0.0,0.0,0.0,0.0,0.0,0.0,0.0,0.0,0.0,0.0,0.0,0.0,0.0,0.0,0.0,0.0,0.0,0.0,0.0,0.0,0.0,0.0,0.0,0.0,0.0,0.0,0.0,0.0,0.0,0.0,0.0,0.0,0.0,0.0,0.0,0.0,0.0,0.0,0.0,162749.55771493653,501504.7312402283,1100769.743842037,34105596.82217366,59253032.700438514,59316161.90283375,27818300.16869904,15224352.079785192,24115657.370758835,21252353.312551986,1048544.3035335052,1820277.6362978981,4547648.270590656,1326444.242512922,10518.515362543316,27988.940894322295,11610.477779268142,29394.296392130018,242.65195302655295,0.0,117512.27409448398,556524.2284818077,45075.81916754796,10690.355614066924,5486.912078051373,22582.103252207475,46140.465511346934,9152.920406018833,5089.711361340309,79457.84448816761,1862080.5900007812,593672.9999674428,2016.4816749178997,4278.707187308983,2650.848743030164,55314.655378405194,137761.12140480214,198252.82356292667,225465.19521163573,1968651.3547581183,1485751.1066258955,3871910.4167165323,13567.431092673676,0.0,0.0,0.0,0.0,0.0,0.0,0.0,0.0,0.0,0.0,0.0,0.0,0.0,0.0,0.0,0.0,0.0,0.0,0.0,0.0,0.0,0.0,0.0,0.0,0.0,0.0,0.0,0.0,0.0,0.0,0.0,0.0,0.0,0.0,0.0,0.0,0.0,0.0,0.0,0.0,0.0,0.0,0.0,0.0,0.0,0.0,0.0,0.0,0.0,0.0,0.0,0.0,0.0,0.0,0.0,0.0,0.0,0.0,0.0,0.0,0.0,0.0,0.0,0.0,0.0,0.0,0.0,0.0,0.0,0.0,0.0,0.0,0.0,0.0,0.0,0.0,0.0,0.0,0.0,0.0,0.0,0.0,0.0,0.0,0.0,0.0,0.0,0.0,0.0,0.0,0.0,0.0,0.0,0.0,0.0
0.0,0.0,0.0,0.0,0.0,0.0,0.0,0.0,0.0,0.0,0.0,0.0,0.0,0.0,0.0,0.0,0.0,0.0,0.0,0.0,0.0,0.0,0.0,0.0,0.0,0.0,0.0,0.0,0.0,0.0,0.0,0.0,0.0,0.0,0.0,0.0,0.0,0.0,0.0,0.0,0.0,0.0,0.0,0.0,0.0,0.0,0.0,0.0,0.0,0.0,0.0,0.0,0.0,0.0,0.0,0.0,0.0,0.0,0.0,0.0,0.0,0.0,0.0,0.0,0.0,0.0,0.0,0.0,0.0,0.0,0.0,0.0,0.0,0.0,0.0,0.0,0.0,0.0,0.0,0.0,0.0,0.0,0.0,0.0,0.0,0.0,0.0,0.0,0.0,0.0,0.0,0.0,0.0,0.0,0.0,0.0,0.0,0.0,0.0,0.0,0.0,0.0,0.0,0.0,0.0,0.0,0.0,0.0,0.0,0.0,0.0,0.0,0.0,0.0,7741.848438202859,158078.88438346155,3835614.818460606,15380361.159560567,0.0,19553454.387819678,12713014.140011238,72702883.3572321,54966956.75933368,60596374.972107455,71534231.46423423,39942934.386262186,21366226.49292527,15589734.681471512,3805356.9580799406,631116.9067330852,2017660.0825300207,604671.5234767421,109612.5103457514,119444.50285753995,36935.84682975365,20272.571805513468,1896.6233807988822,5432.800495010969,56372.69511450148,29356.454819127397,1064507.5454047949,1053200.1107941484,10689.102084249613,14160.891276529357,19935.665340479063,0.0,1993.6497107133089,332466.2781307305,4342.448248781652,256530.8701521344,4976512.794764453,3956514.444246956,114745.7827237476,2796.5949525053793,551615.4448828546,115545.73941926,0.0,30225.078435408625,165976.4376807831,68046.85332195449,425911.15389127756,92809.5581362152,2081345.9315320493,3080512.93826346,2141401.8901210115,0.0,0.0,0.0,0.0,0.0,0.0,0.0,0.0,0.0,0.0,0.0,0.0,0.0,0.0,0.0,0.0,0.0,0.0,0.0,0.0,0.0,0.0,0.0,0.0,0.0,0.0,0.0,0.0,0.0,0.0,0.0,0.0,0.0,0.0,0.0,0.0,0.0,0.0,0.0,0.0,0.0,0.0,0.0,0.0,0.0,0.0,0.0,0.0,0.0,0.0,0.0,0.0,0.0,0.0,0.0,0.0,0.0,0.0,0.0,0.0,0.0,0.0,0.0,0.0,0.0,0.0,0.0,0.0,0.0,0.0,0.0,0.0,0.0,0.0,0.0,0.0,0.0,0.0,0.0,0.0,0.0,0.0,0.0,0.0,0.0,0.0,0.0,0.0,0.0,0.0,0.0,0.0
0.0,0.0,0.0,0.0,0.0,0.0,0.0,0.0,0.0,0.0,0.0,0.0,0.0,0.0,0.0,0.0,0.0,0.0,0.0,0.0,0.0,0.0,0.0,0.0,0.0,0.0,0.0,0.0,0.0,0.0,0.0,0.0,0.0,0.0,0.0,0.0,0.0,0.0,0.0,0.0,0.0,0.0,0.0,0.0,0.0,0.0,0.0,0.0,0.0,0.0,0.0,0.0,0.0,0.0,0.0,0.0,0.0,0.0,0.0,0.0,0.0,0.0,0.0,0.0,0.0,0.0,0.0,0.0,0.0,0.0,0.0,0.0,0.0,0.0,0.0,0.0,0.0,0.0,0.0,0.0,0.0,0.0,0.0,0.0,0.0,0.0,0.0,0.0,0.0,0.0,0.0,0.0,0.0,0.0,0.0,0.0,0.0,0.0,0.0,0.0,0.0,0.0,0.0,0.0,0.0,0.0,0.0,0.0,0.0,0.0,0.0,0.0,10838.108792481278,29230.271037892308,40832.02527012125,161355.31050329836,3042355.0856377184,23404013.717218325,14366961.42209036,14031517.907432755,39815886.90876189,118916205.53899117,43841471.05260404,48939852.14111246,55617204.216475606,33079712.864543684,19503421.380926874,1068500.3570145443,289675.5769227155,365625.4319784532,114464.31853200644,139138.37445324124,101011.09429420994,83184.14226931916,137773.3336331239,153997.63952124695,214448.34687087807,43423.58653295918,32112.118882837,126935.5627858654,390448.88432536146,267358.21885086095,54025.71256024687,3617.6958408020732,337692.05695904745,796894.0945320227,209093.9832006257,112296.14974181546,95492.49151261145,1375468.3057018244,6654628.117443396,7937918.432112285,969165.3689134538,2133477.29001207,5316990.181246983,11391754.043553097,1237100.1805939677,590829.6312098582,317117.06335185445,15587.652405614801,237504.91285262417,96129.59537421522,276201.89312119014,1152476.5112255896,1703174.0062714722,4098193.6142849317,3055972.079490142,633830.84634566,0.0,0.0,0.0,0.0,0.0,0.0,0.0,0.0,0.0,0.0,0.0,0.0,0.0,0.0,0.0,0.0,0.0,0.0,0.0,0.0,0.0,0.0,0.0,0.0,0.0,0.0,0.0,0.0,0.0,0.0,0.0,0.0,0.0,0.0,0.0,0.0,0.0,0.0,0.0,0.0,0.0,0.0,0.0,0.0,0.0,0.0,0.0,0.0,0.0,0.0,0.0,0.0,0.0,0.0,0.0,0.0,0.0,0.0,0.0,0.0,0.0,0.0,0.0,0.0,0.0,0.0,0.0,0.0,0.0,0.0,0.0,0.0,0.0,0.0,0.0,0.0,0.0,0.0,0.0,0.0,0.0,0.0,0.0,0.0,0.0,0.0,0.0,0.0,0.0
0.0,0.0,0.0,0.0,0.0,0.0,0.0,0.0,0.0,0.0,0.0,0.0,0.0,0.0,0.0,0.0,0.0,0.0,0.0,0.0,0.0,0.0,0.0,0.0,0.0,0.0,0.0,0.0,0.0,0.0,0.0,0.0,0.0,0.0,0.0,0.0,0.0,0.0,0.0,0.0,0.0,0.0,0.0,0.0,0.0,0.0,0.0,0.0,0.0,0.0,0.0,0.0,0.0,0.0,0.0,0.0,0.0,0.0,0.0,0.0,0.0,0.0,0.0,0.0,0.0,0.0,0.0,0.0,0.0,0.0,0.0,0.0,0.0,0.0,0.0,0.0,0.0,0.0,0.0,0.0,0.0,0.0,0.0,0.0,0.0,0.0,0.0,0.0,0.0,0.0,0.0,0.0,0.0,0.0,0.0,0.0,0.0,0.0,0.0,0.0,0.0,0.0,0.0,0.0,0.0,0.0,0.0,0.0,0.0,0.0,229918.14207067204,176837.3287427415,32200.02167816209,211633.14766575856,105292.46192154483,2014955.4737942573,2277232.824418689,3825854.6408469714,4961598.12680378,17149573.093292866,8596016.653298521,216322.7868497772,4836384.616096641,18705670.928703774,29366583.316323165,16263127.462262541,10025629.751780553,19753600.864852104,3008350.40285685,1218062.2785555678,1390310.0534380465,3106645.381205432,584427.6784707255,2087276.9068599173,3356627.578158138,2306121.0457136524,709796.0664058251,2026658.1626874502,2671912.783009394,11924046.804967567,1034379.2704686057,15023.21060766381,177817.7470421407,7337.802337807426,67026.46897465619,582834.9501490702,362221.2557035269,65962.22034458414,31073.57170940939,10325810.31535049,12643451.733246362,976714.7865563438,40708.148964081076,468371.4452564246,1415920.4455436724,4417922.556237301,3731841.282996568,1474358.742547818,686145.5657941124,397773.5294567162,1421454.5190854107,227871.21061705015,260178.43160573696,321866.69628322654,91677.19193730004,1911.765604428369,209949.7665111348,1190425.2173622767,5231896.679942757,2706892.246222317,1534562.5937540233,1050367.5329679656,0.0,838068.788596009,0.0,0.0,0.0,0.0,0.0,0.0,0.0,0.0,0.0,183122.37158685643,5379.023486559939,587.0705526166253,406.84979008328565,0.0,0.0,0.0,0.0,0.0,0.0,0.0,0.0,0.0,0.0,0.0,0.0,0.0,0.0,0.0,0.0,0.0,0.0,0.0,0.0,0.0,0.0,0.0,0.0,0.0,0.0,0.0,0.0,0.0,0.0,0.0,0.0,0.0,0.0,0.0,0.0,0.0,0.0,0.0,0.0,0.0,0.0,0.0,0.0,0.0,0.0,0.0,0.0,0.0,0.0,0.0,0.0,0.0,0.0,0.0,0.0,0.0,0.0,0.0,0.0,0.0,0.0,0.0,0.0,0.0,0.0,0.0,0.0,0.0,0.0
0.0,0.0,0.0,0.0,0.0,0.0,0.0,0.0,0.0,0.0,0.0,0.0,0.0,0.0,0.0,0.0,0.0,0.0,0.0,0.0,0.0,0.0,0.0,0.0,0.0,0.0,0.0,0.0,0.0,0.0,0.0,0.0,0.0,0.0,0.0,0.0,0.0,0.0,0.0,0.0,0.0,0.0,0.0,0.0,0.0,0.0,0.0,0.0,0.0,0.0,0.0,0.0,0.0,0.0,0.0,0.0,0.0,0.0,0.0,0.0,0.0,0.0,0.0,0.0,0.0,0.0,0.0,0.0,0.0,0.0,0.0,0.0,0.0,0.0,0.0,0.0,0.0,0.0,0.0,0.0,0.0,0.0,0.0,0.0,0.0,0.0,0.0,0.0,0.0,0.0,0.0,0.0,0.0,0.0,0.0,0.0,0.0,0.0,0.0,0.0,0.0,0.0,0.0,0.0,0.0,0.0,0.0,0.0,101136.06161530594,4280724.271595761,906857.0005332401,572599.5594388628,558068.6971689116,327562.1702673505,2013805.2462557242,1517965.0285910503,141736.14189015646,758271.6926795229,7339567.917086048,96827.24782702685,16676.911230023805,93655.49057160568,4910412.163495804,17665124.134703584,6157906.961495335,3314046.1846915158,778855.2104508823,10548351.499147726,20579121.676290553,1047326.8021439669,286301.6505274688,1076739.9686323106,388131.39634725824,653895.6837771803,1810028.1679458562,1858773.6188845949,3251220.513825432,5678127.409945321,3747109.0266149924,14975530.710399134,4995512.738923538,309872.8815104753,55686.7201337427,524510.1027309659,1342985.2602236266,699960.7235034837,3278603.342597047,266433.6525281167,4294025.185390245,9981797.633450683,10110364.819578469,2669497.0132391984,130864.45277384453,106147.36350766865,65878.809696449,773223.075711481,89439.96272947991,506607.09590440756,3913095.9257768625,15599342.228331719,18996222.263860058,3893535.7595156175,7802857.214785166,5769879.943282943,1181902.395071357,1494834.563282811,1635015.1389483684,52284.57464553299,361592.1059964902,14094.424119882238,216295.22785334784,1283744.949205883,5859009.087892747,1183471.7393921996,2337006.6104752365,1078165.103066801,1920097.4301282007,3746874.085139691,1509857.552014627,554087.1889361166,205404.82712374002,85393.99334373637,107070.10948287291,1532548.521508947,45037.0304459767,226551.33173283288,344700.391084629,0.0,0.0,0.0,0.0,0.0,0.0,0.0,0.0,0.0,0.0,0.0,0.0,0.0,0.0,0.0,0.0,0.0,0.0,0.0,0.0,0.0,0.0,0.0,0.0,0.0,0.0,0.0,0.0,0.0,0.0,0.0,0.0,0.0,0.0,0.0,0.0,0.0,0.0,0.0,0.0,0.0,0.0,0.0,0.0,0.0,0.0,0.0,0.0,0.0,0.0,0.0,0.0,0.0,0.0,0.0,0.0,0.0,0.0,0.0,0.0,0.0,0.0,0.0,0.0,0.0,0.0,0.0,0.0,0.0,0.0
0.0,0.0,0.0,0.0,0.0,0.0,0.0,0.0,0.0,0.0,0.0,0.0,0.0,0.0,0.0,0.0,0.0,0.0,0.0,0.0,0.0,0.0,0.0,0.0,0.0,0.0,0.0,0.0,0.0,0.0,0.0,0.0,0.0,0.0,0.0,0.0,0.0,0.0,0.0,0.0,0.0,0.0,0.0,0.0,0.0,0.0,0.0,0.0,0.0,0.0,0.0,0.0,0.0,0.0,0.0,0.0,0.0,0.0,0.0,0.0,0.0,0.0,0.0,0.0,0.0,0.0,0.0,0.0,0.0,0.0,0.0,0.0,0.0,0.0,0.0,0.0,0.0,0.0,0.0,0.0,0.0,0.0,0.0,0.0,0.0,0.0,0.0,0.0,0.0,0.0,0.0,0.0,0.0,0.0,0.0,0.0,0.0,0.0,0.0,0.0,0.0,489.7655546946745,489.7655546946745,0.0,19259.686772081957,3552753.770290397,377263.3718880307,7983692.920026876,16012650.119053215,9699032.59619166,10237335.135823606,3401456.943284773,320171.2131467782,200424.77850691898,56319.305589375916,64231.462282178865,88234.27796614356,51501.37205092801,19465.113971005463,597755.5148310733,467006.29630369414,4637908.329683014,2806460.7904235846,31067304.786517456,48547412.007699184,14696952.208227428,26084210.371555027,97571422.59393819,38586077.22904942,1068908.102098467,16678740.564962152,18022660.840052877,4747703.883446966,1518691.6138067893,18973928.561166767,1971446.7156684338,2122.672671874889,45741.70327379738,644805.6960456592,616030.3061094936,337759.0698602855,961.9641565640891,65030.45523221466,1731006.03815632,200100.9130263655,800181.7049082428,186402.7773992938,251011.70670480197,110654.8952251129,122564.36622185889,282514.6522918558,381040.01467524946,138146.38535203974,5163.095602828722,4237.832220387173,8421.639566049414,0.0,218381.94215066446,2059906.724361478,21744778.69192716,17525318.16829664,3125664.552766972,8781790.925618645,18400022.810207948,7250793.310351847,6485785.598226609,7882228.217498818,735332.4152088978,14734.333216056999,34805.230849214146,259622.183598758,158469.8476886433,1183409.1202689644,583265.6955346648,151920.46693535434,2146036.473679901,329165.92749999365,6971517.04948994,425894.0220906943,191257.6767179903,82438.82641652192,57186.3475352783,98545.43966512574,121896.24564126926,398997.75189777167,532560.9581800564,89767.39643114647,0.0,0.0,0.0,0.0,0.0,0.0,0.0,0.0,0.0,0.0,0.0,0.0,0.0,0.0,0.0,0.0,0.0,0.0,0.0,0.0,0.0,0.0,0.0,0.0,0.0,0.0,0.0,0.0,0.0,0.0,0.0,0.0,0.0,0.0,0.0,0.0,0.0,0.0,0.0,0.0,0.0,0.0,0.0,0.0,0.0,0.0,0.0,0.0,0.0,0.0,0.0,0.0,0.0,0.0,0.0,0.0,0.0,0.0,0.0,0.0,0.0,0.0,0.0,0.0,0.0,0.0,0.0,0.0,0.0,0.0
0.0,0.0,0.0,0.0,0.0,0.0,0.0,0.0,0.0,0.0,0.0,0.0,0.0,0.0,0.0,0.0,0.0,0.0,0.0,0.0,0.0,0.0,0.0,0.0,0.0,0.0,0.0,0.0,0.0,0.0,0.0,0.0,0.0,0.0,0.0,0.0,0.0,0.0,0.0,0.0,0.0,0.0,0.0,0.0,0.0,0.0,0.0,0.0,0.0,0.0,0.0,0.0,0.0,0.0,0.0,0.0,0.0,0.0,0.0,0.0,0.0,0.0,0.0,0.0,0.0,0.0,0.0,0.0,0.0,0.0,0.0,0.0,0.0,0.0,0.0,0.0,0.0,0.0,0.0,0.0,0.0,0.0,0.0,0.0,0.0,0.0,0.0,0.0,0.0,0.0,0.0,0.0,0.0,0.0,0.0,0.0,0.0,0.0,0.0,0.0,421.35948674356655,6495.81832371974,0.0,0.0,328838.7424713868,2078306.8715214736,13342143.971757075,13224818.27906494,749364.3292095029,785643.3752546709,2384325.504915155,2005091.706285519,141140.55522387382,72177.5730755937,46022.94344443721,25619.86634542879,22744.443321555467,107173.6907830304,5691772.892440211,6237678.669580016,6758636.256353575,18743991.754518133,53501326.90191793,9621990.972678859,5422039.888009729,8801451.60203503,5848400.110837372,39719376.370461375,99680043.61458947,27084684.57764344,2329794.834131498,1992158.5804558296,6591152.30232103,7175081.923000192,2359735.07231481,871924.6475157366,31366.782294370787,82049.45440383491,465372.612428868,343121.4710517392,230322.48581086937,134895.54540154844,38871.099786567596,41539.6875558632,3551.7580478355067,23255.646476825365,240799.8434513938,46165.7601890006,1438.954495355748,46705.7852124132,655.4693304440268,4313.720745695587,50782.3248863027,1053.6663618187615,36343.43657333718,16268.145310329322,784.6915451597866,59749.378275459065,332728.0041629461,1346278.396455774,732385.4662541458,3395750.2064011227,7813835.529924187,5200071.463078731,40059057.79340197,32526747.629679944,9290302.263978295,5876228.070096953,9242443.391812244,1458442.4299911596,962776.7375022518,729073.2456371817,1898723.3287453896,211203.10913998817,249246.06583248073,116455.83487536496,1440602.9967901504,3116217.666982021,211837.31195430894,10464.26987665446,186622.06431233505,8745.26968413868,33983.95715684464,34130.3389509071,14683.815378863033,0.0,0.0,0.0,0.0,0.0,0.0,0.0,0.0,0.0,0.0,0.0,0.0,0.0,0.0,0.0,0.0,0.0,0.0,0.0,0.0,0.0,0.0,0.0,0.0,0.0,0.0,0.0,0.0,0.0,0.0,0.0,0.0,0.0,0.0,0.0,0.0,0.0,0.0,0.0,0.0,0.0,0.0,0.0,0.0,0.0,0.0,0.0,0.0,0.0,0.0,0.0,0.0,0.0,0.0,0.0,0.0,0.0,0.0,0.0,0.0,0.0,0.0,0.0,0.0,0.0,0.0,0.0,0.0,0.0,0.0,0.0,0.0
0.0,0.0,0.0,0.0,0.0,0.0,0.0,0.0,0.0,0.0,0.0,0.0,0.0,0.0,0.0,0.0,0.0,0.0,0.0,0.0,0.0,0.0,0.0,0.0,0.0,0.0,0.0,0.0,0.0,0.0,0.0,0.0,0.0,0.0,0.0,0.0,0.0,0.0,0.0,0.0,0.0,0.0,0.0,0.0,0.0,0.0,0.0,0.0,0.0,0.0,0.0,0.0,0.0,0.0,0.0,0.0,0.0,0.0,0.0,0.0,0.0,0.0,0.0,0.0,0.0,0.0,0.0,0.0,0.0,0.0,0.0,0.0,0.0,0.0,0.0,0.0,0.0,0.0,0.0,0.0,0.0,0.0,0.0,0.0,0.0,0.0,0.0,0.0,0.0,0.0,0.0,0.0,0.0,0.0,0.0,0.0,0.0,0.0,0.0,0.0,0.0,7371.484004461178,0.0,115997.45517036464,3667997.5459451084,3828208.4474964165,145183.98951505506,64497.74390425661,11456.188780331704,106585.7158534181,317072.8662665206,210583.81303938339,90512.1996876992,1817549.3455945987,27420.205978043352,11043.029851414874,249605.26619986942,365252.04460578767,2165357.646257902,1021088.9687511886,10417953.520541599,19140040.68187627,15181007.108126823,5448919.0303475,2437593.177758627,3467231.705752069,2012332.7370995712,15006248.940105805,27025568.00387497,14796997.796827449,5293033.205119594,3993818.366488599,952070.4424528007,311526.3507151697,19434.428149482243,7606.87657505934,25749.277109221483,46863.05093331679,9081.6105776484,52099.42110078008,956502.9444722314,693396.311142195,15512.043120219543,88.37012465820445,88.37012465820445,62431.594570932626,431016.07530721265,963660.8041794684,843173.5207791203,54000.76933561858,96882.12962185126,51629.258456211115,27272.064109961342,2684.3284955637164,20884.326128728717,2103.2506178805584,66.22111442825418,968716.9047579665,83703.35547323147,158773.30092375004,147584.4670696326,1086633.7106828806,483358.0292078591,2540453.692167283,6117867.883945237,14842870.77003587,22170707.787426963,56351558.12511877,40078329.87088845,3723120.9837696403,681296.1683639619,4697309.638153046,1656757.1998304792,120974.9104404804,1079217.569582547,1004234.5505725637,2430515.0677577527,3872666.92250239,406467.03739211115,46041.87676558423,39526.33734452707,344161.8015985967,578167.9352500153,957107.2128452901,449064.8389484645,0.0,0.0,0.0,0.0,0.0,0.0,0.0,0.0,0.0,0.0,0.0,0.0,0.0,0.0,0.0,0.0,0.0,0.0,0.0,0.0,0.0,0.0,0.0,0.0,0.0,0.0,0.0,0.0,0.0,0.0,0.0,0.0,0.0,0.0,0.0,0.0,0.0,0.0,0.0,0.0,0.0,0.0,0.0,0.0,0.0,0.0,0.0,0.0,0.0,0.0,0.0,0.0,0.0,0.0,0.0,0.0,0.0,0.0,0.0,0.0,0.0,0.0,0.0,0.0,0.0,0.0,0.0,0.0,0.0,0.0,0.0,0.0
0.0,0.0,0.0,0.0,0.0,0.0,0.0,0.0,0.0,0.0,0.0,0.0,0.0,0.0,0.0,0.0,0.0,0.0,0.0,0.0,0.0,0.0,0.0,0.0,0.0,0.0,0.0,0.0,0.0,0.0,0.0,0.0,0.0,0.0,0.0,0.0,0.0,0.0,0.0,0.0,0.0,0.0,0.0,0.0,0.0,0.0,0.0,0.0,0.0,0.0,0.0,0.0,0.0,0.0,0.0,0.0,0.0,0.0,0.0,0.0,0.0,0.0,0.0,0.0,0.0,0.0,0.0,0.0,0.0,0.0,0.0,0.0,0.0,0.0,0.0,0.0,0.0,0.0,0.0,0.0,0.0,0.0,0.0,0.0,0.0,0.0,0.0,0.0,0.0,0.0,0.0,0.0,0.0,0.0,0.0,0.0,59441.64896754474,45878.979916453965,0.0,0.0,0.0,11733.162220759514,0.0,17984027.222162046,1145349.9901945456,31710.270882971858,21882.88725821861,23616.934511344458,108741.38809351459,73740.2771115905,88162.06218235116,29035.289796740144,1028126.7606902645,822166.189928975,498415.8272546471,245842.02941043105,1513236.2806044535,2307839.1221179795,2294054.099809854,15024018.97231157,20256651.656978626,963746.567107144,537535.864504716,1778287.3913479417,1711693.36804102,2748429.495588192,4486371.661133077,6632962.335348892,8814562.640939219,3397004.986190971,4710688.393552866,5318090.75440206,257738.37504946775,43945.750906040514,39885.699265405376,84194.54507270637,808942.4221463247,1017913.3034436312,8485.171353244945,37455.95942619683,41710.99721725111,968282.4544721484,125076.45708792485,0.0,3754.6091322301536,8630.28146558652,106985.30176550588,2525297.6405422064,10959576.017090341,143603.2717124555,908986.8764928975,102470.55063626853,20853.286541007663,0.0,0.0,2483.3708697264933,13269.50357865647,90.80643332020405,87.99499288915291,255048.8595231426,92088.24108524871,8266.902904733523,0.0,992279.8847633449,127775.85943531162,5769409.5233397465,27461131.529588632,111251775.81910512,85283489.55067857,20080165.977132756,9759312.359796187,14525255.769132808,6174801.841926664,3988055.1917075813,11000474.8343029,11251678.055688225,4140812.269410517,8024342.053748055,5796211.538198414,1053824.5105150498,195098.2458118677,792594.4344994146,168315.89400995558,7556965.013739023,580704.1349646233,0.0,0.0,0.0,0.0,0.0,0.0,0.0,0.0,0.0,0.0,0.0,0.0,0.0,0.0,0.0,0.0,0.0,0.0,0.0,0.0,0.0,0.0,0.0,0.0,0.0,0.0,0.0,0.0,0.0,0.0,0.0,0.0,0.0,0.0,0.0,0.0,0.0,0.0,0.0,0.0,0.0,0.0,0.0,0.0,0.0,0.0,0.0,0.0,0.0,0.0,0.0,0.0,0.0,0.0,0.0,0.0,0.0,0.0,0.0,0.0,0.0,0.0,0.0,0.0,0.0,0.0,0.0,0.0,0.0,0.0,0.0,0.0
0.0,0.0,0.0,0.0,0.0,0.0,0.0,0.0,0.0,0.0,0.0,0.0,0.0,0.0,0.0,0.0,0.0,0.0,0.0,0.0,0.0,0.0,0.0,0.0,0.0,0.0,0.0,0.0,0.0,0.0,0.0,0.0,0.0,0.0,0.0,0.0,0.0,0.0,0.0,0.0,0.0,0.0,0.0,0.0,0.0,0.0,0.0,0.0,0.0,0.0,0.0,0.0,0.0,0.0,0.0,0.0,0.0,0.0,0.0,0.0,0.0,0.0,0.0,0.0,0.0,0.0,0.0,0.0,0.0,0.0,0.0,0.0,0.0,0.0,0.0,0.0,0.0,0.0,0.0,0.0,0.0,0.0,0.0,0.0,0.0,0.0,0.0,0.0,0.0,0.0,0.0,0.0,0.0,0.0,0.0,0.0,0.0,0.0,0.0,0.0,0.0,1394.7101005571485,0.0,13209469.182842001,974.063733635243,16882.860873412923,176968.83046192856,10127.895734999503,34458.671843388365,190161.9362882665,332988.6609781773,157859.18740867852,324907.7243350532,806660.4470732226,803942.7614896582,1714677.6519063613,3986425.6420536414,7120977.78149515,5076117.811912266,3205570.6687179455,751720.780043669,881488.635243907,978378.4448496834,5582268.42337189,3424968.2243049038,1108950.2460719137,1775704.462568224,2241377.2829706515,1987682.0729186297,163769.53904398473,260674.1079389586,147150.15848194336,119143.73201406174,22247.306721992492,1173428.2653074453,1690201.969863324,756233.3668641043,351872.3333398964,2427.275360422754,0.0,33246.81403346939,379744.1773965312,130555.51278991668,408.36870333783406,14995.612505082481,142003.57016824585,1652142.244558951,1515851.1996247114,742744.7702425747,214281.95672891635,122237.27994259779,2384.351177567693,11299.40223846913,81148.36955310895,158414.06187688868,290789.5439141743,11718.621334621705,42.84313351749698,0.0,31955.027808868086,17470.422109877174,0.0,151796.85311306265,106806.75266374483,4089.8545015072327,1059293.8791059763,8919454.626074355,46422455.59714082,50792172.99458074,15902272.748883443,2827494.252991573,12978.921358002195,591343.8616534974,2979110.848389996,2839176.334282222,2565565.52735609,36981583.63649587,20912154.444462307,6383515.941764334,1942077.6432833525,903843.1656130104,475679.48699191626,2319979.7058828706,9418627.914828105,0.0,0.0,0.0,0.0,0.0,0.0,0.0,0.0,0.0,0.0,0.0,0.0,0.0,0.0,0.0,0.0,0.0,0.0,0.0,0.0,0.0,0.0,0.0,0.0,0.0,0.0,0.0,0.0,0.0,0.0,0.0,0.0,0.0,0.0,0.0,0.0,0.0,0.0,0.0,0.0,0.0,0.0,0.0,0.0,0.0,0.0,0.0,0.0,0.0,0.0,0.0,0.0,0.0,0.0,0.0,0.0,0.0,0.0,0.0,0.0,0.0,0.0,0.0,0.0,0.0,0.0,0.0,0.0,0.0,0.0,0.0,0.0,0.0
0.0,0.0,0.0,0.0,0.0,0.0,0.0,0.0,0.0,0.0,0.0,0.0,0.0,0.0,0.0,0.0,0.0,0.0,0.0,0.0,0.0,0.0,0.0,0.0,0.0,0.0,0.0,0.0,0.0,0.0,0.0,0.0,0.0,0.0,0.0,0.0,0.0,0.0,0.0,0.0,0.0,0.0,0.0,0.0,0.0,0.0,0.0,0.0,0.0,0.0,0.0,0.0,0.0,0.0,0.0,0.0,0.0,0.0,0.0,0.0,0.0,0.0,0.0,0.0,0.0,0.0,0.0,0.0,0.0,0.0,0.0,0.0,0.0,0.0,0.0,0.0,0.0,0.0,0.0,0.0,0.0,0.0,0.0,0.0,0.0,0.0,0.0,0.0,0.0,0.0,0.0,0.0,0.0,0.0,0.0,0.0,0.0,0.0,0.0,0.0,0.0,3361786.3355489126,7735123.585480502,3292501.9748485475,28022.49659456045,101329.41004778526,281521.6689936531,2324453.515905532,741955.6237899924,1296738.86395288,298749.8780453161,62434.25222648088,150291.55268112858,5496912.932643097,5896931.134492846,3418371.9748910414,35421098.85085521,9979262.661569374,1570506.201693379,101926.71153080609,1200909.3066634664,374202.96577108133,1718882.1118897484,4277232.114107332,1271164.455365262,1098964.5962367696,19318.8936680092,31400.68759297934,23022.60086816449,5613.221568388593,30620.233746791077,82935.35402011094,97907.84833276947,1074009.7418980396,406131.21010514157,53871.888395671645,31448.733841600977,219930.64391501277,141560.73007443483,978.1615383758034,2931.359369425437,234179.7432299973,210270.737301961,13794.413322198894,1880.4448665008622,1702.6429101739823,23232.35498605044,236688.96173707244,77486.71020663402,161333.3838425082,9001.379485069028,8451.33206132115,12100.232743129462,252.15723331430962,0.0,765018.1002986471,1260085.0411244144,66166.29840304909,21992.580039927343,0.0,26743.650370553427,25406.843303007397,17587.760534559497,5077.821309116857,52437.92787000888,69028.03862867213,1589000.67349782,1639586.9419915306,1534575.5826265896,178019.4038713753,589455.3772311783,318480.3998491868,11053.740170148678,1643390.8581855998,522210.505388336,6612362.470397273,12696009.674349818,19007062.169507828,12544650.947793486,10629870.505478963,6866438.2755198125,864302.7515638226,1999669.3028281892,1528165.530301288,0.0,2516955.21477052,1359528.6387685793,0.0,5874.0251435217215,0.0,0.0,0.0,0.0,0.0,0.0,0.0,0.0,0.0,0.0,0.0,0.0,0.0,0.0,0.0,0.0,0.0,0.0,0.0,0.0,0.0,0.0,0.0,0.0,0.0,0.0,0.0,0.0,0.0,0.0,0.0,0.0,0.0,0.0,0.0,0.0,0.0,0.0,0.0,0.0,0.0,0.0,0.0,0.0,0.0,0.0,0.0,0.0,0.0,0.0,0.0,0.0,0.0,0.0,0.0,0.0,0.0,0.0,0.0,0.0,0.0,0.0,0.0,0.0,0.0,0.0,0.0,0.0
0.0,0.0,0.0,0.0,0.0,0.0,0.0,0.0,0.0,0.0,0.0,0.0,0.0,0.0,0.0,0.0,0.0,0.0,0.0,0.0,0.0,0.0,0.0,0.0,0.0,0.0,0.0,0.0,0.0,0.0,0.0,0.0,0.0,0.0,0.0,0.0,0.0,0.0,0.0,0.0,0.0,0.0,0.0,0.0,0.0,0.0,0.0,0.0,0.0,0.0,0.0,0.0,0.0,0.0,0.0,0.0,0.0,0.0,0.0,0.0,0.0,0.0,0.0,0.0,0.0,0.0,0.0,0.0,0.0,0.0,0.0,0.0,0.0,0.0,0.0,0.0,0.0,0.0,0.0,0.0,0.0,0.0,0.0,0.0,0.0,0.0,0.0,0.0,0.0,0.0,0.0,0.0,0.0,0.0,0.0,0.0,0.0,368.0883476005106,0.0,0.0,1604.7697906645535,26359708.259820197,27694481.2370179,2791761.3863139814,52375.76743854295,502216.02701955754,376015.11992170464,909278.7254995506,2033035.8367083396,3882420.7838680986,1825359.909564578,1625007.7398724467,2867303.2234647437,6639515.930426421,10910294.590755258,15494325.56591119,72688674.39397152,16167670.829864584,2252413.5879667937,1946518.9149751533,1928824.2246686989,226532.15726711764,52782.62772150471,8987.403771889254,244450.3111537305,122859.08018311864,125940.88591988213,162550.9409363616,92308.9219567221,1349769.3067559344,3200170.7855871515,2215152.9735608744,202898.31121575285,925885.5159456545,457517.6713453443,63399.26715423796,1133831.8019132293,3001468.2468302227,37982.632394549946,71101.92220964852,11654.081485598454,17222.705788272444,58338.84861523514,150204.90640040886,0.0,1959.3011107090854,6355.5733774350465,975.0017156458803,161322.43401377922,138589.76926769654,7629.205433400355,1407.5262143101097,4249.312698628254,7260.605204981093,3287.6879407129413,94179.75837888886,2351257.832005916,3463905.6130712214,239006.4914409417,2398009.186331607,2301083.4678720646,108653.52574960407,284.7565535187704,869.3832028792092,2812.0639574684897,106513.80677661365,846283.8129032264,415455.93268533895,1459270.295225585,75175.14816090345,54212.079798257575,70122.83586898449,53332.22758862278,1079578.5850970119,459060.81787025975,4036739.6096222214,33745637.154973485,83511045.0401079,24415109.36479889,18557073.54963093,22222368.25427445,7845412.1782284975,4335291.660066709,7907439.0770293195,4334783.128022904,1519613.6956476357,1914828.98569817,1283.5665748050505,10848.258885819265,0.0,0.0,0.0,0.0,0.0,0.0,0.0,0.0,0.0,0.0,0.0,0.0,0.0,0.0,0.0,0.0,0.0,0.0,0.0,0.0,0.0,0.0,0.0,0.0,0.0,0.0,0.0,0.0,0.0,0.0,0.0,0.0,0.0,0.0,0.0,0.0,0.0,0.0,0.0,0.0,0.0,0.0,0.0,0.0,0.0,0.0,0.0,0.0,0.0,0.0,0.0,0.0,0.0,0.0,0.0,0.0,0.0,0.0,0.0,0.0,0.0,0.0,0.0,0.0,0.0,0.0,0.0,0.0
0.0,0.0,0.0,0.0,0.0,0.0,0.0,0.0,0.0,0.0,0.0,0.0,0.0,0.0,0.0,0.0,0.0,0.0,0.0,0.0,0.0,0.0,0.0,0.0,0.0,0.0,0.0,0.0,0.0,0.0,0.0,0.0,0.0,0.0,0.0,0.0,0.0,0.0,0.0,0.0,0.0,0.0,0.0,0.0,0.0,0.0,0.0,0.0,0.0,0.0,0.0,0.0,0.0,0.0,0.0,0.0,0.0,0.0,0.0,0.0,0.0,0.0,0.0,0.0,0.0,0.0,0.0,0.0,0.0,0.0,0.0,0.0,0.0,0.0,0.0,0.0,0.0,0.0,0.0,0.0,0.0,0.0,0.0,0.0,0.0,0.0,0.0,0.0,0.0,0.0,0.0,0.0,0.0,0.0,95995.94096240093,27869.010171915455,0.0,0.0,0.0,0.0,1875613.7247443204,33415076.924302466,10281210.06090502,784876.5496835847,204825.46371589883,811012.5527085895,718443.4775293458,26339860.806053143,42511815.24801986,3674495.11892059,9568413.86133338,3126125.1562722316,10684380.607900789,33270999.089944053,9558419.766715975,10602238.081788346,2454049.1633216515,2002175.0602259762,1288897.9704168562,2831349.93677835,272429.57228494063,156426.24173746022,1960.4774309519707,4765.12267077848,32506.60643952141,23531.25718139257,6544.996040485046,111241.77325671451,6585147.681935741,567226.7480981299,5342803.46068768,1526910.6091376562,114178.67766940183,202125.53519494296,153068.3307849074,367503.4296353259,131952.507859573,92780.13998040844,11594.607935438868,5732.0460473134235,42637.57574138197,87023.47418116682,165613.60684919852,1239372.3341310215,0.0,2768.0249520874177,5045.307616706868,12507.392129482025,16112.544432083572,5314.726331119805,171.1651758582421,777.1281836072087,72429.24835474686,123018.86094412903,80735.33091126759,0.0,3628.9360508836935,961462.3289612646,27294746.06118098,8371077.643498982,2015364.5480708147,309011.6855773433,16428.900253774173,37172.7899704263,5314.1614706650835,31318.590068713227,306607.3263385587,613416.7252146758,854169.2123509658,2306.196651072144,29490.92216691949,46088.23265642525,390214.88105589413,758003.8810479431,310007.9843174075,21681.302889333954,13185753.635413475,51979608.58276774,94301461.95687737,104068270.09625646,96156477.7785056,35546572.65727167,6661650.996826228,5811323.360342744,6459099.935267401,7030764.984455365,3273983.904370768,10638094.54263217,4439354.643552922,0.0,0.0,0.0,0.0,0.0,0.0,0.0,0.0,0.0,0.0,0.0,0.0,0.0,0.0,0.0,0.0,0.0,0.0,0.0,0.0,0.0,0.0,0.0,0.0,0.0,0.0,0.0,0.0,0.0,0.0,0.0,0.0,0.0,0.0,0.0,0.0,0.0,0.0,0.0,0.0,0.0,0.0,0.0,0.0,0.0,0.0,0.0,0.0,0.0,0.0,0.0,0.0,0.0,0.0,0.0,0.0,0.0,0.0,0.0,0.0,0.0,0.0,0.0,0.0,0.0,0.0,0.0,0.0
0.0,0.0,0.0,0.0,0.0,0.0,0.0,0.0,0.0,0.0,0.0,0.0,0.0,0.0,0.0,0.0,0.0,0.0,0.0,0.0,0.0,0.0,0.0,0.0,0.0,0.0,0.0,0.0,0.0,0.0,0.0,0.0,0.0,0.0,0.0,0.0,0.0,0.0,0.0,0.0,0.0,0.0,0.0,0.0,0.0,0.0,0.0,0.0,0.0,0.0,0.0,0.0,0.0,0.0,0.0,0.0,0.0,0.0,0.0,0.0,0.0,0.0,0.0,0.0,0.0,0.0,0.0,0.0,0.0,0.0,0.0,0.0,0.0,0.0,0.0,0.0,0.0,0.0,0.0,0.0,0.0,0.0,0.0,0.0,0.0,0.0,0.0,0.0,0.0,0.0,0.0,0.0,0.0,1766.3024465477904,4021.6095232966213,0.0,0.0,0.0,0.0,0.0,8613893.669553468,59659638.53872499,14865523.73748617,723264.5372792514,89730.1965918845,393375.4433763404,1746128.2022792026,12152582.593283549,26537401.165216148,121004.022922466,1172541.2683264632,10360058.698203744,11605575.179133223,9000018.044256367,2709764.557738141,1804665.6506419815,450745.98138982884,919508.7196607783,476652.10431125003,13090.843192456232,7160.239317285995,2240.3328778700015,339.7257856956601,2265.473228792261,54854.97539205327,53114.41551925399,5940.540859670587,1376630.1860543552,8797682.908080654,14221183.768534511,8350051.83042342,42394016.4308857,15995042.42514304,412719.7545195344,157542.2164950723,565561.1514044993,34253.84058801827,201.36297803795614,415.1824598201543,9889.836640317322,2293.8672112793747,21254.41894768424,19009.594953968266,173794.56099459156,73212.8592168097,12576.402793938007,207899.99418491946,266249.01112894516,1970.9570596642047,1059.1060852944474,25130.880617830528,47249.48934838276,66597.8284902216,368189.75765758683,51530.37327673328,0.0,6704.870004250233,26405.414330655974,1115530.2496289166,8124387.070074713,2247277.066471103,3465790.4735848517,815434.9691052199,60420.5566540911,211476.00190672808,463760.26143646764,87457.27724436704,5079112.237708705,5708271.198840692,642381.3185790248,62937.33272432021,18487.010867854628,91519.56924222896,661160.7628509598,93924.12015380959,86767.51969278467,704017.9785268896,8566132.386438202,16452987.774654983,44886672.456614606,45968436.92038738,50739358.785824105,32137583.03386723,11893725.364429308,19141747.194549706,9470778.553832829,19821054.118428852,14913476.662177883,2808696.628502598,0.0,0.0,0.0,0.0,0.0,0.0,0.0,0.0,0.0,0.0,0.0,0.0,0.0,0.0,0.0,0.0,0.0,0.0,0.0,0.0,0.0,0.0,0.0,0.0,0.0,0.0,0.0,0.0,0.0,0.0,0.0,0.0,0.0,0.0,0.0,0.0,0.0,0.0,0.0,0.0,0.0,0.0,0.0,0.0,0.0,0.0,0.0,0.0,0.0,0.0,0.0,0.0,0.0,0.0,0.0,0.0,0.0,0.0,0.0,0.0,0.0,0.0,0.0,0.0,0.0,0.0,0.0,0.0
0.0,0.0,0.0,0.0,0.0,0.0,0.0,0.0,0.0,0.0,0.0,0.0,0.0,0.0,0.0,0.0,0.0,0.0,0.0,0.0,0.0,0.0,0.0,0.0,0.0,0.0,0.0,0.0,0.0,0.0,0.0,0.0,0.0,0.0,0.0,0.0,0.0,0.0,0.0,0.0,0.0,0.0,0.0,0.0,0.0,0.0,0.0,0.0,0.0,0.0,0.0,0.0,0.0,0.0,0.0,0.0,0.0,0.0,0.0,0.0,0.0,0.0,0.0,0.0,0.0,0.0,0.0,0.0,0.0,0.0,0.0,0.0,0.0,0.0,0.0,0.0,0.0,0.0,0.0,0.0,0.0,0.0,0.0,0.0,0.0,0.0,0.0,0.0,0.0,0.0,0.0,0.0,0.0,0.0,0.0,0.0,0.0,0.0,32439534.87586958,113721750.3561173,133625181.31002897,114536416.78848054,36617825.40006144,1965464.9954318323,310176.0314257002,25533.71575524486,2552988.9030395793,531505.8601310743,70427.78217406897,237292.98689338472,180480.65613785424,975775.5162978218,1164188.7545599195,619940.3180443005,536799.8446812632,395716.78603534657,25906.44303195336,31213.245688141767,61066.66583203374,77.05896997923315,4949.549497007336,89005.15366097275,13240.677786711629,72602.95875349343,122806.6572232009,180918.04811589958,377073.170358834,917004.0579342463,21149.595753831236,1841892.7171842468,3647650.970521567,17008981.588468555,12136388.268769978,241168.76461053416,10904.343924810464,3240.3616822966683,1118.038508280086,2117.749979341046,227.5600971796785,597.6864638752456,7726.6034137010765,64603.04289256267,117536.77805550433,357732.7301123856,149669.74010390934,253115.0895238438,503587.24584639433,1140514.569698837,55520.69028892758,13482.387493719383,12394.60347574026,0.0,9112.329735906495,254240.7407834435,71337.32316708578,0.0,8477.893968517652,56553.57227031822,1042863.568824677,5217967.919908642,674679.1214218166,91042.75524335027,132292.84891924314,24625.322189049548,233700.4889684794,214981.01312060232,2477841.0059492406,5776640.160542444,652729.3928587867,259446.34908557578,19532.67925352531,5427.36768007578,12146.54053906485,87968.77176162263,41621.01615781951,221419.57324600668,278914.4116816145,169796.33477922145,4307853.278707833,2826494.188040749,4801769.970853074,6342014.458094782,3869700.756803233,1754169.6575118592,1101662.3813428911,1035689.3090688385,1041722.7515444846,2715941.115210072,641552.400037453,0.0,0.0,0.0,0.0,0.0,0.0,0.0,0.0,0.0,0.0,0.0,0.0,0.0,0.0,0.0,0.0,0.0,0.0,0.0,0.0,0.0,0.0,0.0,0.0,0.0,0.0,0.0,0.0,0.0,0.0,0.0,0.0,0.0,0.0,0.0,0.0,0.0,0.0,0.0,0.0,0.0,0.0,0.0,0.0,0.0,0.0,0.0,0.0,0.0,0.0,0.0,0.0,0.0,0.0,0.0,0.0,0.0,0.0,0.0,0.0,0.0,0.0,0.0,0.0,0.0,0.0,0.0,0.0
0.0,0.0,0.0,0.0,0.0,0.0,0.0,0.0,0.0,0.0,0.0,0.0,0.0,0.0,0.0,0.0,0.0,0.0,0.0,0.0,0.0,0.0,0.0,0.0,0.0,0.0,0.0,0.0,0.0,0.0,0.0,0.0,0.0,0.0,0.0,0.0,0.0,0.0,0.0,0.0,0.0,0.0,0.0,0.0,0.0,0.0,0.0,0.0,0.0,0.0,0.0,0.0,0.0,0.0,0.0,0.0,0.0,0.0,0.0,0.0,0.0,0.0,0.0,0.0,0.0,0.0,0.0,0.0,0.0,0.0,0.0,0.0,0.0,0.0,0.0,0.0,0.0,0.0,0.0,0.0,0.0,0.0,0.0,0.0,0.0,0.0,0.0,0.0,0.0,0.0,0.0,0.0,0.0,0.0,0.0,0.0,0.0,0.0,62900192.7539796,169980435.9616395,158017329.91257322,36744371.179520205,2959996.878151665,9827461.418776449,1002707.2069463683,171077.40693244507,3549124.1303820387,275240.9115283593,1158746.4934472463,1796714.166800135,219304.5105387948,145635.96561111975,147981.91861672225,31525.496169622405,61806.55585492478,45872.695134476715,51987.68665642421,6261.8386704119275,1350.1597734809855,773.64589526432,1766070.6987668592,195454.71742428793,72273.05122121202,54821.26666509958,140381.44649921416,9945.406317041929,18910.45236328405,739132.9518162096,1215344.8118914156,90681.91396475691,713659.2745775258,1051508.9791390693,83574.5571172338,22967.486225780627,2434.221475366452,0.0,408.98695145297654,5333.489056187668,995.955651966029,39435.28727999801,42458.32984688159,1174.9483817938337,3884.1868553675126,23764.478280449577,4541.021191180201,5309.632325893877,17190.621982238485,2890.1592570340135,999.1349586287072,181.0897177204836,181.0897177204836,0.0,822.7173842420084,3081.180668367249,0.0,11276.668741150806,5313.9703044590415,25836.709335369233,87713.07648262221,175633.0182006058,12840.881248444737,42822.72865886788,117663.70392330593,78337.87546096736,47587.921674894795,114436.1294599217,85691.35291734664,343272.3936823278,545121.3714775635,59574.96310596352,5712.671432782397,9049.564743751878,3205.16418723459,26666.705036864034,23419.33418010694,25778.702447733685,66812.20903503892,318288.06981778436,311767.34185667976,297275.49234366755,1219726.9815829443,173083.18721666813,431940.08404397854,402425.84083055716,1048572.0684879327,404793.2282549157,348341.5778986116,211575.43854456412,0.0,0.0,0.0,0.0,0.0,0.0,0.0,0.0,0.0,0.0,0.0,0.0,0.0,0.0,0.0,0.0,0.0,0.0,0.0,0.0,0.0,0.0,0.0,0.0,0.0,0.0,0.0,0.0,0.0,0.0,0.0,0.0,0.0,0.0,0.0,0.0,0.0,0.0,0.0,0.0,0.0,0.0,0.0,0.0,0.0,0.0,0.0,0.0,0.0,0.0,0.0,0.0,0.0,0.0,0.0,0.0,0.0,0.0,0.0,0.0,0.0,0.0,0.0,0.0,0.0,0.0,0.0,0.0,0.0
0.0,0.0,0.0,0.0,0.0,0.0,0.0,0.0,0.0,0.0,0.0,0.0,0.0,0.0,0.0,0.0,0.0,0.0,0.0,0.0,0.0,0.0,0.0,0.0,0.0,0.0,0.0,0.0,0.0,0.0,0.0,0.0,0.0,0.0,0.0,0.0,0.0,0.0,0.0,0.0,0.0,0.0,0.0,0.0,0.0,0.0,0.0,0.0,0.0,0.0,0.0,0.0,0.0,0.0,0.0,0.0,0.0,0.0,0.0,0.0,0.0,0.0,0.0,0.0,0.0,0.0,0.0,0.0,0.0,0.0,0.0,0.0,0.0,0.0,0.0,0.0,0.0,0.0,0.0,0.0,0.0,0.0,0.0,0.0,0.0,0.0,0.0,0.0,0.0,0.0,0.0,0.0,0.0,0.0,0.0,0.0,0.0,45159272.243214615,162570741.82373473,132602122.65531859,94623633.29243514,426909.57802390604,11378530.693013115,35853212.044234194,5705598.001662717,1132528.5192189356,238736.98312915862,61753.020773990764,255890.85898959526,1244903.4828230161,10653.155122888793,15387.776546199797,6334.519849257108,30067.29149299232,2087.4909976994845,24004.25164720977,2706.012313573264,38281.81638594896,53567.0190888481,314289.78492952837,236495.36565172474,2051.4468425954774,0.0,2309.8357303589883,5182.840281739575,10569.385228739251,35998.134430412596,78058.69368468826,1011949.788260143,34462.15135286365,960626.5182602471,4170551.2298781257,103509.08780164817,10030.343486624275,50010.66628827872,52142.946124981,47651.53850771351,141956.62282895134,7105.379568941017,723.6581296294122,344.80844148702846,87.43613298634364,118.17834544874468,821.8181091209781,4215.985291260735,4753.803779753207,64693.629576079926,39395.25134127945,38397.72045402194,924.493228330508,335.0384011747867,22104.702953834683,3262.2368794710123,0.0,287.82343870852065,24408.495227841624,19915.38578741448,43947.75104622038,29962.377701455127,52275.41489938948,61640.074081171435,31303.080526665406,169588.76156212535,8202.279920080475,48299.723357242154,65959.62367470517,407450.9933462703,551032.0186550389,1924456.1069273953,1888.9146499594235,1133.652048224473,97368.4675580193,184272.52475818625,32449.460100658933,235379.0512354852,23839.69652244688,1129235.7264654622,173797.3957739985,9730.241082980063,201051.94471251636,41548.53364960991,210024.77969521144,23862.511264835135,217857.85554202728,356367.0183722015,24796.01860192943,22823.1128838176,3953.653224400164,0.0,0.0,0.0,0.0,0.0,0.0,0.0,0.0,0.0,0.0,0.0,0.0,0.0,0.0,0.0,0.0,0.0,0.0,0.0,0.0,0.0,0.0,0.0,0.0,0.0,0.0,0.0,0.0,0.0,0.0,0.0,0.0,0.0,0.0,0.0,0.0,0.0,0.0,0.0,0.0,0.0,0.0,0.0,0.0,0.0,0.0,0.0,0.0,0.0,0.0,0.0,0.0,0.0,0.0,0.0,0.0,0.0,0.0,0.0,0.0,0.0,0.0,0.0,0.0,0.0,0.0,0.0,0.0,0.0
0.0,0.0,0.0,0.0,0.0,0.0,0.0,0.0,0.0,0.0,0.0,0.0,0.0,0.0,0.0,0.0,0.0,0.0,0.0,0.0,0.0,0.0,0.0,0.0,0.0,0.0,0.0,0.0,0.0,0.0,0.0,0.0,0.0,0.0,0.0,0.0,0.0,0.0,0.0,0.0,0.0,0.0,0.0,0.0,0.0,0.0,0.0,0.0,0.0,0.0,0.0,0.0,0.0,0.0,0.0,0.0,0.0,0.0,0.0,0.0,0.0,0.0,0.0,0.0,0.0,0.0,0.0,0.0,0.0,0.0,0.0,0.0,0.0,0.0,0.0,0.0,0.0,0.0,0.0,0.0,0.0,0.0,0.0,0.0,0.0,0.0,0.0,0.0,0.0,0.0,0.0,0.0,0.0,0.0,0.0,29628.222217739487,23482433.51380568,60762204.348939285,37893966.33314223,70164939.22793883,57227511.556705296,58287.55063134253,2219503.9376332695,1737133.7498842874,1044235.5510715605,2823654.947924033,1947941.9902815237,36402.35737579409,10632.143499580425,71892.36216875946,50924.73670461059,30601.975461831033,5536.638573338805,3277.6902476686096,57581.43696552789,66302.5779246123,5231.2082993883305,338374.75386582874,2206013.945088531,151320.53790215077,40240.80620674895,42874.205341431385,0.0,197.21130479787436,21263.65777599788,1365404.9421360004,72508.03697814172,147351.0481794527,88837.97656496795,5464.841257187907,2367106.607035486,420500.975093539,170638.6238588064,5214.133279051181,366.6295383005138,732.0918789807773,1693.0221135659024,493.71900602122855,8332.975384831807,21999.64691674439,50.374778221337486,18.72700383482418,367.7257074158696,1189.4130475605223,2105.8594448129056,3022.652636501285,1684.882668792904,425.5526941387944,3972.568652074532,233.56478304018535,752.7930168069572,1308.7999418155614,2821.625648039944,2351.864651421768,261.5865951084355,3528.9564751149082,4105.955483270252,41087.53958208202,17362.216391053207,6751.85746392928,131299.387639632,54282.72457378185,208327.74131380027,111370.3101920635,41926.58452828756,12725.163921872678,37629.613222587606,56942.87338115892,175904.95481680747,8505.763584477829,206217.70860681185,1169994.4164842153,6802755.936098938,2314016.9178842288,83735.82995108535,729748.7746801826,2549548.2703533676,31651.412198672766,6661.73017472595,57883.20386023416,10932.19604839938,12925.252874657526,9607.901437750994,14848.88427002003,55048.36030197343,57070.61968186065,6206.51657640815,449.61484037721414,0.0,0.0,0.0,0.0,0.0,0.0,0.0,0.0,0.0,0.0,0.0,0.0,0.0,0.0,0.0,0.0,0.0,0.0,0.0,0.0,0.0,0.0,0.0,0.0,0.0,0.0,0.0,0.0,0.0,0.0,0.0,0.0,0.0,0.0,0.0,0.0,0.0,0.0,0.0,0.0,0.0,0.0,0.0,0.0,0.0,0.0,0.0,0.0,0.0,0.0,0.0,0.0,0.0,0.0,0.0,0.0,0.0,0.0,0.0,0.0,0.0,0.0,0.0,0.0,0.0,0.0,0.0,0.0,0.0
0.0,0.0,0.0,0.0,0.0,0.0,0.0,0.0,0.0,0.0,0.0,0.0,0.0,0.0,0.0,0.0,0.0,0.0,0.0,0.0,0.0,0.0,0.0,0.0,0.0,0.0,0.0,0.0,0.0,0.0,0.0,0.0,0.0,0.0,0.0,0.0,0.0,0.0,0.0,0.0,0.0,0.0,0.0,0.0,0.0,0.0,0.0,0.0,0.0,0.0,0.0,0.0,0.0,0.0,0.0,0.0,0.0,0.0,0.0,0.0,0.0,0.0,0.0,0.0,0.0,0.0,0.0,0.0,0.0,0.0,0.0,0.0,0.0,0.0,0.0,0.0,0.0,0.0,0.0,0.0,0.0,0.0,0.0,0.0,0.0,0.0,0.0,0.0,0.0,0.0,0.0,2393386.924234706,38196484.302223004,26355285.970178038,41565172.73817869,21108152.91352879,1001490.711989319,6681275.306853419,34677284.42251069,96989707.32445055,52687783.908166505,3318091.0157590816,2406765.5325048543,142785.91422114702,261978.80513964605,592736.9510684265,95022.54733733142,16445.549847096845,760447.5132689169,308004.2432567006,15137.752854316808,26319.61280888646,130831.02707264219,158970.45698739227,387165.92114209145,168663.78577465605,6083.0011524729025,316206.3160034388,2937.013547170536,113425.69201789614,32474.355846662645,8073.513420258272,7403.916668889512,4238.828093611582,7536.256221368038,269884.4783992316,391.85250959027945,641.6810985662183,1425.9441946434958,50302.032559011415,3736788.4915259667,177402.5736356118,4383.942578528133,1905.5507569496735,5606.191264970081,4649.573953911237,38372.13290149761,995.1049048092748,0.0,18100.434781250588,18350.876273407768,2204.796375049298,178.65855343339342,337.45830924001547,102.40165387781862,275.25674701579055,238.3540059474305,374.4841785699831,346.6156864074581,4471.649589105198,6204.31522413166,858.9434070327559,983.4605689937817,4347.318410862655,28812.038439498276,2418.869359295682,3577.7693441061683,36042.077864873936,37423.86522630473,21380.12306235404,35677.83512878479,64097.07284142474,49271.484641731404,58260.512182081366,337418.11011955526,51232.62256287957,312220.00260547583,287712.9070588114,128888.65423675496,62095.72132091854,1134597.3483472252,5780206.111209059,30284256.178112675,5323722.144919262,6397547.620891506,3079799.1576663544,243286.0648853584,156143.73202576063,1368549.1785569724,410524.01172792685,126198.58240681776,5976.490521859398,3047.408586300385,1478.3147616726224,10018.726973742014,40220.74122254486,2360.915212693253,1128.3513852898884,0.0,0.0,0.0,0.0,0.0,0.0,0.0,0.0,0.0,0.0,0.0,0.0,0.0,0.0,0.0,0.0,0.0,0.0,0.0,0.0,0.0,0.0,0.0,0.0,0.0,0.0,0.0,0.0,0.0,0.0,0.0,0.0,0.0,0.0,0.0,0.0,0.0,0.0,0.0,0.0,0.0,0.0,0.0,0.0,0.0,0.0,0.0,0.0,0.0,0.0,0.0,0.0,0.0,0.0,0.0,0.0,0.0,0.0,0.0,0.0,0.0,0.0,0.0,0.0,0.0,0.0,0.0,0.0,0.0
0.0,0.0,0.0,0.0,0.0,0.0,0.0,0.0,0.0,0.0,0.0,0.0,0.0,0.0,0.0,0.0,0.0,0.0,0.0,0.0,0.0,0.0,0.0,0.0,0.0,0.0,0.0,0.0,0.0,0.0,0.0,0.0,0.0,0.0,0.0,0.0,0.0,0.0,0.0,0.0,0.0,0.0,0.0,0.0,0.0,0.0,0.0,0.0,0.0,0.0,0.0,0.0,0.0,0.0,0.0,0.0,0.0,0.0,0.0,0.0,0.0,0.0,0.0,0.0,0.0,0.0,0.0,0.0,0.0,0.0,0.0,0.0,0.0,0.0,0.0,0.0,0.0,0.0,0.0,0.0,0.0,0.0,0.0,0.0,0.0,0.0,0.0,0.0,0.0,0.0,469906.21544037916,52423025.95558577,87559505.316627,47435974.78293751,49259555.49766015,17740540.27839563,33865006.47229104,38217309.77521045,44882621.55961118,77170738.73538165,37880754.281527445,21393170.767134994,18215919.610197436,1287261.8964432313,29877.101731819934,150030.65839969268,43693.615452372134,100628.58916224776,6209831.057399966,270582.17163840064,37502.379285727,2972.4673682304083,796.497078795466,33743.551672472786,528.0729755217217,1120.1374355668195,619.7737191842452,1576.7624535528003,9493.687499598864,48851.63714050572,51389.44213630557,14668.490769921831,1251.4678479177537,7049.693487440205,22199.48268720254,731.1780161270856,2857.7276402033453,10691.139155622925,13044.646827804698,1139.4598979560906,64082.222672847376,25729.615575759133,0.0,53492.48684989601,43481.461022561605,353.5174577364895,760.0349855676689,509.1984665890357,130883.97711979681,0.0,2462.4623727446296,4798.119450190479,3118.6304805179993,7421.349632003637,10163.415465799073,103.58036874317449,0.0,0.0,4603.818308984078,5121.774532549273,567.1173956900906,0.0,42090.50243793955,33756.83720918494,88007.70224936564,1193.9173147725971,7302.574139298868,18311.35783858016,4300.5957674323745,40856.71703183458,36942.73729997207,170087.7772627823,80106.34086269618,55848.89841143312,118425.55547727947,222381.72439514543,882355.95022086,143342.86055808875,43164.04734186442,260400.6915236716,3293223.6916517904,2785634.975328301,453219.9160620248,151873.22852659182,1873422.1721348916,547317.8544275935,284771.45345343876,3264225.1131081637,2074670.3907421122,647880.1664343142,5765.961610955088,3373.2092588972782,62632.05884918418,19336.11214433056,1440.8300357327134,1526.3484310669483,5509.149820314462,75.73005509559917,0.0,0.0,0.0,0.0,0.0,0.0,0.0,0.0,0.0,0.0,0.0,0.0,0.0,0.0,0.0,0.0,0.0,0.0,0.0,0.0,0.0,0.0,0.0,0.0,0.0,0.0,0.0,0.0,0.0,0.0,0.0,0.0,0.0,0.0,0.0,0.0,0.0,0.0,0.0,0.0,0.0,0.0,0.0,0.0,0.0,0.0,0.0,0.0,0.0,0.0,0.0,0.0,0.0,0.0,0.0,0.0,0.0,0.0,0.0,0.0,0.0,0.0,0.0,0.0,0.0,0.0,0.0,0.0,0.0
0.0,0.0,0.0,0.0,0.0,0.0,0.0,0.0,0.0,0.0,0.0,0.0,0.0,0.0,0.0,0.0,0.0,0.0,0.0,0.0,0.0,0.0,0.0,0.0,0.0,0.0,0.0,0.0,0.0,0.0,0.0,0.0,0.0,0.0,0.0,0.0,0.0,0.0,0.0,0.0,0.0,0.0,0.0,0.0,0.0,0.0,0.0,0.0,0.0,0.0,0.0,0.0,0.0,0.0,0.0,0.0,0.0,0.0,0.0,0.0,0.0,0.0,0.0,0.0,0.0,0.0,0.0,0.0,0.0,0.0,0.0,0.0,0.0,0.0,0.0,0.0,0.0,0.0,0.0,0.0,0.0,0.0,0.0,0.0,0.0,0.0,0.0,0.0,0.0,0.0,0.0,1907389.2193554784,22996191.385303624,7910046.349669769,3841668.3105931357,2491471.6183096543,7544468.435745643,23704736.162314963,15663958.255350998,23895100.723767187,4351205.040557902,13013371.118484411,12297768.304760462,1079550.379820209,293343.2580774884,403054.4501155258,9794.388312206258,38591.863752030345,389589.2250224607,543615.4173311283,10440.952561763785,30922.01062751759,18418.794602301045,80.14322381848693,12105.302493438669,277.2835616615173,6700.248706845842,7266.300543029978,3538.2653442182473,387.7570451521966,1686.9243770849082,9300.966645410217,6198.353277517399,46152.93699266754,51111.553387919776,18447.143573278274,9952.352116284343,3266.754374568698,8378.182853739923,17172.61013754997,706.89450512059,0.0,6722.370848780088,13665.327056881451,740608.43333029,5860.666954075748,472.3886519655835,481.6026537966932,121036.12341854074,275.07785087848566,42946.7146366828,42896.76234905122,8312.187350466318,8236.270496455974,3006.807358589717,2292.8000841549037,20986.943764316697,9943.784175732057,21765.200278311055,20720.281146563917,1389.8127075297584,542.2749698641232,97756.30409752668,440703.93170795456,32780.88238869122,7773.25744881036,32280.628077667025,27319.259850070208,25048.47744581375,129734.64372406466,31737.260748666078,174849.15717375017,24803.526450126184,59694.19836107388,679688.0812208964,249653.16606752074,132451.4963780252,2010389.476581014,262821.5066859431,5224639.013093116,7204839.791137362,130326.16173851192,1117910.5378047312,212469.46767591088,216958.7852014365,32140.798602335253,4707031.990812532,12298717.345188338,1093796.4998057403,194036.53323060297,31361.375696424388,1729.6450493024045,9959.725355316814,2507.6124710269146,71822.07029275887,2930.8390216891376,101782.94178912298,0.0,0.0,0.0,0.0,0.0,0.0,0.0,0.0,0.0,0.0,0.0,0.0,0.0,0.0,0.0,0.0,0.0,0.0,0.0,0.0,0.0,0.0,0.0,0.0,0.0,0.0,0.0,0.0,0.0,0.0,0.0,0.0,0.0,0.0,0.0,0.0,0.0,0.0,0.0,0.0,0.0,0.0,0.0,0.0,0.0,0.0,0.0,0.0,0.0,0.0,0.0,0.0,0.0,0.0,0.0,0.0,0.0,0.0,0.0,0.0,0.0,0.0,0.0,0.0,0.0,0.0,0.0,0.0,0.0,0.0
0.0,0.0,0.0,0.0,0.0,0.0,0.0,0.0,0.0,0.0,0.0,0.0,0.0,0.0,0.0,0.0,0.0,0.0,0.0,0.0,0.0,0.0,0.0,0.0,0.0,0.0,0.0,0.0,0.0,0.0,0.0,0.0,0.0,0.0,0.0,0.0,0.0,0.0,0.0,0.0,0.0,0.0,0.0,0.0,0.0,0.0,0.0,0.0,0.0,0.0,0.0,0.0,0.0,0.0,0.0,0.0,0.0,0.0,0.0,0.0,0.0,0.0,0.0,0.0,0.0,0.0,0.0,0.0,0.0,0.0,0.0,0.0,0.0,0.0,0.0,0.0,0.0,0.0,0.0,0.0,0.0,0.0,0.0,0.0,0.0,0.0,0.0,0.0,0.0,0.0,689354.6991054033,1632196.5334850037,1681955.1448131916,1283665.3595623618,440147.0546632128,456105.1944066991,1127555.2212836142,4020881.496395929,6734797.082525366,391767.4133372132,4838293.87332863,1074888.5642534797,64477.212091753536,4157779.188262048,4225840.474436241,78461.72506109474,240422.4842511366,131340.86993116752,1521.4673714020464,14190.497880924584,6934.87643278949,10201.967604635358,0.0,44.832584585871494,0.0,3004.262305532101,993.4038663266821,1363.6977956885917,3903.4026153597224,865414.4089594833,407664.52613193565,2031.8643786199495,988.048956258861,494.6761616142967,1145.500079818202,1145.500079818202,88843.84513830813,1314.557013329991,3381.0829365786217,7121.137362338446,1610.6591259388806,2398.4203073353697,2029.1542044247772,2176.9178732024197,15544.45069649679,82836.88016159911,62384.46531820073,339.5149817341986,4675.18884670096,9749.479116911552,8133.381682078629,3523.4312180459488,39746.18271301107,7058.483089266135,47192.1426175948,37006.58042401883,43798.49934017454,13235.922667303983,3564.057603504218,8267.115800934622,36186.457178215875,38181.15329746669,59858.469216763275,348650.94889084186,887813.7631112172,18558.08080846472,18174.14201635286,38236.87060073249,351630.69071151793,137070.80934364095,103736.45150183546,45535.657128567866,14128.81721322286,57141.40305154488,98377.48973172647,123935.01301584006,908627.0007773979,2811941.801743834,1098949.1131932968,1230814.41873504,379036.9275453987,360630.56676977116,890136.2407014517,785281.0286509832,1248937.2828361506,3689920.7460983517,207132.7023934618,107532.08063585058,841857.7036922901,3735726.28548002,379320.48723760503,264339.6379688558,1154900.7414419213,1186240.2648622363,92087.81696505944,779.4077425236401,672.1695685044474,0.0,0.0,0.0,0.0,0.0,0.0,0.0,0.0,0.0,0.0,0.0,0.0,0.0,0.0,0.0,0.0,0.0,0.0,0.0,0.0,0.0,0.0,0.0,0.0,0.0,0.0,0.0,0.0,0.0,0.0,0.0,0.0,0.0,0.0,0.0,0.0,0.0,0.0,0.0,0.0,0.0,0.0,0.0,0.0,0.0,0.0,0.0,0.0,0.0,0.0,0.0,0.0,0.0,0.0,0.0,0.0,0.0,0.0,0.0,0.0,0.0,0.0,0.0,0.0,0.0,0.0,0.0,0.0,0.0,0.0
0.0,0.0,0.0,0.0,0.0,0.0,0.0,0.0,0.0,0.0,0.0,0.0,0.0,0.0,0.0,0.0,0.0,0.0,0.0,0.0,0.0,0.0,0.0,0.0,0.0,0.0,0.0,0.0,0.0,0.0,0.0,0.0,0.0,0.0,0.0,0.0,0.0,0.0,0.0,0.0,0.0,0.0,0.0,0.0,0.0,0.0,0.0,0.0,0.0,0.0,0.0,0.0,0.0,0.0,0.0,0.0,0.0,0.0,0.0,0.0,0.0,0.0,0.0,0.0,0.0,0.0,0.0,0.0,0.0,0.0,0.0,0.0,0.0,0.0,0.0,0.0,0.0,0.0,0.0,0.0,0.0,0.0,0.0,0.0,0.0,0.0,0.0,0.0,0.0,0.0,55137.17418355283,899294.9463295331,424050.77602321125,151141.40583754907,728538.1759170692,96815.77934565775,842194.0514781353,12657983.463605423,5644707.923265213,524498.9109629057,462383.7333566777,46147.72215088802,0.0,492627.86919041286,321272.9307179208,27601.487315379083,85837.77816597967,41248.33097651217,8625.379810517756,4017.4456007475524,2770.387589538449,16118.836893198895,802.5724669197236,17696.8855398759,0.0,0.0,6370.313283889706,7475.72870598596,2884.1738304752193,994.6107433261373,511.47310425588364,2688.7909283056324,22767.40477136263,52654.246672642825,2375.3925101439986,1619.4880920783608,11356.395748014618,846.5878365839271,1075.610247983555,12141.17744639461,121530.75535416395,469.16728384029494,7231.328015407113,259.4519018604814,124.0638168096096,34227.49209711383,36397.47436938674,34739.84241275075,8654.743896979307,79.46450772822516,21898.3187372969,4642.492682093065,108746.68621313816,131655.09792462905,2427.1000043847553,3359.442209727723,219.562420629418,814185.9014607093,31948.489988477653,894.8897047679925,30959.482420284552,45446.849184967956,119822.2305258976,204271.9605348811,101121.26884879901,7514.398585222973,33307.56804677381,49089.62931912205,1063134.464515232,21015.28578737062,129763.85376929338,65241.39736327761,12441.443430825548,12144.064455880623,60142.248298915445,165428.6807182585,4368908.6292225,8229913.331295863,741111.5412327445,16807705.097028185,2726007.326671834,618425.0110788761,324669.51900144934,1191848.929737594,1522722.1545597771,2178355.692351104,122229.32155884987,129944.4075731638,167596.61388754606,347686.14879497193,1357482.3207706548,128633.93591016976,259062.58836385675,2550.364978785108,1028.4831754956335,19472.496723315933,4194.922826569678,0.0,0.0,0.0,0.0,0.0,0.0,0.0,0.0,0.0,0.0,0.0,0.0,0.0,0.0,0.0,0.0,0.0,0.0,0.0,0.0,0.0,0.0,0.0,0.0,0.0,0.0,0.0,0.0,0.0,0.0,0.0,0.0,0.0,0.0,0.0,0.0,0.0,0.0,0.0,0.0,0.0,0.0,0.0,0.0,0.0,0.0,0.0,0.0,0.0,0.0,0.0,0.0,0.0,0.0,0.0,0.0,0.0,0.0,0.0,0.0,0.0,0.0,0.0,0.0,0.0,0.0,0.0,0.0,0.0,0.0
0.0,0.0,0.0,0.0,0.0,0.0,0.0,0.0,0.0,0.0,0.0,0.0,0.0,0.0,0.0,0.0,0.0,0.0,0.0,0.0,0.0,0.0,0.0,0.0,0.0,0.0,0.0,0.0,0.0,0.0,0.0,0.0,0.0,0.0,0.0,0.0,0.0,0.0,0.0,0.0,0.0,0.0,0.0,0.0,0.0,0.0,0.0,0.0,0.0,0.0,0.0,0.0,0.0,0.0,0.0,0.0,0.0,0.0,0.0,0.0,0.0,0.0,0.0,0.0,0.0,0.0,0.0,0.0,0.0,0.0,0.0,0.0,0.0,0.0,0.0,0.0,0.0,0.0,0.0,0.0,0.0,0.0,0.0,0.0,0.0,0.0,0.0,0.0,0.0,0.0,82486.89716876522,222989.337031824,64655.182991296286,47674.3390383743,864146.9329576518,2059.81110040941,18327063.377832815,43651951.339619674,5371494.076631932,5331865.845447231,565420.507240786,309.8188291985007,567.1621286901692,263486.8386141012,53651.6106112765,1307397.6674613084,601785.8882787325,18592.13978685037,213.39195723406374,156.98266664280519,0.0,0.0,82132.29632612265,0.0,151.80554402233153,0.0,10314.201860934227,7269.314794069762,1365.3560736924283,105329.5267628683,1332.6842233534255,540067.0316071447,127448.09287015465,25348.62465161728,6767.518748375107,129.57942994030134,16876.37242441073,17337.31552950959,5718.712129903001,5868.755287348806,18609.42965568361,4454.29114886814,1362.376329153697,9439.046546833853,5084.087886131175,23.192236395839245,24726.44026219724,945037.795199511,618029.0980865699,44682.6590712522,5989.943573351572,9174.921741938007,1223.4190946145122,172.07963881882017,5012.3351241057,709.8383281864442,8983.725757586571,419639.70202954754,1409.343083688255,6369.907479528838,7094.393169585352,24584.9260973174,19989.330670152867,42684.14521020291,25589.847982462987,51990.224913734135,1724.3756907882748,3351.967279381802,466919.60811411316,222692.17225826293,15898.858840619247,2236.430649398031,94931.2002023214,49978.09871364248,487991.9881576331,154107.8248229062,288911.49814315105,564473.0982859426,10302264.854497954,35753172.79037019,2329745.4168477017,1184879.5628732953,1834429.513457478,571512.1597331071,8671092.393334066,1906844.791002075,1435387.4398875448,182082.4190744795,185352.80743549697,558354.7241625322,1129495.1973283435,736588.51450081,417096.55279253575,177629.22500704404,1408.3985137339914,637.8499239504567,0.0,0.0,0.0,0.0,0.0,0.0,0.0,0.0,0.0,0.0,0.0,0.0,0.0,0.0,0.0,0.0,0.0,0.0,0.0,0.0,0.0,0.0,0.0,0.0,0.0,0.0,0.0,0.0,0.0,0.0,0.0,0.0,0.0,0.0,0.0,0.0,0.0,0.0,0.0,0.0,0.0,0.0,0.0,0.0,0.0,0.0,0.0,0.0,0.0,0.0,0.0,0.0,0.0,0.0,0.0,0.0,0.0,0.0,0.0,0.0,0.0,0.0,0.0,0.0,0.0,0.0,0.0,0.0,0.0,0.0,0.0
0.0,0.0,0.0,0.0,0.0,0.0,0.0,0.0,0.0,0.0,0.0,0.0,0.0,0.0,0.0,0.0,0.0,0.0,0.0,0.0,0.0,0.0,0.0,0.0,0.0,0.0,0.0,0.0,0.0,0.0,0.0,0.0,0.0,0.0,0.0,0.0,0.0,0.0,0.0,0.0,0.0,0.0,0.0,0.0,0.0,0.0,0.0,0.0,0.0,0.0,0.0,0.0,0.0,0.0,0.0,0.0,0.0,0.0,0.0,0.0,0.0,0.0,0.0,0.0,0.0,0.0,0.0,0.0,0.0,0.0,0.0,0.0,0.0,0.0,0.0,0.0,0.0,0.0,0.0,0.0,0.0,0.0,0.0,0.0,0.0,0.0,0.0,0.0,0.0,0.0,8904.405912819808,216107.61938939558,71212.02085240075,55875.10681044911,796635.9177293289,1694824.4253927884,10124995.411132418,7649476.006916833,20775.504034959362,1544021.2201065072,115229.05802903073,8962.619202113694,878.6666865657718,249.49116726082116,5682.767789470297,608682.2198693331,75161.96121976184,242713.9157919727,393269.54937144654,296.97415150335996,0.0,7187.790254936903,18334.641893928638,10713.143596642829,197482.62466792422,197878.89436161492,1101.8008308230656,3474.0055814668312,54433.3692759381,54540.90940039494,63.48258723012258,16680.448975047846,6843.668234931061,7991.963553479667,206082.90882372524,296362.02515767456,37246.3774897497,20603.433985148145,15915.38029990041,24256.541665519027,96.94645428613411,0.0,193959.30410113503,8750.986786165764,4367.240635563635,4220.574340830777,4590.036459621843,6169.986663987198,1845639.0899076993,287633.630213913,54454.700768577146,234689.12314411206,89253.28047322252,10980.502551977299,32427.05769181046,9380.59340883709,4320.9827037163905,313773.3738493365,98.69868393842727,1113.5284278475988,2679.828937749133,2340.777894112009,39450.066819470216,8619.694532788986,47799.218593574195,26037.888916012245,2617.7497049663793,1967.7730031449603,893.2247755483522,24686.64031632927,47167.51625336395,988.6899009472436,13119.136205026603,11951.059952630721,136710.83398591925,4483595.434897111,2027870.1692759579,145503.16353364554,727336.640023081,1110178.9706201167,676195.736221272,849678.7633011268,947881.6570301383,2217906.376141537,2452065.395713598,435215.6193798389,240034.68406983756,449637.34375121293,79631.01673944891,54582.64665939016,45656.61772948525,152034.40332872776,3389129.8915853566,842881.3922436344,402215.09815077373,215335.5697126143,14113.715917197018,0.0,0.0,0.0,0.0,0.0,0.0,0.0,0.0,0.0,0.0,0.0,0.0,0.0,0.0,0.0,0.0,0.0,0.0,0.0,0.0,0.0,0.0,0.0,0.0,0.0,0.0,0.0,0.0,0.0,0.0,0.0,0.0,0.0,0.0,0.0,0.0,0.0,0.0,0.0,0.0,0.0,0.0,0.0,0.0,0.0,0.0,0.0,0.0,0.0,0.0,0.0,0.0,0.0,0.0,0.0,0.0,0.0,0.0,0.0,0.0,0.0,0.0,0.0,0.0,0.0,0.0,0.0,0.0,0.0,0.0
0.0,0.0,0.0,0.0,0.0,0.0,0.0,0.0,0.0,0.0,0.0,0.0,0.0,0.0,0.0,0.0,0.0,0.0,0.0,0.0,0.0,0.0,0.0,0.0,0.0,0.0,0.0,0.0,0.0,0.0,0.0,0.0,0.0,0.0,0.0,0.0,0.0,0.0,0.0,0.0,0.0,0.0,0.0,0.0,0.0,0.0,0.0,0.0,0.0,0.0,0.0,0.0,0.0,0.0,0.0,0.0,0.0,0.0,0.0,0.0,0.0,0.0,0.0,0.0,0.0,0.0,0.0,0.0,0.0,0.0,0.0,0.0,0.0,0.0,0.0,0.0,0.0,0.0,0.0,0.0,0.0,0.0,0.0,0.0,0.0,0.0,0.0,0.0,0.0,0.0,32504.7614231446,1252941.0756365722,1836622.7788464825,5899584.3149384,448373.0207924459,440383.53396532807,63167.902880797046,0.0,253447.725280356,3108284.031436216,18576.311835427332,0.0,1855.281710465988,0.0,101415.97857096352,5937.2330335108645,3818.4326465736353,346825.7250169245,70484.76700561603,19859.147442409576,0.0,43686.998181068426,268659.0972754705,44460.49077521304,11845.060110145081,63.52738245989312,913.0343923141418,1315.7812539127735,2175.0012386828553,200473.78367210203,228071.838909333,647.8313290276301,1568.877352095295,2311.309435844437,13597.955904969764,7723.845256670322,5655.778310711929,52029.92822352519,45523.10114623951,83768.7311529323,6503.0339223996025,1831.7512885442393,29441.66908667007,20379.3167590374,52057.47899419434,1649.9500112148312,1664.3153649560961,2973.4909179669503,359621.15550992306,5547.077093848392,107982.83563830407,100083.24728931961,2006.9151016930177,53571.27719143757,146965.81792754857,519.4975708250944,843.3565104677825,2630.3592204342253,8730.883674355691,0.0,852.688741512855,4219.55668630422,3746.8228378497397,3441.354149402381,41991.592455289065,10285.72200075134,3124.9923157628737,13982.687980410283,138824.99571712955,198781.5587900047,131554.10727316988,6512.551757030213,35872.066371489884,47970.62832776517,87909.19894731755,214846.70421035332,899014.5875465015,1127755.529851398,326326.4427086666,746951.6375161847,105951.5115689412,730003.762225572,193292.2420481347,189877.29388839332,281570.66374634136,397069.1109403098,110828.7796890396,317811.560552529,523926.9586654338,1305410.0385324871,57474.88162022218,46893.33305527399,125728.61816267481,275726.4835953731,770774.7418118848,1528181.7419008086,13241.757453875465,0.0,0.0,0.0,0.0,0.0,0.0,0.0,0.0,0.0,0.0,0.0,0.0,0.0,0.0,0.0,0.0,0.0,0.0,0.0,0.0,0.0,0.0,0.0,0.0,0.0,0.0,0.0,0.0,0.0,0.0,0.0,0.0,0.0,0.0,0.0,0.0,0.0,0.0,0.0,0.0,0.0,0.0,0.0,0.0,0.0,0.0,0.0,0.0,0.0,0.0,0.0,0.0,0.0,0.0,0.0,0.0,0.0,0.0,0.0,0.0,0.0,0.0,0.0,0.0,0.0,0.0,0.0,0.0,0.0,0.0
0.0,0.0,0.0,0.0,0.0,0.0,0.0,0.0,0.0,0.0,0.0,0.0,0.0,0.0,0.0,0.0,0.0,0.0,0.0,0.0,0.0,0.0,0.0,0.0,0.0,0.0,0.0,0.0,0.0,0.0,0.0,0.0,0.0,0.0,0.0,0.0,0.0,0.0,0.0,0.0,0.0,0.0,0.0,0.0,0.0,0.0,0.0,0.0,0.0,0.0,0.0,0.0,0.0,0.0,0.0,0.0,0.0,0.0,0.0,0.0,0.0,0.0,0.0,0.0,0.0,0.0,0.0,0.0,0.0,0.0,0.0,0.0,0.0,0.0,0.0,0.0,0.0,0.0,0.0,0.0,0.0,0.0,0.0,0.0,0.0,0.0,0.0,0.0,0.0,0.0,5641593.515660334,11409291.795697473,4384860.722856418,1696713.5231889905,350959.2185926845,89264.74072291507,16177.733662453422,0.0,40945.91650702707,162209.77074983288,1605.1309138900479,7584.773503396601,107.02745080199782,0.0,0.0,121678.25861031076,965.8902592882561,1371.0918734999966,21885.127861097397,571.7810651196841,1068552.0622390471,5197.481139950934,23692.585819950527,15582.687103867778,27634.432936678262,2210.3818048234484,543.8376786669403,0.0,27699.84888264972,37645.211295687746,1488.633378459011,6512.0311409272745,1419.679298971662,437.06307986681253,2040.7265631633134,3345.6261605804043,1277.9215742571673,2283.5185443955183,615.6575318188271,3877.5472881614332,8421.273566724994,1515.7086799298852,0.0,4347.725798622023,19969.478062788698,205679.11000660216,35122.045689362916,62288.17753300867,7727.963193718012,109342.92699391072,2124.9033937698473,413.19173822425824,435.4789350470529,420.48778888044325,418.97195336648093,193.04462488465145,152.2342869324132,0.0,44951.75646393917,41881.9836645262,824.3801733587433,1867.7901372969845,673.4046123431983,2215.387002661882,11834.614347684143,18153.77703136662,6304.719046098396,43505.09612661875,42461.672092709996,94793.41517473056,658507.0441200663,252328.25736837575,34954.159432508015,3535970.4826061777,2036.2237924505996,150403.88096002518,734872.4576111792,13731605.683280999,2735266.6314565903,224736.50667337602,80459.1781969754,178894.43919511937,102092.61546130585,316926.2892713342,239798.04398405147,535541.4422043384,104049.07424260947,576331.6993377479,279025.54885681777,335612.9657935753,342146.26127541874,29094.29565557035,135139.37995115397,355808.82109020447,278798.4303673139,257593.55118884673,0.0,0.0,0.0,0.0,0.0,0.0,0.0,0.0,0.0,0.0,0.0,0.0,0.0,0.0,0.0,0.0,0.0,0.0,0.0,0.0,0.0,0.0,0.0,0.0,0.0,0.0,0.0,0.0,0.0,0.0,0.0,0.0,0.0,0.0,0.0,0.0,0.0,0.0,0.0,0.0,0.0,0.0,0.0,0.0,0.0,0.0,0.0,0.0,0.0,0.0,0.0,0.0,0.0,0.0,0.0,0.0,0.0,0.0,0.0,0.0,0.0,0.0,0.0,0.0,0.0,0.0,0.0,0.0,0.0,0.0,0.0
0.0,0.0,0.0,0.0,0.0,0.0,0.0,0.0,0.0,0.0,0.0,0.0,0.0,0.0,0.0,0.0,0.0,0.0,0.0,0.0,0.0,0.0,0.0,0.0,0.0,0.0,0.0,0.0,0.0,0.0,0.0,0.0,0.0,0.0,0.0,0.0,0.0,0.0,0.0,0.0,0.0,0.0,0.0,0.0,0.0,0.0,0.0,0.0,0.0,0.0,0.0,0.0,0.0,0.0,0.0,0.0,0.0,0.0,0.0,0.0,0.0,0.0,0.0,0.0,0.0,0.0,0.0,0.0,0.0,0.0,0.0,0.0,0.0,0.0,0.0,0.0,0.0,0.0,0.0,0.0,0.0,0.0,0.0,0.0,0.0,0.0,0.0,0.0,0.0,0.0,487048.8578275046,1438417.3243214702,952927.1297113339,260508.13038677775,7538.386709347003,637.3055950785036,89968.11929548686,157507.65120040567,0.0,0.0,688.9781689125984,12795.264490037654,59404.63407015906,2038.9416584267944,0.0,475.17713139578063,475.17713139578063,0.0,9475.161643662093,1786063.2079265532,7786393.230173613,750244.422836483,124072.06983724405,132711.80355580788,74923.2749857696,31280.724321925263,21184.840019310846,0.0,1354.7771604044053,1354.7771604044053,0.0,1151.2464367859704,17097.393725308186,4930.000577959138,510.64061020804695,804.0235554638288,1058.9565996781505,55.767098367561424,201.54316978549247,2688.4819939491535,939.5247649683538,71787.36195210204,1963.0854188074557,60933.93497889654,5920.356515938604,790937.246526649,79940.90059124246,18126.950754762274,6158.772807299559,1260.2612508947661,961.0993462120218,824.179872773348,849.632103747168,389.8643688590253,74.41151372707188,152.8644583097028,945.4155720291885,646.4268417816763,19990.8001508544,29867.518074523738,1116.4125120515264,357.7400283642947,2448.308989410024,57.88890089663246,114742.99736328995,73603.87946298675,10703.974726937759,33103.43391403896,45511.75816934183,2795130.102989137,3140215.881404332,371390.11946738185,983862.5585370314,1270636.610450852,1482750.1405914633,77241.49493491901,65674.50593198884,346621.9020472489,767296.8676579418,573643.2794138014,152177.81594881677,208980.97792742378,149624.23924234003,775134.8185897173,798532.6174211629,146938.80139428037,86950.71924339308,251994.8174284103,307794.68757580745,140630.9083663931,65763.28471662807,30008.29045332197,404395.9278503324,1049803.92961213,190225.35094238573,81210.45329015618,0.0,0.0,0.0,0.0,0.0,0.0,0.0,0.0,0.0,0.0,0.0,0.0,0.0,0.0,0.0,0.0,0.0,0.0,0.0,0.0,0.0,0.0,0.0,0.0,0.0,0.0,0.0,0.0,0.0,0.0,0.0,0.0,0.0,0.0,0.0,0.0,0.0,0.0,0.0,0.0,0.0,0.0,0.0,0.0,0.0,0.0,0.0,0.0,0.0,0.0,0.0,0.0,0.0,0.0,0.0,0.0,0.0,0.0,0.0,0.0,0.0,0.0,0.0,0.0,0.0,0.0,0.0,0.0,0.0,0.0,0.0
0.0,0.0,0.0,0.0,0.0,0.0,0.0,0.0,0.0,0.0,0.0,0.0,0.0,0.0,0.0,0.0,0.0,0.0,0.0,0.0,0.0,0.0,0.0,0.0,0.0,0.0,0.0,0.0,0.0,0.0,0.0,0.0,0.0,0.0,0.0,0.0,0.0,0.0,0.0,0.0,0.0,0.0,0.0,0.0,0.0,0.0,0.0,0.0,0.0,0.0,0.0,0.0,0.0,0.0,0.0,0.0,0.0,0.0,0.0,0.0,0.0,0.0,0.0,0.0,0.0,0.0,0.0,0.0,0.0,0.0,0.0,0.0,0.0,0.0,0.0,0.0,0.0,0.0,0.0,0.0,0.0,0.0,0.0,0.0,0.0,0.0,0.0,0.0,0.0,0.0,13965.622031890463,9544.571498202584,9134.113420576321,0.0,271.6040789342322,163.9180046154563,144687.06821662612,93696.28396119221,0.0,705.1948772320914,0.0,508.09564981023243,174.0377317774233,2484.0467719070148,797.8259567496766,2098.1135596033755,71955.79783935727,218126.66995209642,344485.80096763547,1274.0026700510412,160758.16639037168,33485.87776727377,69031.2769831683,1490.0111273897294,6946.354650814231,637.1548202337542,13237.89730541676,0.0,398.3688916391369,270.96949937222314,0.0,3552.940679276719,1962.1626035695851,1470.200310113293,1627.8916661716696,418.4668768036095,6593.838639231708,11091.202565072525,5891.463282122326,96.78713451267465,8401.10853328476,17575.5618912828,4731.877815682054,64432.88727091817,88261.2260164046,36230.02700181424,17197.15936601314,75.26948833945501,19670.42468959106,34584.4650390404,0.0,564.3436793046,0.0,629.1387487920636,1008.5631115116826,1030.436809049214,5340.119588028108,13054.261739727088,61182.67999925458,138570.1078975442,4977.414910089342,22494.996098824824,12141.314973469436,10096.574717183272,428991.1415790656,668409.784225607,443217.66303674807,22312.509663411063,104405.49498606459,74148.00137511,182281.09507104545,69585.78911308228,26942.47472943298,10352.140409155047,133452.22211963334,86588.94952605419,2343.1646641226935,20129.57101915784,1049314.358038545,1101647.3455347447,119914.3744285135,127036.42634529552,86188.963862837,61469.49515933087,126540.97689826015,355961.60404867196,1047857.3116693026,278886.6037700704,632824.0414318338,137560.7284278446,138058.03770336884,30570.510306661272,12922.500469174487,297030.5296026503,498008.00639312435,88123.99463765042,0.0,0.0,0.0,0.0,0.0,0.0,0.0,0.0,0.0,0.0,0.0,0.0,0.0,0.0,0.0,0.0,0.0,0.0,0.0,0.0,0.0,0.0,0.0,0.0,0.0,0.0,0.0,0.0,0.0,0.0,0.0,0.0,0.0,0.0,0.0,0.0,0.0,0.0,0.0,0.0,0.0,0.0,0.0,0.0,0.0,0.0,0.0,0.0,0.0,0.0,0.0,0.0,0.0,0.0,0.0,0.0,0.0,0.0,0.0,0.0,0.0,0.0,0.0,0.0,0.0,0.0,0.0,0.0,0.0,0.0,0.0
0.0,0.0,0.0,0.0,0.0,0.0,0.0,0.0,0.0,0.0,0.0,0.0,0.0,0.0,0.0,0.0,0.0,0.0,0.0,0.0,0.0,0.0,0.0,0.0,0.0,0.0,0.0,0.0,0.0,0.0,0.0,0.0,0.0,0.0,0.0,0.0,0.0,0.0,0.0,0.0,0.0,0.0,0.0,0.0,0.0,0.0,0.0,0.0,0.0,0.0,0.0,0.0,0.0,0.0,0.0,0.0,0.0,0.0,0.0,0.0,0.0,0.0,0.0,0.0,0.0,0.0,0.0,0.0,0.0,0.0,0.0,0.0,0.0,0.0,0.0,0.0,0.0,0.0,0.0,0.0,0.0,0.0,0.0,0.0,0.0,0.0,0.0,0.0,0.0,2688134.68726358,71379.25135965734,15783.729494376392,12727.917792151722,772.0880335806901,338.9465414631406,213188.0259702243,5451.118313643077,66839.18818081453,18891.387946742434,0.0,4447.671833455641,1397.8844654919137,6436.249226621472,0.0,3407.9823240816518,5800.141300309775,169739.989442205,264295.06534419267,49991.0076472736,212290.5111798184,89717.91669194074,190368.3810816297,667332.7302948654,694.9379588956376,68.98198990917292,0.0,7286.803199571798,24924.891992010493,33418.20725602889,112.87028244645427,814.3550041474019,9425.605439933111,1437.4626728111211,589.9360081679445,190.43658709593643,88.05921661147732,210.84873391832593,7068.558967439869,394.0691600668445,5702.485493709368,6448.043027742471,5292.687944470866,3004.868389853637,1471.8944872933566,5502.266375484729,40637.82661987291,12058.339926666198,171029.30037147994,3147.042141583867,103.28366154447586,159.28330367181354,423.77578572120456,184.91801930885873,984.4334584714594,184.56619187500314,1764.3345539841603,2504.9549741421424,9010.166174686,24116.952738054162,19091.229713114804,6545.297728192804,25200.96431822933,1919615.9072006019,1821162.3434528525,2014068.0567466062,771707.0218605183,269682.81411320344,164728.09214027764,27434.67581922852,450924.8578769412,35927.953712926676,4207.690989431695,2263.8541171370643,362339.0626479691,599710.799617155,40425.22752456405,75202.34246333479,4877.367974033557,107120.78213643949,661150.3366481473,152375.378412096,369668.61729926255,209055.19449709947,210405.48125395406,341475.4254765113,280351.00202643767,384212.816008382,298667.6066956744,295628.25440301327,353646.10155275883,577547.0666829091,711603.4310739739,357694.22655360354,50777.784207768455,64406.608254593986,9382.491970775014,0.0,0.0,0.0,0.0,0.0,0.0,0.0,0.0,0.0,0.0,0.0,0.0,0.0,0.0,0.0,0.0,0.0,0.0,0.0,0.0,0.0,0.0,0.0,0.0,0.0,0.0,0.0,0.0,0.0,0.0,0.0,0.0,0.0,0.0,0.0,0.0,0.0,0.0,0.0,0.0,0.0,0.0,0.0,0.0,0.0,0.0,0.0,0.0,0.0,0.0,0.0,0.0,0.0,0.0,0.0,0.0,0.0,0.0,0.0,0.0,0.0,0.0,0.0,0.0,0.0,0.0,0.0,0.0,0.0,0.0,0.0
0.0,0.0,0.0,0.0,0.0,0.0,0.0,0.0,0.0,0.0,0.0,0.0,0.0,0.0,0.0,0.0,0.0,0.0,0.0,0.0,0.0,0.0,0.0,0.0,0.0,0.0,0.0,0.0,0.0,0.0,0.0,0.0,0.0,0.0,0.0,0.0,0.0,0.0,0.0,0.0,0.0,0.0,0.0,0.0,0.0,0.0,0.0,0.0,0.0,0.0,0.0,0.0,0.0,0.0,0.0,0.0,0.0,0.0,0.0,0.0,0.0,0.0,0.0,0.0,0.0,0.0,0.0,0.0,0.0,0.0,0.0,0.0,0.0,0.0,0.0,0.0,0.0,0.0,0.0,0.0,0.0,0.0,0.0,0.0,0.0,0.0,0.0,0.0,9898.019654989805,5286154.234869152,14893258.372358916,1440.8239430065069,4397.566865101336,127107.63444983153,124673.84979479929,226491.6942220745,1962.7337789634444,986.5741170905638,130.71268759777269,3417.939552404242,30951.607996663162,0.0,7222.942462882722,2788.603114853911,2149.8661304908815,2208.2078870774694,1569.2853694255766,22111.82040088857,30900601.13801002,112484213.56652613,60609706.82159503,25890.50949122678,1007.6210005776692,33589.27440121467,0.0,0.0,387.76761771793724,387.76761771793724,5535.3955818006125,142.8543244982601,6797.8501986743095,5930.54323346202,95752.90333162001,4824.847238103305,0.0,27221.042914915415,0.0,18217.608020052066,201001.69517380037,414458.78456089017,180383.76916559783,209328.84417005672,59907.40443216616,21399.154412663007,25715.19241068966,422446.5295056525,105221.05391570182,6092.959519334881,8185.990906471812,11039.66369454304,8040.083883264517,42304.702659918956,6897.631291314381,783.6306067076029,1458.0773042158025,520.6680082772556,3935.536944299797,9811.548690218058,22338.291981369857,55046.35273084116,200455.4328311216,1282010.4727960753,9306557.06455577,3047096.467677529,4286334.994288431,8488337.665481197,2984599.3377797157,100277.63360149402,8112.8647526791565,603707.0643051335,550477.7314524117,4666.336636804168,1019540.1602053968,1788907.7173702684,53789.69148421254,45039.75067851679,168159.09854811383,35964.53623394136,59750.13938967812,344357.8550549828,283369.8137709966,366348.1218744555,453927.9887492099,514209.3463832362,334224.9522522695,3060028.9743782533,3787767.8418480945,910293.5670647644,805807.0943673751,830693.4056475726,994002.5245248745,3232818.479036065,3419247.233718112,782425.9422841358,61680.22486566368,683.1512056077867,0.0,0.0,0.0,0.0,0.0,0.0,0.0,0.0,0.0,0.0,0.0,0.0,0.0,0.0,0.0,0.0,0.0,0.0,0.0,0.0,0.0,0.0,0.0,0.0,0.0,0.0,0.0,0.0,0.0,0.0,0.0,0.0,0.0,0.0,0.0,0.0,0.0,0.0,0.0,0.0,0.0,0.0,0.0,0.0,0.0,0.0,0.0,0.0,0.0,0.0,0.0,0.0,0.0,0.0,0.0,0.0,0.0,0.0,0.0,0.0,0.0,0.0,0.0,0.0,0.0,0.0,0.0,0.0,0.0,0.0,0.0
0.0,0.0,0.0,0.0,0.0,0.0,0.0,0.0,0.0,0.0,0.0,0.0,0.0,0.0,0.0,0.0,0.0,0.0,0.0,0.0,0.0,0.0,0.0,0.0,0.0,0.0,0.0,0.0,0.0,0.0,0.0,0.0,0.0,0.0,0.0,0.0,0.0,0.0,0.0,0.0,0.0,0.0,0.0,0.0,0.0,0.0,0.0,0.0,0.0,0.0,0.0,0.0,0.0,0.0,0.0,0.0,0.0,0.0,0.0,0.0,0.0,0.0,0.0,0.0,0.0,0.0,0.0,0.0,0.0,0.0,0.0,0.0,0.0,0.0,0.0,0.0,0.0,0.0,0.0,0.0,0.0,0.0,0.0,0.0,0.0,0.0,0.0,0.0,10116.095285546524,6021872.084361893,7781009.965853523,572967.1827784958,26499.527530917985,0.0,379933.5116858124,2893610.4700168786,343319.6232945083,3816.6671430336414,7052.135433802309,450.8874729990962,66.958508769205,0.0,5707.530284867009,5466.528574082739,78924.7401740136,156577.5066553912,15056.578354275258,72645.0734453576,43132215.98902237,84265625.04541391,30441923.865289893,0.0,115.33068028489527,0.0,775.2021369745069,35.974491123043975,196669.25404599332,32553.474990966137,240.32993347218513,709.0278644311862,5424.667331918948,218.76978208001594,2274.1573447581004,8226.066154660324,18138.097682787724,4622.265477119637,429.5629993661364,56.81804308009624,14517.25755719975,75404.01423358377,23504.833338943336,519.1179622435332,946.1000069710187,1323.4609980873302,1015.0769180077248,53219.625736076254,40153.96488117375,551.0971914607314,12506.899300988223,56092.17040272757,17576.817171125498,28170.287106909636,220548.95023230562,78356.25607183797,11435.979050108781,659.4997123442022,2262.280213919843,2537.239881612927,59246.640686872124,81791.94955977939,606742.9523542342,13730027.973671813,39439734.252555236,7822170.407357773,1302562.2215532588,56757.10654998256,55762.9619036758,727969.3577361621,342356.76639784564,64458.01847823583,102476.07034055992,9563.075277014404,13198.69089010008,49513.5358638201,21102.0009042249,7959.406812746454,57852.299349336565,255657.60418841598,2457494.128166442,431861.1013616992,4179980.8347324384,1563524.2156076576,1162212.8970314004,643953.931987431,900598.4924545594,5330846.973276258,43196417.767457485,9780477.651385749,3858976.93023442,1492274.303582882,1728062.2758546215,450800.5023052859,314070.15498916677,495196.8471809608,335909.05511554016,0.0,0.0,0.0,0.0,0.0,0.0,0.0,0.0,0.0,0.0,0.0,0.0,0.0,0.0,0.0,0.0,0.0,0.0,0.0,0.0,0.0,0.0,0.0,0.0,0.0,0.0,0.0,0.0,0.0,0.0,0.0,0.0,0.0,0.0,0.0,0.0,0.0,0.0,0.0,0.0,0.0,0.0,0.0,0.0,0.0,0.0,0.0,0.0,0.0,0.0,0.0,0.0,0.0,0.0,0.0,0.0,0.0,0.0,0.0,0.0,0.0,0.0,0.0,0.0,0.0,0.0,0.0,0.0,0.0,0.0,0.0,0.0
0.0,0.0,0.0,0.0,0.0,0.0,0.0,0.0,0.0,0.0,0.0,0.0,0.0,0.0,0.0,0.0,0.0,0.0,0.0,0.0,0.0,0.0,0.0,0.0,0.0,0.0,0.0,0.0,0.0,0.0,0.0,0.0,0.0,0.0,0.0,0.0,0.0,0.0,0.0,0.0,0.0,0.0,0.0,0.0,0.0,0.0,0.0,0.0,0.0,0.0,0.0,0.0,0.0,0.0,0.0,0.0,0.0,0.0,0.0,0.0,0.0,0.0,0.0,0.0,0.0,0.0,0.0,0.0,0.0,0.0,0.0,0.0,0.0,0.0,0.0,0.0,0.0,0.0,0.0,0.0,0.0,0.0,0.0,0.0,0.0,0.0,0.0,0.0,0.0,563452.0277518663,153816.06931623962,80528.88095579825,5261.639968086391,2729.120770044244,1027.1675303828013,55565.3827718541,304448.3054692303,899937.4834774985,354481.8693215856,1135.664989588555,18702.97509986108,2322755.504633421,7394139.964208396,14277120.593782172,98537.08709727597,64744.19661681255,6783.208340406735,39028.98979595111,3273362.464850655,692393.84627691,174871.0506464136,29691.16152068813,13739.84090569776,26060.707274535336,10571.063328716446,6123.673190088939,128866.97494516877,398.90198345294215,498.67166439027255,858.9942142019958,128.49668509983587,2082.6341661256643,1255.4069776577717,420.19904681568386,2322.5162088108304,3547.2433378515134,166.74174814183112,4043.8219755681566,43.34294203398898,0.0,20502.38269155572,12517.136716729528,35696.007527261536,56339.64179837587,94298.20107341876,2550425.1465631723,4187912.4026234904,5207.784607180305,13803.222598116636,62029.3685621036,52943.83648598027,47428.81635823881,24992.140731491938,1148.7215934678745,13739.347997418914,9558.922816533379,0.0,14192.012212728803,398292.789563284,75953.71099921557,39915.59324436466,20174262.957231432,75907918.49513541,4931316.652758707,654600.5287706109,32048.98303171049,105171.62413526312,417256.5704454245,686081.9065597603,90820.41651376933,47642.86154018091,25917.755373222724,32443.79783288302,45129.374451831194,31525.35241130486,6108.064914908014,42573.331452231956,304989.16800298565,10084799.064133078,4621368.721740783,5164730.101718433,2462060.5926225167,1084514.2670491927,869449.8236154851,978353.065053631,6355726.444299459,38942838.987462826,8297924.709115626,3582587.7321442794,683833.8337063473,371493.5632896116,40337.65223914613,658102.3792503256,112171.41818663485,83444.4718528549,0.0,0.0,0.0,0.0,0.0,0.0,0.0,0.0,0.0,0.0,0.0,0.0,0.0,0.0,0.0,0.0,0.0,0.0,0.0,0.0,0.0,0.0,0.0,0.0,0.0,0.0,0.0,0.0,0.0,0.0,0.0,0.0,0.0,0.0,0.0,0.0,0.0,0.0,0.0,0.0,0.0,0.0,0.0,0.0,0.0,0.0,0.0,0.0,0.0,0.0,0.0,0.0,0.0,0.0,0.0,0.0,0.0,0.0,0.0,0.0,0.0,0.0,0.0,0.0,0.0,0.0,0.0,0.0,0.0,0.0,0.0,0.0
0.0,0.0,0.0,0.0,0.0,0.0,0.0,0.0,0.0,0.0,0.0,0.0,0.0,0.0,0.0,0.0,0.0,0.0,0.0,0.0,0.0,0.0,0.0,0.0,0.0,0.0,0.0,0.0,0.0,0.0,0.0,0.0,0.0,0.0,0.0,0.0,0.0,0.0,0.0,0.0,0.0,0.0,0.0,0.0,0.0,0.0,0.0,0.0,0.0,0.0,0.0,0.0,0.0,0.0,0.0,0.0,0.0,0.0,0.0,0.0,0.0,0.0,0.0,0.0,0.0,0.0,0.0,0.0,0.0,0.0,0.0,0.0,0.0,0.0,0.0,0.0,0.0,0.0,0.0,0.0,0.0,0.0,0.0,0.0,0.0,0.0,0.0,0.0,869.8114643652866,707456.7246388866,526789.0675062184,595.6921022095304,231.02529869742597,181.05818860247192,10728.934624894497,660565.2720584536,3403.9325957342057,1140360.1920073978,3549392.32356345,15392386.868526151,13406140.344508719,198089.5065659064,43542.387530973094,751062.6904956327,94795.63165990308,28749.345353795543,51708.86266524018,5343.217761229745,253.30939529243244,63757.46167663343,5726.695824895436,89231.16904343312,306806.1736645581,82.20474879974138,61.39456134024743,52.31354711977921,96.62600825590832,150.73627405453172,174.70267706901592,4109.613883479925,184.6781952201962,1599.7372971722943,16515.77706007502,4261.265715466141,124685.55630902399,45652.99242435885,36.390705662927466,1304.3940955014396,1190.180456929626,0.0,66.49958689254402,1445.342046440724,6460.8013662704325,31123.309572347687,24842.716488236314,1100750.5478614299,166545.14437757665,25073.03544489064,762.3527582528153,71.76928731786981,4703.757226701407,5459.151567712477,1892.3022158438935,2690.0191531957757,3839.4980538110044,694.5034762435951,1188.1492659850232,208450.7349727733,1196728.955800721,93889.90731846428,212702.20681249362,3952173.897794918,4053482.4365336797,386455.43240137206,380528.3214383179,109497.44399912594,20680.161546044,16243.023274471503,32166.026125309254,466687.3825951985,516337.2813595812,146774.0583234502,195444.02250035523,18647.75071286421,37365.01047186676,27132.73932371327,84653.73940458543,304478.981668279,866226.9339429243,883534.3543443545,989786.7802352973,979541.2146980838,423949.0894980238,619322.6298612126,1089559.7201494828,941290.4930584901,15343642.745426748,1263725.8406756166,1334434.1557955025,2967069.422055217,322495.1753898169,170013.47489944342,32264.134090804677,313969.8062580251,24004.942775223244,0.0,0.0,0.0,0.0,0.0,0.0,0.0,0.0,0.0,0.0,0.0,0.0,0.0,0.0,0.0,0.0,0.0,0.0,0.0,0.0,0.0,0.0,0.0,0.0,0.0,0.0,0.0,0.0,0.0,0.0,0.0,0.0,0.0,0.0,0.0,0.0,0.0,0.0,0.0,0.0,0.0,0.0,0.0,0.0,0.0,0.0,0.0,0.0,0.0,0.0,0.0,0.0,0.0,0.0,0.0,0.0,0.0,0.0,0.0,0.0,0.0,0.0,0.0,0.0,0.0,0.0,0.0,0.0,0.0,0.0,0.0,0.0
0.0,0.0,0.0,0.0,0.0,0.0,0.0,0.0,0.0,0.0,0.0,0.0,0.0,0.0,0.0,0.0,0.0,0.0,0.0,0.0,0.0,0.0,0.0,0.0,0.0,0.0,0.0,0.0,0.0,0.0,0.0,0.0,0.0,0.0,0.0,0.0,0.0,0.0,0.0,0.0,0.0,0.0,0.0,0.0,0.0,0.0,0.0,0.0,0.0,0.0,0.0,0.0,0.0,0.0,0.0,0.0,0.0,0.0,0.0,0.0,0.0,0.0,0.0,0.0,0.0,0.0,0.0,0.0,0.0,0.0,0.0,0.0,0.0,0.0,0.0,0.0,0.0,0.0,0.0,0.0,0.0,0.0,0.0,0.0,0.0,0.0,20.5615863925703,20.5615863925703,0.0,5469.136850247405,72542.26724739981,2540.5461977919676,369.79374625559615,2056.224908060651,184.3591600317402,123597.14949793284,272027.15088857035,42099.652479457465,734807.1051927549,1213.5288833643847,34240.24933349474,217556.1683276657,296889.4973735292,1841405.298847724,1264819.194162034,453659.1706713422,502614.62687869486,38689.970200546944,61605.08991769261,52596.630603782265,57444.08771499094,1435812.2200970415,48399.31418355307,304.96042284573025,1654.3897276714754,2995.2134666601437,3101.090227430235,142520.20511564525,1188.1254468554484,293.1961820934862,214.78699585192754,1389.1870075648183,0.0,4194.17647405325,158.3139485106405,6864.075375020213,1302754.2370766862,214222.11102741008,4239.320271447327,389.64470065028377,385.9693884382452,0.0,1484.7646344202985,1533.5785403382529,33874.967947678284,38324.0873834359,72181.64336307175,29873.025529200655,7033.462268257364,263.40249763529084,7099.651284628559,29890.13268920391,19862.75653195067,56.853923981250915,563.336955853248,260.5833545554302,7359.2447773729145,82819.37313047708,2992604.25726124,3915937.207554603,45099.66023408082,6732.589452431574,266703.1332111507,421715.41666618176,558673.5714181042,741481.7574942557,567947.3121738635,941284.5036425083,1543229.56393557,3202259.9474651474,134801.1292100083,8065.278662341894,194923.99687474506,157846.1102474272,328054.70873678784,362525.14940067613,1250681.6373541553,538784.711909536,520004.8249377279,803130.9219308654,607606.1029038492,367259.5642732184,156700.583554629,1511969.5256676034,1213701.5347162953,2993068.8980327314,20715092.0078112,5409611.211720873,1873974.744456334,1718167.792138311,630497.3157164453,622152.4204800258,86942.84075199725,143867.58929764607,116424.71765849151,0.0,0.0,0.0,0.0,0.0,0.0,0.0,0.0,0.0,0.0,0.0,0.0,0.0,0.0,0.0,0.0,0.0,0.0,0.0,0.0,0.0,0.0,0.0,0.0,0.0,0.0,0.0,0.0,0.0,0.0,0.0,0.0,0.0,0.0,0.0,0.0,0.0,0.0,0.0,0.0,0.0,0.0,0.0,0.0,0.0,0.0,0.0,0.0,0.0,0.0,0.0,0.0,0.0,0.0,0.0,0.0,0.0,0.0,0.0,0.0,0.0,0.0,0.0,0.0,0.0,0.0,0.0,0.0,0.0,0.0,0.0,0.0
0.0,0.0,0.0,0.0,0.0,0.0,0.0,0.0,0.0,0.0,0.0,0.0,0.0,0.0,0.0,0.0,0.0,0.0,0.0,0.0,0.0,0.0,0.0,0.0,0.0,0.0,0.0,0.0,0.0,0.0,0.0,0.0,0.0,0.0,0.0,0.0,0.0,0.0,0.0,0.0,0.0,0.0,0.0,0.0,0.0,0.0,0.0,0.0,0.0,0.0,0.0,0.0,0.0,0.0,0.0,0.0,0.0,0.0,0.0,0.0,0.0,0.0,0.0,0.0,0.0,0.0,0.0,0.0,0.0,0.0,0.0,0.0,0.0,0.0,0.0,0.0,0.0,0.0,0.0,0.0,0.0,0.0,0.0,0.0,0.0,0.0,0.0,0.0,0.0,1863.2551070918294,84852.4845767706,16184.487673668375,1194.7588094390237,921.5955688634765,87311.10432880736,478258.50889915926,1712.084489393557,1024.2397959558743,3552.922714856441,2148.2971091400227,40843.68825787711,33245.51447902057,44221.06667600639,8833540.52790451,4593035.863836831,40817.280981088945,43509.284978311,439229.3370225265,457832.62215051777,1373.6197829556095,1279.3467712702075,20738.12983052784,110450.20973406415,3408.6238162031786,0.0,573.5318301103562,1058.70297720773,259348.7594583781,441581.57624529063,218729.04612899074,17887.377566624687,35534.18800001564,1048.1526050809018,9198.10567706701,98.48284244971443,14056.519743617777,8594.320798200924,243303.08047317827,17591.806550889014,15645.507248133677,709118.090195548,4915.040021548792,885.4632271110394,628.8371572173644,95.89339270702382,40055.94260933703,60428.94185673586,328793.13637173595,15865.924854776376,5733.835748526888,10649.9069438794,1648.40133505099,42083.01677967781,38399.5356591745,20708.844353672546,762.8149476023433,5031.67658953353,361082.9417144725,282276.36245884356,31418.272828639754,48938.02993066555,54114.562715523345,4086.186827856117,7592.5237555083,43004.45386119565,6074.160853658144,8689.939630830751,5860.938548408754,9226.064677037339,1860.857647740638,28238.675843812187,21731.473589873236,19339.27676550602,2925.8674165667944,41456.456601492435,1961581.8686558485,425299.95010700973,606108.9037483889,1497458.2284623361,1239247.4437780809,102432.89042423025,156252.59903285088,380879.7925069027,214453.8763080418,175754.3570957404,380501.58113778377,16942.07479454772,934785.118096392,1979194.001524963,5948317.082545577,222485.30556966196,12408.312720361655,60923.353805406994,27412.047735608576,10333.341039916542,0.0,0.0,0.0,0.0,0.0,0.0,0.0,0.0,0.0,0.0,0.0,0.0,0.0,0.0,0.0,0.0,0.0,0.0,0.0,0.0,0.0,0.0,0.0,0.0,0.0,0.0,0.0,0.0,0.0,0.0,0.0,0.0,0.0,0.0,0.0,0.0,0.0,0.0,0.0,0.0,0.0,0.0,0.0,0.0,0.0,0.0,0.0,0.0,0.0,0.0,0.0,0.0,0.0,0.0,0.0,0.0,0.0,0.0,0.0,0.0,0.0,0.0,0.0,0.0,0.0,0.0,0.0,0.0,0.0,0.0,0.0,0.0
0.0,0.0,0.0,0.0,0.0,0.0,0.0,0.0,0.0,0.0,0.0,0.0,0.0,0.0,0.0,0.0,0.0,0.0,0.0,0.0,0.0,0.0,0.0,0.0,0.0,0.0,0.0,0.0,0.0,0.0,0.0,0.0,0.0,0.0,0.0,0.0,0.0,0.0,0.0,0.0,0.0,0.0,0.0,0.0,0.0,0.0,0.0,0.0,0.0,0.0,0.0,0.0,0.0,0.0,0.0,0.0,0.0,0.0,0.0,0.0,0.0,0.0,0.0,0.0,0.0,0.0,0.0,0.0,0.0,0.0,0.0,0.0,0.0,0.0,0.0,0.0,0.0,0.0,0.0,0.0,0.0,0.0,0.0,0.0,0.0,0.0,617.4798584994501,0.0,271.29290309326393,25478.981318516962,101513.2162099204,65485.7298493529,426.9611312025206,2052.0818099840953,11704.424616799624,396876.27529957966,14404.164283692628,5492.437114280099,5824.064496379215,17168.81114773557,67272.91423088202,28674.496849092367,72535.93396870731,234252.1747217176,540550.7473510806,41258.91198911914,2810.5883871899805,19781.86579284128,4653.646399797494,1042.3440438860873,1233.5635909973046,2636.7754678161273,4487951.514784423,7657.087731820016,1232.4716991622322,137.20165028900212,4940.811448014911,710.6089881723319,27319.131227802132,28418.1430229537,8176.417320568463,7837.433414089981,4439.9528100549815,2420.771737719911,14400.759592380087,14062.810174575798,10751.143311723383,41959.244112793975,5371.464119207282,4603.612168177546,5521.698592067838,5522.906737639213,5575.012225907912,503.1050225756825,503.1050225756825,50932.780562934546,6129.908549957704,24266.19414651228,786.8517741737356,2209.0351893625266,7312.060922420992,8357.496747878413,10266.165519121534,10096.97194417739,111.94949740732284,23483.208673759782,7476.15549047702,520006.7743302107,152718.5805883361,8182.36419878701,131753.28596906058,208880.56559112942,4032.4349563265987,2660.347227140998,84647.93474727773,643.7868078514974,4311.151619488693,6789.281401871594,9643.457439603837,6710.948396149611,8777.047399637759,25881.37937664621,9753.899579287345,942.8313920675662,2572.2832921797717,351811.396711107,1174401.9254318757,1143624.4530741489,568018.4837917704,52487.591507146106,3873.8471665994334,4738.602349767651,4413.514193823341,92111.05530217524,1851734.4346157187,1396424.8274596897,5697.760394924553,3162.51833703603,331765.38702784805,1871393.4031418448,1741786.9211919215,727437.4462087355,79197.20005835143,207124.74527713092,74029.00773913442,0.0,0.0,0.0,0.0,0.0,0.0,0.0,0.0,0.0,0.0,0.0,0.0,0.0,0.0,0.0,0.0,0.0,0.0,0.0,0.0,0.0,0.0,0.0,0.0,0.0,0.0,0.0,0.0,0.0,0.0,0.0,0.0,0.0,0.0,0.0,0.0,0.0,0.0,0.0,0.0,0.0,0.0,0.0,0.0,0.0,0.0,0.0,0.0,0.0,0.0,0.0,0.0,0.0,0.0,0.0,0.0,0.0,0.0,0.0,0.0,0.0,0.0,0.0,0.0,0.0,0.0,0.0,0.0,0.0,0.0,0.0,0.0
0.0,0.0,0.0,0.0,0.0,0.0,0.0,0.0,0.0,0.0,0.0,0.0,0.0,0.0,0.0,0.0,0.0,0.0,0.0,0.0,0.0,0.0,0.0,0.0,0.0,0.0,0.0,0.0,0.0,0.0,0.0,0.0,0.0,0.0,0.0,0.0,0.0,0.0,0.0,0.0,0.0,0.0,0.0,0.0,0.0,0.0,0.0,0.0,0.0,0.0,0.0,0.0,0.0,0.0,0.0,0.0,0.0,0.0,0.0,0.0,0.0,0.0,0.0,0.0,0.0,0.0,0.0,0.0,0.0,0.0,0.0,0.0,0.0,0.0,0.0,0.0,0.0,0.0,0.0,0.0,0.0,0.0,0.0,0.0,16752.975608310284,1103.9900540139315,1950.2890870771107,102.30576528269235,1956.2740107662073,4352.435482799043,13114.068430050924,13027.129089932985,23091.600338857155,517770.13276069,6062.103683059505,4206.570606325474,6577.1188758918315,470.16201155459896,3118.8350011441307,3161.203382688166,6567.89344602866,12077.660290068963,14779.856808674742,67827.67466708439,75411.35239296599,56580.94218346571,0.0,1590.6532639560146,2725.091626751433,1237.665090172543,1181.8484245470293,939.6095987913465,44850.203318815584,103252.57508020756,13342.761170849037,14376.966455318774,10858.577617863433,12736.82594671097,12144.284321068244,8871.670991027651,4843.429152485721,3120.406366342828,1681.4284018870408,12438.724959534096,56157.657243777874,23668.534452547992,231.8932169366143,785.1531738232899,0.0,2414.537298269875,2037.450703303282,82097.77599042006,18.792045834231487,0.0,5026.412037606588,1533.1251457491644,15103.928016238278,2571.5327491474386,6913.775305992994,1265.3950909079463,12270.785142004008,151124.74314694002,3457.8209343422736,4831.938839622897,407837.0669216182,1882894.855431958,1447527.227403625,594444.1572259717,33429.53508116832,95756.3207413975,21890.52472417106,4967.353925804293,32533.49260839229,576.5761265575145,18721.837865549773,24375.865716816843,25078.445452553453,3862.0204664935586,1117.223624499937,42899.99617260073,9027.763639458339,6691.490302417994,38887.101008457044,33018.785871630105,85579.03083227618,6324.41329764094,55891.559678884456,5571.557007018203,208857.43708740984,41354.483496097644,1239.1797543203634,3139.1771886328625,30654.73549980118,39083.641861947755,1162015.2733518234,124978.13315373025,11603.490939094301,349033.80779063364,677082.9557488846,18096.503912149252,21751.072720683915,2064645.7062229314,1892511.3134943694,269302.19922660256,0.0,0.0,0.0,0.0,0.0,0.0,0.0,0.0,0.0,0.0,0.0,0.0,0.0,0.0,0.0,0.0,0.0,0.0,0.0,0.0,0.0,0.0,0.0,0.0,0.0,0.0,0.0,0.0,0.0,0.0,0.0,0.0,0.0,0.0,0.0,0.0,0.0,0.0,0.0,0.0,0.0,0.0,0.0,0.0,0.0,0.0,0.0,0.0,0.0,0.0,0.0,0.0,0.0,0.0,0.0,0.0,0.0,0.0,0.0,0.0,0.0,0.0,0.0,0.0,0.0,0.0,0.0,0.0,0.0,0.0,0.0,0.0,0.0
0.0,0.0,0.0,0.0,0.0,0.0,0.0,0.0,0.0,0.0,0.0,0.0,0.0,0.0,0.0,0.0,0.0,0.0,0.0,0.0,0.0,0.0,0.0,0.0,0.0,0.0,0.0,0.0,0.0,0.0,0.0,0.0,0.0,0.0,0.0,0.0,0.0,0.0,0.0,0.0,0.0,0.0,0.0,0.0,0.0,0.0,0.0,0.0,0.0,0.0,0.0,0.0,0.0,0.0,0.0,0.0,0.0,0.0,0.0,0.0,0.0,0.0,0.0,0.0,0.0,0.0,0.0,0.0,0.0,0.0,0.0,0.0,0.0,0.0,0.0,0.0,0.0,0.0,0.0,0.0,0.0,0.0,0.0,0.0,95763.07512263338,10772.86913463011,44533.17040144708,699345.0321959556,4274.2751432458945,1271.536940837594,263834.6732564481,13381.740433794532,23702.594955870067,330695.23567999667,3538.6318918771194,48142.64584488035,346992.0335277316,6066.308984714765,6668.29774137399,452376.1959365826,61333.96697697973,1293.5956735455136,5280.1879435361,57340.99881572584,50504.34080351032,142490.00281742064,0.0,459.56325191738307,4129.316762477096,1929.6665774495093,309.03295321078014,1234.78299156549,2858.835783500636,17314965.212240737,9871684.946935661,591046.6714799146,518453.0455667351,1652116.7772212948,423597.666602717,1737.4746072089858,3252.8999832983027,1117.8597914592656,582.1448439442057,3163.0633807106346,22247.057151316836,46903.99671737153,4409.096247151228,3551.9702060601394,5739.837213705263,548.502258297701,8619.493571673876,1633.4429105703994,2476.0269054417,111.06191690701873,8669.539418076272,7694.45956717088,7794.8388938960325,4812.698120170301,301.5044598599233,121.65176234645935,0.0,993.0942824258384,2138.787147346565,192097.63658080142,1076879.0126375125,4650492.167793765,3216830.3014151147,2077759.5210018223,60456.50504405075,379596.7637621941,236116.9886529621,24585.24228152814,7031.026495107297,34213.809070516756,207682.99640110336,166109.8404893071,1994.2268604664166,20214.22505433088,11745.944635262254,2899.611164653281,514.9435525073841,807.2271105689272,4483.05391762509,30252.58680002576,157849.43393484456,353.8596391718388,253.90916694599107,3796.201808474365,1327.1726183348392,2273.457866636273,8662.276040395105,3691.309869833753,500.371143433745,9282.635126586369,291602.43646398606,2016.6252600208948,85794.88771673734,388049.1043294534,242800.8637653304,677605.1630154641,777481.8167262083,288662.36040438,27961.725589013804,1401.475150106439,0.0,0.0,0.0,0.0,0.0,0.0,0.0,0.0,0.0,0.0,0.0,0.0,0.0,0.0,0.0,0.0,0.0,0.0,0.0,0.0,0.0,0.0,0.0,0.0,0.0,0.0,0.0,0.0,0.0,0.0,0.0,0.0,0.0,0.0,0.0,0.0,0.0,0.0,0.0,0.0,0.0,0.0,0.0,0.0,0.0,0.0,0.0,0.0,0.0,0.0,0.0,0.0,0.0,0.0,0.0,0.0,0.0,0.0,0.0,0.0,0.0,0.0,0.0,0.0,0.0,0.0,0.0,0.0,0.0,0.0,0.0,0.0,0.0
0.0,0.0,0.0,0.0,0.0,0.0,0.0,0.0,0.0,0.0,0.0,0.0,0.0,0.0,0.0,0.0,0.0,0.0,0.0,0.0,0.0,0.0,0.0,0.0,0.0,0.0,0.0,0.0,0.0,0.0,0.0,0.0,0.0,0.0,0.0,0.0,0.0,0.0,0.0,0.0,0.0,0.0,0.0,0.0,0.0,0.0,0.0,0.0,0.0,0.0,0.0,0.0,0.0,0.0,0.0,0.0,0.0,0.0,0.0,0.0,0.0,0.0,0.0,0.0,0.0,0.0,0.0,0.0,0.0,0.0,0.0,0.0,0.0,0.0,0.0,0.0,0.0,0.0,0.0,0.0,0.0,0.0,0.0,4239.126267132141,14112.178712792333,26392.427095202424,18054.484148320622,175.5841348105685,2154.05860950622,29565.07664711213,1005041.2936362558,286686.92850164906,1165404.183560526,2479078.9736239826,54155.79357376919,20630.74790660271,472756.51226142794,357947.0529368592,46648.5598247376,21267.70307813168,10728.404686619973,11447.424550748221,48568.564590200636,124758.05822567553,74922.34582740278,8228.466835736308,2203.569060772203,1370.7877624837458,6521.090970791987,8878.855737217127,6338.595004502184,3531.2451296296476,1946.4857175093007,3652988.494366077,4204495.486137426,156555.80467593437,502624.23196123046,1263454.5659403806,86859.61946689418,1444.6385529896215,263.25456134855074,332.6492771226997,10035.306349686063,507.894562063924,538.4105546141678,251.66838842647073,213.1496565587045,6394.944000638869,20763.9959843798,24770.872012851985,31787.648086796304,2399.854526820732,424.3520866275897,77.51298202478117,995191.8770228489,1423.9285576013021,36803.37533720833,57316.764724324625,14188.707655569682,1001.0598019752167,1668.4935116613815,3785.449295641404,8794.787313896559,29912.079561544524,7537774.068702459,13932722.30313427,3973616.0967942923,911320.6789126047,69916.27611499485,79186.32406541554,46204.47368179347,3869.237268140107,10058.718566017087,10549.415292130983,14633.078848180276,29796.120151800573,13464.933511241241,1966.3426113877608,1846.4316010324228,1772.8153383182262,223.73933918065347,5813.504073597502,4501.99142441386,0.0,0.0,204.86853147741851,0.0,3979.7998778033707,2751.229961259634,7806.438299921317,3269.2423240983303,1821.1794501362358,913.273198962109,169192.8993705377,420154.6764472714,569669.387053298,615092.390653691,6217.540146520743,54868.35631520667,2474212.865874668,171852.89246331443,31844.6230901366,116109.58610772845,112.26531605789619,0.0,0.0,0.0,0.0,0.0,0.0,0.0,0.0,0.0,0.0,0.0,0.0,0.0,0.0,0.0,0.0,0.0,0.0,0.0,0.0,0.0,0.0,0.0,0.0,0.0,0.0,0.0,0.0,0.0,0.0,0.0,0.0,0.0,0.0,0.0,0.0,0.0,0.0,0.0,0.0,0.0,0.0,0.0,0.0,0.0,0.0,0.0,0.0,0.0,0.0,0.0,0.0,0.0,0.0,0.0,0.0,0.0,0.0,0.0,0.0,0.0,0.0,0.0,0.0,0.0,0.0,0.0,0.0,0.0,0.0,0.0,0.0,0.0
0.0,0.0,0.0,0.0,0.0,0.0,0.0,0.0,0.0,0.0,0.0,0.0,0.0,0.0,0.0,0.0,0.0,0.0,0.0,0.0,0.0,0.0,0.0,0.0,0.0,0.0,0.0,0.0,0.0,0.0,0.0,0.0,0.0,0.0,0.0,0.0,0.0,0.0,0.0,0.0,0.0,0.0,0.0,0.0,0.0,0.0,0.0,0.0,0.0,0.0,0.0,0.0,0.0,0.0,0.0,0.0,0.0,0.0,0.0,0.0,0.0,0.0,0.0,0.0,0.0,0.0,0.0,0.0,0.0,0.0,0.0,0.0,0.0,0.0,0.0,0.0,0.0,0.0,0.0,0.0,0.0,0.0,0.0,6052.326129940547,11529.269621601394,94298.17005473425,81051.67952518995,18342.69577831162,1718.8066971064966,251.9619586772078,0.0,154905.68037781466,8459710.791569108,9081690.491543561,2613858.2145715607,785011.8295313579,1740914.8040844463,426132.7641418286,255722.42070159508,111343.48209015571,24615.384214934656,13276.750967701195,16193.734102421908,183943.59065603142,1418.1005717340427,1975.726367450272,3683.619677526972,270.388399780614,3140.4363083372427,3910.5835270456514,1917.9311660127828,994.6053866989239,6215.1549533547995,163849.66315561644,1921614.0713468427,444993.82013539795,439223.2843014037,293052.4170325663,3588.9767059973196,451714.9655283035,922.8557674273369,8535.790930506095,554.8987819048621,257.62966808755414,1099.138474266583,12161.207867045096,76969.37572610709,144.28113811795714,9955.148324429265,259385.7398253535,225418.76442521345,4259.189946256133,0.0,368207.9849948369,2928.916112720003,2685.9392754598457,23773.02247393834,4512.029725652456,8477.82470578799,18996.20435468559,2906.548040764668,12356.835831615257,1850.52877204994,250721.15565185866,1616637.8386034162,910436.6201886887,211991.16986113976,513100.2592882909,39782.845806448415,715681.3478419976,3400947.4451483455,3604069.715157968,193815.32832058205,14027.64127427115,140674.6546287776,81790.48062906999,684.2519684189037,927.733078675761,2340.5323769126517,8473.649122126284,6611.671592580975,1545.319802330879,132.6061508286365,1346.3812849714504,6093.668256863313,4961.140298282088,3049.2060750717906,665.8520420880044,593.0517466059188,5668.107936418915,7336.214228037173,2247.00445225836,361625.8584854669,234791.95928199997,503721.55230542755,13782.78332890207,24224.74436828863,84000.2678144157,52825.947855535545,253727.10952521028,43212.242585252985,379.1938855207628,6878.558686833856,18868.620423674533,0.0,0.0,0.0,0.0,0.0,0.0,0.0,0.0,0.0,0.0,0.0,0.0,0.0,0.0,0.0,0.0,0.0,0.0,0.0,0.0,0.0,0.0,0.0,0.0,0.0,0.0,0.0,0.0,0.0,0.0,0.0,0.0,0.0,0.0,0.0,0.0,0.0,0.0,0.0,0.0,0.0,0.0,0.0,0.0,0.0,0.0,0.0,0.0,0.0,0.0,0.0,0.0,0.0,0.0,0.0,0.0,0.0,0.0,0.0,0.0,0.0,0.0,0.0,0.0,0.0,0.0,0.0,0.0,0.0,0.0,0.0,0.0,0.0
0.0,0.0,0.0,0.0,0.0,0.0,0.0,0.0,0.0,0.0,0.0,0.0,0.0,0.0,0.0,0.0,0.0,0.0,0.0,0.0,0.0,0.0,0.0,0.0,0.0,0.0,0.0,0.0,0.0,0.0,0.0,0.0,0.0,0.0,0.0,0.0,0.0,0.0,0.0,0.0,0.0,0.0,0.0,0.0,0.0,0.0,0.0,0.0,0.0,0.0,0.0,0.0,0.0,0.0,0.0,0.0,0.0,0.0,0.0,0.0,0.0,0.0,0.0,0.0,0.0,0.0,0.0,0.0,0.0,0.0,0.0,0.0,0.0,0.0,0.0,0.0,0.0,0.0,0.0,0.0,0.0,0.0,128.55977590337906,1545.266443708081,17383.43906083518,19976.628137771022,19245.56367935331,47974.81692997418,227376.37622871902,191072.91622623458,60260.68428750824,18443.89315662614,22529727.71953637,64041383.472919,34823761.09250985,171584.45620170498,11914.766283892563,35655.13665890464,2993510.9300055904,10234921.386786427,2857480.6794789843,241966.4629372837,109135.25622476288,58851.20666297224,20684.967333778644,881.4495463090262,134.04374723743504,2173.3324651377598,33292.6074545576,6797.491514993992,1213.6196238839543,2794.8679586727185,1077540.97653764,1177385.8140302398,300223.19438228523,72278.56270674692,5459471.8519791765,3708030.324155471,16923.955942355573,465615.05346192,261699.53544804957,8216.50612377887,775.7220481605248,1405.2816475451655,1158.6001081665788,2184.8081344509337,135.7249677059452,0.0,3643.361240500069,3798.730030733811,1796.9267441382376,1215.2724471432828,1068.3377348242489,66303.25205007014,4624.325420712463,6804.249679925086,1724676.9383973891,2379647.4754365515,82170.97685485253,1647.2634253210824,17857.47210160807,13202.777816986145,388930.8990073601,969987.0564256976,2514482.316896403,856342.1947196182,58095.76448599377,13632.518153999687,198107.10848697915,713998.8206159609,7764.692038494128,25797.91068461842,21139.189693472632,2522.8652557865184,41806.62496703132,227863.16327920044,534864.8647074478,6637.47465667369,15242.623438155624,6342.53019104487,18605.969876133368,17894.198593421446,7156.712933716334,140.69755711084235,376.8365666157445,0.0,8958.134033321589,31354.49259757998,31451.248733375847,829.6844969598787,20138.968344210254,465009.3692841743,429712.1535342543,890443.2810483378,412842.3406512464,12988.349449134766,36125.88290837384,119165.42993276144,8663.099028303994,5757.4186370738325,12727.640932723669,56978.25096969082,327446.08395223867,68278.37205347948,0.0,0.0,0.0,0.0,0.0,0.0,0.0,0.0,0.0,0.0,0.0,0.0,0.0,0.0,0.0,0.0,0.0,0.0,0.0,0.0,0.0,0.0,0.0,0.0,0.0,0.0,0.0,0.0,0.0,0.0,0.0,0.0,0.0,0.0,0.0,0.0,0.0,0.0,0.0,0.0,0.0,0.0,0.0,0.0,0.0,0.0,0.0,0.0,0.0,0.0,0.0,0.0,0.0,0.0,0.0,0.0,0.0,0.0,0.0,0.0,0.0,0.0,0.0,0.0,0.0,0.0,0.0,0.0,0.0,0.0,0.0,0.0,0.0
0.0,0.0,0.0,0.0,0.0,0.0,0.0,0.0,0.0,0.0,0.0,0.0,0.0,0.0,0.0,0.0,0.0,0.0,0.0,0.0,0.0,0.0,0.0,0.0,0.0,0.0,0.0,0.0,0.0,0.0,0.0,0.0,0.0,0.0,0.0,0.0,0.0,0.0,0.0,0.0,0.0,0.0,0.0,0.0,0.0,0.0,0.0,0.0,0.0,0.0,0.0,0.0,0.0,0.0,0.0,0.0,0.0,0.0,0.0,0.0,0.0,0.0,0.0,0.0,0.0,0.0,0.0,0.0,0.0,0.0,0.0,0.0,0.0,0.0,0.0,0.0,0.0,0.0,0.0,0.0,0.0,0.0,27592.503025824557,96387.11857316844,342705.26348836866,12134.534918510795,118497.05865653172,94756.67227153025,14708.36924312745,1518876.059871867,8866346.612873726,2747177.55056004,62334385.755429655,131312052.51491289,51943228.67941708,3938288.287450966,501290.0100447362,122668.88025453743,3100960.1844497016,12098665.71875546,2591091.1340454575,369747.4454569264,238609.76188017335,196335.30622156098,6592.737819072978,1305.5894103016326,1903.1735675261841,10978.49165429043,46925.32094689924,59892.85031531604,28859.281493442955,17911.85131475723,58305.57938532757,25746.09921253248,133275.86107700886,53150.94862455054,202184.39406325642,1058207.0010845358,60974.90399492234,217963.30096896016,416377.11994225666,37475.50283809373,21104.244832926866,15782.541552917137,2825.3917381310166,1193.1962961860756,2801.4276320388053,120.1437715631181,2516.637573866933,256.4372198932613,22297.533256886887,95094.42129274404,79884.73357013671,4458.511641747332,979.4822744686668,707.5493835298425,1257.4694237773888,0.0,10403.417146851367,15537.471391431183,34158.49994512907,120483.97473900471,125063.2118685867,540278.8978855013,7797168.6217715,3421637.3054082934,189290.38102025996,253.80360807174895,4080.8471970685173,156601.33003795537,15722.952714433297,6759.297452847179,20750.32329170287,66892.68027017877,5087.482885651858,23912.653417307676,162802.81193824986,47746.95818632384,1724.2445902994868,4988.139164115705,10313.664566786452,14099.687899524388,45857.15335508551,75076.62568614433,3150.7050694729624,372.92266651229056,21136.601995383557,6046.507328161451,11780.854695022721,26795.441740999497,212438.46412431725,104835.328465506,20590.18592206187,108353.27750107484,443158.4081253308,46565.62277781346,85805.45533360653,215830.91371487823,11149.579572713857,2101.3432432035547,187700.34171614534,783026.4417602253,1607268.7566955248,74187.28316878091,0.0,0.0,0.0,0.0,0.0,0.0,0.0,0.0,0.0,0.0,0.0,0.0,0.0,0.0,0.0,0.0,0.0,0.0,0.0,0.0,0.0,0.0,0.0,0.0,0.0,0.0,0.0,0.0,0.0,0.0,0.0,0.0,0.0,0.0,0.0,0.0,0.0,0.0,0.0,0.0,0.0,0.0,0.0,0.0,0.0,0.0,0.0,0.0,0.0,0.0,0.0,0.0,0.0,0.0,0.0,0.0,0.0,0.0,0.0,0.0,0.0,0.0,0.0,0.0,0.0,0.0,0.0,0.0,0.0,0.0,0.0,0.0,0.0
0.0,0.0,0.0,0.0,0.0,0.0,0.0,0.0,0.0,0.0,0.0,0.0,0.0,0.0,0.0,0.0,0.0,0.0,0.0,0.0,0.0,0.0,0.0,0.0,0.0,0.0,0.0,0.0,0.0,0.0,0.0,0.0,0.0,0.0,0.0,0.0,0.0,0.0,0.0,0.0,0.0,0.0,0.0,0.0,0.0,0.0,0.0,0.0,0.0,0.0,0.0,0.0,0.0,0.0,0.0,0.0,0.0,0.0,0.0,0.0,0.0,0.0,0.0,0.0,0.0,0.0,0.0,0.0,0.0,0.0,0.0,0.0,0.0,0.0,0.0,0.0,0.0,0.0,0.0,0.0,0.0,30470.365485005794,39763.86609854852,28271.93199825561,56626.36042070928,19957.256991657097,5014.019566527321,78575.5626928001,58583.01234188305,6023848.031129956,2225188.5624893853,45817043.176265284,113300048.80683337,103034947.78597215,37413008.96232068,4755840.2392121125,447116.13517339353,673795.662666919,346606.3986094438,2549495.4589523766,730589.7124939235,9568.323806222514,724958.4941567427,780443.1533215198,43933.947121308214,4099.782223589278,2168.0778241287517,1842.4595235813456,8119.032765698094,4287.158611425143,2892.898003782692,6440.200640414279,1324236.853371798,847167.2401304009,189693.32501326755,395920.82079930045,183272.63161272815,36053.98659401247,25547.249278331186,896620.9100980046,360411.7141522955,7104.970316178408,227420.98360477496,282809.11533721007,4230.546014405542,15955.855721979682,12573.229172707925,631.7970070620862,540.9049186077585,606.5925433782714,126480.87637794456,53521.15173918897,2714850.918226613,2894395.547439589,19547.131615286788,10088.146697975957,0.0,0.0,9813.089093097482,20379.685839550468,58381.68320513764,83636.50105710584,397907.7271470962,386001.27165090316,417127.67445319105,693200.3679390161,100788.71280017364,119.0520373716736,255.0847043120277,11618.452187842246,20543.452049994867,15815.022306369567,299802.79043391626,28912.50954809189,6531.210201524715,43554.69419777611,67572.47108678294,12050.932452928493,185330.3068946552,1769354.8079699776,445174.98064161907,165512.81740146285,11672.06257401907,93041.76992090433,1061981.2942678304,3904326.225436294,6429128.316300438,1526208.1869636243,31120.53925727351,133210.71805229,1191679.3302557576,604835.6343075722,151186.95697926293,85148.52709748637,87884.93667874421,47222.12953960572,81267.13881342902,691872.1964488081,155780.1023350665,204997.17016255623,52298.26577511058,6144.927847984833,34587.97870762632,0.0,0.0,0.0,0.0,0.0,0.0,0.0,0.0,0.0,0.0,0.0,0.0,0.0,0.0,0.0,0.0,0.0,0.0,0.0,0.0,0.0,0.0,0.0,0.0,0.0,0.0,0.0,0.0,0.0,0.0,0.0,0.0,0.0,0.0,0.0,0.0,0.0,0.0,0.0,0.0,0.0,0.0,0.0,0.0,0.0,0.0,0.0,0.0,0.0,0.0,0.0,0.0,0.0,0.0,0.0,0.0,0.0,0.0,0.0,0.0,0.0,0.0,0.0,0.0,0.0,0.0,0.0,0.0,0.0,0.0,0.0,0.0,0.0,0.0
0.0,0.0,0.0,0.0,0.0,0.0,0.0,0.0,0.0,0.0,0.0,0.0,0.0,0.0,0.0,0.0,0.0,0.0,0.0,0.0,0.0,0.0,0.0,0.0,0.0,0.0,0.0,0.0,0.0,0.0,0.0,0.0,0.0,0.0,0.0,0.0,0.0,0.0,0.0,0.0,0.0,0.0,0.0,0.0,0.0,0.0,0.0,0.0,0.0,0.0,0.0,0.0,0.0,0.0,0.0,0.0,0.0,0.0,0.0,0.0,0.0,0.0,0.0,0.0,0.0,0.0,0.0,0.0,0.0,0.0,0.0,0.0,0.0,0.0,0.0,0.0,0.0,0.0,0.0,0.0,0.0,8372.319950336989,19146.001058904458,13742.901299123787,37946.7567836038,7588.559505136488,25614.481237009157,62858.564878165875,3628015.4455132894,9287192.140924234,2703451.23972199,56035847.01955685,83383836.09117512,15752324.75031292,9816329.618574165,1014234.778634436,2621.714066480918,5924.520691971174,2050826.2402178952,5127681.679268165,1466460.725085644,15229.030009972526,374011.1567075702,137809.9416871571,43900.84514992344,98704.83671291245,136943.98962581315,315571.6159285451,21876.28543994688,2866.367953792498,8156.0798037408385,9818.200603522935,43387.00586940646,26086.090311301123,10881.042645746176,14257.005667299512,137021.79014430012,528695.992314052,8252.390464754279,33138.99067312981,31220.078652365868,20191.947511534763,131793.54855657628,27397.969814861735,996.3947916932229,1389435.5214454322,874346.4460290935,164.85292515650596,1934.3949252510765,2657.066049583161,290342.32212680666,92820.1994193591,8484.58325846044,27110.497302105166,961.6698179174289,84699.51990287977,10456.302911392711,13184.586535745106,0.0,21050.396725682756,5634.470582305454,7293.242268814328,45461.04843328,163957.53326779703,213542.3995555527,15993.78804109833,111.01587782881069,331.560477399144,245.03299565765911,0.0,654078.8494354978,518136.8728446483,236636.24003178792,1987.092084274847,1610.681082845031,10714.539086140672,25408.732552731355,104468.4974209065,249747.16861664754,314502.47941830556,83409.04451233085,3048.807645158682,622.0644465351965,87499.67343019068,45730.19165539444,17171.53479337247,415374.1333558814,2699148.885094748,3408982.9972421424,18400652.879772186,5803532.236593472,862164.3722782225,1462948.071330599,2282680.404247079,3536295.5165830883,1434415.9253529871,1464368.8848659443,10996238.23972395,9408246.207131883,2518564.446600117,118.0422020366156,38609.720108650086,32195.656125564798,0.0,0.0,0.0,0.0,0.0,0.0,0.0,0.0,0.0,0.0,0.0,0.0,0.0,0.0,0.0,0.0,0.0,0.0,0.0,0.0,0.0,0.0,0.0,0.0,0.0,0.0,0.0,0.0,0.0,0.0,0.0,0.0,0.0,0.0,0.0,0.0,0.0,0.0,0.0,0.0,0.0,0.0,0.0,0.0,0.0,0.0,0.0,0.0,0.0,0.0,0.0,0.0,0.0,0.0,0.0,0.0,0.0,0.0,0.0,0.0,0.0,0.0,0.0,0.0,0.0,0.0,0.0,0.0,0.0,0.0,0.0,0.0,0.0,0.0
0.0,0.0,0.0,0.0,0.0,0.0,0.0,0.0,0.0,0.0,0.0,0.0,0.0,0.0,0.0,0.0,0.0,0.0,0.0,0.0,0.0,0.0,0.0,0.0,0.0,0.0,0.0,0.0,0.0,0.0,0.0,0.0,0.0,0.0,0.0,0.0,0.0,0.0,0.0,0.0,0.0,0.0,0.0,0.0,0.0,0.0,0.0,0.0,0.0,0.0,0.0,0.0,0.0,0.0,0.0,0.0,0.0,0.0,0.0,0.0,0.0,0.0,0.0,0.0,0.0,0.0,0.0,0.0,0.0,0.0,0.0,0.0,0.0,0.0,0.0,0.0,0.0,0.0,0.0,0.0,518.0891817921993,13921.472960456347,203836.23611929975,52183.11465240619,800667.3824716295,752087.8917784689,1791508.1787790046,984141.301366555,171485.03781604618,1490756.8409731505,6272297.371054909,12146143.737736136,16674210.849919226,135745.50460080197,61762.176456940026,8965.731657408376,1172.4615005980759,38401.29464278321,72790.69480671872,1939720.7570696569,5549711.3103566,1431661.7299674954,5164865.990627527,47686.40284960404,2442.275125222517,2143.943302956548,14390.437205734988,19679.63590034411,9554.261847166177,508.0066898783916,829.6963593221319,2729.700176926975,3642.205171831888,15779.568334125293,15806.145003706988,205912.0018307094,240443.03056499083,492.05537766455313,213691.90071730857,340779.5132066414,165292.4015757696,149603.8404363474,149947.78111141967,912409.4974516814,286227.51452406845,333143.38467273844,70869.23927146637,10995.730155932857,1752.8465539863014,22283.66325077128,10930.470127039083,54614.71183295762,6263.034588390937,40342.075033499495,4180085.93430428,120316.15901410163,12487.654078394758,704.2715138063098,6380.155202145893,7626.167957334508,90199.71510895879,47411.3290443882,33656.88008883422,15148.915322067362,198988.5783198959,4468799.361520765,1114584.464248911,170.9744874705296,871.5399549188228,214613.81584240458,189746.14411513263,216.55068670247732,21069.75028748442,23820.726531974058,5617.012478989217,20096.235040269712,151826.391545787,34090.69916853808,14441.971297126665,12740.93831765045,149053.918641138,134672.74270726,56738.161412297224,9819.021153269847,16131.562333925296,15251.67486961688,33322.70269888085,35908.86832733515,328770.64127963723,1134225.8127527665,17472.675329517442,21055.875684062492,66294.72310095928,279960.4247439575,755604.4720137657,516604.7986582349,2816611.5124725825,2861134.1727695893,4502166.727125056,523593.43542112573,58173.16443513712,87171.21787321463,97.45468411928331,0.0,0.0,0.0,0.0,0.0,0.0,0.0,0.0,0.0,0.0,0.0,0.0,0.0,0.0,0.0,0.0,0.0,0.0,0.0,0.0,0.0,0.0,0.0,0.0,0.0,0.0,0.0,0.0,0.0,0.0,0.0,0.0,0.0,0.0,0.0,0.0,0.0,0.0,0.0,0.0,0.0,0.0,0.0,0.0,0.0,0.0,0.0,0.0,0.0,0.0,0.0,0.0,0.0,0.0,0.0,0.0,0.0,0.0,0.0,0.0,0.0,0.0,0.0,0.0,0.0,0.0,0.0,0.0,0.0,0.0,0.0,0.0,0.0,0.0
0.0,0.0,0.0,0.0,0.0,0.0,0.0,0.0,0.0,0.0,0.0,0.0,0.0,0.0,0.0,0.0,0.0,0.0,0.0,0.0,0.0,0.0,0.0,0.0,0.0,0.0,0.0,0.0,0.0,0.0,0.0,0.0,0.0,0.0,0.0,0.0,0.0,0.0,0.0,0.0,0.0,0.0,0.0,0.0,0.0,0.0,0.0,0.0,0.0,0.0,0.0,0.0,0.0,0.0,0.0,0.0,0.0,0.0,0.0,0.0,0.0,0.0,0.0,0.0,0.0,0.0,0.0,0.0,0.0,0.0,0.0,0.0,0.0,0.0,0.0,0.0,0.0,0.0,0.0,0.0,2773055.107479571,3357964.2179061435,1430658.9547633547,8267949.093219555,5673071.174417515,19116417.290975012,19327677.09455798,1216223.0642688866,24760.869569412956,275977.0839454123,152008.6938899613,428680.2706097505,26535.526151096994,37188.02078256931,491909.5085681366,179147.14592289252,3421137.4782256535,1141610.6028872707,15963.693308318638,29089.186201739867,99298.63607231947,157745.56456419686,8243186.570547559,224970.32085856795,13705.461775392247,10658.797983770477,14504.501457692428,0.0,317.74834541059636,740.5347875310904,22145.174456937853,13480.285996861825,36639.60614194714,12344.852803579774,1099.701250472343,45570.48565626368,2954.807500087718,14889.487781523161,69568.01873408933,20793.426451576066,26131.241314934196,1280530.2064474944,2498982.6043491242,44139.25474897784,168125.5420326318,110876.7931190546,89791.7410740074,32441.598797520604,6675.009109202129,10076.94515390962,272554.28858997603,553371.9077540007,7614711.60543142,425990.7427927982,2198.4346747589157,0.0,5688.221130289175,19231.60563392419,41568.94371906184,37595.05633326177,165039.7050292552,113037.46450874372,50670.8559395523,43483.43935974272,47625.469499685074,2190752.582709876,2675185.565430047,180947.18747483287,571.5565551311266,312403.66107489436,355186.2279594834,143088.6996712949,1178.9408820313588,7420.43225398882,9704.813842739293,2253.6317961423533,7115.6446488801175,9867.214557999334,52978.98557943666,4368.664955764667,18227.326885803843,5276.893257573878,36962.74549102273,42313.30169895913,50643.97592196975,285467.0870139218,98556.07895797906,10022.944503110255,76217.25352312022,370913.57357611327,53408.541526882895,139947.0103271759,164198.21582020118,382110.9845979717,118215.2990910672,106852.79811297177,103339.830880444,965.329213109403,29017.067002207736,265251.92241080827,19600.234948422185,2443.0058973511964,5438.555798470421,0.0,0.0,0.0,0.0,0.0,0.0,0.0,0.0,0.0,0.0,0.0,0.0,0.0,0.0,0.0,0.0,0.0,0.0,0.0,0.0,0.0,0.0,0.0,0.0,0.0,0.0,0.0,0.0,0.0,0.0,0.0,0.0,0.0,0.0,0.0,0.0,0.0,0.0,0.0,0.0,0.0,0.0,0.0,0.0,0.0,0.0,0.0,0.0,0.0,0.0,0.0,0.0,0.0,0.0,0.0,0.0,0.0,0.0,0.0,0.0,0.0,0.0,0.0,0.0,0.0,0.0,0.0,0.0,0.0,0.0,0.0,0.0,0.0,0.0
0.0,0.0,0.0,0.0,0.0,0.0,0.0,0.0,0.0,0.0,0.0,0.0,0.0,0.0,0.0,0.0,0.0,0.0,0.0,0.0,0.0,0.0,0.0,0.0,0.0,0.0,0.0,0.0,0.0,0.0,0.0,0.0,0.0,0.0,0.0,0.0,0.0,0.0,0.0,0.0,0.0,0.0,0.0,0.0,0.0,0.0,0.0,0.0,0.0,0.0,0.0,0.0,0.0,0.0,0.0,0.0,0.0,0.0,0.0,0.0,0.0,0.0,0.0,0.0,0.0,0.0,0.0,0.0,0.0,0.0,0.0,0.0,0.0,0.0,0.0,0.0,0.0,0.0,0.0,0.0,80037.6986655317,323326.10092555,94134.6583629254,2410971.0249894345,11881232.452660527,76562022.87528712,24796641.011329215,5442556.176777345,7804.813389248432,8373.50883075455,180893.2968120725,566118.7666904468,20006.826057968705,299614.7163832745,10708.213199054564,14443.676226705446,654764.5277618649,405676.7584049145,184032.1277879029,40352.7993064647,5357.4116365557975,12374.857937547995,164348.91871105786,33868.59156946641,16878.205825276378,148327.65557268198,57194.99203782597,7797.509775863576,23794.53179803505,13078.242030205167,13332.25824549147,1547701.7359087653,341274.5330707433,1693.3009931996055,1282.8384290420297,1814.4848373119796,257319.8755358322,194.7060005632614,375.3394077624074,1243.5586315489122,289730.62188535545,25788.187869734935,487410.26325315936,1177651.9166770396,781953.3593523472,31962.522850724403,106012.22315230154,78055.03265963215,387620.74277335976,295042.48053394526,472977.90041796956,888464.2282291151,3549641.1676370474,2518721.8920063535,10059.847536356408,137277.45214213736,273181.16504615254,7377.470704145354,682376.644501442,460844.6396388659,42110.2901009786,227952.65530041454,39827.146624119305,80810.5675428737,58807.41125023673,6448589.840950424,2231583.888499862,2741264.1954251016,398588.6069512812,80676.89928609047,76593.18906697315,51301.61103699155,27105.852534124162,4596.130243175105,207.90781757885992,24962.709669296633,4240.5983120971505,51111.140731364954,100279.09026581925,38818.000832127946,88176.01228773475,8517.342443505577,65560.56492769768,78910.54299077415,58126.98568110451,319269.07697884075,464809.6635053847,328957.49029031594,75877.2014121511,139032.25732117763,236604.7808974189,723287.2505214262,2972.282191376761,2907.1060439110283,809.3993570872757,13896.749176368665,1520.7546223784916,51293.52906694704,74418.96514530384,2590.5861749970363,35622.61980655305,33776.52710901264,2160.5713398168373,0.0,0.0,0.0,0.0,0.0,0.0,0.0,0.0,0.0,0.0,0.0,0.0,0.0,0.0,0.0,0.0,0.0,0.0,0.0,0.0,0.0,0.0,0.0,0.0,0.0,0.0,0.0,0.0,0.0,0.0,0.0,0.0,0.0,0.0,0.0,0.0,0.0,0.0,0.0,0.0,0.0,0.0,0.0,0.0,0.0,0.0,0.0,0.0,0.0,0.0,0.0,0.0,0.0,0.0,0.0,0.0,0.0,0.0,0.0,0.0,0.0,0.0,0.0,0.0,0.0,0.0,0.0,0.0,0.0,0.0,0.0,0.0,0.0,0.0
0.0,0.0,0.0,0.0,0.0,0.0,0.0,0.0,0.0,0.0,0.0,0.0,0.0,0.0,0.0,0.0,0.0,0.0,0.0,0.0,0.0,0.0,0.0,0.0,0.0,0.0,0.0,0.0,0.0,0.0,0.0,0.0,0.0,0.0,0.0,0.0,0.0,0.0,0.0,0.0,0.0,0.0,0.0,0.0,0.0,0.0,0.0,0.0,0.0,0.0,0.0,0.0,0.0,0.0,0.0,0.0,0.0,0.0,0.0,0.0,0.0,0.0,0.0,0.0,0.0,0.0,0.0,0.0,0.0,0.0,0.0,0.0,0.0,0.0,0.0,0.0,0.0,0.0,0.0,0.0,14485.289574800654,148750.5131138907,619415.4691665806,518938.1042222825,3740841.374934728,9215764.982016351,96026.8787741041,1257960.2288191325,173822.8089314135,389741.97917624016,43041.79963867877,2587450.9464408555,1428288.0579026646,13191.793633214054,7223.670928396963,208144.2632438778,276039.06965220755,140612.58974423166,274951.2639254462,32610.82506657916,7503.163900728322,46404.27517254144,206312.88437540736,23889.28488584356,9953.19852627616,7014.108425532974,634743.7536015281,938131.3453006096,1072.5718210907562,2689.340175523799,4172.003788820174,1558344.710442272,42707.15792239004,2691.4567123117477,6813.512368382711,17698.29298048712,246588.11697230142,83217.57424637023,855.1840676842714,487765.9523253374,374604.632398467,4999.787052091264,12306.848375011943,140886.11056829736,1618178.033519563,117711.00279370922,406125.7961125183,1628577.6622256937,2114420.1903038546,4510562.186586713,1518522.5723798992,33219620.233421165,100706046.35277301,69620936.1143653,19766857.621425178,53198645.80193621,30963944.30526616,5656032.961739324,4394007.152216222,3372552.618139019,487876.4542465776,781439.3230606004,150625.78474518837,372309.3665298992,577226.1444774477,4250661.631046172,1172790.4054579467,6127584.2145458795,735652.0009580262,79205.06050349645,44609.15422361563,946420.7998808911,406274.2520933028,33635.7063540537,21268.12700102757,150454.68127532338,256934.35325748465,25123.88468078011,286892.84158737044,1603587.88402358,56264.35456701448,37727.76345107642,145710.74654906185,23904.270612164855,2042815.245418355,1887408.083448717,30836.080112754855,142290.96917293643,77965.46467233532,243386.0037727835,169895.7407126902,1178.0567950371517,4278.563786103394,2362.2842245431025,9660.625267113212,682.4491964161767,1520.4699435341297,34986.673331199854,19686.165578668046,12030.321622880707,167751.58739175808,146626.85098410162,5615.937912328773,0.0,0.0,0.0,0.0,0.0,0.0,0.0,0.0,0.0,0.0,0.0,0.0,0.0,0.0,0.0,0.0,0.0,0.0,0.0,0.0,0.0,0.0,0.0,0.0,0.0,0.0,0.0,0.0,0.0,0.0,0.0,0.0,0.0,0.0,0.0,0.0,0.0,0.0,0.0,0.0,0.0,0.0,0.0,0.0,0.0,0.0,0.0,0.0,0.0,0.0,0.0,0.0,0.0,0.0,0.0,0.0,0.0,0.0,0.0,0.0,0.0,0.0,0.0,0.0,0.0,0.0,0.0,0.0,0.0,0.0,0.0,0.0,0.0,0.0
0.0,0.0,0.0,0.0,0.0,0.0,0.0,0.0,0.0,0.0,0.0,0.0,0.0,0.0,0.0,0.0,0.0,0.0,0.0,0.0,0.0,0.0,0.0,0.0,0.0,0.0,0.0,0.0,0.0,0.0,0.0,0.0,0.0,0.0,0.0,0.0,0.0,0.0,0.0,0.0,0.0,0.0,0.0,0.0,0.0,0.0,0.0,0.0,0.0,0.0,0.0,0.0,0.0,0.0,0.0,0.0,0.0,0.0,0.0,0.0,0.0,0.0,0.0,0.0,0.0,0.0,0.0,0.0,0.0,0.0,0.0,0.0,0.0,0.0,0.0,0.0,0.0,0.0,0.0,0.0,563989.9525556988,8135977.061206227,834761.0098436548,892663.0150466261,289223.4017347882,46310.50360267183,30490.57239142269,370532.1999569992,20409.862985434123,15589.314066894485,29044.582748145753,146072.4581744225,9813.373267823887,4137.297590935056,5451.273275591145,6702.3836950216955,171578.11053631583,187435.08904550562,8649.709619680141,1436.0067537588116,131238.8422682038,37830.40219410405,164726.8573662312,47597.725257859216,6847.865504092135,9357.976276927757,30205.21957705925,9979.789467672212,40776.9302093074,138749.77297003532,385.68151242685235,0.0,11092.142607984864,5463.86644251229,26438.064866673536,10190.569184233045,24606.65906324867,14224.521964206146,54182.5723701192,267107.14499021694,1864.6334379045459,6496.742651121423,40613.97462205011,14732.793098540526,11033.436823395425,1670472.429361382,2868128.013956634,166671.11676894815,342649.25751563674,16813138.526179448,31745394.43680462,13822137.703292545,8387327.072252944,7562799.678795657,3468344.586213082,1649131.8094396212,2104413.2283282876,666016.6925137442,13112876.861535164,9897943.52178604,3248191.1599855106,1753804.4437385811,114397.42416056697,337274.05208074773,356209.43441139325,57116.54911115,6948.98824322161,1130700.3577235304,4635434.885806839,1993676.351691752,996357.3415280953,438903.81213286537,261953.23835984163,209611.95619856784,3278.9787365039874,15851.247573014434,2325.0405207178073,6819.726115619807,23187.680062771276,957423.5285340251,246606.69295667214,63759.463126974544,41373.55437480281,3298302.532123697,462091.21070767916,484105.203142505,1556397.364061622,139744.61411385477,79303.31327752947,211007.83789226227,43960.74852786987,72779.54249132928,27891.205128476788,42055.62229038679,122182.77361046619,101482.70372688187,96.73143445249238,15116.389419965852,225002.41266134067,167411.31838304026,78386.47600027491,60883.44429381816,11071.142031052861,0.0,0.0,0.0,0.0,0.0,0.0,0.0,0.0,0.0,0.0,0.0,0.0,0.0,0.0,0.0,0.0,0.0,0.0,0.0,0.0,0.0,0.0,0.0,0.0,0.0,0.0,0.0,0.0,0.0,0.0,0.0,0.0,0.0,0.0,0.0,0.0,0.0,0.0,0.0,0.0,0.0,0.0,0.0,0.0,0.0,0.0,0.0,0.0,0.0,0.0,0.0,0.0,0.0,0.0,0.0,0.0,0.0,0.0,0.0,0.0,0.0,0.0,0.0,0.0,0.0,0.0,0.0,0.0,0.0,0.0,0.0,0.0,0.0,0.0
0.0,0.0,0.0,0.0,0.0,0.0,0.0,0.0,0.0,0.0,0.0,0.0,0.0,0.0,0.0,0.0,0.0,0.0,0.0,0.0,0.0,0.0,0.0,0.0,0.0,0.0,0.0,0.0,0.0,0.0,0.0,0.0,0.0,0.0,0.0,0.0,0.0,0.0,0.0,0.0,0.0,0.0,0.0,0.0,0.0,0.0,0.0,0.0,0.0,0.0,0.0,0.0,0.0,0.0,0.0,0.0,0.0,0.0,0.0,0.0,0.0,0.0,0.0,0.0,0.0,0.0,0.0,0.0,0.0,0.0,0.0,0.0,0.0,0.0,0.0,0.0,0.0,0.0,0.0,1179.4724350916067,1766143.0110326703,4670930.182190989,395930.63034613605,1555129.3835295774,140692.49290395837,29372.68506782341,18740.863121714265,9555.939826284233,180192.92403246457,20090.678197269946,134290.15908524184,596529.3269639908,224.2615100669523,2323.6607567483647,19459.839863800913,144210.59473159374,106401.40107802149,1311741.3434204622,41041.27030117706,18652.395265523228,1390272.0531246145,64338.37651008831,53795.65036597335,10963.884373918725,676.3919207970462,129058.81396091657,6245.526412785638,4900.668146971447,92384.88400059938,147337.66779001144,3989.063944853423,27814.51345864496,6028.325267464288,6662.512740535507,11808.735363057302,25633.65165226606,10388.287805722224,16324.10482111086,40119.979067398526,8228.3425812544,421.4509021991476,4154.0924700966925,110828.9014013652,348720.3151294185,36517.99284468089,34755.94736253521,298729.5829964649,175610.16148215934,5965.682160404583,26588.721638195235,336550.3475823201,4662807.679384913,7433880.110472413,4312182.028752979,381903.49520634534,161456.32468354458,132627.23072430372,60020.86042771779,27142.713100982037,37477.386615301104,769296.5744572565,445917.94413985184,295912.6954198185,940761.6446889299,353757.59012950177,63888.70754944212,8289.292158901719,60911.58120150856,13236913.402114693,20645660.88604694,3413252.00011273,148321.08669874942,86810.84026718781,21127.722745751627,25644.133054344908,15060.818993330387,5560.56885188333,2684.3334309383167,22443.41062345937,16332.432045972595,898295.6978409516,392570.8929696519,195861.54238934373,3606185.220320289,125202.65335120948,12963.514445766306,140038.8918616419,220194.4090058988,33325.86410307017,449582.00153213914,16789.65191668301,18676.855102710088,40325.03822795159,52445.17229084777,34112.233867072915,25985.54579073736,27433.935091575302,137024.34090260015,102988.05918480971,436403.80615303735,29845.605592388416,90765.45447552673,178.87131958425033,0.0,0.0,0.0,0.0,0.0,0.0,0.0,0.0,0.0,0.0,0.0,0.0,0.0,0.0,0.0,0.0,0.0,0.0,0.0,0.0,0.0,0.0,0.0,0.0,0.0,0.0,0.0,0.0,0.0,0.0,0.0,0.0,0.0,0.0,0.0,0.0,0.0,0.0,0.0,0.0,0.0,0.0,0.0,0.0,0.0,0.0,0.0,0.0,0.0,0.0,0.0,0.0,0.0,0.0,0.0,0.0,0.0,0.0,0.0,0.0,0.0,0.0,0.0,0.0,0.0,0.0,0.0,0.0,0.0,0.0,0.0,0.0,0.0,0.0
0.0,0.0,0.0,0.0,0.0,0.0,0.0,0.0,0.0,0.0,0.0,0.0,0.0,0.0,0.0,0.0,0.0,0.0,0.0,0.0,0.0,0.0,0.0,0.0,0.0,0.0,0.0,0.0,0.0,0.0,0.0,0.0,0.0,0.0,0.0,0.0,0.0,0.0,0.0,0.0,0.0,0.0,0.0,0.0,0.0,0.0,0.0,0.0,0.0,0.0,0.0,0.0,0.0,0.0,0.0,0.0,0.0,0.0,0.0,0.0,0.0,0.0,0.0,0.0,0.0,0.0,0.0,0.0,0.0,0.0,0.0,0.0,0.0,0.0,0.0,0.0,0.0,0.0,0.0,166717.667123401,1121490.191140844,50319.77188848105,441465.4365025506,328385.29033250466,210539.90052971794,70525.84001902485,85508.82752964039,15546.582917222215,128922.06404811662,152409.17230461276,122423.30275893418,177.11449508571712,141.47420237443137,2215.6449091189193,48720.63147634402,11018.943129056024,289155.49793442467,206903.28965328907,11429.158734338907,11074.151127863102,248653.58448391152,21894.83262273496,119121.89649303004,103879.58400311103,167222.5940130279,247600.16868778795,80533.90594302885,7247.033645045704,59189.205696380115,220233.88362957444,18487.217073961245,38208.2831477433,55540.251813791896,5962.997760197937,131195.45646593318,89029.448299699,1175.7426007721272,9168.20822003021,13519.2518402855,13514.45750879114,18465.858842205504,19496.950113369447,9137.852346759702,229204.93786513875,1271074.6391052033,207558.89838014182,36063.48837323301,170314.32903798384,13257.829964590337,53796.64896769112,27328.74278079143,672881.9665768405,1909527.2234475198,797942.4293436978,197384.8450707413,6343.960221566301,3448.113762096981,6212.850052181847,27343.846819665458,826966.241525521,761739.5851379861,430796.88187196344,145050.36488135462,931497.5455836443,1189086.7034602263,54933.395177712344,7086.862239198048,10719.805094088044,33968.45940243595,1217056.168500843,6114241.3931892235,5723724.541501845,3511.770637599799,14642.994477868544,35562.11385663848,29274.358264240138,2665.0207180988245,18994.449198678547,30531.7786821677,324849.59762812546,173805.1327080099,106381.26643698855,1057625.2523243933,674160.1547246713,447465.6754605818,506033.50732812076,278898.44885157,457265.73332393053,165160.56506243133,62153.32219476772,73778.59660346608,92529.2255612085,300354.6490423505,52176.120306222,53815.89240431622,106284.48516118186,169308.18283908072,140793.0507621169,84135.89407024218,172803.31075063968,80723.8170084241,60669.072786344186,0.0,0.0,0.0,0.0,0.0,0.0,0.0,0.0,0.0,0.0,0.0,0.0,0.0,0.0,0.0,0.0,0.0,0.0,0.0,0.0,0.0,0.0,0.0,0.0,0.0,0.0,0.0,0.0,0.0,0.0,0.0,0.0,0.0,0.0,0.0,0.0,0.0,0.0,0.0,0.0,0.0,0.0,0.0,0.0,0.0,0.0,0.0,0.0,0.0,0.0,0.0,0.0,0.0,0.0,0.0,0.0,0.0,0.0,0.0,0.0,0.0,0.0,0.0,0.0,0.0,0.0,0.0,0.0,0.0,0.0,0.0,0.0,0.0,0.0,0.0
0.0,0.0,0.0,0.0,0.0,0.0,0.0,0.0,0.0,0.0,0.0,0.0,0.0,0.0,0.0,0.0,0.0,0.0,0.0,0.0,0.0,0.0,0.0,0.0,0.0,0.0,0.0,0.0,0.0,0.0,0.0,0.0,0.0,0.0,0.0,0.0,0.0,0.0,0.0,0.0,0.0,0.0,0.0,0.0,0.0,0.0,0.0,0.0,0.0,0.0,0.0,0.0,0.0,0.0,0.0,0.0,0.0,0.0,0.0,0.0,0.0,0.0,0.0,0.0,0.0,0.0,0.0,0.0,0.0,0.0,0.0,0.0,0.0,0.0,0.0,0.0,0.0,0.0,0.0,97522.97859731756,476407.7037171584,567038.6321055634,337581.22518702864,740619.1407041191,803925.4201725891,1169254.4820922767,119385.98764865412,66173.73426698857,852739.7818987807,170212.21497853156,2997.106176036253,1725.9846286034826,0.0,866334.3645886647,194256.3879058991,3921490.932322976,3767478.100818924,2084843.2329124147,344676.33429612115,1019189.2631780079,786690.7616721573,17756.78536096961,200004.83149818855,38243.46382652526,150690.41348938126,177474.01128587383,275135.7884609554,48404.68096488337,100206.0028382502,68358.46242412346,27231.243770968347,68524.9830992418,66591.54443305073,14013.287189912253,52649.31667812511,29894.67643146669,46324.18890864968,77518.43606320852,85713.78007157183,90100.83763153787,8495.6047664952,2981.3614826318153,5276.620800090287,11329.589222102968,270299.79108887434,837453.8962704189,3439016.5866026916,413369.72091583215,1276.0008578872723,177305.06537012372,55474.23138564653,25074.60551098721,31720.421516789367,105607.14567791489,100722.11190243122,412332.8243689763,357318.2362685846,256001.24904130943,228665.81531452748,84534.61033101838,95245.03714251867,916762.7501158337,1067225.0708650674,151538.0256088978,22415.380018381962,79642.90374715984,49527.457307529854,2937.762824153108,119559.90770735606,42141.28667947739,221993.61052428966,1080819.0583385616,157130.31819679783,2373.5114848880376,38737.85722272508,7412.919597956682,1728.721461183229,62999.11459615319,216053.79011217618,1031197.5918385439,267696.98338055983,282763.0139178869,223169.9381747432,61375.87316974839,90128.39819188206,324427.1828330172,9123853.270352248,13337406.547506312,710222.7187277161,219815.61994282046,87693.10582376775,99438.10632379659,168331.73543217222,144756.7988340541,915442.0433592896,310017.48503121705,203431.10096263647,485431.10743071616,88759.59720344128,1272216.1211840035,141261.66639934154,27543.122874855002,0.0,0.0,0.0,0.0,0.0,0.0,0.0,0.0,0.0,0.0,0.0,0.0,0.0,0.0,0.0,0.0,0.0,0.0,0.0,0.0,0.0,0.0,0.0,0.0,0.0,0.0,0.0,0.0,0.0,0.0,0.0,0.0,0.0,0.0,0.0,0.0,0.0,0.0,0.0,0.0,0.0,0.0,0.0,0.0,0.0,0.0,0.0,0.0,0.0,0.0,0.0,0.0,0.0,0.0,0.0,0.0,0.0,0.0,0.0,0.0,0.0,0.0,0.0,0.0,0.0,0.0,0.0,0.0,0.0,0.0,0.0,0.0,0.0,0.0,0.0
0.0,0.0,0.0,0.0,0.0,0.0,0.0,0.0,0.0,0.0,0.0,0.0,0.0,0.0,0.0,0.0,0.0,0.0,0.0,0.0,0.0,0.0,0.0,0.0,0.0,0.0,0.0,0.0,0.0,0.0,0.0,0.0,0.0,0.0,0.0,0.0,0.0,0.0,0.0,0.0,0.0,0.0,0.0,0.0,0.0,0.0,0.0,0.0,0.0,0.0,0.0,0.0,0.0,0.0,0.0,0.0,0.0,0.0,0.0,0.0,0.0,0.0,0.0,0.0,0.0,0.0,0.0,0.0,0.0,0.0,0.0,0.0,0.0,0.0,0.0,0.0,0.0,0.0,0.0,1216810.4408647576,1214250.5730696078,65682.24630965554,181539.0182467809,103920.6742779332,51882.67174803895,24736.32721323572,242.99622406762714,1798005.5419073189,3685237.506285102,28624.998212940907,6829.848108971374,6132.6798054485735,1007.9206712169962,21573.439126707453,89374.26725999605,2443402.1301200576,740304.0545652857,300611.43264590274,131456.2485990739,8617.205126289677,52683.99268133884,16678.148461579414,76987.04904667556,127313.13684027099,122201.61973994834,158415.9265079009,365383.74658335006,47632.06904878674,80397.54044579275,630409.5414367709,697703.3658251488,1636422.0570446714,545581.856966309,74157.81853368701,30361.7579777024,37187.321187113106,210746.23779919784,117075.06492442178,44744.82434274089,338847.2776619261,244143.3001143189,3253.2896300016196,12990.101467970942,22533.10899974926,9840.841787145866,68318.96303809265,74904.57128154935,35274.52893051825,13774.878539779253,195079.47014270048,239075.90710939368,110212.49036113448,1153.0748930074735,135429.48840271347,269072.96038981376,2137357.224359415,200097.4148868791,76551.28583231394,16471.895708011543,37527.03037501237,238947.26351877712,202378.99505283753,103651.82424185911,71173.86223370404,262765.8486143863,340217.9488956154,15026.83347444837,165929.50076007098,383254.0696473863,425387.5958109519,445478.2882634911,424749.7738631002,420948.6786143703,297056.0937901227,1082307.4859639574,325252.8710009244,133001.7237602205,16509.70568183996,151397.26742532756,108444.05888500645,53446.05761937365,85168.77106777285,980748.6115304194,211535.10715378364,68706.27557145944,25745.725316409964,670478.122883618,1344291.603498356,39917.62940026175,174953.94862754468,379181.94264476956,111984.85084555743,767801.2953195052,656063.4978745475,175099.61162033165,200754.48006861046,1048532.7857540707,165888.7655741432,84756.22096981635,139643.03688436846,213734.3872535526,53790.07160810649,0.0,0.0,0.0,0.0,0.0,0.0,0.0,0.0,0.0,0.0,0.0,0.0,0.0,0.0,0.0,0.0,0.0,0.0,0.0,0.0,0.0,0.0,0.0,0.0,0.0,0.0,0.0,0.0,0.0,0.0,0.0,0.0,0.0,0.0,0.0,0.0,0.0,0.0,0.0,0.0,0.0,0.0,0.0,0.0,0.0,0.0,0.0,0.0,0.0,0.0,0.0,0.0,0.0,0.0,0.0,0.0,0.0,0.0,0.0,0.0,0.0,0.0,0.0,0.0,0.0,0.0,0.0,0.0,0.0,0.0,0.0,0.0,0.0,0.0,0.0
0.0,0.0,0.0,0.0,0.0,0.0,0.0,0.0,0.0,0.0,0.0,0.0,0.0,0.0,0.0,0.0,0.0,0.0,0.0,0.0,0.0,0.0,0.0,0.0,0.0,0.0,0.0,0.0,0.0,0.0,0.0,0.0,0.0,0.0,0.0,0.0,0.0,0.0,0.0,0.0,0.0,0.0,0.0,0.0,0.0,0.0,0.0,0.0,0.0,0.0,0.0,0.0,0.0,0.0,0.0,0.0,0.0,0.0,0.0,0.0,0.0,0.0,0.0,0.0,0.0,0.0,0.0,0.0,0.0,0.0,0.0,0.0,0.0,0.0,0.0,0.0,0.0,0.0,0.0,7355.5756210121945,11592.090369308567,15236.18787769495,20397.652293686857,20972.806900066014,25108.92157933773,114483.25020832749,0.0,0.0,25677.50100613365,16930.500180724688,9544.049887621184,9361.643521592407,4804.506342857169,4147.563744769819,26111.481269535183,129418.13838147547,497650.14416758064,257486.51817433955,36725.230620862996,0.0,70045.42069062218,4026.3677748164564,113414.49709915077,141670.11455831904,157905.98514538776,92269.50344663786,114286.96250348556,88274.50315569581,119037.49907931221,21760.3411891597,131263.55168457533,227026.48616595942,71645.8729189685,63078.27167112233,114631.8212912106,49073.59292058498,28110.267483488307,94214.6355088015,98131.52764848626,8117.500931080698,3802.2263990523825,8712.568405325837,16732.00811042598,3319.229766460889,4868.093295621505,314052.5689002235,177237.73414495605,8122.918848103714,8554.347333289168,551364.6202352792,149849.62298902392,2657.39735768303,79.6692929661815,2911.4111635342,50824.59980295015,14984.53231128099,1503.2916126057569,6215.742822126465,116103.80565655263,21944.14647718084,9644.75739627061,8648.502276143112,21169.978958912026,709113.9049979465,1497504.3757265415,1482387.3902016783,817354.4433618793,19823.586345113104,384577.9595686511,2232114.5902689826,1553547.9690295847,57658.94048865205,4000.0366310734653,1727.2502754241198,14326.866614001792,800165.7792970513,256422.11701038602,51839.54338572527,1064661.8882826637,1080891.6233038984,185475.81996069947,1112033.1264190606,1060782.8476713984,169975.3228052344,520369.8431758394,1235707.6773402905,135028.54478907108,6309.604168221647,13712.835446004765,80355.38025750202,429794.7466282714,584256.1053685704,754214.9888300974,524715.8731675816,338168.5250209793,274226.0483470257,291773.47475519276,289797.042145796,1036698.4176460241,183746.22503923438,298469.9568198051,84676.02806330728,0.0,0.0,0.0,0.0,0.0,0.0,0.0,0.0,0.0,0.0,0.0,0.0,0.0,0.0,0.0,0.0,0.0,0.0,0.0,0.0,0.0,0.0,0.0,0.0,0.0,0.0,0.0,0.0,0.0,0.0,0.0,0.0,0.0,0.0,0.0,0.0,0.0,0.0,0.0,0.0,0.0,0.0,0.0,0.0,0.0,0.0,0.0,0.0,0.0,0.0,0.0,0.0,0.0,0.0,0.0,0.0,0.0,0.0,0.0,0.0,0.0,0.0,0.0,0.0,0.0,0.0,0.0,0.0,0.0,0.0,0.0,0.0,0.0,0.0,0.0
0.0,0.0,0.0,0.0,0.0,0.0,0.0,0.0,0.0,0.0,0.0,0.0,0.0,0.0,0.0,0.0,0.0,0.0,0.0,0.0,0.0,0.0,0.0,0.0,0.0,0.0,0.0,0.0,0.0,0.0,0.0,0.0,0.0,0.0,0.0,0.0,0.0,0.0,0.0,0.0,0.0,0.0,0.0,0.0,0.0,0.0,0.0,0.0,0.0,0.0,0.0,0.0,0.0,0.0,0.0,0.0,0.0,0.0,0.0,0.0,0.0,0.0,0.0,0.0,0.0,0.0,0.0,0.0,0.0,0.0,0.0,0.0,0.0,0.0,0.0,0.0,0.0,0.0,0.0,3092.8863065331416,7328.811221070196,30195.359206059507,164571.21094193903,71527.10801370087,89766.1820400164,8313.9647745521,0.0,93892.8170502127,504185.74766484695,1122936.6040147278,6977.901827956569,4693.5097307134965,16139.666325872615,9615.295094210673,369523.4819068561,120401.05299680552,74911.42555174338,646747.8458693878,839.1860043876303,5700.779048458091,59658.20886545906,31196.718942982778,118836.04275319798,280487.9409490597,300602.8068690996,30237.20949818878,615015.686619093,300774.5163508009,19172.74298008987,41891.21662354589,266461.0080608921,158159.71162822662,76447.2723529839,33882.27685929604,19016.27161193897,8002.53442884311,10277.913652107374,77053.92529029973,130857.7122541551,38164.04663939927,48181.23851799482,8352.65561900722,282027.1297341711,13796.369938207965,16874.49932787066,12508.278523747947,11141.864450230689,14607.903485463396,63290.02727852615,676961.1398270213,615716.4697824896,4397.05618267323,465.3507436948653,5087.625986361387,91184.224727077,1191869.7226574332,97465.39873446345,15069.986836632084,864152.0121917101,56660.23999480526,33024.0312899227,2377.4743094635123,7217.460045789168,2882.5555721231567,3391.6681967260893,5517.28843140355,10833.021214297947,1160158.7742517642,5301158.836562624,1142497.411881079,32864.01910669152,14533.138669345026,1146.6550996700178,96971.15223703711,98208.94498802052,7503.889680626162,1733.9268915443015,22614.215037325786,65724.37423907206,27625.76363831469,4644044.659475431,16051058.074795915,3008591.703695666,78062.98896897862,40542.19996577331,93474.63851817697,25762.291304576,35800.13641012227,26463.87001311106,47439.54571992945,196660.09798146953,3330773.5606223624,2354264.8718377133,150477.17461228603,166347.55380179995,185352.54526965364,185776.03733451414,167429.49102856076,77459.45221005665,103686.24014235601,131916.63534922816,34724.592509133974,0.0,0.0,0.0,0.0,0.0,0.0,0.0,0.0,0.0,0.0,0.0,0.0,0.0,0.0,0.0,0.0,0.0,0.0,0.0,0.0,0.0,0.0,0.0,0.0,0.0,0.0,0.0,0.0,0.0,0.0,0.0,0.0,0.0,0.0,0.0,0.0,0.0,0.0,0.0,0.0,0.0,0.0,0.0,0.0,0.0,0.0,0.0,0.0,0.0,0.0,0.0,0.0,0.0,0.0,0.0,0.0,0.0,0.0,0.0,0.0,0.0,0.0,0.0,0.0,0.0,0.0,0.0,0.0,0.0,0.0,0.0,0.0,0.0,0.0,0.0
0.0,0.0,0.0,0.0,0.0,0.0,0.0,0.0,0.0,0.0,0.0,0.0,0.0,0.0,0.0,0.0,0.0,0.0,0.0,0.0,0.0,0.0,0.0,0.0,0.0,0.0,0.0,0.0,0.0,0.0,0.0,0.0,0.0,0.0,0.0,0.0,0.0,0.0,0.0,0.0,0.0,0.0,0.0,0.0,0.0,0.0,0.0,0.0,0.0,0.0,0.0,0.0,0.0,0.0,0.0,0.0,0.0,0.0,0.0,0.0,0.0,0.0,0.0,0.0,0.0,0.0,0.0,0.0,0.0,0.0,0.0,0.0,0.0,0.0,0.0,0.0,0.0,0.0,0.0,1583.5889679643496,13085.39911410509,9655.38625308615,72054.45019683936,104142.38255040074,22868.50837051199,0.0,128809.7218497991,360678.54637619085,11988.553270033168,31800.15495882799,2405.7586892324716,14415.547652615685,30731.369887122542,301203.7340515902,294061.18249523675,720048.5686718331,153035.21083972108,44966.01892094264,5297.570839558754,20551.05791350937,273578.3643188239,349670.7393152842,50447.47517500773,81592.77340040584,170961.62896047943,106643.04007798707,263739.4433708775,45658.583519800704,100597.42713057701,102636.961974782,48237.831205256465,47878.103858219154,115179.79116368874,1467.5871117660329,2926.202352550563,2113.7433572606337,33506.99689391074,127885.8124368122,60058.373047076995,91882.51072589285,50672.53109080164,16838.43250815766,6225.985647828756,1538.8591650965243,2987.4981590985544,2627.6825169765466,2705.885277764611,1988.7229519511966,202302.5122682998,2181596.3851712774,1551152.7575940099,59930.81571679098,760.4575033160405,19390.525684155105,33899.783599450006,174888.08680409135,35055.846832303614,311.45774924406294,82266.5174217778,13083.570726817456,54673.92088190105,85597.79977987416,82918.43453469043,27668.531268881707,38214.00939767127,88630.79285847157,149028.60014853982,34173.29230726753,34797.00287599487,121323.41903657274,222505.51310047007,75577.27385593974,30216.277139656937,48850.84504414995,71.25651256353993,3815.698248712022,129533.01191868876,542321.2976677085,301857.2895599092,340885.5935278427,351174.08164065937,705428.729700092,177622.52954296695,22516.624609067843,27666.57256013583,274334.2056238153,380542.0367375802,25547.959364669583,14107.449410940579,32832.084131240015,310700.52258623735,5749441.991418986,9549754.238081085,144311.31610758556,166798.0826311009,152401.68321099557,104462.77383489121,87407.26186883426,113085.99118903057,80757.90809796134,45401.1900035594,8012.633818985118,0.0,0.0,0.0,0.0,0.0,0.0,0.0,0.0,0.0,0.0,0.0,0.0,0.0,0.0,0.0,0.0,0.0,0.0,0.0,0.0,0.0,0.0,0.0,0.0,0.0,0.0,0.0,0.0,0.0,0.0,0.0,0.0,0.0,0.0,0.0,0.0,0.0,0.0,0.0,0.0,0.0,0.0,0.0,0.0,0.0,0.0,0.0,0.0,0.0,0.0,0.0,0.0,0.0,0.0,0.0,0.0,0.0,0.0,0.0,0.0,0.0,0.0,0.0,0.0,0.0,0.0,0.0,0.0,0.0,0.0,0.0,0.0,0.0,0.0,0.0
0.0,0.0,0.0,0.0,0.0,0.0,0.0,0.0,0.0,0.0,0.0,0.0,0.0,0.0,0.0,0.0,0.0,0.0,0.0,0.0,0.0,0.0,0.0,0.0,0.0,0.0,0.0,0.0,0.0,0.0,0.0,0.0,0.0,0.0,0.0,0.0,0.0,0.0,0.0,0.0,0.0,0.0,0.0,0.0,0.0,0.0,0.0,0.0,0.0,0.0,0.0,0.0,0.0,0.0,0.0,0.0,0.0,0.0,0.0,0.0,0.0,0.0,0.0,0.0,0.0,0.0,0.0,0.0,0.0,0.0,0.0,0.0,0.0,0.0,0.0,0.0,0.0,0.0,0.0,5779.534473389466,2180.7508584107172,4058.972218538091,40233.925609735845,6312.407131314025,540024.6188645121,569149.1941396515,8342.337433944529,11622.10562621832,10379.920075816639,43477.65236057331,144172.84443105047,34050.18095974307,59665.51041420334,80385.19621705636,53142.78724594144,57320.17583730856,7153.186133015333,12356.965614241026,12052.611843848557,9659.90122666057,4229.582556338774,160722.7893638039,88319.06143615936,988900.9357149639,105181.42423780356,51561.01215607116,157837.75004298746,317282.7526793528,68257.772435895,34570.2869002086,178247.95170322247,165336.07028653834,166543.1480714884,152984.86352648502,764031.5705290053,151787.80067953674,15328.160014131747,66281.53459957577,92159.77859408996,2035540.0114185116,1243897.9155732004,23511.561539439295,19283.51981356247,1229.9885906115962,1194.5523538429811,5861.59629870915,276.4402238264534,9158.670299554848,19572.01245945952,399351.9419622448,404159.7868926864,35699.89034015904,60036.46602185146,83215.01947722372,33633.265174017404,212.78153503382467,58176.92394880825,120276.09519112327,69414.04509711351,95382.75058468827,25868.827583910705,62318.02842159114,755075.4533401763,193431.87783944292,158934.78509462054,181989.89330469846,76938.04360894517,5646.705648987982,18418.3538703346,14014.56227335105,107127.6320677113,346674.2205157209,30636.743781421144,346.95385829133295,90735.2948167774,85825.16296610626,13953.102929791312,22632.40924881165,34681.828514842,670330.5380585562,2835464.718359124,1323477.6250073668,540865.5210093453,242918.0667228985,66330.2654426031,22166.229580774954,76705.86414264567,44045.51917121057,92892.72092361521,177154.42693057103,424202.8058772683,545185.2672438659,143759.13738983244,157379.19903355755,225809.5664467194,238406.10487491277,92124.48597917016,97631.94878465871,141941.93182863074,128658.44514727741,61461.746764121504,6113.8072247378805,0.0,0.0,0.0,0.0,0.0,0.0,0.0,0.0,0.0,0.0,0.0,0.0,0.0,0.0,0.0,0.0,0.0,0.0,0.0,0.0,0.0,0.0,0.0,0.0,0.0,0.0,0.0,0.0,0.0,0.0,0.0,0.0,0.0,0.0,0.0,0.0,0.0,0.0,0.0,0.0,0.0,0.0,0.0,0.0,0.0,0.0,0.0,0.0,0.0,0.0,0.0,0.0,0.0,0.0,0.0,0.0,0.0,0.0,0.0,0.0,0.0,0.0,0.0,0.0,0.0,0.0,0.0,0.0,0.0,0.0,0.0,0.0,0.0,0.0,0.0
0.0,0.0,0.0,0.0,0.0,0.0,0.0,0.0,0.0,0.0,0.0,0.0,0.0,0.0,0.0,0.0,0.0,0.0,0.0,0.0,0.0,0.0,0.0,0.0,0.0,0.0,0.0,0.0,0.0,0.0,0.0,0.0,0.0,0.0,0.0,0.0,0.0,0.0,0.0,0.0,0.0,0.0,0.0,0.0,0.0,0.0,0.0,0.0,0.0,0.0,0.0,0.0,0.0,0.0,0.0,0.0,0.0,0.0,0.0,0.0,0.0,0.0,0.0,0.0,0.0,0.0,0.0,0.0,0.0,0.0,0.0,0.0,0.0,0.0,0.0,0.0,0.0,0.0,0.0,9828.865011360862,13222.148350594243,13286.98920631035,144151.45120955195,2698.958411764771,14242.116022620103,6202.067320971288,33991.07932103176,39386.90846860688,263208.6095324737,7695.87850232937,5952.102863733012,4622.077785628337,193458.380898064,79513.20859057899,15189.239468470827,18135.830433964788,2913.9477906103602,13893.973363665204,5361.393506163283,541102.9705284091,746021.2793754346,132320.98595191358,631501.4663208786,657626.1855629083,347885.1804437748,124065.10854480744,78430.55187926439,14585.982557534822,106004.65553815677,78376.8806262977,180916.07230227697,76752.68540553233,250755.4926110405,101816.63903836944,19798.157358096807,147519.07580109587,45643.32761166716,36227.924403461606,129531.91313687147,56609.12828941672,182664.87459582195,11175.749975434434,7438.146726523333,4782.394003042591,3095.2575009708103,3214.914637170805,767.3710111076497,29554.305755325586,56660.56707905364,115006.6019748459,4831200.752827592,152236.18801058596,8036.958610234105,761751.4547176233,2278.0599622004693,4569.523005132068,253977.4542543387,341421.7308417229,7470.3524164340215,6425.049593798348,3156.4694030133073,6205.765321466069,42048.720797743634,86720.00569267283,1370406.3163087554,235604.531375396,122138.1098030301,7785.4861322635015,479.93940101873545,15985.463496932553,5133.875603047972,107444.62371942581,3894.6754962059754,527.4421242728824,720.1462596650806,56.01742080934879,372554.78883791424,484030.7916541586,11320.200613281395,7499.5062828760865,146637.5006884663,253441.17812532035,136558.49487879052,77500.49280972965,50631.0895705429,103136.2071822463,43559.833867870504,2710.620540353632,7403.907507715018,62621.678047527115,213541.78924821096,141619.98332529646,234688.43479528633,672508.3415944717,75709.79265483457,74786.89086501952,81101.96699624065,109783.75595907232,171054.7244909371,102758.8923863554,162508.598838792,4182.98038741536,0.0,0.0,0.0,0.0,0.0,0.0,0.0,0.0,0.0,0.0,0.0,0.0,0.0,0.0,0.0,0.0,0.0,0.0,0.0,0.0,0.0,0.0,0.0,0.0,0.0,0.0,0.0,0.0,0.0,0.0,0.0,0.0,0.0,0.0,0.0,0.0,0.0,0.0,0.0,0.0,0.0,0.0,0.0,0.0,0.0,0.0,0.0,0.0,0.0,0.0,0.0,0.0,0.0,0.0,0.0,0.0,0.0,0.0,0.0,0.0,0.0,0.0,0.0,0.0,0.0,0.0,0.0,0.0,0.0,0.0,0.0,0.0,0.0,0.0,0.0
0.0,0.0,0.0,0.0,0.0,0.0,0.0,0.0,0.0,0.0,0.0,0.0,0.0,0.0,0.0,0.0,0.0,0.0,0.0,0.0,0.0,0.0,0.0,0.0,0.0,0.0,0.0,0.0,0.0,0.0,0.0,0.0,0.0,0.0,0.0,0.0,0.0,0.0,0.0,0.0,0.0,0.0,0.0,0.0,0.0,0.0,0.0,0.0,0.0,0.0,0.0,0.0,0.0,0.0,0.0,0.0,0.0,0.0,0.0,0.0,0.0,0.0,0.0,0.0,0.0,0.0,0.0,0.0,0.0,0.0,0.0,0.0,0.0,0.0,0.0,0.0,0.0,0.0,0.0,1055.156563413092,1067.6305848044826,4971.554420306721,32129.668439863563,4657.579703087656,1102.9886833889827,74517.13565308861,458132.6246855395,2368489.939238424,11410.050717129814,4285.641774689547,4672.168760681003,11586.491381631324,2176.4992286793886,44149.28870307583,62292.37744828171,140699.20067172527,70424.09702473841,53807.07203020324,33184.94602573378,11131.081478150953,25331.41999049239,246276.17807555507,3884966.4952255087,346370.17640245776,267940.7838571116,151387.79534867237,259476.38693252654,140262.4920510223,47004.78129989315,59179.436677486054,19618.907414586673,30709.383511670076,70491.88959202518,81121.59259989,159596.17974679367,421439.37590963545,74748.11162964019,20243.812734997802,75036.33213774845,13604.771282798509,10452.046797939898,27054.212008143175,20857.418056770723,8179.751015652776,3658.921954116773,904.3419497714883,897.4186956700026,24825.82554062081,71491.71687823918,209221.26263145742,350721.6461957003,51854.464674766765,117603.10449438993,109699.66955576799,2932.854358817152,2827.5152909886683,1960118.3504075343,20621.653401098134,1168.9710943163825,26330.305273536193,171.47387449937983,45233.95340534905,106988.35616462321,338357.8688586644,315401.8223785169,6072.317765858141,2832.4795862049446,1394.1351596010923,291072.6959967286,27359.28440952601,1258.128409200242,599.8398879440851,1060.6260048328193,30843.853690297965,11953.56915714737,1517.595761254032,123655.99745176794,32239.433303991565,389.58411674997717,71690.36020520015,184781.87414672715,124254.79436898812,32424.14817752251,36034.66098506449,29869.221572326824,181618.2694640468,32022.339274487007,65238.138648755514,42412.48892917032,126731.90295134913,162433.7072107024,60276.42608018915,93837.33526190437,136249.54411044627,185239.87406254467,125117.10713878908,118092.63153219305,288663.09048334695,300067.90104676684,105846.64537518263,49330.36829013431,0.0,0.0,0.0,0.0,0.0,0.0,0.0,0.0,0.0,0.0,0.0,0.0,0.0,0.0,0.0,0.0,0.0,0.0,0.0,0.0,0.0,0.0,0.0,0.0,0.0,0.0,0.0,0.0,0.0,0.0,0.0,0.0,0.0,0.0,0.0,0.0,0.0,0.0,0.0,0.0,0.0,0.0,0.0,0.0,0.0,0.0,0.0,0.0,0.0,0.0,0.0,0.0,0.0,0.0,0.0,0.0,0.0,0.0,0.0,0.0,0.0,0.0,0.0,0.0,0.0,0.0,0.0,0.0,0.0,0.0,0.0,0.0,0.0,0.0,0.0,0.0
0.0,0.0,0.0,0.0,0.0,0.0,0.0,0.0,0.0,0.0,0.0,0.0,0.0,0.0,0.0,0.0,0.0,0.0,0.0,0.0,0.0,0.0,0.0,0.0,0.0,0.0,0.0,0.0,0.0,0.0,0.0,0.0,0.0,0.0,0.0,0.0,0.0,0.0,0.0,0.0,0.0,0.0,0.0,0.0,0.0,0.0,0.0,0.0,0.0,0.0,0.0,0.0,0.0,0.0,0.0,0.0,0.0,0.0,0.0,0.0,0.0,0.0,0.0,0.0,0.0,0.0,0.0,0.0,0.0,0.0,0.0,0.0,0.0,0.0,0.0,0.0,0.0,0.0,0.0,0.0,0.0,5526.750018713448,3626.606962398637,5808.953079077575,16247.938519640491,2127.2430280312924,948613.4019771238,2567109.1261054915,47416.19023101841,22870.0633727393,9099.740074049512,7015.525456896791,35409.76637972638,37351.4641919006,20488.0449592448,50701.17643418793,61485.19870406079,19801.249942591647,136704.3089270366,263014.2261384269,237933.3151957363,72834.83342746398,460526.49004516285,92667.15003626063,27818.097259982278,26534.560705671196,61260.972250747334,182725.42075866598,33468.76018347602,1113563.665397238,28219.464156759306,252217.2184954725,1828181.7239501604,882348.8280511224,300810.04921350954,34384.91529119841,13415.3995704061,10090.583116491618,53511.03515369684,12090.371731675741,78178.99625046115,57122.13198752889,30170.35427452209,235419.77737793105,3578.44877757103,3387.0461767529364,7725.414228884913,9657.740197051771,32254.311481039687,68924.72020715344,6514.629101350815,18156.574556664844,16376.338449444143,18035.331661104177,4947.247915589062,20277.179206960183,5062132.5888871215,2402261.099517487,331.8833694137361,212724.2504725539,106575.01623076513,6804.221550718525,29156.254219149534,40042.799984382684,1672.9305897851243,392.410422347061,680.8388786336766,183463.11703617725,562806.9995963161,8977.763937384712,1405.5172940985337,47552.03009914901,376.60143063713406,12035.94665049364,8179.0869978590135,40551.317584374105,37306.49202697666,2294.7953928769,123136.4685752578,219570.48577224024,45639.027366137496,1056960.3600955058,368675.6963789928,286755.6735617741,127488.47964213885,189458.8836768773,35209.508412267256,63236.44416856325,336999.6831554496,413805.16693011834,158004.26894301234,67859.09559534359,269709.06210208114,111804.54101526001,59633.40564672735,142630.47656853634,133111.76601714775,295560.32729866647,403878.4385668832,179166.50695704718,21923.470640572763,0.0,0.0,0.0,0.0,0.0,0.0,0.0,0.0,0.0,0.0,0.0,0.0,0.0,0.0,0.0,0.0,0.0,0.0,0.0,0.0,0.0,0.0,0.0,0.0,0.0,0.0,0.0,0.0,0.0,0.0,0.0,0.0,0.0,0.0,0.0,0.0,0.0,0.0,0.0,0.0,0.0,0.0,0.0,0.0,0.0,0.0,0.0,0.0,0.0,0.0,0.0,0.0,0.0,0.0,0.0,0.0,0.0,0.0,0.0,0.0,0.0,0.0,0.0,0.0,0.0,0.0,0.0,0.0,0.0,0.0,0.0,0.0,0.0,0.0,0.0,0.0
0.0,0.0,0.0,0.0,0.0,0.0,0.0,0.0,0.0,0.0,0.0,0.0,0.0,0.0,0.0,0.0,0.0,0.0,0.0,0.0,0.0,0.0,0.0,0.0,0.0,0.0,0.0,0.0,0.0,0.0,0.0,0.0,0.0,0.0,0.0,0.0,0.0,0.0,0.0,0.0,0.0,0.0,0.0,0.0,0.0,0.0,0.0,0.0,0.0,0.0,0.0,0.0,0.0,0.0,0.0,0.0,0.0,0.0,0.0,0.0,0.0,0.0,0.0,0.0,0.0,0.0,0.0,0.0,0.0,0.0,0.0,0.0,0.0,0.0,0.0,0.0,0.0,0.0,0.0,0.0,0.0,59030.18536040465,7960.922450325399,409744.1213315474,417726.8058844741,38764.58617875608,88244.91460031689,319597.5829877041,38143.4869028586,762.9364883475068,9619.37896141803,2879.642804320869,3306.857721401235,72720.3025606448,83342.14078887203,56761.630846592816,26449.453695137203,236.9200179712625,5616.693908795538,70345.97242211626,74002.17657738217,401544.35771094006,154448.58938874563,118696.23267490731,32050.946954463732,19032.13794551324,29014.43120093802,10330.135461054899,858197.2140001049,1764459.1001414235,4992.641279237089,59024.23147565151,2835623.4878908508,1232373.05972639,12024.122908497484,9482.65164391054,19167.06138207113,491575.2705629925,32452.718774876845,7317.885486759357,42721.95184734032,190096.8070181749,8948972.817554178,2928917.8692790894,7106.702262288524,10352.812173437913,12847.98195766663,509555.29668490146,628121.9277292733,6228.673325147002,4206.905868126077,18410.025080958636,12643.467387896555,2307.0893942974444,2212.6095296840617,14604.786997628931,120172.74314871251,97068.23201634028,4388.504712529972,2081.097162164797,3517.79558603076,4371.506568025068,9900.065913943776,8749.319003223456,3204.254337607699,2083.731990787771,98892.46036210601,78733.20816294335,12274.687041361538,1898.356717139303,3864.7644183399175,4339.397026506097,103883.17373004387,318377.96859644,44695.59973777692,62672.65693868179,3123.5503599756103,69142.10166629963,260692.6737432785,327449.31332898344,194941.02259502976,149532.27771017305,55007.63022958278,60472.813472271606,267187.14813745394,542434.4200323875,288256.9896434373,676436.4859850055,828916.8880715931,147025.15710858873,318054.43425444514,98415.66337940533,116226.87641549548,99786.5104783859,71086.6303761079,401513.78992183425,283305.8151189251,165113.47943903628,145097.3358302554,119651.36067981791,47504.361406196454,0.0,0.0,0.0,0.0,0.0,0.0,0.0,0.0,0.0,0.0,0.0,0.0,0.0,0.0,0.0,0.0,0.0,0.0,0.0,0.0,0.0,0.0,0.0,0.0,0.0,0.0,0.0,0.0,0.0,0.0,0.0,0.0,0.0,0.0,0.0,0.0,0.0,0.0,0.0,0.0,0.0,0.0,0.0,0.0,0.0,0.0,0.0,0.0,0.0,0.0,0.0,0.0,0.0,0.0,0.0,0.0,0.0,0.0,0.0,0.0,0.0,0.0,0.0,0.0,0.0,0.0,0.0,0.0,0.0,0.0,0.0,0.0,0.0,0.0,0.0,0.0
0.0,0.0,0.0,0.0,0.0,0.0,0.0,0.0,0.0,0.0,0.0,0.0,0.0,0.0,0.0,0.0,0.0,0.0,0.0,0.0,0.0,0.0,0.0,0.0,0.0,0.0,0.0,0.0,0.0,0.0,0.0,0.0,0.0,0.0,0.0,0.0,0.0,0.0,0.0,0.0,0.0,0.0,0.0,0.0,0.0,0.0,0.0,0.0,0.0,0.0,0.0,0.0,0.0,0.0,0.0,0.0,0.0,0.0,0.0,0.0,0.0,0.0,0.0,0.0,0.0,0.0,0.0,0.0,0.0,0.0,0.0,0.0,0.0,0.0,0.0,0.0,0.0,0.0,0.0,0.0,0.0,435356.9380745779,152830.99129699194,784963.4003135434,2259809.0533786695,4709.5784186688115,9128.374345296721,22450.520133602917,4093.823598178548,7132.4888606596405,14449.759762140384,8817.738861973077,4865.440490593412,6604.664545894544,101924.61326091566,15615.804364371163,34775.63494314845,19808.888322999002,5818.197450854648,151794.45328645056,697734.4039925241,280571.73670199024,141652.13814844633,456824.49031862745,18177.606710656088,51750.7980880415,8031.4485063514185,81320.96450924606,6720619.521764267,9897343.388807312,300712.2245599354,284453.7308160896,811776.6277757334,126812.76518396314,81991.46969445782,47414.16763387526,419373.4271742489,230013.93419742485,4253.570889878292,9034.545015812855,11204.790343073222,2187357.1818324174,17731166.49791258,1980.812205326081,16670.15160727448,9758.089535364888,8772.202951949552,3496.1529527629937,59796.5982070443,21782.217650943483,12443.008706856777,13316.623556970577,8030.9421792614285,11568.095771145734,4126.659068421149,13689.15483823757,29116.039804079694,202019.1804766007,13393.554566184264,330.6051673442235,2105.591129521077,11469.52584986992,2478.5485310724894,9682.925840155323,198229.7508504875,36585.399347309,39941.07448737751,7493.408866617469,5640.769481783427,9155.161500284925,34028.287975143714,43727.909285812195,421893.0574036773,901241.4677400733,25036.059649873805,132641.5246176178,125805.54659612823,1440444.9421127297,331514.0154093082,718333.9549556375,302494.8230943331,73218.08066123186,58605.00134691552,32593.71002912692,100620.19530208845,75301.48251699915,104862.75563912423,150666.31943923293,470504.6386179276,183838.94207250737,108911.2098160313,78239.85484436559,84782.2452961477,80896.1154741226,45954.73975284332,356644.80868473806,390221.2949911171,619764.7978437624,151921.169914811,439755.8098323998,11308.885196132247,0.0,0.0,0.0,0.0,0.0,0.0,0.0,0.0,0.0,0.0,0.0,0.0,0.0,0.0,0.0,0.0,0.0,0.0,0.0,0.0,0.0,0.0,0.0,0.0,0.0,0.0,0.0,0.0,0.0,0.0,0.0,0.0,0.0,0.0,0.0,0.0,0.0,0.0,0.0,0.0,0.0,0.0,0.0,0.0,0.0,0.0,0.0,0.0,0.0,0.0,0.0,0.0,0.0,0.0,0.0,0.0,0.0,0.0,0.0,0.0,0.0,0.0,0.0,0.0,0.0,0.0,0.0,0.0,0.0,0.0,0.0,0.0,0.0,0.0,0.0,0.0
0.0,0.0,0.0,0.0,0.0,0.0,0.0,0.0,0.0,0.0,0.0,0.0,0.0,0.0,0.0,0.0,0.0,0.0,0.0,0.0,0.0,0.0,0.0,0.0,0.0,0.0,0.0,0.0,0.0,0.0,0.0,0.0,0.0,0.0,0.0,0.0,0.0,0.0,0.0,0.0,0.0,0.0,0.0,0.0,0.0,0.0,0.0,0.0,0.0,0.0,0.0,0.0,0.0,0.0,0.0,0.0,0.0,0.0,0.0,0.0,0.0,0.0,0.0,0.0,0.0,0.0,0.0,0.0,0.0,0.0,0.0,0.0,0.0,0.0,0.0,0.0,0.0,0.0,0.0,0.0,0.0,203.01798779099335,8402.374910144645,37384.366530279614,8372.67954146086,95234.45078165423,14153.782356477488,55898.78778192414,4376.005106548821,13563.242399479954,36809.80063486181,13749.03388495717,1515.205366557697,18103.791289004366,28369.77126077491,7368.821189922683,7752.367500594401,9851.954969738716,31705.336516995547,564864.9357985017,1984693.4770666766,33621.154771254165,20150.0904595136,32864.81984643133,13542.111598168993,22370.966648432914,96243.65299713922,115890.58191059294,2424080.664262404,4181848.392904116,225730.01064253942,928368.6083419796,402354.12425176986,19624.24618144376,90247.48317962135,119223.1589641071,180404.41937625263,22275.63967259136,9223.263708419838,330524.84386170143,341020.5584565236,103556.76174898972,879053.0335181281,226635.109713748,51909.156588701764,12883.807626192254,98115.07010087417,44564.18016167447,6579.795917646204,11978.681561107518,19161.061048917945,3014.447505905962,1633.9068759891475,1619.6500546770383,1754.4182416680235,965.3579721016266,51132.52071592699,2513.2728439300813,1178.052363111619,966.0724593375675,535.3432704147524,56932.63722808048,103489.60793060806,2724864.3710590806,820255.7238092779,333057.92855050426,72586.76326206919,10183.494633146593,18721.072846264633,8910.360900610494,54479.68477966527,281135.59794524265,57903.9237704767,3948726.4973169076,804198.8572688075,128751.76098103717,145487.84962713614,243651.44035810794,620178.5839136312,476177.92962262535,760728.1410035541,114030.89535680573,93194.05704003951,216776.85532516227,176904.43116274898,27973.295680203246,18276.51263257806,145304.174971606,2607849.2880942374,317301.7523173219,173277.41626465018,234110.65551988303,48331.454644768644,20083.903472096048,51500.907001005515,94883.74156617028,153768.94960784467,2963365.106247781,1066264.8947749287,1269706.1254726516,52379.954742688526,0.0,0.0,0.0,0.0,0.0,0.0,0.0,0.0,0.0,0.0,0.0,0.0,0.0,0.0,0.0,0.0,0.0,0.0,0.0,0.0,0.0,0.0,0.0,0.0,0.0,0.0,0.0,0.0,0.0,0.0,0.0,0.0,0.0,0.0,0.0,0.0,0.0,0.0,0.0,0.0,0.0,0.0,0.0,0.0,0.0,0.0,0.0,0.0,0.0,0.0,0.0,0.0,0.0,0.0,0.0,0.0,0.0,0.0,0.0,0.0,0.0,0.0,0.0,0.0,0.0,0.0,0.0,0.0,0.0,0.0,0.0,0.0,0.0,0.0,0.0,0.0
0.0,0.0,0.0,0.0,0.0,0.0,0.0,0.0,0.0,0.0,0.0,0.0,0.0,0.0,0.0,0.0,0.0,0.0,0.0,0.0,0.0,0.0,0.0,0.0,0.0,0.0,0.0,0.0,0.0,0.0,0.0,0.0,0.0,0.0,0.0,0.0,0.0,0.0,0.0,0.0,0.0,0.0,0.0,0.0,0.0,0.0,0.0,0.0,0.0,0.0,0.0,0.0,0.0,0.0,0.0,0.0,0.0,0.0,0.0,0.0,0.0,0.0,0.0,0.0,0.0,0.0,0.0,0.0,0.0,0.0,0.0,0.0,0.0,0.0,0.0,0.0,0.0,0.0,0.0,0.0,0.0,14990.205559228827,99.73976145115634,1087.0060625034985,824.0381065266392,152535.52838321764,466952.86541835556,430367.6067635607,1555199.850394551,53962.786787134995,38911.89096414628,479.79484530963254,2991.03162383378,10510.801945749372,13763.90124065999,115926.16819345644,62297.29025834538,2778.7268902276755,56151.1049810088,594208.6332349625,48023.11623209465,87347.83566880824,2753.314549112447,20303.93391580655,101655.15448022829,36587.643063021256,62087.40103370336,16476.464096751235,235495.27442327215,250348.32633367105,338267.278924711,4786395.983383909,3371655.3148742085,497619.37934984866,171212.21408387783,1193508.1148476547,220082.3831271628,306598.8308826977,6536707.0711532645,2375614.6358707137,4117601.8698625807,1298660.6418226585,571587.8924469263,1009849.5138983643,1143360.5235651934,38076.25409848522,33780.89910200103,67374.05696844216,23703.270784483633,15311.244251095408,60458.445013030745,6898.76051680639,7477.860889261917,1838.7656573962317,16421.93310545765,370.61925053984055,39261.80261455598,6478.717451257624,9246.282753845066,2066.9956284652962,923.1169148294798,626.2735227459094,15656.86125172746,150113.27713311918,1523708.2615097126,701005.5417149754,135162.40718578917,3734.9018477027557,46764.61019997543,53946.49441351191,49452.265733243985,69650.37578238569,30336.73391274713,336.92470331788866,2834329.159214782,1580493.8807804934,45035.14562112539,419597.0190189782,842553.4310433308,1487872.5221881426,1012980.8656475891,261357.85195265245,163767.40411082417,169694.33444886957,55996.27850564808,26530.5919764744,14135.30417799392,80164.61156386115,196760.86701749155,160615.93155375775,81506.81792362727,102220.014610554,44408.7599547075,26109.072949119625,35906.27726740107,120636.40590021409,109368.82965225179,1106488.4896363474,215076.85515416664,56132.324267671276,48143.80178533355,0.0,0.0,0.0,0.0,0.0,0.0,0.0,0.0,0.0,0.0,0.0,0.0,0.0,0.0,0.0,0.0,0.0,0.0,0.0,0.0,0.0,0.0,0.0,0.0,0.0,0.0,0.0,0.0,0.0,0.0,0.0,0.0,0.0,0.0,0.0,0.0,0.0,0.0,0.0,0.0,0.0,0.0,0.0,0.0,0.0,0.0,0.0,0.0,0.0,0.0,0.0,0.0,0.0,0.0,0.0,0.0,0.0,0.0,0.0,0.0,0.0,0.0,0.0,0.0,0.0,0.0,0.0,0.0,0.0,0.0,0.0,0.0,0.0,0.0,0.0,0.0
0.0,0.0,0.0,0.0,0.0,0.0,0.0,0.0,0.0,0.0,0.0,0.0,0.0,0.0,0.0,0.0,0.0,0.0,0.0,0.0,0.0,0.0,0.0,0.0,0.0,0.0,0.0,0.0,0.0,0.0,0.0,0.0,0.0,0.0,0.0,0.0,0.0,0.0,0.0,0.0,0.0,0.0,0.0,0.0,0.0,0.0,0.0,0.0,0.0,0.0,0.0,0.0,0.0,0.0,0.0,0.0,0.0,0.0,0.0,0.0,0.0,0.0,0.0,0.0,0.0,0.0,0.0,0.0,0.0,0.0,0.0,0.0,0.0,0.0,0.0,0.0,0.0,0.0,0.0,0.0,0.0,88737.88181328407,83500.41775646433,518474.02735265717,24096.21407920813,231162.8168223002,534621.5279195055,13989.860137244239,62835.92636978255,195617.2706341339,1916.1141633247876,9053.823956479991,6653.603259882287,276578.29959701886,286575.6059852578,8654.651383600305,3841.678922961117,63893.07934787598,100648.32517093536,372359.224734548,137900.10343044583,1659.7208040018784,11117.376778406944,53763.16822511896,89350.58330344787,69313.26351297484,26858.288544813237,18629.66937646722,49218.18865555372,96242.63736226242,806918.2101567378,1913683.3383513445,756512.9236514537,15878.745293428174,189499.56255001956,411316.798842827,868023.9745742646,330730.8278531446,911035.0476167959,284132.74699707644,1232193.8260222697,98778.50378605879,130768.99283397979,125911.89489641573,2089062.1361179326,54101.68525019298,63790.84482953153,792875.1107222622,60660.03541761795,18112.06824000677,49950.89373198326,3355.2889385188237,10357.614035195535,1297.0456811790227,1534.5535223346947,4357.878932194993,41823.91643554764,24208.719745115704,2430.2080610257444,447.43032092851695,4353.20005950295,9202.456383674196,10453.058954028002,42363.567465730506,2544660.2881853674,612221.131957471,40019.57833824215,4157.6868414129,93312.84363585211,8231.353953056007,8625.302848155588,1205.537354117473,240651.47984925658,128354.48335251395,314989.0645887504,693344.9408600009,96432.96296316598,24547.682373909498,157709.50301328767,191168.5915081192,17611914.294250637,1580601.9305095617,147827.32192595844,156326.7877202524,81850.31084456353,19348.688916427174,34291.30109402076,158587.5021769213,179528.85815256153,139894.60008103657,108693.97885607748,7371.953647442579,7926.670586515034,8075.128353223146,47097.47234504999,81202.01579201467,82943.47063240234,346507.1690956667,56705.06608383348,26852.61745794773,717.5976820374037,0.0,0.0,0.0,0.0,0.0,0.0,0.0,0.0,0.0,0.0,0.0,0.0,0.0,0.0,0.0,0.0,0.0,0.0,0.0,0.0,0.0,0.0,0.0,0.0,0.0,0.0,0.0,0.0,0.0,0.0,0.0,0.0,0.0,0.0,0.0,0.0,0.0,0.0,0.0,0.0,0.0,0.0,0.0,0.0,0.0,0.0,0.0,0.0,0.0,0.0,0.0,0.0,0.0,0.0,0.0,0.0,0.0,0.0,0.0,0.0,0.0,0.0,0.0,0.0,0.0,0.0,0.0,0.0,0.0,0.0,0.0,0.0,0.0,0.0,0.0,0.0
0.0,0.0,0.0,0.0,0.0,0.0,0.0,0.0,0.0,0.0,0.0,0.0,0.0,0.0,0.0,0.0,0.0,0.0,0.0,0.0,0.0,0.0,0.0,0.0,0.0,0.0,0.0,0.0,0.0,0.0,0.0,0.0,0.0,0.0,0.0,0.0,0.0,0.0,0.0,0.0,0.0,0.0,0.0,0.0,0.0,0.0,0.0,0.0,0.0,0.0,0.0,0.0,0.0,0.0,0.0,0.0,0.0,0.0,0.0,0.0,0.0,0.0,0.0,0.0,0.0,0.0,0.0,0.0,0.0,0.0,0.0,0.0,0.0,0.0,0.0,0.0,0.0,0.0,0.0,0.0,150248.2267203621,1982489.5208386513,1568841.442473843,14941922.577487476,17088390.21760857,222440.69024002762,437512.13483792794,61495.662157839906,12297.49409080821,2214.8685524017,1906.9625687279738,1575.5450820131778,89160.3575934949,1626706.1998470481,317898.5174738659,5982.009399071551,5240.493965410939,4011.8671482236177,73341.81232300881,140168.8054498725,12234.713357534587,8937.791016210433,12357.108114496377,103793.83846336862,37768.02873243265,5625.085488263793,22272.145032762808,11847.278026577178,21900.721799380273,12529.428357893776,170905.89679110458,75558.4887082928,1946.549947738991,1515.3754972009383,7079.5847871285505,40855.292309338365,2085.978627657637,108726.7859932555,69760.32617184281,298213.69407077273,1073589.4689777386,117892.06055893196,18579.00280379575,159962.5514751863,2333253.5056129834,119093.66486602524,104876.56812007117,113564.52262341096,78720.12408421692,176567.27357201662,223167.25009530416,18636.21134298277,38784.15696137185,16291.92046451487,16120.115488223915,26843.577972285348,161298.83328094814,5659.016799753995,26099.82868013543,26222.776574748073,3205.2447807867984,14497.648147793818,3452.6072218367817,4256.097675773675,4081.207202226861,290507.55257859273,76400.34753569835,81842.57199742219,1275389.5401462256,124590.41243528697,18000.38564928374,456.3047550609355,164301.55146733264,36675.729311154326,172217.51066412873,917270.8805584665,21778.255371464107,11343.865430450238,58251.4583140088,151538.40519025608,16940375.08313682,8105005.392073918,75527.58134669685,359834.50579022744,1052805.1471210988,1676348.620009432,64234.76396302594,51916.10240107969,41823.5573378707,33627.902257383554,26329.81889373674,13161.711294706278,16274.35849032892,170053.41732280416,42791.02108852418,18528.11517186322,576879.2313977021,370315.304273061,14756.228133704115,20040.05990126299,8604.207529219706,0.0,0.0,0.0,0.0,0.0,0.0,0.0,0.0,0.0,0.0,0.0,0.0,0.0,0.0,0.0,0.0,0.0,0.0,0.0,0.0,0.0,0.0,0.0,0.0,0.0,0.0,0.0,0.0,0.0,0.0,0.0,0.0,0.0,0.0,0.0,0.0,0.0,0.0,0.0,0.0,0.0,0.0,0.0,0.0,0.0,0.0,0.0,0.0,0.0,0.0,0.0,0.0,0.0,0.0,0.0,0.0,0.0,0.0,0.0,0.0,0.0,0.0,0.0,0.0,0.0,0.0,0.0,0.0,0.0,0.0,0.0,0.0,0.0,0.0,0.0,0.0
0.0,0.0,0.0,0.0,0.0,0.0,0.0,0.0,0.0,0.0,0.0,0.0,0.0,0.0,0.0,0.0,0.0,0.0,0.0,0.0,0.0,0.0,0.0,0.0,0.0,0.0,0.0,0.0,0.0,0.0,0.0,0.0,0.0,0.0,0.0,0.0,0.0,0.0,0.0,0.0,0.0,0.0,0.0,0.0,0.0,0.0,0.0,0.0,0.0,0.0,0.0,0.0,0.0,0.0,0.0,0.0,0.0,0.0,0.0,0.0,0.0,0.0,0.0,0.0,0.0,0.0,0.0,0.0,0.0,0.0,0.0,0.0,0.0,0.0,0.0,0.0,0.0,0.0,0.0,0.0,10260796.366506975,32955802.50143992,4558077.444287734,929686.2568402779,2650952.0424314206,263541.1849634241,5112.838321679211,294.6777850738677,12121.284750435123,2771.448705391962,2434.9903774315676,3330.5358638728853,75041.4759579071,424677.88046958286,85024.66624569561,364867.37506092817,3517757.6962934546,5435823.202400332,172603.74905538457,505750.4528345126,33745.87662766212,4216.7034063845895,16199.46527077783,20252.54746938845,464424.00577518076,160852.93101336673,100519.18099358953,16250.753093839463,5594.3849474846,499754.65789073077,89895.05002774752,2613427.7476387704,292057.93104166945,2739.407421035134,202131.08087405926,62703.43006999052,70885.28163629881,80390.8037451196,54333.26529512233,1158.2383086015197,44233.023331716606,101231.58672633758,135417.25037916252,519286.6544442074,2123829.2651506136,6007.5470690064685,9108.265201448652,58836.4661652488,44666.38348603087,2026706.7251701367,2184482.249206109,50964.57998559376,174902.80523431033,224101.23015855823,11492.996747740097,8581.999723382789,8883.480605408096,5203.668619370082,53.97096818896746,350.1789749199428,5863.823101879362,82573.90907841385,126.07052200132782,2341.4435664031503,1451.634196528979,4059.389636239446,6825.088863521511,11595.27376567603,13716.333229265329,1535957.3149168347,2141124.3084929637,232335.0144967192,1206376.1716241818,717188.9099470639,8684.237235966188,1177.619399769307,192490.7052755244,7962.55138078843,11208.17466739758,29401.008346132534,124897.60036927115,1372814.6128047947,44080.32078165523,48187.313473985014,136639.58729500094,50253.09782897894,265633.2086391031,149884.61919596686,120407.07244343628,40827.83226597765,3659.853966253885,2038.126303647043,29586.234983633836,130386.54235856945,79058.36567037026,4679.498214064014,120847.9314122868,69252.9484923031,144821.48761247186,82656.58151355947,1910.4699032568005,0.0,0.0,0.0,0.0,0.0,0.0,0.0,0.0,0.0,0.0,0.0,0.0,0.0,0.0,0.0,0.0,0.0,0.0,0.0,0.0,0.0,0.0,0.0,0.0,0.0,0.0,0.0,0.0,0.0,0.0,0.0,0.0,0.0,0.0,0.0,0.0,0.0,0.0,0.0,0.0,0.0,0.0,0.0,0.0,0.0,0.0,0.0,0.0,0.0,0.0,0.0,0.0,0.0,0.0,0.0,0.0,0.0,0.0,0.0,0.0,0.0,0.0,0.0,0.0,0.0,0.0,0.0,0.0,0.0,0.0,0.0,0.0,0.0,0.0,0.0,0.0
0.0,0.0,0.0,0.0,0.0,0.0,0.0,0.0,0.0,0.0,0.0,0.0,0.0,0.0,0.0,0.0,0.0,0.0,0.0,0.0,0.0,0.0,0.0,0.0,0.0,0.0,0.0,0.0,0.0,0.0,0.0,0.0,0.0,0.0,0.0,0.0,0.0,0.0,0.0,0.0,0.0,0.0,0.0,0.0,0.0,0.0,0.0,0.0,0.0,0.0,0.0,0.0,0.0,0.0,0.0,0.0,0.0,0.0,0.0,0.0,0.0,0.0,0.0,0.0,0.0,0.0,0.0,0.0,0.0,0.0,0.0,0.0,0.0,0.0,0.0,0.0,0.0,0.0,0.0,4557928.602555586,50406696.89267293,28480164.687497206,2976280.948868786,414651.4603566022,1060659.8019290438,142679.45585028167,22657499.29956728,17918718.926326368,27194.363660522667,2199.708277118717,7255.212396915194,11717.153738339748,6268.642887090788,6177.999618615497,9230.78827487137,72802.58785827525,488350.82282840175,6077433.68773189,12472869.45428215,75809003.11938356,23910111.691391524,234194.66467602274,531460.8312804531,271868.38193843036,55285.837003959954,142671.55411291565,32713.744154241456,57076.07532008541,37049.96075250227,169145.29074024875,249045.89943128446,812773.854897474,93906.14235097932,19968.304864413745,386229.2673536611,29775.633298487675,26196.25573638972,49891.224205461025,1441182.0772004314,94642.17347167336,792988.212760652,121909.1842779943,144113.76102658402,3248732.3758445773,290390.91111622064,45290.61461029329,6551.212575714349,22802.789840605376,57643.83863537546,620439.1274599459,136077.6997430732,20007.0486412618,89343.42168589513,26984.158039016154,5001.163340285707,4388.257780157122,7856.215391437227,7939.315735247961,7798.212120998582,85515.93103819434,23644.825368129015,10029.934561220512,7912.952440286887,10202.515214881578,18136.053585320667,120981.82488276917,95225.50132087001,6419.23930637086,7180.363679910732,490.86434063454703,15957.525928441239,58693.366738151875,80329.39420105855,159716.2834031691,16488.18794360166,6215.921274121676,13934.13432220897,150414.6662453115,63393.553001093205,103806.4295414806,80842.01613499378,283079.4776294957,26531.77676378428,57448.82582994794,121101.99931639788,75628.31438283433,5069.196166125635,55985.38123989888,16311.522893981279,19236.6047232042,8612.925452811573,937.9136119568942,4597.559060342361,50417.81646912987,40140.49775240199,199018.5476899983,186170.61959718599,7627.489462983009,162012.3237654699,104657.64405884709,0.0,0.0,0.0,0.0,0.0,0.0,0.0,0.0,0.0,0.0,0.0,0.0,0.0,0.0,0.0,0.0,0.0,0.0,0.0,0.0,0.0,0.0,0.0,0.0,0.0,0.0,0.0,0.0,0.0,0.0,0.0,0.0,0.0,0.0,0.0,0.0,0.0,0.0,0.0,0.0,0.0,0.0,0.0,0.0,0.0,0.0,0.0,0.0,0.0,0.0,0.0,0.0,0.0,0.0,0.0,0.0,0.0,0.0,0.0,0.0,0.0,0.0,0.0,0.0,0.0,0.0,0.0,0.0,0.0,0.0,0.0,0.0,0.0,0.0,0.0,0.0,0.0
0.0,0.0,0.0,0.0,0.0,0.0,0.0,0.0,0.0,0.0,0.0,0.0,0.0,0.0,0.0,0.0,0.0,0.0,0.0,0.0,0.0,0.0,0.0,0.0,0.0,0.0,0.0,0.0,0.0,0.0,0.0,0.0,0.0,0.0,0.0,0.0,0.0,0.0,0.0,0.0,0.0,0.0,0.0,0.0,0.0,0.0,0.0,0.0,0.0,0.0,0.0,0.0,0.0,0.0,0.0,0.0,0.0,0.0,0.0,0.0,0.0,0.0,0.0,0.0,0.0,0.0,0.0,0.0,0.0,0.0,0.0,0.0,0.0,0.0,0.0,0.0,0.0,0.0,311823.73036176874,1410023.7861614807,5202472.254613929,1620307.9264723873,159717.85077824938,45827.34128381133,827734.1937823636,1004892.7109632982,6821511.298300103,107558.63792500079,17396.5539949078,57.727773673082666,9193.320172436765,3797.0338322595117,6070.533315254947,3989.3119163574484,10141.055089781043,83518.11261278993,147243.4729510959,72378.9746832175,2365380.6390619935,30175942.90717021,4076541.340371768,415571.7399283851,17059.284427823524,124917.27631062601,7434.587487421682,137107.72973263462,52662.4657898082,94248.43991474522,570986.8720441811,418011.12291689974,34368.12512155065,24535.05091111113,20685.756759973116,484181.62065976555,70162.25005672299,1888.8327676557121,18381.760850252584,38340.49755041674,841560.4328278755,346134.45886104176,773084.6488776829,153106.06791621126,3660774.2245485643,460112.75164859474,2026544.003358129,622963.4587535644,48208.37773433273,242120.72510011477,414020.2657015602,369065.01034141646,166433.19258171282,70310.13121839974,45583.60142928469,4956.467785563626,8147.551341936245,1677.1344930722748,1104049.879345492,2076688.8941258837,3545.945486900219,5457.356169913293,12963.94930310043,10827.513570464635,11335.525602947919,9124.641017283504,14963.598716986862,14970.723006500835,12280.922384569632,20310.144790013997,21770.712956503878,184188.9880848244,232887.42746036145,75476.77536094775,13463.881521665699,14334.056763317747,38376.81252541176,52788.832240754855,110476.16823184007,34934.6899963732,121341.64135976268,916972.8174992241,1132297.9727583863,47534.944498852055,48360.85702451683,20412.524316962743,50126.31183715993,145433.85186302214,28723.50412229641,36079.42423136122,44722.607853881666,17631.342774615958,2713.634782763433,7114.8667009110995,99366.14556292124,34264.217032396526,39016.733248492834,151156.26646538905,67604.57059857568,25339.46281941621,20588.88385740257,15195.699317042467,0.0,0.0,0.0,0.0,0.0,0.0,0.0,0.0,0.0,0.0,0.0,0.0,0.0,0.0,0.0,0.0,0.0,0.0,0.0,0.0,0.0,0.0,0.0,0.0,0.0,0.0,0.0,0.0,0.0,0.0,0.0,0.0,0.0,0.0,0.0,0.0,0.0,0.0,0.0,0.0,0.0,0.0,0.0,0.0,0.0,0.0,0.0,0.0,0.0,0.0,0.0,0.0,0.0,0.0,0.0,0.0,0.0,0.0,0.0,0.0,0.0,0.0,0.0,0.0,0.0,0.0,0.0,0.0,0.0,0.0,0.0,0.0,0.0,0.0,0.0,0.0,0.0
0.0,0.0,0.0,0.0,0.0,0.0,0.0,0.0,0.0,0.0,0.0,0.0,0.0,0.0,0.0,0.0,0.0,0.0,0.0,0.0,0.0,0.0,0.0,0.0,0.0,0.0,0.0,0.0,0.0,0.0,0.0,0.0,0.0,0.0,0.0,0.0,0.0,0.0,0.0,0.0,0.0,0.0,0.0,0.0,0.0,0.0,0.0,0.0,0.0,0.0,0.0,0.0,0.0,0.0,0.0,0.0,0.0,0.0,0.0,0.0,0.0,0.0,0.0,0.0,0.0,0.0,0.0,0.0,0.0,0.0,0.0,0.0,0.0,0.0,0.0,0.0,0.0,174128.89382517978,164018.93350534255,14532.7929534307,47453.46577500247,66726.59064714613,655.5427255789967,5220.91711814498,439017.03448515636,606392.2339873619,7349009.69655066,4530065.530164953,739642.7756936441,13399.745584943657,21315.273240408555,5387.367168666032,3504.9646366202987,8031.705178231491,19715.556455239548,300599.7982278845,434483.34271906165,411109.5753965331,2652652.9991886076,3829470.7394329356,206768.1319430354,508638.0281664217,255684.60441802765,3856704.2516071564,8826.500637465408,309535.2401011514,88058.77838777195,89687.50405229861,113400.89406827468,18935.21642559128,85041.14574795529,66546.8575356383,37761.73465868634,475941.6990758702,25201.047154715132,2693.7726157129537,9414.221225179468,56845.19172168335,180653.81154541695,62872.252906051224,42163.44913830017,4291.168926610453,33541.60601849824,53116.355552463894,1880224.880388537,237609.37144034734,122404.39058916122,100232.51134755535,503353.5580945655,3314751.972733536,265586.63167719805,208105.61036183723,4098.954188403619,288539.17619984364,78522.33928736715,139285.84915403006,23276.859189604384,25527.126170039366,32453.215787668778,17178.544640189764,16425.45476431106,24690.626310464017,9433.144229424666,2556.9499687435314,16762.681861443427,9033.98379081941,8397.1205462701,7515.426164242217,27686.87102412916,35058.64249442477,39612.709624639756,12136.286537369573,6964.98528573364,12174.307107535762,380241.9258644133,239954.96003328927,123641.64372748738,273381.6872475293,184888.49988095902,366811.73466629453,10380.161555363073,65001.88848761933,170753.84588611685,11392.179553684055,20872.919672220763,26342.0323889691,11837.478667121788,20849.99452583678,23058.53479133835,33597.332060145665,17922.159233002127,3024.9705630755543,30057.630580020104,13740.684967755979,45388.7797292637,969736.9474905438,48513.129966842316,52515.17000360126,65449.86096797386,19962.871399112748,0.0,0.0,0.0,0.0,0.0,0.0,0.0,0.0,0.0,0.0,0.0,0.0,0.0,0.0,0.0,0.0,0.0,0.0,0.0,0.0,0.0,0.0,0.0,0.0,0.0,0.0,0.0,0.0,0.0,0.0,0.0,0.0,0.0,0.0,0.0,0.0,0.0,0.0,0.0,0.0,0.0,0.0,0.0,0.0,0.0,0.0,0.0,0.0,0.0,0.0,0.0,0.0,0.0,0.0,0.0,0.0,0.0,0.0,0.0,0.0,0.0,0.0,0.0,0.0,0.0,0.0,0.0,0.0,0.0,0.0,0.0,0.0,0.0,0.0,0.0,0.0,0.0
0.0,0.0,0.0,0.0,0.0,0.0,0.0,0.0,0.0,0.0,0.0,0.0,0.0,0.0,0.0,0.0,0.0,0.0,0.0,0.0,0.0,0.0,0.0,0.0,0.0,0.0,0.0,0.0,0.0,0.0,0.0,0.0,0.0,0.0,0.0,0.0,0.0,0.0,0.0,0.0,0.0,0.0,0.0,0.0,0.0,0.0,0.0,0.0,0.0,0.0,0.0,0.0,0.0,0.0,0.0,0.0,0.0,0.0,0.0,0.0,0.0,0.0,0.0,0.0,0.0,0.0,0.0,0.0,0.0,0.0,0.0,0.0,0.0,0.0,0.0,0.0,4177.719778895222,28511.136498852717,1767.4875501702327,6604.874444939849,1575.440501188295,3721.416348031404,609.7574949682271,1518.0604776273256,0.0,151750.69955666154,435133.3909761916,768035.2797644291,369777.3866788691,63899.20534485683,319699.35297238803,299862.345340981,23928.755431422196,20737.845297264175,10516.462779427766,20705.996099304044,76995.53978993549,609556.0661806527,1285692.4018577312,257831.6523895564,394162.05385500786,7867118.881727483,13790477.474714441,4209332.793609842,4678796.033474868,603402.8128697799,309383.7856428656,49851.226899643836,3973.4883064016985,97705.08626007373,147514.36362339737,122471.7456552629,478534.47024714167,1077007.8868652307,174608.14321565852,37104.67859709131,27384.237451168963,30910.398909642543,41402.905154180924,70560.88324909468,2923.500789733169,124717.02992093907,333174.7980176293,64265.655682394645,4227760.439845764,12120.476775398272,49531.00855949716,150148.15885738283,48893.83922404574,67289.01784221812,61448.394628052665,14408.331693395387,22066.309606313036,187013.66126683785,185784.27600298153,104099.95935663457,32590.830359362786,6769.021041222727,11933.39404012167,29576.050487974804,62685.404728138645,129388.00634688107,27482.28994638246,35314.86720770895,16080.695764089693,2294.2894161113286,7203.073174707636,26514.061788415067,21755.95544233206,32177.450030283682,32725.643332420186,22286.40717043557,1672.2259209927083,1143073.5335754822,2474189.148635162,325356.4686048805,23452.733781574272,25234.603750701448,16021.483603065557,28376.07738087576,60651.99769776699,31742.771994851053,185945.71092705877,242035.4017293927,21758.726791742793,25394.538418572425,8536.253980714766,23454.75168602543,31146.12351471846,140655.55910980236,143649.57496431327,9396.422221797728,15132.1973342664,12930.043875547703,25734.50049845556,51444.3447236782,108584.28124864135,73079.1549101607,67942.22095571575,16285.238210918924,0.0,0.0,0.0,0.0,0.0,0.0,0.0,0.0,0.0,0.0,0.0,0.0,0.0,0.0,0.0,0.0,0.0,0.0,0.0,0.0,0.0,0.0,0.0,0.0,0.0,0.0,0.0,0.0,0.0,0.0,0.0,0.0,0.0,0.0,0.0,0.0,0.0,0.0,0.0,0.0,0.0,0.0,0.0,0.0,0.0,0.0,0.0,0.0,0.0,0.0,0.0,0.0,0.0,0.0,0.0,0.0,0.0,0.0,0.0,0.0,0.0,0.0,0.0,0.0,0.0,0.0,0.0,0.0,0.0,0.0,0.0,0.0,0.0,0.0,0.0,0.0,0.0
0.0,0.0,0.0,0.0,0.0,0.0,0.0,0.0,0.0,0.0,0.0,0.0,0.0,0.0,0.0,0.0,0.0,0.0,0.0,0.0,0.0,0.0,0.0,0.0,0.0,0.0,0.0,0.0,0.0,0.0,0.0,0.0,0.0,0.0,0.0,0.0,0.0,0.0,0.0,0.0,0.0,0.0,0.0,0.0,0.0,0.0,0.0,0.0,0.0,0.0,0.0,0.0,0.0,0.0,0.0,0.0,0.0,0.0,0.0,0.0,0.0,0.0,0.0,0.0,0.0,0.0,0.0,0.0,0.0,0.0,0.0,0.0,0.0,0.0,0.0,3230.7174134808624,4329.061719574941,150128.92689628853,11631.045169452245,5671.207191355523,16060.036525140516,1780.3990337174544,306.50915584460546,1154.2879341633245,5882.492664208778,46592.76511978853,427679.6229188365,351050.50936161843,1027643.2615171926,4752275.771610215,774795.9112575977,47181.40339819439,24302.186693128184,22532.646862759633,101336.97869043183,23904.58027935376,13180.040758579491,20720.775893376696,48422.49472323979,30931.553151161017,42792.756901377856,2387980.585085612,6339016.202406558,682651.4913690153,1275905.192353313,399189.84772852703,47239.221444911884,59617.99630017492,11725.487944001763,340152.3804286535,1118772.3248040292,1064545.9554902765,1346732.3926991643,1676642.0117582479,742823.3616144764,318541.01053719386,64530.98592629556,114382.67288789207,1194622.028372772,1891308.203151008,1578920.8926287312,108229.79451879974,1126099.8526335265,324728.2519093001,476287.17675306613,121161.68644492069,403623.4043181621,235370.35592857384,9984.624530821387,81621.21093260817,420540.04208634933,72239.78090139243,31439.15554421671,15489.162093572651,42005.68450439509,56009.4007318022,98892.78783020601,253123.91260569886,14774.56205411171,10333.64000053596,7587.740454493033,128578.38587039677,418292.87635041616,250574.15722162218,18815.9191292222,3865.8713688161806,29145.79141809872,167408.7396989374,178538.0713425732,52706.099632478494,137492.28073026467,1858123.278917694,495176.2137921495,594801.5190035927,2766094.488523389,313730.59788059554,193053.45251575718,56451.315665294605,160078.14673676912,12467.355812977321,50147.97009969028,45216.90281053775,67335.1272069763,64128.37873175628,12225.88177114275,6023.565467137186,3140.9539981763714,14520.219638582228,32429.130361722167,68666.30357183483,46006.19516524782,10510.348584693196,1577.5291774238758,2829.514983364116,14102.88434954887,343378.34169339295,568822.2809214285,43685.43060426802,77564.76707184003,47126.5958210852,0.0,0.0,0.0,0.0,0.0,0.0,0.0,0.0,0.0,0.0,0.0,0.0,0.0,0.0,0.0,0.0,0.0,0.0,0.0,0.0,0.0,0.0,0.0,0.0,0.0,0.0,0.0,0.0,0.0,0.0,0.0,0.0,0.0,0.0,0.0,0.0,0.0,0.0,0.0,0.0,0.0,0.0,0.0,0.0,0.0,0.0,0.0,0.0,0.0,0.0,0.0,0.0,0.0,0.0,0.0,0.0,0.0,0.0,0.0,0.0,0.0,0.0,0.0,0.0,0.0,0.0,0.0,0.0,0.0,0.0,0.0,0.0,0.0,0.0,0.0,0.0,0.0
0.0,0.0,0.0,0.0,0.0,0.0,0.0,0.0,0.0,0.0,0.0,0.0,0.0,0.0,0.0,0.0,0.0,0.0,0.0,0.0,0.0,0.0,0.0,0.0,0.0,0.0,0.0,0.0,0.0,0.0,0.0,0.0,0.0,0.0,0.0,0.0,0.0,0.0,0.0,0.0,0.0,0.0,0.0,0.0,0.0,0.0,0.0,0.0,0.0,0.0,0.0,0.0,0.0,0.0,0.0,0.0,0.0,0.0,0.0,0.0,0.0,0.0,0.0,0.0,0.0,0.0,0.0,0.0,0.0,0.0,0.0,0.0,0.0,0.0,1455.0996896672207,1798.0855575026603,3963.250175464999,6319.49718844529,4889.185942134194,954.6393368645389,34288.69321875016,194608.89588808027,2304.7394122433097,1003.8412108934658,6464.490972420079,33072.49197380037,64249.298767865796,13986.101324621584,6703.730752540684,284408.8058404214,111952.98794763605,28623.24505662812,6529.284632189997,21018.16297568706,54524.17434844813,32969.52438992858,48483.4834759972,22500.107581392265,26206.351779633394,46808.537631116546,206539.94139192777,792710.6751032885,121469.8337634399,46139.18251080112,774562.0133448367,1924341.3183823077,2972775.4595230403,405824.62344281,60295.38746812546,7623.6422779166005,16235.573976005737,114760.61845379577,2362302.1725324793,216260.96134891768,34723.841099847145,147894.76178828545,81219.49194377309,315651.65323377907,1535412.831517525,80908.10598425416,208931.15479799977,528680.2822826388,816230.3757996263,2742522.9178456506,4235827.476882286,213747.02903836418,341377.9216848192,279832.6308577175,43665.24241849596,155907.60845644405,89548.0190506423,19522.652818350925,65487.79445065279,217961.98885951348,120431.1297229574,56149.13557872888,17062.87437302076,125692.65573898784,11080.557598959444,4479.23154855724,11336.650378097513,64867.29628957777,14232925.396617988,4723133.083371604,59663.88264777365,10610.578206487546,13361.373831239964,56720.45123788975,24626.68476871309,15364.00033609049,66919.48919005728,257794.3042956121,113240.28818481411,69501.75554141868,22764.971425578697,48704.57581508065,56184.79482321022,17711.132567863282,377876.9534525365,379915.7618732434,846191.9342225448,41664.43210450623,659380.0405792971,109564.74212277425,489.5690933505242,866.0846560861394,11161.920093004488,24266.89372323855,261398.2046358512,313210.63730580587,31371.091708502572,18909.025153362654,3541.1882223724697,313.93677545108216,3213.3571672680137,138059.8605360545,44535.87031029601,58127.31702254349,3184.160584881055,994.1884390663568,0.0,0.0,0.0,0.0,0.0,0.0,0.0,0.0,0.0,0.0,0.0,0.0,0.0,0.0,0.0,0.0,0.0,0.0,0.0,0.0,0.0,0.0,0.0,0.0,0.0,0.0,0.0,0.0,0.0,0.0,0.0,0.0,0.0,0.0,0.0,0.0,0.0,0.0,0.0,0.0,0.0,0.0,0.0,0.0,0.0,0.0,0.0,0.0,0.0,0.0,0.0,0.0,0.0,0.0,0.0,0.0,0.0,0.0,0.0,0.0,0.0,0.0,0.0,0.0,0.0,0.0,0.0,0.0,0.0,0.0,0.0,0.0,0.0,0.0,0.0,0.0,0.0
0.0,0.0,0.0,0.0,0.0,0.0,0.0,0.0,0.0,0.0,0.0,0.0,0.0,0.0,0.0,0.0,0.0,0.0,0.0,0.0,0.0,0.0,0.0,0.0,0.0,0.0,0.0,0.0,0.0,0.0,0.0,0.0,0.0,0.0,0.0,0.0,0.0,0.0,0.0,0.0,0.0,0.0,0.0,0.0,0.0,0.0,0.0,0.0,0.0,0.0,0.0,0.0,0.0,0.0,0.0,0.0,0.0,0.0,0.0,0.0,0.0,0.0,0.0,0.0,0.0,0.0,0.0,0.0,0.0,0.0,0.0,0.0,5510.082959498423,7143.487708928198,3409.12508664266,5878.567756165361,25716.913990974354,8569.18192000283,9333.247363957824,3416.37216556349,13183.956421040502,26525.040880724864,3846.5692242342893,379.0548707975093,3581.6902907971485,6396.778052621982,22718.785519158308,14727.580197803853,28878.656281368745,151647.46134355312,47092.07611300122,9000.324358280239,11324.237568374458,16822.619347640546,18169.322878770952,69975.90061423938,86880.54394707817,10606.808557814147,18556.73302544097,168330.54037646984,439012.0988787741,173930.9741833953,368995.6606432865,782382.940088714,285679.4632158197,122509.0371188996,1269592.9577758133,698513.7874633855,210256.96409137145,187322.2600110131,244020.07432530491,175934.46331598487,127220.20157500489,43820.99521479276,198978.59743893176,398290.14302879886,247473.38572665115,281845.5509147763,100573.02360532084,51218.290556185675,80059.76734307173,274743.84821736603,444343.8194408799,116597.13095162898,282145.28101676796,1223649.1646499091,2196249.8619558667,1440036.0373443526,577197.8691718256,7251.104818008374,36239.57274909199,70440.67598518613,121723.20648926511,209163.17736716208,191813.01671786272,15864.415007685133,123299.82579660474,19699.81955778235,4225.4975867999365,7845.010867898085,11867.009650333806,28003.329193683974,810040.2042000673,419433.96939636895,12293.51313420405,112401.59667069993,243607.45230391962,65655.72539087807,24345.1021991477,26152.187716364122,31085.731244156766,24354.5869205259,30615.224187195578,113253.44022554328,11740.095329812373,27632.72407457269,34774.071431233024,84931.36728537256,144670.6104343548,195958.96755101898,84362.67967665379,30898.216973064038,161865.90940100153,48560.82929306575,9410.990887580705,11052.234776935697,920.511817083287,44555.482508630346,22326.892007296985,18353.875260038545,31488.00748545532,5862.899148149928,23967.04376549527,10816.234600723084,186273.14292367024,79629.40070335017,1974.4471100395635,2713.4712247549705,10193.818723147324,7002.145766669597,0.0,0.0,0.0,0.0,0.0,0.0,0.0,0.0,0.0,0.0,0.0,0.0,0.0,0.0,0.0,0.0,0.0,0.0,0.0,0.0,0.0,0.0,0.0,0.0,0.0,0.0,0.0,0.0,0.0,0.0,0.0,0.0,0.0,0.0,0.0,0.0,0.0,0.0,0.0,0.0,0.0,0.0,0.0,0.0,0.0,0.0,0.0,0.0,0.0,0.0,0.0,0.0,0.0,0.0,0.0,0.0,0.0,0.0,0.0,0.0,0.0,0.0,0.0,0.0,0.0,0.0,0.0,0.0,0.0,0.0,0.0,0.0,0.0,0.0,0.0,0.0,0.0
0.0,0.0,0.0,0.0,0.0,0.0,0.0,0.0,0.0,0.0,0.0,0.0,0.0,0.0,0.0,0.0,0.0,0.0,0.0,0.0,0.0,0.0,0.0,0.0,0.0,0.0,0.0,0.0,0.0,0.0,0.0,0.0,0.0,0.0,0.0,0.0,0.0,0.0,0.0,0.0,0.0,0.0,0.0,0.0,0.0,0.0,0.0,0.0,0.0,0.0,0.0,0.0,0.0,0.0,0.0,0.0,0.0,0.0,0.0,0.0,0.0,0.0,0.0,0.0,0.0,0.0,0.0,0.0,88.90366019084537,3832.368874327201,15410.209543375679,10791.53824153515,5286.265024854631,9918.66943872297,20410.057665004926,31968.368690724437,473946.6796778705,8903.829141508419,11619.679788211717,7254.316201372621,27338.8175487104,19319.766914274864,18077.921061282737,0.0,2239.5942228958065,3278.13172141462,2030.6931785800846,6304.435084260765,12395.745011541512,7244.906363856915,14830.613134297875,12634.931524840902,8503.300595655159,7452.761373530602,15234.173235104441,9152.988418884202,8267.381497043014,17421.84519289672,12561.53778297382,190797.46341839337,92557.8145414244,3066577.14026202,248356.0678744774,272151.20093664405,194842.1286395072,917771.33386021,929968.1134494656,317866.7772637105,4246.788980460165,49614.310473621525,358181.52104455134,198785.89124459669,25056.162283226902,55344.18702001737,69299.0652397886,894726.7853811857,634889.3140292405,280964.12042300036,184600.89263060968,289391.1919479391,210470.4145815716,92054.11905856003,303462.73662195617,985076.3214324315,583150.105392651,1356123.3532241047,421916.80581155187,219417.1589194334,1806011.4897562517,22594.217474395846,332762.9583542751,236791.6485416524,72149.19557981871,1057435.5947861322,113525.86428452207,23590.724784572518,25417.903737912133,7462.185051993671,4620.2007022590415,22326.47610612412,17036.71538274326,51215.02247635176,925360.3248849481,237827.3673250227,9459.81462249421,17523.920610477995,33992.831635064824,44200.31746870237,50575.45083379478,37677.86947181325,74801.67878285106,38466.772519083584,42855.77415973926,61462.48359742715,27527.702615249316,49708.49010588603,58484.742060771045,45985.818185892014,469638.41920734826,159692.2727562987,59423.401541209154,20672.906068913206,70093.38571562522,30465.946528460692,1636.0529236189425,20480.224621412206,37244.35783528421,55832.826704883046,55098.259551323965,29544.992737424338,19085.400311827936,17654.226772421953,242177.44405596767,458002.259406297,1500877.5909774927,1026786.0329582262,28225.17217779703,29632.036442742,18653.98329582475,0.0,0.0,0.0,0.0,0.0,0.0,0.0,0.0,0.0,0.0,0.0,0.0,0.0,0.0,0.0,0.0,0.0,0.0,0.0,0.0,0.0,0.0,0.0,0.0,0.0,0.0,0.0,0.0,0.0,0.0,0.0,0.0,0.0,0.0,0.0,0.0,0.0,0.0,0.0,0.0,0.0,0.0,0.0,0.0,0.0,0.0,0.0,0.0,0.0,0.0,0.0,0.0,0.0,0.0,0.0,0.0,0.0,0.0,0.0,0.0,0.0,0.0,0.0,0.0,0.0,0.0,0.0,0.0,0.0,0.0,0.0,0.0,0.0,0.0,0.0,0.0,0.0,0.0
0.0,0.0,0.0,0.0,0.0,0.0,0.0,0.0,0.0,0.0,0.0,0.0,0.0,0.0,0.0,0.0,0.0,0.0,0.0,0.0,0.0,0.0,0.0,0.0,0.0,0.0,0.0,0.0,0.0,0.0,0.0,0.0,0.0,0.0,0.0,0.0,0.0,0.0,0.0,0.0,0.0,0.0,0.0,0.0,0.0,0.0,0.0,0.0,0.0,0.0,0.0,0.0,0.0,0.0,0.0,0.0,0.0,0.0,0.0,0.0,0.0,0.0,0.0,0.0,0.0,0.0,0.0,664492.367122766,619482.527154081,22661.295267105488,15514.10827010402,6562.790693227863,9569.268858777901,50625.84598467086,6074.81831663714,13655.489083657183,34943.36792843129,8340.506218683986,2513.81495541007,5164.951373721803,8045.143670113976,5111.735602238104,37887.127423059355,2146.152559068153,3734.5576571146066,58829.621438618895,63102.38053649668,24005.694970019027,31956.190811458346,67690.36341105362,9650.11002638314,8822.125043236994,5375.268812098519,7262.72657230316,12498.794062105599,9289.717485409845,21425.16254807837,20861.55695027601,21193.865333647827,4548.575546060606,17551.03610777155,14474.790909109908,118062.28834778638,12403.717649131328,38695.567058559456,29823.030708609465,381675.77614077803,10807.717677738976,27786.94687609638,33890.13759782231,80529.57483020313,228736.458403241,161669.14523300753,127007.55306838923,57667.12545459136,101604.2332151059,682834.0915626867,6125376.670385705,231291.19009134453,1199023.1039793622,1571120.0710487298,134070.8961064193,363740.98184201395,4583400.40940112,6934310.672076139,1494384.467627442,10916832.864503747,1068924.9132414535,2229894.7949764067,267252.98533651896,434595.059516013,188829.10933238186,150416.08489095184,4429303.875649022,493040.15929356817,17781.204186886447,9491.944060613623,22647.629710294226,30593.739193021982,11297.107265836241,34897.597037015395,107637.32834064733,197594.80202901614,66789.59627593239,54592.21425964896,38416.83145209342,45149.64423069706,41262.18983071057,100902.12832292778,75504.05747837614,181227.3398056917,45131.85950902833,38012.926357310615,85763.26343788955,60569.380238234124,27009.33751634952,23398.242499751323,39429.16522874848,38946.91168462399,75152.55394130037,78384.91676696259,88615.34104250192,61671.55214193235,51835.36774953849,22078.54640192975,26507.607111019504,41571.52986026233,44521.89395506288,29343.453058114155,12325.827785214546,2409.743653736796,62649.7382641774,20548.135236387698,258082.39701070875,87356.7784657088,43648.28463137057,92955.16628982879,180950.65220323636,163540.9134756975,8722.739802634052,0.0,0.0,0.0,0.0,0.0,0.0,0.0,0.0,0.0,0.0,0.0,0.0,0.0,0.0,0.0,0.0,0.0,0.0,0.0,0.0,0.0,0.0,0.0,0.0,0.0,0.0,0.0,0.0,0.0,0.0,0.0,0.0,0.0,0.0,0.0,0.0,0.0,0.0,0.0,0.0,0.0,0.0,0.0,0.0,0.0,0.0,0.0,0.0,0.0,0.0,0.0,0.0,0.0,0.0,0.0,0.0,0.0,0.0,0.0,0.0,0.0,0.0,0.0,0.0,0.0,0.0,0.0,0.0,0.0,0.0,0.0,0.0,0.0,0.0,0.0,0.0,0.0
0.0,0.0,0.0,0.0,0.0,0.0,0.0,0.0,0.0,0.0,0.0,0.0,0.0,0.0,0.0,0.0,0.0,0.0,0.0,0.0,0.0,0.0,0.0,0.0,0.0,0.0,0.0,0.0,0.0,0.0,0.0,0.0,0.0,0.0,0.0,0.0,0.0,0.0,0.0,0.0,0.0,0.0,0.0,0.0,0.0,0.0,0.0,0.0,0.0,0.0,0.0,0.0,0.0,0.0,0.0,0.0,0.0,0.0,0.0,0.0,0.0,0.0,0.0,0.0,0.0,0.0,6150.228191365163,31978.389298465347,3760.4854075764865,35967.99260301322,14507.40363699973,15054.914599309099,9356.004526331768,19659.882281068873,9399.86082248195,11910.985908657442,12017.951793323025,9264.909049731803,2713.270400638178,3418.831131343005,4736.92289199597,14031.911480749466,38518.60512394846,7482.439905970432,46763.36679101709,2113714.5245140283,3078700.5842292663,381493.99844837334,6724475.807409569,8929064.897382326,80808.34650384498,11321.664656547597,11117.735866783563,8085.661750793684,18179.464346055094,17966.604061264,56167.84648346626,661403.9367013302,21178.37870143867,12197.840944112591,48083.72358662579,45603.39245935131,25552.47193761313,112698.62035773389,7289.817350305869,48335.249299696676,259930.50503203075,1892.49771518438,6038.93087729075,83050.36771715176,271751.12721707113,124496.16577581665,657657.3380486611,98889.86778105197,965910.6639786259,399132.89447525423,297865.93369503104,1079768.2234684045,154527.06560806333,985039.8385013042,2792726.7183831027,708620.0476251119,1876498.8873266326,33527060.280530456,88092521.14448287,64281714.9426747,32538056.19021906,18921964.93156227,15996721.676798925,15051197.03158421,829935.796939353,183784.44825605367,266198.1880597831,107326.1325442702,25708.115833094245,27449.51732543379,85072.40937248289,68444.80773294844,41268.47716370839,85847.90373012089,96385.97020235597,2100693.0464977473,2099696.934149445,32179.44823891894,19290.537892387132,31400.3518566005,54665.188829736406,544550.3179855153,158392.26408685802,111934.39738439462,7062460.365650617,2250629.1237915745,164968.16161883104,111288.6878892897,65997.50989082632,44689.11154758389,41879.15239537075,37520.472402780346,32227.140514417377,63496.84460022385,49840.76672882199,32979.70015828853,127106.77993270213,3057244.9740535086,69490.6135319066,11778.65363490573,18333.593903409455,178570.42676512018,91316.69755701773,73420.59793805485,40096.58568899266,20372.385988742848,64066.780560001556,137694.52513555382,59263.539802195766,119371.01542363357,108421.4962653014,115640.62184176638,53961.77381237723,1331.0173778611936,0.0,0.0,0.0,0.0,0.0,0.0,0.0,0.0,0.0,0.0,0.0,0.0,0.0,0.0,0.0,0.0,0.0,0.0,0.0,0.0,0.0,0.0,0.0,0.0,0.0,0.0,0.0,0.0,0.0,0.0,0.0,0.0,0.0,0.0,0.0,0.0,0.0,0.0,0.0,0.0,0.0,0.0,0.0,0.0,0.0,0.0,0.0,0.0,0.0,0.0,0.0,0.0,0.0,0.0,0.0,0.0,0.0,0.0,0.0,0.0,0.0,0.0,0.0,0.0,0.0,0.0,0.0,0.0,0.0,0.0,0.0,0.0,0.0,0.0,0.0,0.0,0.0
0.0,0.0,0.0,0.0,0.0,0.0,0.0,0.0,0.0,0.0,0.0,0.0,0.0,0.0,0.0,0.0,0.0,0.0,0.0,0.0,0.0,0.0,0.0,0.0,0.0,0.0,0.0,0.0,0.0,0.0,0.0,0.0,0.0,0.0,0.0,0.0,0.0,0.0,0.0,0.0,0.0,0.0,0.0,0.0,0.0,0.0,0.0,0.0,0.0,0.0,0.0,0.0,0.0,0.0,0.0,0.0,0.0,0.0,0.0,0.0,0.0,0.0,0.0,0.0,0.0,0.0,271.07974731983217,11423.847769824171,20927.742986288024,21402.45063850992,17099.261184308583,559556.1303788029,983458.3705051106,231622.2353624871,31784.753677985056,19427.71028761103,13788.879941585401,2738.8721481812713,3058.5330790639173,17077.699074158743,6875.214445766183,7690.79084547953,278650.1164515852,6621071.0148923,787338.214514923,194122.61569961795,283222.90422336466,853138.7137833284,703827.9462757537,59086.28184765527,15312.017132663806,12945.075014216063,1846.8166712554148,7973.414030795436,11662.097406417528,70434.38304006797,58900.220660479885,16268.130071225845,18649.026934657686,29274.321710696404,51294.75277220289,65519.55104748644,46655.11449656078,20809.774515902838,2199.9831153492632,365092.6931993918,149982.73383163358,43622.79177820416,15111.015615092188,331022.4578341618,259211.00564119947,294700.72539183503,707862.5409301595,46554.02870608277,441077.9996403528,2087400.939678731,14893339.106606515,688178.0254128989,11164785.700843383,61316118.46902914,32535212.99077292,6760050.04919629,11663782.36732816,55818321.382581584,104185603.07288872,50191651.98512461,14656186.014430266,9048129.17188638,17229283.612197842,20231235.279006902,2693378.126921501,215377.04242575468,658817.7116354018,257084.7261339137,26784.107700692064,30668.83821988092,53848.829111748426,420237.26597265655,153277.27280077554,60826.67804913761,182760.6226082881,94028.7571799596,64166.058987373995,44853.266392836646,56195.33992138108,29822.540046710572,147830.1166983574,164497.5501897167,131810.2956388807,194012.48015768133,1243045.7143847798,576739.1943005333,61632.74380850565,48497.24741122719,55920.42894429294,110948.41206004735,97138.24915735396,344680.222121331,92705.56745969283,57719.77282479907,20519.583376233815,22120.53280972721,28361.603115896654,76942.60663323072,167908.68217296558,4489.786501482886,21078.83883162699,38094.80616547997,86774.88398850414,396056.19092659524,56006.68096633378,57934.95036306667,156997.36076738566,583950.379858011,90321.12229507352,142152.76430162674,65344.279793705195,207845.44966914997,79098.34008694883,1137.1395473980292,0.0,0.0,0.0,0.0,0.0,0.0,0.0,0.0,0.0,0.0,0.0,0.0,0.0,0.0,0.0,0.0,0.0,0.0,0.0,0.0,0.0,0.0,0.0,0.0,0.0,0.0,0.0,0.0,0.0,0.0,0.0,0.0,0.0,0.0,0.0,0.0,0.0,0.0,0.0,0.0,0.0,0.0,0.0,0.0,0.0,0.0,0.0,0.0,0.0,0.0,0.0,0.0,0.0,0.0,0.0,0.0,0.0,0.0,0.0,0.0,0.0,0.0,0.0,0.0,0.0,0.0,0.0,0.0,0.0,0.0,0.0,0.0,0.0,0.0,0.0,0.0,0.0
0.0,0.0,0.0,0.0,0.0,0.0,0.0,0.0,0.0,0.0,0.0,0.0,0.0,0.0,0.0,0.0,0.0,0.0,0.0,0.0,0.0,0.0,0.0,0.0,0.0,0.0,0.0,0.0,0.0,0.0,0.0,0.0,0.0,0.0,0.0,0.0,0.0,0.0,0.0,0.0,0.0,0.0,0.0,0.0,0.0,0.0,0.0,0.0,0.0,0.0,0.0,0.0,0.0,0.0,0.0,0.0,0.0,0.0,0.0,0.0,0.0,0.0,0.0,0.0,0.0,11492.771341470296,58205.26039053932,5084.67634700049,3497.9296986860118,4255.615645064702,8896.749093781433,37764.550081372814,62551.36793671048,665200.0142358907,21567.38153937094,34071.41116705831,2561.2407312276296,967.2171012383698,1650.0596569743611,10672.32368199421,121512.33615597762,25513.6706164941,448852.48483609315,133160.74828500443,3713.0236369306717,37648.02252633567,0.0,4870.561075199996,46258.283127362585,22146.657063369006,8582.113448012735,24031.956222427863,38000.20170508231,8251.5463559516,545290.5749513789,465792.05796141824,11635.65275456066,16921.256553217434,25293.97857121267,262671.4573337537,242316.8753358402,8664.274442949316,49031.221710268415,44082.677102301226,15552.562925622973,13767.638879248376,7475.36742279651,17238.72500294334,1653413.8678618618,140773.1641135974,1628147.9227659295,9576.738725828936,5131.620422731176,7263.733803072392,18926.983903927583,2002269.2757487646,11918464.337518085,123309.77913784428,825197.3361569801,3784868.6621722756,7181023.516252326,1395750.9407415139,4707567.423782883,12968706.715693014,7333734.32136148,3636154.8298734915,5258000.52973852,2998608.102907981,20775298.73275624,3270622.320430581,305730.42514713964,283307.13246614044,16948550.83657773,2379225.0689242715,54541.96384709919,143623.84812850298,195454.13410268901,1526664.70979237,445156.0731609578,67762.37264229608,263087.1752553934,69722.81985892545,52157.168649681,15364.589109733752,14811.213461863477,13628.545006369584,13861.763934223134,18636.170389058847,2019.4747021079174,37252.424772335195,263717.8117170216,168387.7967210326,41564.36950800539,31194.76442263072,66396.75335756339,82563.12436822572,32875.631138683144,38604.51098319854,62542.674733972424,47979.44429914207,12434.171694199993,10313.451043371215,25140.244992074284,25015.520617957845,29584.57842722671,282420.10167828394,21724.886111994878,102894.57699757365,63716.19749575231,80559.31332272396,64621.746487819575,170019.90856911347,118556.60145093629,362970.5194267406,87885.69242266836,65544.31697381243,55784.459831977474,89768.19757417048,53839.57268782151,0.0,0.0,0.0,0.0,0.0,0.0,0.0,0.0,0.0,0.0,0.0,0.0,0.0,0.0,0.0,0.0,0.0,0.0,0.0,0.0,0.0,0.0,0.0,0.0,0.0,0.0,0.0,0.0,0.0,0.0,0.0,0.0,0.0,0.0,0.0,0.0,0.0,0.0,0.0,0.0,0.0,0.0,0.0,0.0,0.0,0.0,0.0,0.0,0.0,0.0,0.0,0.0,0.0,0.0,0.0,0.0,0.0,0.0,0.0,0.0,0.0,0.0,0.0,0.0,0.0,0.0,0.0,0.0,0.0,0.0,0.0,0.0,0.0,0.0,0.0,0.0,0.0,0.0
0.0,0.0,0.0,0.0,0.0,0.0,0.0,0.0,0.0,0.0,0.0,0.0,0.0,0.0,0.0,0.0,0.0,0.0,0.0,0.0,0.0,0.0,0.0,0.0,0.0,0.0,0.0,0.0,0.0,0.0,0.0,0.0,0.0,0.0,0.0,0.0,0.0,0.0,0.0,0.0,0.0,0.0,0.0,0.0,0.0,0.0,0.0,0.0,0.0,0.0,0.0,0.0,0.0,0.0,0.0,0.0,0.0,0.0,0.0,0.0,0.0,0.0,0.0,0.0,0.0,10499.361980150761,149012.73284115916,55479.98322075924,25138.030346455605,4030.3701467725023,23521.301689284344,661779.5677933837,1333811.4437554367,19331.81184634051,8899.398271930744,251649.50738669123,69873.34303718872,71263.49418883186,6244.635458846864,59144.985809755046,24462.95519787335,19449.76046987051,31512.39868106016,57525.34575857753,46763.81017474562,23567.59183779859,2311.0872850624373,7577.125025368336,5804.824688215864,3717.345429901175,8071.623368127853,9823.453733624434,4316.04991614918,8026.88544893434,16390.241628967105,43070.06206628889,23987.164203184493,10333.72628575687,31079.55072745674,9129.206992173447,10688.169276282668,21247.246006662746,63127.66696551767,103810.26224525666,3077.256542615925,8943.240249111512,21459.302086888416,13791.867417972244,29482.460248268693,21806.65525054698,24951.653177207263,22877.97516214235,6586.322997768798,5652.022480671685,2218.170470699835,357457.90992030024,475395.4671322692,47863.11456540019,97629.558875557,807821.9045340781,1189389.3173314994,499954.2495428857,611509.1844941368,587637.5848695529,1946150.1776421112,527985.2905328708,1040038.9051511317,453859.7985564044,1598882.7967542927,520966.55999150634,26942.011110339616,64995.06272834774,1046422.6368289427,244403.00292298137,65590.08858931244,54381.97625554528,68595.82401200503,45168.43377279799,259432.58586459712,333560.9155925176,43252.16599631558,105536.89406804409,57454.98411966227,58560.20654309932,15997.425247171852,11254.970434330276,25048.75442308652,26763.00043947491,44784.63941242768,77657.93374212497,634600.1831400997,329031.65535072517,79245.76004464255,56219.21188047038,26064.296850825554,127330.4350500442,149202.21355439906,39409.66810489402,25761.20153684659,40308.15277902938,33661.55443096641,21418.255185197944,29181.166807659392,46245.116119490485,30926.76723859425,165871.10740153692,43584.97464907734,78430.11767528206,293833.96998984634,56135.387729877926,69346.42423207915,62822.70038247967,161453.87478808357,801878.4824666488,30990.205120180173,54195.3130669344,117331.13995249603,639017.9601788719,72101.4350239352,0.0,0.0,0.0,0.0,0.0,0.0,0.0,0.0,0.0,0.0,0.0,0.0,0.0,0.0,0.0,0.0,0.0,0.0,0.0,0.0,0.0,0.0,0.0,0.0,0.0,0.0,0.0,0.0,0.0,0.0,0.0,0.0,0.0,0.0,0.0,0.0,0.0,0.0,0.0,0.0,0.0,0.0,0.0,0.0,0.0,0.0,0.0,0.0,0.0,0.0,0.0,0.0,0.0,0.0,0.0,0.0,0.0,0.0,0.0,0.0,0.0,0.0,0.0,0.0,0.0,0.0,0.0,0.0,0.0,0.0,0.0,0.0,0.0,0.0,0.0,0.0,0.0,0.0
0.0,0.0,0.0,0.0,0.0,0.0,0.0,0.0,0.0,0.0,0.0,0.0,0.0,0.0,0.0,0.0,0.0,0.0,0.0,0.0,0.0,0.0,0.0,0.0,0.0,0.0,0.0,0.0,0.0,0.0,0.0,0.0,0.0,0.0,0.0,0.0,0.0,0.0,0.0,0.0,0.0,0.0,0.0,0.0,0.0,0.0,0.0,0.0,0.0,0.0,0.0,0.0,0.0,0.0,0.0,0.0,0.0,0.0,0.0,0.0,0.0,0.0,0.0,0.0,103.87581002771502,7934.879819451822,23266.596394739478,77046.16697650746,12457.692210973446,6403.265658414325,6360.847789046059,13634.994627611935,15985.07077121352,6503.018410673484,12308.774707822711,7115.488374033238,54852.946962213966,2329070.541898839,2020719.433133683,92434.67979059908,37586.56060952883,13241.16458868569,15573.957068166723,4044.5446383366825,2844.6400574834142,14130.642100951369,11907.419328618722,14489.758066450813,24285.33457979034,6845.260866852658,13549.368407079459,101769.67050862977,68317.36133484037,20304.027310474718,185148.89365570014,15150.008567247743,15226.069630905664,8218.161127697866,1536632.3664448299,75753.8997963024,23019.587445136713,17481.23791649404,73143.11221412508,11938.476031168086,5039.727738183386,10537.474904157369,2907.76402739277,129352.12741707335,83030.4552517808,31839.142044810425,1437.3600738473497,5690.422011376147,10671.471431250546,1609.6879292354108,29250.68669994321,612898.1849032312,20148.189203503927,27097.50620126325,109238.51983354636,203203.54094135374,448741.5447999248,355791.4843441398,192113.72425638494,297616.8982739936,632828.3890283273,197010.68263376498,160751.5068746119,174468.94309894572,51231.549462990486,136271.8240698806,125809.67737956766,248270.0738763652,439983.3107761943,193244.38886722812,124267.3087645584,80973.1865990145,230877.36985451158,385645.49050995754,429566.98597800115,71385.87697084018,61445.703518578666,572255.9293922661,107626.71594356062,33177.94732295593,30148.960396658513,25632.355777304987,21881.592024561563,43414.13926114667,58314.78226303478,389462.328341149,143538.59850079525,168256.63557514487,390501.55613200483,328996.70853940747,41422.00196294149,43650.02966747201,47151.39879489917,17466.96863025145,63034.92156549827,56646.31956112235,40538.61178093923,35841.06750729006,38171.95051082092,64679.00977979654,29490.591109419005,74290.76089222747,288412.0739367469,193695.5232190417,381978.9415692226,162214.49580270707,206296.09388715107,64556.4490993339,86282.92260979164,140962.01115687215,66539.06699692088,93082.24030944261,125640.55561967724,176648.2127468932,67299.73269418161,0.0,0.0,0.0,0.0,0.0,0.0,0.0,0.0,0.0,0.0,0.0,0.0,0.0,0.0,0.0,0.0,0.0,0.0,0.0,0.0,0.0,0.0,0.0,0.0,0.0,0.0,0.0,0.0,0.0,0.0,0.0,0.0,0.0,0.0,0.0,0.0,0.0,0.0,0.0,0.0,0.0,0.0,0.0,0.0,0.0,0.0,0.0,0.0,0.0,0.0,0.0,0.0,0.0,0.0,0.0,0.0,0.0,0.0,0.0,0.0,0.0,0.0,0.0,0.0,0.0,0.0,0.0,0.0,0.0,0.0,0.0,0.0,0.0,0.0,0.0,0.0,0.0,0.0
0.0,0.0,0.0,0.0,0.0,0.0,0.0,0.0,0.0,0.0,0.0,0.0,0.0,0.0,0.0,0.0,0.0,0.0,0.0,0.0,0.0,0.0,0.0,0.0,0.0,0.0,0.0,0.0,0.0,0.0,0.0,0.0,0.0,0.0,0.0,0.0,0.0,0.0,0.0,0.0,0.0,0.0,0.0,0.0,0.0,0.0,0.0,0.0,0.0,0.0,0.0,0.0,0.0,0.0,0.0,0.0,0.0,0.0,0.0,0.0,0.0,0.0,0.0,0.0,0.0,98.20203330629738,67581.75258480253,91967.7214965189,6573.393456953387,10062.295695948536,12504.934944617105,149557.74152160896,14512.892499641233,9890.061039812907,3111.046963086442,7999.854030980567,31992.111307922245,29908.061154877225,103789.46191379748,17534.86447044737,12558.908653536106,10710.938704119078,2485.4269967703717,8657.818047713603,51788.61462759991,60950.79761708765,2453464.455127959,427614.66207092075,23603.002803810497,22248.457051599922,15617.46544901967,51147.04751797901,60030.03176973008,286467.30726049613,194090.66702741396,14348.42105265181,22077.55595108928,10755.886663225267,306251.0821381208,214067.03307197825,14247.303651667049,14823.789685389873,16410.145993873,13909.415349613104,9441.504578865479,6359.369367541516,10880.284414976826,11004.729485728112,17466.87829696575,4411.4866390452935,9497.260259375349,8827.87795923154,3824.5157901867965,14500.073724026857,1258333.5803788505,925942.9505124273,41352.042478041934,16509.17081509664,29116.12431846287,88442.42039367961,107173.614105571,118660.19652065981,87733.32331069541,293501.39586379647,157831.4569199643,105455.32847788345,333862.02285629703,1047279.0052291877,183646.2818153391,34023.12740127761,53888.02593243819,107357.41078663754,596286.9761849741,323422.3673837326,204621.31297665602,198082.61834984302,468093.22087904275,2604454.817454246,156699.64592990917,41243.71308661673,59942.15093684037,83423.2605634481,50138.22920496765,29603.63404664061,29308.78372421548,59733.44287312922,17368.843548521952,228262.7015029098,188849.86768920557,92266.86146718479,376289.00941846496,548155.139544399,74351.97360599473,97744.73447003053,90243.76667274798,74176.72236108786,28196.656456793644,63111.952362582386,34740.93239301274,305295.9474337456,260493.07457366155,57416.89409298329,167694.16687899228,231679.7844852468,54179.971620973534,6508.735298440759,392011.433292907,2104759.8016194957,82706.56971605023,110349.91899706758,211521.7832190033,187355.96966511785,161138.4223034266,181688.73214706348,91162.58761745787,67746.95364740773,91135.77054090964,224057.50071653724,45318.39293504706,0.0,0.0,0.0,0.0,0.0,0.0,0.0,0.0,0.0,0.0,0.0,0.0,0.0,0.0,0.0,0.0,0.0,0.0,0.0,0.0,0.0,0.0,0.0,0.0,0.0,0.0,0.0,0.0,0.0,0.0,0.0,0.0,0.0,0.0,0.0,0.0,0.0,0.0,0.0,0.0,0.0,0.0,0.0,0.0,0.0,0.0,0.0,0.0,0.0,0.0,0.0,0.0,0.0,0.0,0.0,0.0,0.0,0.0,0.0,0.0,0.0,0.0,0.0,0.0,0.0,0.0,0.0,0.0,0.0,0.0,0.0,0.0,0.0,0.0,0.0,0.0,0.0,0.0
0.0,0.0,0.0,0.0,0.0,0.0,0.0,0.0,0.0,0.0,0.0,0.0,0.0,0.0,0.0,0.0,0.0,0.0,0.0,0.0,0.0,0.0,0.0,0.0,0.0,0.0,0.0,0.0,0.0,0.0,0.0,0.0,0.0,0.0,0.0,0.0,0.0,0.0,0.0,0.0,0.0,0.0,0.0,0.0,0.0,0.0,0.0,0.0,0.0,0.0,0.0,0.0,0.0,0.0,0.0,0.0,0.0,0.0,0.0,0.0,0.0,0.0,0.0,0.0,0.0,7298.995183394887,2658.1439290843364,5562.558867269526,4836.095883531765,6467.481476041753,4212.165729285652,8758.212316815829,10741.872689753869,8524.016067468352,101327.96389418944,48173.69822352014,149237.1971066223,125114.21624420844,221728.38874209404,538769.3693464154,1412241.7292366594,470424.7586420167,38730.57272267333,708140.9083747393,6049925.9750917,7099128.515279321,361754.8931652305,120796.56710230728,43247.47234981139,23957.957817293278,36236.43992906231,182687.45649153495,1605077.165821423,3423073.825556317,6570484.701903267,116593.38450398788,82917.98634406432,23984.678950874484,154433.17584224383,585024.5316113434,38884.18029193569,17932.647328864205,26063.220289227305,8689.366712535964,8427.079433736837,4574.1046342423215,10422.56314612826,8496.81306656645,12825.21576387085,5844.171674735967,6923.303379110537,8156.173120600355,11436.437161136322,41414.344060678195,2553492.9257361367,301577.1619395326,28462.063541416184,27329.67406467331,84425.73455934894,39961.52503115547,105246.01895508441,609488.3688420249,68469.71867190476,30267.529763644587,130078.26329784174,230203.1763759081,630170.1978343544,3386678.2555104084,66893.31614638123,83629.34325940508,39996.242682363685,56295.60838976317,189710.44120822352,166902.47216463124,170038.36655486847,73902.29689136505,1211201.8675960237,684474.4766047606,23193.695815882085,25274.0980859679,30561.92719350844,185954.4552241112,52093.11061433266,27780.971114037984,25128.070352983188,56072.9457789108,109566.85161491361,363574.558616939,231447.30164219148,162036.14084283818,23910.249537193966,246078.0290370347,260433.64333947323,133431.10480531811,72476.55005242465,53229.16938995289,32302.918213332392,47674.49834540196,36121.844563826344,55770.89604035304,54375.2469330068,100917.9320699625,883876.6172070917,87367.67806638335,68932.29700761178,42800.596245656954,58572.40812150365,232290.11387273163,295071.310983591,247663.43120596383,158622.90190841354,220737.53052813362,85979.72496563949,459771.6176448419,255912.27854560193,285764.8057473565,1273256.7198110535,1026580.7573129009,49898.30925554826,0.0,0.0,0.0,0.0,0.0,0.0,0.0,0.0,0.0,0.0,0.0,0.0,0.0,0.0,0.0,0.0,0.0,0.0,0.0,0.0,0.0,0.0,0.0,0.0,0.0,0.0,0.0,0.0,0.0,0.0,0.0,0.0,0.0,0.0,0.0,0.0,0.0,0.0,0.0,0.0,0.0,0.0,0.0,0.0,0.0,0.0,0.0,0.0,0.0,0.0,0.0,0.0,0.0,0.0,0.0,0.0,0.0,0.0,0.0,0.0,0.0,0.0,0.0,0.0,0.0,0.0,0.0,0.0,0.0,0.0,0.0,0.0,0.0,0.0,0.0,0.0,0.0,0.0
0.0,0.0,0.0,0.0,0.0,0.0,0.0,0.0,0.0,0.0,0.0,0.0,0.0,0.0,0.0,0.0,0.0,0.0,0.0,0.0,0.0,0.0,0.0,0.0,0.0,0.0,0.0,0.0,0.0,0.0,0.0,0.0,0.0,0.0,0.0,0.0,0.0,0.0,0.0,0.0,0.0,0.0,0.0,0.0,0.0,0.0,0.0,0.0,0.0,0.0,0.0,0.0,0.0,0.0,0.0,0.0,0.0,0.0,0.0,0.0,0.0,0.0,0.0,0.0,0.0,0.0,5621.311693270088,3092.9270861244167,6774.173767365176,8652.915604741875,9198.14125151057,12041.946434669795,7117.849588348055,7716.387315880227,1887262.4171556386,1111909.1198926014,7418.018227814769,139735.69332162564,2367588.0834099734,59341.32520903853,59796.331404371085,5261.891453993897,5745.558258937806,57581.962477782545,242316.1967551228,223626.36984089194,222990.08686931507,150712.46444439693,25722.038498609785,40870.36195008989,67157.95385825733,97729.6854590014,70807.70802442914,479414.93986668566,6546737.955663953,206884.35440631642,43739.22572177627,20676.19343855399,48342.3437235944,13899.731579179073,47883.894936535646,40876.36486754384,59379.518709987984,30898.104573323253,19448.783759505193,678482.4876031468,7331.625391597594,4228.962011195631,7302.024621468236,11425.882122642673,51688.614973116506,15832.37413415367,9825.755605534881,13685.03519040479,188201.37461903604,86206.37644533205,17900.735472052384,11121.316446960702,57836.13003263969,30000.91871052145,281139.80456766556,325003.0718565013,238266.898905435,295791.72657938174,171026.41395896726,95191.1499310521,154203.98545632645,1456402.604748642,101044.7575553644,73292.23342174408,39985.93307863218,69896.47280942061,1006101.1687183217,214320.02446317975,172622.58511620283,2004279.6191054592,7172925.752646526,278991.1075466204,32148.465452028555,38638.72570053104,39827.58767827792,87982.0569861568,47545.751632246654,164262.5945222308,447887.37188610795,95860.18246570758,79500.54934709208,77113.06264467638,47715.65896132701,65830.3713148423,559366.245366051,3495289.4130806862,2194192.2876437143,78041.1366249955,54208.2320080089,32070.949352385986,53347.89979022097,118747.32553671813,84987.86944016162,83045.83435023492,83843.59525523648,65829.9940359262,78276.45443552284,191778.08790571836,241447.27151394179,446244.4876554113,581103.3821761319,43759.54213254699,29506.844559131026,276691.4481142786,2605524.1907868283,331968.7464806742,368018.4534203777,210781.0534196578,121447.90638235403,139003.80175228443,185434.80551574734,124396.51163516889,43379.30623919261,0.0,0.0,0.0,0.0,0.0,0.0,0.0,0.0,0.0,0.0,0.0,0.0,0.0,0.0,0.0,0.0,0.0,0.0,0.0,0.0,0.0,0.0,0.0,0.0,0.0,0.0,0.0,0.0,0.0,0.0,0.0,0.0,0.0,0.0,0.0,0.0,0.0,0.0,0.0,0.0,0.0,0.0,0.0,0.0,0.0,0.0,0.0,0.0,0.0,0.0,0.0,0.0,0.0,0.0,0.0,0.0,0.0,0.0,0.0,0.0,0.0,0.0,0.0,0.0,0.0,0.0,0.0,0.0,0.0,0.0,0.0,0.0,0.0,0.0,0.0,0.0,0.0,0.0
0.0,0.0,0.0,0.0,0.0,0.0,0.0,0.0,0.0,0.0,0.0,0.0,0.0,0.0,0.0,0.0,0.0,0.0,0.0,0.0,0.0,0.0,0.0,0.0,0.0,0.0,0.0,0.0,0.0,0.0,0.0,0.0,0.0,0.0,0.0,0.0,0.0,0.0,0.0,0.0,0.0,0.0,0.0,0.0,0.0,0.0,0.0,0.0,0.0,0.0,0.0,0.0,0.0,0.0,0.0,0.0,0.0,0.0,0.0,0.0,0.0,0.0,0.0,0.0,0.0,0.0,0.0,0.0,2363.7682566579674,6238.111386006823,7896.609294937709,2418.4099774180368,9595.340344323637,52519.176853037236,14229.267494129395,8594.972973021653,99529.54615850272,110056.3707342257,30436.962081210055,26331.089560569304,115419.66885346692,19865.198245830208,38162.80405147973,38303.42580075361,2406462.0010420326,693983.4251740625,1367113.7319638925,398476.92547598307,8129.111594194071,10081.106825776444,472037.2893979341,49301.849573805855,116927.46771304755,898784.8294779498,543070.1476057546,354503.75713617343,16578.884597182685,14651.461006393267,12830.648428148581,6468.365775116064,3591.0333249513806,14581.499115530907,78031.14355598096,248139.68849651061,54446.81331833075,214190.32505501382,25423.549847977127,9608.155419462742,26126.29828195103,12472.451468834015,13308.699479038018,20823.432461478875,14878.326298008094,3054.9816826570222,887486.4482710816,104120.36667096098,56896.72497262567,61439.728482103,20097.103483082043,39515.54282001362,61293.90843998265,234219.3416211375,128535.78508906064,205309.08661002788,401925.90077870165,105522.29939415117,632150.5393031868,53367.62803426254,461927.88005909184,1160664.5244520884,36349.7501181345,91072.57850679816,519782.36429549835,119840.11836474514,105361.31059006648,919647.013111823,772867.513796922,35084.7928861619,62989.905936485324,67791.4562183887,221866.23805282978,150006.33810018486,21520.280776708507,34709.44259427638,173424.97586034428,1275193.3784580634,484632.11166000704,1538938.6066593705,731911.2878738494,275251.6629569855,1467598.0504125168,1324477.7917645841,487356.24506185256,176319.26511558966,957837.2669149155,9360.270112077938,60286.10060483972,46402.4552292447,38718.46402901043,63754.09981775559,92783.38879857576,258302.08123529432,118566.21074314226,18569.768527901902,258053.64068678144,282503.24169863155,139137.81100285822,42316.27737145701,80956.2122079594,87191.94269320084,172779.44836123264,972652.6851029018,323283.9459959344,178229.89730439917,120550.80772719851,143558.58500981738,160436.46914606838,331164.3819529839,46050.7514063117,0.0,0.0,0.0,0.0,0.0,0.0,0.0,0.0,0.0,0.0,0.0,0.0,0.0,0.0,0.0,0.0,0.0,0.0,0.0,0.0,0.0,0.0,0.0,0.0,0.0,0.0,0.0,0.0,0.0,0.0,0.0,0.0,0.0,0.0,0.0,0.0,0.0,0.0,0.0,0.0,0.0,0.0,0.0,0.0,0.0,0.0,0.0,0.0,0.0,0.0,0.0,0.0,0.0,0.0,0.0,0.0,0.0,0.0,0.0,0.0,0.0,0.0,0.0,0.0,0.0,0.0,0.0,0.0,0.0,0.0,0.0,0.0,0.0,0.0,0.0,0.0,0.0,0.0
0.0,0.0,0.0,0.0,0.0,0.0,0.0,0.0,0.0,0.0,0.0,0.0,0.0,0.0,0.0,0.0,0.0,0.0,0.0,0.0,0.0,0.0,0.0,0.0,0.0,0.0,0.0,0.0,0.0,0.0,0.0,0.0,0.0,0.0,0.0,0.0,0.0,0.0,0.0,0.0,0.0,0.0,0.0,0.0,0.0,0.0,0.0,0.0,0.0,0.0,0.0,0.0,0.0,0.0,0.0,0.0,0.0,0.0,0.0,0.0,0.0,0.0,0.0,0.0,0.0,0.0,0.0,0.0,1180.4074810015509,16381.099188034348,243980.14054869447,16599.741188091637,27025.26500515133,36775.35424896257,37650.27363827562,10783.493439943924,1455.2167936583855,791190.7884486608,55941.46459502958,7453786.429123066,11354170.343476493,23781.62151414559,3226428.2322594095,43652.3859319714,883560.4999871417,918032.8444093359,631362.0136316824,27226.054760898995,345838.1823320689,233569.05468386237,54657.70734280418,45387.081810070056,556080.1268138769,1569198.9951482047,369352.38511852757,954651.2114500089,57480.83327617621,33196.65996191801,83263.42996975014,71995.8263337265,2727.09466270056,1584.5030281108707,38704.6860345865,194785.67249666297,233776.33802160475,16484.822942431005,71029.48812410687,14745.40072686424,7744.495112399683,6849.79391083879,65893.00025775356,4742.717719763297,3937.2184025567867,2181.5745974249235,223778.18418493075,273933.12212808523,26992.70491419751,92048.7481615807,36919.19371692527,40078.56389045981,45536.05126704543,297982.29353444505,136950.88003411805,149929.49398879925,114911.82761929306,146536.29067225597,361605.4357795726,96557.06806380203,171066.90793996243,2041900.0658239417,307183.4960011505,258685.41035191534,604315.1937718804,187329.00232388193,119429.7089074277,754206.9390805585,123655.40116587016,125433.26656615493,214262.24558264326,116783.98767934783,184461.3123496013,180484.2649293564,42666.17205519193,137056.8337659134,340685.8667172891,351108.96942633495,83611.2867565869,686496.0011105951,3203606.818181153,3696877.6718016323,1590826.829050598,1312058.9886183394,896962.4955137238,177220.90960979712,119079.06511836358,38621.197613752476,51722.19584866351,213327.53620936698,234049.65339286975,67592.36242121413,143087.17188641068,226318.4456609431,82835.40438061183,47706.13330087074,35852.81375447435,191569.41298498143,46509.49794673626,29805.696242574966,34251.59720554614,35185.674733951,115685.67902516699,401976.89792004396,1168295.2155470338,1809069.4423241047,297497.3073571651,180801.09127704182,150846.63835027325,159913.373968177,37757.00914080119,0.0,0.0,0.0,0.0,0.0,0.0,0.0,0.0,0.0,0.0,0.0,0.0,0.0,0.0,0.0,0.0,0.0,0.0,0.0,0.0,0.0,0.0,0.0,0.0,0.0,0.0,0.0,0.0,0.0,0.0,0.0,0.0,0.0,0.0,0.0,0.0,0.0,0.0,0.0,0.0,0.0,0.0,0.0,0.0,0.0,0.0,0.0,0.0,0.0,0.0,0.0,0.0,0.0,0.0,0.0,0.0,0.0,0.0,0.0,0.0,0.0,0.0,0.0,0.0,0.0,0.0,0.0,0.0,0.0,0.0,0.0,0.0,0.0,0.0,0.0,0.0,0.0,0.0
0.0,0.0,0.0,0.0,0.0,0.0,0.0,0.0,0.0,0.0,0.0,0.0,0.0,0.0,0.0,0.0,0.0,0.0,0.0,0.0,0.0,0.0,0.0,0.0,0.0,0.0,0.0,0.0,0.0,0.0,0.0,0.0,0.0,0.0,0.0,0.0,0.0,0.0,0.0,0.0,0.0,0.0,0.0,0.0,0.0,0.0,0.0,0.0,0.0,0.0,0.0,0.0,0.0,0.0,0.0,0.0,0.0,0.0,0.0,0.0,0.0,0.0,0.0,0.0,0.0,0.0,0.0,0.0,3717.9034230909,18198.120161312403,23281.984970494523,16993.910369246703,15841.738668033806,19454.830338524953,25505.781421527015,559074.6687577127,554933.7974239737,718420.8057914248,115945.55883610941,3246866.6112539335,17865359.271466997,1001462.6613579792,17976.10166718956,8765.13011214797,19028.86202862794,110781.94328607092,234370.27454510515,2037307.5442807279,104978.26570714079,3548817.01545342,135552.1129960622,1650043.572686644,740900.54197059,568337.9817749861,207901.19853958208,286288.9829528364,3389206.892543872,350801.2590544935,403112.2031182726,16731.780510434746,2695.205359126881,14191.91117793009,122009.86707030164,2329156.7304051835,228404.07276374986,11088.11079500088,151360.21860699702,410243.9726896235,31130.879334346293,71420.69594689042,507970.4374512965,442389.296247505,11743.001447664703,27757.555223608648,2223964.8731337306,689555.5141123179,277948.64972130803,320129.500462746,150652.75974885246,431477.6601882134,157513.64283058143,215901.17584658484,699389.1104593312,275153.99905777234,137923.1948982355,193920.17196154775,992705.4087819977,151150.0837536192,191337.64888283287,250152.64828597324,267268.00574864825,1446759.3346566097,2059121.3920463137,405387.2183276504,249722.7021926964,84882.71732357582,68423.43523473645,1882011.2957832613,866966.0098428738,226780.81212012807,217396.78254376748,1508756.2221899505,59335.77870341641,46605.08207915497,15483.898558709772,65883.430796089,110433.90104974346,406035.2156143159,9324588.23699686,11879190.120185554,158227.63688082295,181019.85699912615,101439.49390584795,14497.269333522818,30411.753827496777,46272.615862046594,23795.158249385207,25500.21598042545,38579.39324370205,112662.07549667617,147368.4589447637,962634.8239598323,212591.31346469966,83233.3054223022,43526.161381010534,104385.74922081766,72089.94793161185,40714.391332525556,19850.910657561908,55621.3573812953,266746.8839400179,214347.32284133334,308956.46000016166,2784669.3677877365,216763.59160011192,203375.9898984589,128571.015833143,183276.2347720985,49499.51699874566,0.0,0.0,0.0,0.0,0.0,0.0,0.0,0.0,0.0,0.0,0.0,0.0,0.0,0.0,0.0,0.0,0.0,0.0,0.0,0.0,0.0,0.0,0.0,0.0,0.0,0.0,0.0,0.0,0.0,0.0,0.0,0.0,0.0,0.0,0.0,0.0,0.0,0.0,0.0,0.0,0.0,0.0,0.0,0.0,0.0,0.0,0.0,0.0,0.0,0.0,0.0,0.0,0.0,0.0,0.0,0.0,0.0,0.0,0.0,0.0,0.0,0.0,0.0,0.0,0.0,0.0,0.0,0.0,0.0,0.0,0.0,0.0,0.0,0.0,0.0,0.0,0.0,0.0
0.0,0.0,0.0,0.0,0.0,0.0,0.0,0.0,0.0,0.0,0.0,0.0,0.0,0.0,0.0,0.0,0.0,0.0,0.0,0.0,0.0,0.0,0.0,0.0,0.0,0.0,0.0,0.0,0.0,0.0,0.0,0.0,0.0,0.0,0.0,0.0,0.0,0.0,0.0,0.0,0.0,0.0,0.0,0.0,0.0,0.0,0.0,0.0,0.0,0.0,0.0,0.0,0.0,0.0,0.0,0.0,0.0,0.0,0.0,0.0,0.0,0.0,0.0,0.0,0.0,0.0,0.0,0.0,8432.762277258567,12153.115155757665,12911.218280583536,28406.262106909762,15682.932094767548,17525.229242986992,319925.5292689786,13571.264753314168,248594.94054708874,18056.682481639484,69727.49130072953,160819.07139542897,25305596.336643457,8413830.460665025,83416.9113136578,55940.47148344766,57334.83609144529,119503.60444954416,116200.03788197524,282469.8614565633,552861.7157158946,733315.5702900437,361498.9404253812,425219.8621285426,1297380.578261312,801100.3906986282,655711.0698183364,81682.27350933326,390820.72230865376,199380.86309615342,158969.57365290207,13648.180651638188,176599.05301088514,472641.72358444065,863529.9359842623,203346.80656760055,23447.068724323817,26496.180770881918,21143.232002049954,122457.51803503706,4455.643625480172,23077.516668204553,73727.03350190405,34483.51662500757,9108.223908583102,3737.6789505558545,189411.66425457216,131318.70917061064,54101.54106540242,34817.799390536784,80901.83923296313,71833.15408000175,282243.976260921,1050013.2110182696,207653.72032229125,273336.5459701547,187296.28192644165,517924.9986859717,670559.3101129412,168696.37056274852,482058.0736587825,521279.9707491681,93587.59701859375,406674.5334913894,944153.3725039939,1455581.052756986,158059.0645704855,36356.521537412526,42400.40986026729,1490006.1482511433,158517.13176899357,170815.6357694692,437345.88049652346,164105.02090414072,66150.26709117676,154203.227048861,23278.324853752234,14138.583413432412,69217.74602130632,74774.41479927776,415827.16726979066,489682.6912853807,86313.79913002315,29482.436514274796,17466.06065221545,38346.37446641005,40027.42572969398,20290.550894290427,66281.66257398431,101238.65403100735,120559.54433975514,406005.42221191863,363646.86608117254,375871.98903755395,206162.36493414803,143502.05415155212,316693.9532918874,797247.2962227804,302026.3715253636,227172.46050130238,167062.4812374157,98255.91400509882,1095100.6227950633,956422.0394208427,226989.60425863953,254022.30149687693,262916.0127175631,172066.83108311938,166912.5093630416,656687.5858768753,26131.157342274262,0.0,0.0,0.0,0.0,0.0,0.0,0.0,0.0,0.0,0.0,0.0,0.0,0.0,0.0,0.0,0.0,0.0,0.0,0.0,0.0,0.0,0.0,0.0,0.0,0.0,0.0,0.0,0.0,0.0,0.0,0.0,0.0,0.0,0.0,0.0,0.0,0.0,0.0,0.0,0.0,0.0,0.0,0.0,0.0,0.0,0.0,0.0,0.0,0.0,0.0,0.0,0.0,0.0,0.0,0.0,0.0,0.0,0.0,0.0,0.0,0.0,0.0,0.0,0.0,0.0,0.0,0.0,0.0,0.0,0.0,0.0,0.0,0.0,0.0,0.0,0.0,0.0,0.0
0.0,0.0,0.0,0.0,0.0,0.0,0.0,0.0,0.0,0.0,0.0,0.0,0.0,0.0,0.0,0.0,0.0,0.0,0.0,0.0,0.0,0.0,0.0,0.0,0.0,0.0,0.0,0.0,0.0,0.0,0.0,0.0,0.0,0.0,0.0,0.0,0.0,0.0,0.0,0.0,0.0,0.0,0.0,0.0,0.0,0.0,0.0,0.0,0.0,0.0,0.0,0.0,0.0,0.0,0.0,0.0,0.0,0.0,0.0,0.0,0.0,0.0,0.0,0.0,0.0,0.0,0.0,0.0,3879.4857469200374,13515.44171443774,22037.257178959582,34796.66826418593,21345.98076838832,110237.10802352832,120958.68649306183,11746.307117132805,21364.81716312328,49149.22225030404,120720.10751560678,69209.82989175871,954844.0469178457,1048843.4521516839,389943.06114452035,313051.3125784575,2774259.0986214057,1035611.0601728922,351372.9077825233,282631.4660211437,17082751.964499556,43671480.587183416,2064414.0779992891,246307.6669551,1150307.572704258,347742.8560639395,260504.0185033682,69194.19634229125,174321.35997807898,4076891.15348561,4670800.215674254,58214.70285170851,55521.64462600117,231591.86789073178,652810.9969103725,620515.0894823887,542415.2725472637,54302.17970536266,35382.23426510825,136411.32185208146,13210.308125824886,28521.291398464182,250368.82880415476,18851.015078499044,19060.895001035162,25220.95050812592,652878.4427016305,111682.4379753225,100162.55146867775,37484.74995974167,555624.5328041601,93870.48775274615,211574.02342373919,1306544.8092314478,154349.64057334798,236320.19485140414,109030.20167637731,299992.51155665016,116675.708901112,351087.8266774729,832922.3503776868,240455.19015835275,333372.2744172061,605756.9424667687,168564.91284080246,349024.924210489,37329.847447652486,23962.986014921567,24823.912987443444,76778.46255129861,35537.35324753025,130730.8094088104,352989.15819078457,167765.91681983095,641443.3856042528,145754.3992090473,18392.567469766826,25994.26407117314,6833.854627902676,84165.28030494039,101049.1567438434,199644.6117314479,71076.94260984534,128791.02703792584,106943.04277285536,60856.7055278899,118710.2373988158,206262.50997251028,304423.96655170136,194914.69952080844,122483.60423562856,177954.62279521194,263981.2746810301,401786.64038193855,421621.8004828139,514819.9775883748,686344.9257359457,4538015.473266321,449079.9529939428,279545.9711007631,281187.28166256816,98498.74961930467,155186.02964150638,491792.46308790625,343878.26214819885,225244.15416459297,817689.4811289303,232263.99282871914,245798.77141297597,267854.81880177173,12809.00086591948,0.0,0.0,0.0,0.0,0.0,0.0,0.0,0.0,0.0,0.0,0.0,0.0,0.0,0.0,0.0,0.0,0.0,0.0,0.0,0.0,0.0,0.0,0.0,0.0,0.0,0.0,0.0,0.0,0.0,0.0,0.0,0.0,0.0,0.0,0.0,0.0,0.0,0.0,0.0,0.0,0.0,0.0,0.0,0.0,0.0,0.0,0.0,0.0,0.0,0.0,0.0,0.0,0.0,0.0,0.0,0.0,0.0,0.0,0.0,0.0,0.0,0.0,0.0,0.0,0.0,0.0,0.0,0.0,0.0,0.0,0.0,0.0,0.0,0.0,0.0,0.0,0.0,0.0
0.0,0.0,0.0,0.0,0.0,0.0,0.0,0.0,0.0,0.0,0.0,0.0,0.0,0.0,0.0,0.0,0.0,0.0,0.0,0.0,0.0,0.0,0.0,0.0,0.0,0.0,0.0,0.0,0.0,0.0,0.0,0.0,0.0,0.0,0.0,0.0,0.0,0.0,0.0,0.0,0.0,0.0,0.0,0.0,0.0,0.0,0.0,0.0,0.0,0.0,0.0,0.0,0.0,0.0,0.0,0.0,0.0,0.0,0.0,0.0,0.0,0.0,0.0,0.0,0.0,0.0,0.0,0.0,22395.363269353787,18029.07533494961,31095.488924514837,23070.5457207676,26234.1324800635,18529.956620078192,18448.865264001714,8693.317140956102,20158.177277572726,61750.609787121946,194684.0856461035,222456.2667400979,115665.45845790204,215407.967402467,209793.8971218682,613961.6624032491,152320.49787895134,600743.4051613526,201167.17887299272,592347.110185859,2315573.0399372485,8010818.550747334,1045698.9728012669,120013.47835179878,6153207.153921981,1704417.4244942148,1632912.2718830244,695520.0666908298,624960.7016641198,7962775.883022765,33889938.976334885,1140183.6356478673,17466.240748030516,33961.49149598671,2214719.658647851,479561.056737221,91816.04801912117,454044.9865674747,33028.873764579264,77152.30137308754,706954.8036931527,38018.839710166816,27336.689335361985,78363.8322635168,149356.50732523465,183032.17567611331,343092.3237723743,70482.45781104977,850246.9922925566,274775.18232531263,698246.0108604155,299316.4749920083,1086084.6904554605,1211528.608348203,908429.588495583,177660.9086167614,1753922.4173107229,932077.5579097269,191455.88598058047,348905.05799711833,363730.723695255,222526.35642312822,617071.8339224812,814370.8417836422,275011.0418708662,411943.29115503625,150797.32176591596,17531.104042784787,29742.658072793325,46565.05092193943,46258.855040382645,96829.67101060985,225654.26074933444,381247.3825877522,96968.88249380044,180207.0883969005,207556.20415575453,65221.648913635945,20387.80722517578,84304.06888479483,104849.72153814376,74110.97204941415,74651.17193424082,111304.94035623167,114024.91065981322,114930.73333768552,64944.5012752772,44198.62374098388,110674.86682487675,242363.4802022361,79322.01193498977,575454.8793540257,831689.2545067929,341129.91627094604,513233.18621124455,250663.70282809093,318288.36018706264,1600625.3128399532,294714.64938520244,461940.8216372495,730231.3023951853,44083.23213723407,166818.23252440622,159335.06991275834,114244.9106847909,752089.5176007131,337548.85476653767,507685.8784312375,151447.98326648574,208967.7076321796,9722.193716869262,0.0,0.0,0.0,0.0,0.0,0.0,0.0,0.0,0.0,0.0,0.0,0.0,0.0,0.0,0.0,0.0,0.0,0.0,0.0,0.0,0.0,0.0,0.0,0.0,0.0,0.0,0.0,0.0,0.0,0.0,0.0,0.0,0.0,0.0,0.0,0.0,0.0,0.0,0.0,0.0,0.0,0.0,0.0,0.0,0.0,0.0,0.0,0.0,0.0,0.0,0.0,0.0,0.0,0.0,0.0,0.0,0.0,0.0,0.0,0.0,0.0,0.0,0.0,0.0,0.0,0.0,0.0,0.0,0.0,0.0,0.0,0.0,0.0,0.0,0.0,0.0,0.0,0.0
0.0,0.0,0.0,0.0,0.0,0.0,0.0,0.0,0.0,0.0,0.0,0.0,0.0,0.0,0.0,0.0,0.0,0.0,0.0,0.0,0.0,0.0,0.0,0.0,0.0,0.0,0.0,0.0,0.0,0.0,0.0,0.0,0.0,0.0,0.0,0.0,0.0,0.0,0.0,0.0,0.0,0.0,0.0,0.0,0.0,0.0,0.0,0.0,0.0,0.0,0.0,0.0,0.0,0.0,0.0,0.0,0.0,0.0,0.0,0.0,0.0,0.0,0.0,0.0,0.0,0.0,0.0,26262.73886296154,22173.73292759722,16104.919371099337,23538.274203123186,33006.71333155029,29481.244616643286,31202.18664175284,23810.840062621115,31806.360543000894,733355.8384082497,10904.365704918348,42161.56903937948,222577.5904616908,120135.48775484296,4937233.7932330435,4253375.706614129,457610.22490951617,84851.57281659299,91236.24834100611,113476.52764570867,749944.0313650535,125570.07450809081,365197.05309791723,561357.193507385,434655.15367681533,1460139.1593335762,552357.9763901173,324287.7350905559,215101.62093435382,142897.60276118302,117123.42394460198,1531427.4401841413,263865.92313243356,1162307.245663077,299910.3200679547,37509.85162666373,195662.53854559376,30822.066338599347,672506.8120826783,243853.15923990533,188243.61765656614,395798.10889716685,167871.43899104945,100526.41366349654,429084.096066708,81659.76594331236,567042.9054668114,545321.4381107517,47298.79142940437,419731.5277523524,170074.92073098553,283087.12331240234,294786.5573909314,106565.2514544743,292942.30872812984,93844.18706660303,358437.8022413688,479415.32069589355,224352.32944993113,81873.4750588528,172057.6732685492,354038.8072333514,263094.29946549074,226497.91770841874,556658.2713624288,407998.2057282564,39242.19834542514,11235.329094395785,27041.52066816579,42910.1286494362,25674.51668057402,50971.80817924416,48184.68657346937,56597.75849051019,674645.7127529625,90033.74611849389,152118.09134971298,324582.65109425026,252028.69270519714,19667.854797140088,49762.41061845848,487870.91891746025,96940.01516762035,62510.29547989939,56751.03328427598,55446.712852056065,40801.68396469833,35882.0430061566,46793.24058354152,87522.1782840807,110387.98966620513,97657.8470396804,132533.8130467228,110899.63215537777,178782.279581228,509048.6077370732,206422.37951597566,224487.84901629193,610312.2853372862,223545.3548858567,167130.7097700044,140626.31692890357,117572.52081374775,167808.23643856932,901456.5567897416,1027792.1268378212,332136.0835409309,205789.8373698224,300823.75671251945,261329.7260659365,287453.8980374959,62924.64153555133,0.0,0.0,0.0,0.0,0.0,0.0,0.0,0.0,0.0,0.0,0.0,0.0,0.0,0.0,0.0,0.0,0.0,0.0,0.0,0.0,0.0,0.0,0.0,0.0,0.0,0.0,0.0,0.0,0.0,0.0,0.0,0.0,0.0,0.0,0.0,0.0,0.0,0.0,0.0,0.0,0.0,0.0,0.0,0.0,0.0,0.0,0.0,0.0,0.0,0.0,0.0,0.0,0.0,0.0,0.0,0.0,0.0,0.0,0.0,0.0,0.0,0.0,0.0,0.0,0.0,0.0,0.0,0.0,0.0,0.0,0.0,0.0,0.0,0.0,0.0,0.0,0.0,0.0
0.0,0.0,0.0,0.0,0.0,0.0,0.0,0.0,0.0,0.0,0.0,0.0,0.0,0.0,0.0,0.0,0.0,0.0,0.0,0.0,0.0,0.0,0.0,0.0,0.0,0.0,0.0,0.0,0.0,0.0,0.0,0.0,0.0,0.0,0.0,0.0,0.0,0.0,0.0,0.0,0.0,0.0,0.0,0.0,0.0,0.0,0.0,0.0,0.0,0.0,0.0,0.0,0.0,0.0,0.0,0.0,0.0,0.0,0.0,0.0,0.0,0.0,0.0,0.0,0.0,20734.9277001083,537996.8252720879,156416.66355834118,43840.50824277545,18731.11114417682,24704.311836934135,47548.46592639935,38022.349318497996,726646.0892338178,17576.11250929582,57607.375452357504,36145.89122401638,8735.088243648863,23875.96231838042,37073.654214895294,42631.40046530914,64085.41719224819,319611.0766572498,125365.77519404555,66498.2030903931,131824.16265845924,70964.44453607738,315376.17782596895,55445.13003400823,1009282.4707964526,171242.05307726248,919945.6001709386,392244.0776098686,273888.1365305891,331382.6349250882,34050.397827771594,29857.776929855412,389260.5111365923,705321.8790869385,665551.7458443781,3364821.308215486,2569007.675857604,254152.08403852896,76502.08901162674,405653.4511680525,107690.66156537214,2393507.1719123893,187654.37498704955,101027.22216089806,203406.78240821377,145250.3897713111,165074.95951817732,82769.3981563535,57760.79510048077,49024.77486689618,278536.62688328966,320426.366007083,132008.85107138543,185530.26751983253,84796.14943674594,99072.5701468751,1607547.2443271435,174257.16612081954,212477.64102871975,135451.0561941568,280224.5253399193,430796.3014273431,729178.8544787043,1001200.9074001727,843485.1717354918,928694.1183666178,1607298.5461884788,499593.9436509239,51867.92343869569,113174.2368348465,25192.316561285574,150523.41498134375,64871.98795178577,17503.25992918785,31112.602658047796,24172.96298887092,42493.047714828266,40465.597763953316,193016.482445438,109465.04478039546,65110.97134879168,119686.4041861,86153.40256236155,179070.01665205922,162113.19778360348,145505.63453953227,160870.2105719765,81437.80308394157,101048.74108694356,255357.81724878625,47907.09050841825,115695.2984916541,100210.32723840805,83236.17879295256,903620.5051300203,138950.08192711926,150903.62785331992,203073.7542011553,170973.8089665468,192130.45010020127,477609.14522374794,139821.8327691922,291506.41555555986,205254.71501616365,123726.94766355105,141335.10597888433,680740.6056117691,344589.61774067476,539147.2041673905,227861.54315285792,163986.06209686663,318267.3131371763,140961.3752285483,6136.400106845067,0.0,0.0,0.0,0.0,0.0,0.0,0.0,0.0,0.0,0.0,0.0,0.0,0.0,0.0,0.0,0.0,0.0,0.0,0.0,0.0,0.0,0.0,0.0,0.0,0.0,0.0,0.0,0.0,0.0,0.0,0.0,0.0,0.0,0.0,0.0,0.0,0.0,0.0,0.0,0.0,0.0,0.0,0.0,0.0,0.0,0.0,0.0,0.0,0.0,0.0,0.0,0.0,0.0,0.0,0.0,0.0,0.0,0.0,0.0,0.0,0.0,0.0,0.0,0.0,0.0,0.0,0.0,0.0,0.0,0.0,0.0,0.0,0.0,0.0,0.0,0.0,0.0,0.0
0.0,0.0,0.0,0.0,0.0,0.0,0.0,0.0,0.0,0.0,0.0,0.0,0.0,0.0,0.0,0.0,0.0,0.0,0.0,0.0,0.0,0.0,0.0,0.0,0.0,0.0,0.0,0.0,0.0,0.0,0.0,0.0,0.0,0.0,0.0,0.0,0.0,0.0,0.0,0.0,0.0,0.0,0.0,0.0,0.0,0.0,0.0,0.0,0.0,0.0,0.0,0.0,0.0,0.0,0.0,0.0,0.0,0.0,0.0,0.0,0.0,0.0,0.0,0.0,1235.6259085143397,3923111.7065859926,5563146.775854569,142043.95725795004,64484.51316477025,42066.17959411899,35600.515381148456,48498.93294666814,60227.22654749214,46012.85306773438,36190.226815637165,15920.865387518243,55824.05890363571,18870.43957769035,21497.437185022955,333740.54096667795,25293.40247721194,27624.234591225584,457455.1098473594,257483.72204421842,2456888.2832548935,141531.6189259506,209438.3008020085,20267.971183915826,140108.4521951006,61658.62017855487,121782.99811397353,161897.4152571348,53213.293029459644,206094.66812847284,21500.567463322477,8687.158406469296,16407.219816590943,47157.880342998316,266244.5937307721,397903.2141999486,140592.93783978611,9702.993832263875,34210.44042655505,915520.8530045378,217444.13075971333,104121.87488472274,254278.96705430435,577844.3964048557,71728.28452812729,1083821.1252186527,291257.1902047917,1510252.6599572487,118351.44759934758,708461.7396149345,152090.210321781,116055.03522855957,566339.3421907799,216098.41024288296,93718.60757007849,70401.46969833916,92505.7794825902,255207.2404310936,176293.9563648699,400022.0246311899,297007.4590074725,614534.0973537712,548019.1535258521,570082.899446561,163997.7248809522,434438.19823909097,814092.0756009326,273077.2025940529,107873.04189119852,41599.47454038497,46265.57040200656,51406.426342745624,53000.66875278558,41951.445671857036,29133.082288037498,23461.413565897525,9806.215272077765,78829.6514311467,130074.74794074765,485253.4825340423,55045.29868488863,157136.81209006958,32263.48782752661,58957.02251604291,432752.3304604952,69453.08617536035,90789.44097422114,36944.61924215302,47657.78371622662,34934.60441198789,85807.50002470828,43310.236124338844,145781.23278977664,51017.44295184987,123869.65318608034,193236.5207169766,201748.50059862214,752541.1460623466,721725.0354511042,594347.9992030782,1477057.8470790635,1051183.534297898,249990.6739022663,483679.96234966523,257724.10234717978,180754.70123311534,217116.50788180967,280835.2044229518,358546.82196318347,227179.4884386962,244191.51944050431,720811.3675410919,727937.7740823216,264912.4959005236,0.0,0.0,0.0,0.0,0.0,0.0,0.0,0.0,0.0,0.0,0.0,0.0,0.0,0.0,0.0,0.0,0.0,0.0,0.0,0.0,0.0,0.0,0.0,0.0,0.0,0.0,0.0,0.0,0.0,0.0,0.0,0.0,0.0,0.0,0.0,0.0,0.0,0.0,0.0,0.0,0.0,0.0,0.0,0.0,0.0,0.0,0.0,0.0,0.0,0.0,0.0,0.0,0.0,0.0,0.0,0.0,0.0,0.0,0.0,0.0,0.0,0.0,0.0,0.0,0.0,0.0,0.0,0.0,0.0,0.0,0.0,0.0,0.0,0.0,0.0,0.0,0.0,0.0,0.0
0.0,0.0,0.0,0.0,0.0,0.0,0.0,0.0,0.0,0.0,0.0,0.0,0.0,0.0,0.0,0.0,0.0,0.0,0.0,0.0,0.0,0.0,0.0,0.0,0.0,0.0,0.0,0.0,0.0,0.0,0.0,0.0,0.0,0.0,0.0,0.0,0.0,0.0,0.0,0.0,0.0,0.0,0.0,0.0,0.0,0.0,0.0,0.0,0.0,0.0,0.0,0.0,0.0,0.0,0.0,0.0,0.0,0.0,0.0,0.0,0.0,0.0,522485.03898970847,530359.5228784005,52848.73348554029,61755.99704650636,61160.7297991676,39910.91258287738,36019.49516258261,22042.893709044547,43331.79632547549,61732.3738908387,746248.0412907945,144286.58936728034,208533.0613815533,28323.046987151538,583700.972967894,44592.3722804121,342492.5864516689,42736.80547974238,41792.625525437004,40192.05633880216,1353743.9838431908,352379.14972326683,2632525.946227057,51240.83296359843,31667.15373974149,38121.55636710282,387385.6892817543,155581.48178561014,156792.01924038155,324567.0894162285,75373.50976001934,256348.52634760016,25626.796699126877,42608.48034856487,664133.7232350046,253505.0756255992,187694.33134760964,3082490.488911299,4217132.65033466,30436.0650322117,29190.489849882237,197111.68383311207,197590.49334176566,52148.078659667546,142204.8872676271,431638.76975639525,2898705.126121205,97280.62162617093,330923.7236273629,178493.02588641006,85324.36345072812,617832.5730287862,308363.8398848226,95891.75635674884,191645.77594012732,212013.80632780754,64635.37734963174,210549.95173997598,122447.44401892903,620303.6830939634,209561.95261437047,262168.5590517194,193029.24575048176,377590.1270520694,284642.86680364324,263938.403642956,352073.33202656795,349689.287192934,632227.7413687946,355872.39256622037,46181.29472869215,48374.097658251674,53504.443731168074,46831.675073229875,16989.024043247016,14010.364239276449,25139.245031193812,23876.430081843253,42560.790368255526,50353.43188811305,55536.257346988656,130547.32975239595,95072.45643569005,118290.4548311228,61321.89390986037,298221.25731788075,64155.70686867379,41496.654500675024,61738.652822039,68821.73883341954,30056.49522808283,196821.17478841462,370213.96029747266,34453.03309670452,67175.93496192557,43648.01125286947,74841.37448232729,178640.3158366711,128866.94805428814,283737.2519696865,1483696.4669461735,1170952.8492196575,511462.8565539887,328337.70208318334,227745.57881447495,2222622.431900999,693194.5719776304,213675.63362389832,188601.00873891902,390637.3016537252,247595.1407247128,525858.5965679312,335075.93671249674,225644.44792279653,397679.040498178,202833.43713268073,0.0,0.0,0.0,0.0,0.0,0.0,0.0,0.0,0.0,0.0,0.0,0.0,0.0,0.0,0.0,0.0,0.0,0.0,0.0,0.0,0.0,0.0,0.0,0.0,0.0,0.0,0.0,0.0,0.0,0.0,0.0,0.0,0.0,0.0,0.0,0.0,0.0,0.0,0.0,0.0,0.0,0.0,0.0,0.0,0.0,0.0,0.0,0.0,0.0,0.0,0.0,0.0,0.0,0.0,0.0,0.0,0.0,0.0,0.0,0.0,0.0,0.0,0.0,0.0,0.0,0.0,0.0,0.0,0.0,0.0,0.0,0.0,0.0,0.0,0.0,0.0,0.0,0.0,0.0
0.0,0.0,0.0,0.0,0.0,0.0,0.0,0.0,0.0,0.0,0.0,0.0,0.0,0.0,0.0,0.0,0.0,0.0,0.0,0.0,0.0,0.0,0.0,0.0,0.0,0.0,0.0,0.0,0.0,0.0,0.0,0.0,0.0,0.0,0.0,0.0,0.0,0.0,0.0,0.0,0.0,0.0,0.0,0.0,0.0,0.0,0.0,0.0,0.0,0.0,0.0,0.0,0.0,0.0,0.0,0.0,0.0,0.0,0.0,370.59810585912703,36690.64903092938,787818.9040768634,3893571.613531194,13237.130390662238,27079.2893415891,507428.80695004214,58448.01002983591,33477.16300823819,57634.66625627926,58693.61122933247,55939.33695977855,40468.24526591795,61286.480702870096,47861.82761248753,519068.0081431158,365533.4047340859,2392636.8227698025,15679288.155155027,1117970.924919328,485652.8914190348,151208.26202169497,75843.44869883881,522331.2825551427,263460.8857050908,96506.01981372267,46440.96388161285,15909.894947393592,200675.68173432734,35588.06584732799,19872.96790283057,22602.97281039085,8458.686772568259,13482.7055756192,12546.672817001412,52495.62854203266,105360.42098777146,229290.0249379437,42333.53352484286,177584.9873905168,216495.47683372296,468599.9686679162,49119.73005451505,36119.26866731407,133041.19648794844,2045016.7144387076,1038721.8940570198,173943.63915622607,599836.8063926896,3498904.1057201386,219429.29960163508,665937.0937861593,1132524.8471249137,353917.8219198189,5620203.220165049,490468.2501708969,351331.8385771796,1219834.9302644012,176642.30774888763,21434.526618153694,272778.6006369008,947882.040826817,1827523.3080656151,299636.9990600102,696065.8133514682,971460.6922474758,492397.28720427316,480417.2104313006,513388.3088923825,423167.8014554181,199112.21308686573,362960.00639178004,1087031.105584927,163329.21714011155,17122.17021436482,37794.14874038304,38472.04812213491,244639.72692975402,32746.95606471605,24296.482866751103,20790.046590969745,14024.198709956096,99334.55024566005,73913.90263867486,46630.26545573186,123886.6594732336,114954.62062119627,31461.813318403103,113172.05131963876,136761.70619931773,101029.80970242288,46248.24547836696,80547.34412809537,43465.71085184268,682556.9927548287,795999.9984591092,231580.41754222062,230402.99156055835,66196.96046858691,45117.69170175196,195753.58524188452,196286.47361519389,252691.1871290673,165719.48964363313,202777.27448748465,753706.4750184233,712199.9567168851,331715.17363329034,461159.3283954634,503599.0345612876,943242.2296517811,245976.60684936793,302786.8164049649,376842.8949665332,932606.8728512991,536562.5153360983,182501.38049387812,797260.8433547856,291833.67280987045,0.0,0.0,0.0,0.0,0.0,0.0,0.0,0.0,0.0,0.0,0.0,0.0,0.0,0.0,0.0,0.0,0.0,0.0,0.0,0.0,0.0,0.0,0.0,0.0,0.0,0.0,0.0,0.0,0.0,0.0,0.0,0.0,0.0,0.0,0.0,0.0,0.0,0.0,0.0,0.0,0.0,0.0,0.0,0.0,0.0,0.0,0.0,0.0,0.0,0.0,0.0,0.0,0.0,0.0,0.0,0.0,0.0,0.0,0.0,0.0,0.0,0.0,0.0,0.0,0.0,0.0,0.0,0.0,0.0,0.0,0.0,0.0,0.0,0.0,0.0,0.0,0.0,0.0,0.0
0.0,0.0,0.0,0.0,0.0,0.0,0.0,0.0,0.0,0.0,0.0,0.0,0.0,0.0,0.0,0.0,0.0,0.0,0.0,0.0,0.0,0.0,0.0,0.0,0.0,0.0,0.0,0.0,0.0,0.0,0.0,0.0,0.0,0.0,0.0,0.0,0.0,0.0,0.0,0.0,0.0,0.0,0.0,0.0,0.0,0.0,0.0,0.0,0.0,0.0,0.0,0.0,0.0,0.0,0.0,0.0,0.0,0.0,0.0,18722.714679093544,19893.536960018806,40460.17415848293,24961.919899086148,37855.93310694609,28423.17593498834,42306.53783324858,54809.712082867074,24781.135834972298,49324.37026122988,307637.0189954656,54311.43357416681,48360.85536803363,47605.83680081916,45132.71692147448,59471.633119694336,38864.280927992106,517249.74339292484,5806486.929225663,479782.8303876866,361277.78917635285,380241.7626121412,250399.45188441087,2917696.0071424968,2621548.022532089,432727.8956255495,486780.00439426844,52809.154851376225,46231.91617626759,6687.982103112041,85058.54320160742,32143.70056911377,17590.353683066893,41610.302418276886,64650.766873382745,128579.39115276051,758236.7180312923,97005.46635844512,51141.74753672687,369407.953707385,147001.45940115978,194011.4491438268,67133.72634957518,55928.53689605211,94796.00342886223,667385.2024811907,454994.2299998256,451613.0954657272,688126.7872514797,279044.6932357018,694696.1468685942,148656.8402556637,506380.388318256,359274.1760058999,613729.4242622028,217103.2062931314,52270.80487733956,188236.48614409615,324915.00374770974,33638.377660540646,148879.48215270907,356497.6832678877,358926.0092830242,373008.4575318868,499580.87646593427,653854.396684952,225531.23319133942,736070.6195050344,362635.1939109848,164817.1291816732,118076.89528843107,574527.1100282936,6443375.218584067,161750.01107243425,74090.9722018364,54158.0942541713,27578.440919937242,66964.928252229,29057.598737447544,40036.914823325926,44120.19462910146,32733.74940823413,111424.09885323336,240171.31886445603,432193.0537787893,182456.46252862783,195640.10885402455,169137.20399761762,143639.22669284535,171088.55170305877,219937.44086730795,141743.1183233598,57528.96231613935,10942.457988725811,66003.61251804492,97091.23791019578,81218.09936133583,466876.76174360333,75487.44425741932,70067.83226383592,99251.05185973071,78845.93342025204,106855.8662352511,290518.6125645408,152479.50105308136,411799.79914460046,419187.3720385283,570599.9527277455,354808.07347401837,563793.5143981575,309667.8170102344,484412.9747557013,349848.9197147131,9595365.31965636,11627226.981159182,2142250.6401212136,507756.55003024865,269331.4706507561,228311.11811604013,0.0,0.0,0.0,0.0,0.0,0.0,0.0,0.0,0.0,0.0,0.0,0.0,0.0,0.0,0.0,0.0,0.0,0.0,0.0,0.0,0.0,0.0,0.0,0.0,0.0,0.0,0.0,0.0,0.0,0.0,0.0,0.0,0.0,0.0,0.0,0.0,0.0,0.0,0.0,0.0,0.0,0.0,0.0,0.0,0.0,0.0,0.0,0.0,0.0,0.0,0.0,0.0,0.0,0.0,0.0,0.0,0.0,0.0,0.0,0.0,0.0,0.0,0.0,0.0,0.0,0.0,0.0,0.0,0.0,0.0,0.0,0.0,0.0,0.0,0.0,0.0,0.0,0.0,0.0
0.0,0.0,0.0,0.0,0.0,0.0,0.0,0.0,0.0,0.0,0.0,0.0,0.0,0.0,0.0,0.0,0.0,0.0,0.0,0.0,0.0,0.0,0.0,0.0,0.0,0.0,0.0,0.0,0.0,0.0,0.0,0.0,0.0,0.0,0.0,0.0,0.0,0.0,0.0,0.0,0.0,0.0,0.0,0.0,0.0,0.0,0.0,0.0,0.0,0.0,0.0,0.0,0.0,0.0,0.0,0.0,0.0,13350.850690324212,8224.7869683762,26994.116592869283,60809.11267465359,234227.62364236815,85960.41875685264,45718.6424763736,54362.49900468284,127410.11331415843,173402.2052735614,405670.39226363716,173057.27676866727,109719.43709196885,70262.34101798647,101242.50731583961,120924.02458097215,98509.5448330302,100418.95266944211,58641.9355275587,142524.03422470408,325626.1677236147,489553.0282539539,140043.2998613227,173328.06817910357,159868.3494983315,272975.41752982565,214428.23265529872,174451.9901101439,618514.5996898076,360166.5821910987,41289.42223092465,14777.493221721892,68570.22602410174,23729.18158740886,426616.34275646915,43349.745055077416,1455136.6127373413,350198.2288776269,432396.7912554782,762789.5602929741,475315.52984559076,743423.4981548975,535200.4626038629,221982.49073948135,677294.8841047836,739948.668178011,94026.98719930492,191712.4445128374,298183.08988793637,123589.05115623918,60078.28402218167,70000.31597831764,559088.1128258824,162442.6186405784,596525.3105447674,941356.4031367586,288662.0532749966,56143.87732728795,138238.3716103232,640057.6717797071,349399.48167349974,552716.8743179122,652935.0819008129,410570.8423344268,661624.9878915207,309756.95964400866,896694.2527531043,913379.4908088237,306135.6021437958,2711106.0550682377,150723.3893179317,735801.6069349159,122631.91256944695,208244.49133571677,777992.2713782479,159975.93786880485,293734.41721333424,27303.081422505285,27600.772047600745,170285.68715030432,72073.13478502727,66729.0601387352,35320.92001147842,58116.80048897557,443504.00535489374,684579.9553030455,649587.6945506546,475345.4295723403,259890.39200200184,216898.8933191417,591515.4152441132,122960.58362725814,20678.17465586532,23868.955417512072,36122.948317888186,23372.503272424383,24505.766796984783,115385.90952143457,173766.57233017223,190826.4308485929,103632.28592929637,434975.9189758677,161437.52518292758,115843.41689316103,72821.65185015269,184180.1219131789,342486.83049711084,9965872.314896688,1581600.5989784752,265097.29555481486,825304.3424651223,639770.6115155952,1217621.3616575839,935951.1395414784,830110.0304078383,1012803.5079450049,494504.8690548942,531867.5282545649,440509.0561806023,428033.421598177,321384.1679726399,0.0,0.0,0.0,0.0,0.0,0.0,0.0,0.0,0.0,0.0,0.0,0.0,0.0,0.0,0.0,0.0,0.0,0.0,0.0,0.0,0.0,0.0,0.0,0.0,0.0,0.0,0.0,0.0,0.0,0.0,0.0,0.0,0.0,0.0,0.0,0.0,0.0,0.0,0.0,0.0,0.0,0.0,0.0,0.0,0.0,0.0,0.0,0.0,0.0,0.0,0.0,0.0,0.0,0.0,0.0,0.0,0.0,0.0,0.0,0.0,0.0,0.0,0.0,0.0,0.0,0.0,0.0,0.0,0.0,0.0,0.0,0.0,0.0,0.0,0.0,0.0,0.0,0.0,0.0
0.0,0.0,0.0,0.0,0.0,0.0,0.0,0.0,0.0,0.0,0.0,0.0,0.0,0.0,0.0,0.0,0.0,0.0,0.0,0.0,0.0,0.0,0.0,0.0,0.0,0.0,0.0,0.0,0.0,0.0,0.0,0.0,0.0,0.0,0.0,0.0,0.0,0.0,0.0,0.0,0.0,0.0,0.0,0.0,0.0,0.0,0.0,0.0,0.0,0.0,0.0,0.0,0.0,0.0,0.0,0.0,239071.9629807939,33827.54147908862,24505.571569882348,26139.161159369985,261841.53350413573,1760526.7762383362,893927.9889123465,275864.2637460185,2866488.1470698854,2676430.4392863247,305595.77591984544,659957.6346891732,152128.40623841796,103678.56409989245,105344.68827210632,642685.1800128971,380225.0274503503,72909.85330241141,441072.96977819956,384903.2588590459,346835.3385489995,162266.95257667135,1294047.0234419806,1596817.693967137,825502.632042207,755992.6456688598,2151536.8352009053,857775.2316427808,801526.0552564957,84350.06537251733,393578.0229163824,206715.09130948666,69138.1781851285,28767.00358433412,21343.55656027088,28430.46202029835,36602.23449699955,89733.5085926372,59680.077487487426,164268.10379213153,89767.41104963754,37611.52785280379,139616.53798968325,198923.37602756766,301134.4885023644,90751.07779459412,38980.119835298436,308995.73511457216,448900.6409744173,301924.7371496326,112668.99438550149,128131.88437112625,52362.21132336243,82994.82117852959,295280.43048236036,208160.76111363372,431210.10865203984,119158.61490704614,96462.9759989091,72294.98043596276,165681.85754251483,233041.23806784992,108036.13073552819,647257.8897744578,319650.7286137404,130231.19798953953,135367.5621973228,201506.33374399404,154016.76126052637,195982.20827170933,569342.9062074455,194486.30764610588,231330.86293163893,93085.57889818812,466849.3531985725,178654.92695067637,152782.85122647334,173653.43616024783,66662.3506635772,29807.67099389613,45995.0407605353,186216.3379956488,675293.6047051244,60184.7915484052,121826.12841686256,1035640.058757541,69963.77159187946,101823.26639986811,135858.3314586364,133314.34205425414,77819.34648411247,201858.77280984994,97236.00383475711,47670.79814697102,141898.49053277477,359842.23391142295,247855.72475464735,196774.3041844748,56301.176618414625,23494.903126050132,44348.96382887905,109770.99520021759,107299.57105688147,187891.86526818658,559105.0432987846,229980.01807881898,236161.4244798915,1026350.3814813003,14564449.299805569,1512754.653260847,820401.7476941196,278488.59176810243,440059.33310300444,295074.3799602754,327301.4445619408,350474.9991510977,249117.38284480936,416799.6091518132,497302.697919396,416810.7559646243,205820.1510909675,144943.80214580614,0.0,0.0,0.0,0.0,0.0,0.0,0.0,0.0,0.0,0.0,0.0,0.0,0.0,0.0,0.0,0.0,0.0,0.0,0.0,0.0,0.0,0.0,0.0,0.0,0.0,0.0,0.0,0.0,0.0,0.0,0.0,0.0,0.0,0.0,0.0,0.0,0.0,0.0,0.0,0.0,0.0,0.0,0.0,0.0,0.0,0.0,0.0,0.0,0.0,0.0,0.0,0.0,0.0,0.0,0.0,0.0,0.0,0.0,0.0,0.0,0.0,0.0,0.0,0.0,0.0,0.0,0.0,0.0,0.0,0.0,0.0,0.0,0.0,0.0,0.0,0.0,0.0,0.0,0.0
0.0,0.0,0.0,0.0,0.0,0.0,0.0,0.0,0.0,0.0,0.0,0.0,0.0,0.0,0.0,0.0,0.0,0.0,0.0,0.0,0.0,0.0,0.0,0.0,0.0,0.0,0.0,0.0,0.0,0.0,0.0,0.0,0.0,0.0,0.0,0.0,0.0,0.0,0.0,0.0,0.0,0.0,0.0,0.0,0.0,0.0,0.0,0.0,0.0,0.0,0.0,0.0,84877.15104680741,128468.09480198653,583515.0869463895,23155828.78414621,10634954.20938268,173829.65831366015,74052.23728887184,47706.5783448304,77676.88091574438,151252.41743572007,68769.83291533569,223405.95687569666,92118.5923162493,442298.90321350546,388534.91401888273,438828.07176707656,185838.22118721606,109998.63563249087,130047.2992102971,193265.9141878888,268993.19922259706,170787.65643971274,241871.75946582344,137626.0016772368,133825.78964558063,298277.88925509126,95262.64932957964,230511.52382324016,341119.7857897548,2469354.93457959,21930942.9827423,5069945.434897226,392024.75701225735,955023.9655513389,870099.628007393,522767.6460600043,808368.9606686014,139385.83907185082,78513.85941831306,332911.6923202268,850063.7764131688,880388.290919687,169851.99394040508,707160.2224403325,88423.07354005164,367472.4087653823,558752.4852047965,248202.01134472562,243687.28218107915,169429.71488406646,72509.88156957566,683963.4048399301,545676.9121597913,306506.24681854004,507529.74244744633,149501.02497484325,93539.69844902595,54677.80463302043,356292.67024806497,470990.29938583064,4808417.670730752,189964.6264897083,333372.93793635594,132348.92370620326,554981.5298113902,257403.282716668,389935.2107303848,474583.166259834,212396.7662671465,191492.82258224388,234959.29535255954,128650.68022275153,178429.55697621295,190999.5653673272,637763.8542381718,210582.3063544759,573586.1520327382,533498.7801207462,1462517.9223116753,210538.3389350273,491420.5205304885,393796.96687902487,19565.354522682293,170124.48925185495,72155.536590092,154414.1357855149,38467.52260121142,123026.2302296265,52607.78812728152,134475.92883828626,996249.1074836974,101324.24646602795,163039.0519413247,89761.34558182015,215767.27206153024,318036.42156701436,93716.47985627074,2573897.1320132213,4523107.456562852,229871.55542323523,180927.91782881162,254190.85527193046,90011.94579443207,30780.191576109508,1113193.4006056574,877605.1231875382,223417.3865002272,272628.9955751868,174439.66307442065,188302.66415136476,195262.24763776216,175000.74168659624,279373.9673541436,215156.09168718508,832320.7322197757,584447.7251230234,796388.1605395598,765760.4509416459,1102783.4044921056,266969.4579712782,278010.6187780728,796613.210088686,176169.55148918153,187132.95260844645,1120169.7809716803,142329.095294131,0.0,0.0,0.0,0.0,0.0,0.0,0.0,0.0,0.0,0.0,0.0,0.0,0.0,0.0,0.0,0.0,0.0,0.0,0.0,0.0,0.0,0.0,0.0,0.0,0.0,0.0,0.0,0.0,0.0,0.0,0.0,0.0,0.0,0.0,0.0,0.0,0.0,0.0,0.0,0.0,0.0,0.0,0.0,0.0,0.0,0.0,0.0,0.0,0.0,0.0,0.0,0.0,0.0,0.0,0.0,0.0,0.0,0.0,0.0,0.0,0.0,0.0,0.0,0.0,0.0,0.0,0.0,0.0,0.0,0.0,0.0,0.0,0.0,0.0,0.0,0.0,0.0,0.0,0.0
0.0,0.0,0.0,0.0,0.0,0.0,0.0,0.0,0.0,0.0,0.0,0.0,0.0,0.0,0.0,0.0,0.0,0.0,0.0,0.0,0.0,0.0,0.0,0.0,0.0,0.0,0.0,0.0,0.0,0.0,0.0,0.0,0.0,0.0,0.0,0.0,0.0,0.0,0.0,0.0,0.0,0.0,0.0,0.0,0.0,0.0,0.0,0.0,0.0,0.0,55.845083587085355,391815.89795723674,1245623.4911019548,59986.95333530805,75476.4352360368,1429828.1509513708,175899.97832682228,72450.49985069911,244072.53929362696,95375.52139128043,430771.13877771166,102829.31486789075,91612.66655820882,86823.56390714776,88746.56894999277,764810.8461694015,134501.24782833806,312243.2239061208,226433.62252523913,724212.1737278576,430518.1054489284,161111.7616081055,72850.23380438513,178603.62595095576,105716.89023217016,1139082.8364937212,154875.18716873304,226092.8311384668,251968.2007596137,1403508.5070351202,218097.49548241647,432836.897378649,2319227.7455652924,248451.42828163935,164633.87897224646,234540.86793360737,163801.42765639996,49554.61030874569,528896.0556424514,69742.58297364385,75346.89164793011,533089.9981838972,351938.22763926943,228202.74719603566,429594.80350455816,311074.98374258453,707185.7455080261,230976.77180051972,1186241.887878128,279835.3953543469,441741.6557605006,102896.49144406147,48570.9321121643,292437.2023181678,360131.3862797607,284397.9834341875,347931.65077357634,435702.56376777054,211740.91323489865,306491.372576118,186375.32753910712,542285.286705697,371973.82266753947,179138.66538625766,398704.0166106024,284334.84224527807,264730.8908880826,205581.82839892738,190921.37126399725,851782.1210003665,256766.32452370596,632077.6274381386,131136.9726900573,1036282.2749230337,1359347.363989254,414141.479066911,666728.3889603822,177416.1783606294,790701.6732413243,1731010.4926312338,293082.2925106272,165640.56355362467,531472.4831792194,292363.9345636437,131260.84748860582,75316.49097734611,192087.24615584477,65119.12581952171,83884.40262721147,960127.0947404269,117693.48438470278,99502.04626662907,194741.2504788951,249804.87513394665,331135.80843379704,208385.25357173127,124080.10347915131,532471.2281295366,52387.41810463031,109103.45386282587,295714.9090787036,810964.848636082,1887791.128977651,1624115.7359718625,583798.7246105906,427472.23588904436,506918.3584132331,332027.0239393029,497572.0429227402,305872.1511540372,470786.2445501485,614313.2307910672,279679.17865124857,166651.33176359464,256462.542531257,180397.61592766203,277727.5339258816,511428.3048069546,674259.0334179137,372994.5402920599,409174.90690728487,379179.76653244405,212514.11542631776,247004.13137666677,286443.9245060154,234478.21794164047,366535.0138992935,418608.43661026435,0.0,0.0,0.0,0.0,0.0,0.0,0.0,0.0,0.0,0.0,0.0,0.0,0.0,0.0,0.0,0.0,0.0,0.0,0.0,0.0,0.0,0.0,0.0,0.0,0.0,0.0,0.0,0.0,0.0,0.0,0.0,0.0,0.0,0.0,0.0,0.0,0.0,0.0,0.0,0.0,0.0,0.0,0.0,0.0,0.0,0.0,0.0,0.0,0.0,0.0,0.0,0.0,0.0,0.0,0.0,0.0,0.0,0.0,0.0,0.0,0.0,0.0,0.0,0.0,0.0,0.0,0.0,0.0,0.0,0.0,0.0,0.0,0.0,0.0,0.0,0.0,0.0,0.0,0.0
0.0,0.0,0.0,0.0,0.0,0.0,0.0,0.0,0.0,0.0,0.0,0.0,0.0,0.0,0.0,0.0,0.0,0.0,0.0,0.0,0.0,0.0,0.0,0.0,0.0,0.0,0.0,0.0,0.0,0.0,0.0,0.0,0.0,0.0,0.0,0.0,0.0,0.0,0.0,0.0,0.0,0.0,0.0,0.0,0.0,0.0,0.0,0.0,0.0,1548366.1397293378,183479.85815759614,92680.8075592,69746.87248622975,59237.686909029726,28863.28328945907,66788.24562151241,145122.88847365318,28009.93238796466,42869.196219606696,73486.08289233714,616692.1115577501,549461.66125388,852342.1943412789,1148650.7973002375,301345.3692186741,1850219.6210282613,352918.41445266875,956998.7548141027,1274198.1479708552,7849681.200824019,1017619.4192033604,359961.7148800042,154727.74924323778,811221.9984556143,240623.89245878608,1486488.0428736333,250645.2592396648,182558.768401134,598209.7511065201,278823.14777282346,229603.56268311932,282743.99939560477,456749.2301796515,247716.84991706253,700250.9786826554,54721.686139610145,52670.39713396006,22235.68852879415,867380.2515663351,780314.4548891892,16094.993377277959,1640156.7068629984,2492576.435036811,248403.56847788842,4536234.632835361,2332263.1169993756,763740.628208067,271085.825525744,3091198.3878059178,3335858.6588212973,342093.87062076136,343933.466199873,73395.68466387052,191841.2473546164,3525686.4944011443,900771.0036894031,86366.1179924931,92570.29765823529,221460.788504765,238479.31440372812,70791.68536294298,220133.1397567786,191971.27393914247,639517.3678574944,256406.4242192816,168954.06466900866,231046.49655808986,270676.6440066369,668414.5371702979,640094.3951409748,303071.1935026053,237158.08723795228,316195.25222145644,463103.3361035659,616598.4378501698,388447.09045617876,617155.895392338,645512.5070861718,652267.2675013943,2306306.9887824086,206232.6993842025,199416.78127471101,1337088.8189912932,1478166.2184186885,182593.5294982707,78187.50110351648,48530.25854566744,113486.74303163779,44409.58510547234,460696.0518040281,207951.30460493482,268748.9285105363,195157.63812792106,442324.9797111376,1126284.1901981821,160899.36418588675,181054.31213392148,244417.19883602217,101610.11726222438,206967.66924826516,425476.185039392,478297.1138727639,130269.31850166594,395028.0358608303,414457.4714347656,919825.4118982845,279800.0860901641,196412.77887797673,265668.65451255563,446410.78581921535,365488.7477571635,477724.1068282209,572957.0574506235,588895.330680657,570357.1475448109,214832.43045636086,237033.96139916906,224413.34555899934,240538.5578386148,910315.557212251,921002.0801542246,196939.8330183928,285658.61503756605,1311895.7966375044,717684.5437997194,174947.48684605764,817672.808468129,521586.2966280197,0.0,0.0,0.0,0.0,0.0,0.0,0.0,0.0,0.0,0.0,0.0,0.0,0.0,0.0,0.0,0.0,0.0,0.0,0.0,0.0,0.0,0.0,0.0,0.0,0.0,0.0,0.0,0.0,0.0,0.0,0.0,0.0,0.0,0.0,0.0,0.0,0.0,0.0,0.0,0.0,0.0,0.0,0.0,0.0,0.0,0.0,0.0,0.0,0.0,0.0,0.0,0.0,0.0,0.0,0.0,0.0,0.0,0.0,0.0,0.0,0.0,0.0,0.0,0.0,0.0,0.0,0.0,0.0,0.0,0.0,0.0,0.0,0.0,0.0,0.0,0.0,0.0,0.0,0.0
0.0,0.0,0.0,0.0,0.0,0.0,0.0,0.0,0.0,0.0,0.0,0.0,0.0,0.0,0.0,0.0,0.0,0.0,0.0,0.0,0.0,0.0,0.0,0.0,0.0,0.0,0.0,0.0,0.0,0.0,0.0,0.0,0.0,0.0,0.0,0.0,0.0,0.0,0.0,0.0,0.0,0.0,0.0,0.0,0.0,0.0,0.0,0.0,8586.001447286075,3088872.4100349783,172092.15722342161,81028.49343515262,54927.993372196,59249.27949295547,87610.64397445536,174330.2637092136,37687.1230879164,24597.76262328944,47179.271224403245,53634.36723989055,43793.83399029642,43271.21661425635,79181.8299373277,326865.71598113177,2125976.671458573,1721099.023272367,1382469.816922785,2781656.249766568,1682051.9108436573,1864118.1840866671,1699311.2882229926,454116.7867161548,218556.7104609706,220624.8261500394,197001.0662717899,54051.67903520945,331199.3777855976,379022.2275453775,5572134.610571785,1439338.8273319888,802507.6532456859,428425.5303278578,1173667.6634535338,233228.1634453623,364673.1410168648,179864.10550261152,332042.04464386473,55245.808877872274,131379.0608283256,188057.88123439654,54081.81519770948,173561.46437238366,368875.7151933269,545772.8246467086,515357.7290146168,409778.30912963604,1212345.797463574,851456.8008013087,989307.9249772143,595307.3419461029,345213.9957765087,147392.71108913192,199954.8611239669,551605.9588397433,770161.0657395974,259789.08166689536,83268.98205662906,59844.100340107405,70329.08092934884,370025.4321015669,142599.87419963523,523777.4540667931,233235.87347355502,355633.2621368258,317773.4682390967,265459.8492755181,826593.867951384,404820.42352643167,4865412.229678698,283836.07655260083,982460.0981707135,579935.8639706691,221200.53154530918,1174929.5813552865,196337.39154541117,755887.3830983724,391164.4111880604,2095011.5702316603,690876.3874616862,586747.6330508023,382472.57152965444,182527.820001178,470530.5879242172,222703.32346925262,457283.5614754382,155850.90999279264,167532.8719433596,37497.99205294985,82983.06504244247,558436.656777434,75484.6906457202,117177.89559524182,236576.57372872805,827912.46668992,218821.76913354537,118016.73871300806,177799.7326986359,604550.914325636,792491.9035161037,111287.31769135073,157919.4934460186,97575.33644780295,124417.61489575752,166181.7708893427,263247.2957620952,262936.89513540897,499518.23685119324,660502.401409854,557128.3777950265,588738.2206907726,369346.1652770024,360898.86708018754,552304.7724213016,219586.03920758396,559486.0172495418,201494.7994652831,185944.74921616586,328143.76358152815,533122.8637589307,518558.48539795895,370613.58236893616,341875.22949110507,191699.46298421017,203298.8535381398,276241.1560769397,476624.6664556785,1568586.7987335266,376783.43781416165,0.0,0.0,0.0,0.0,0.0,0.0,0.0,0.0,0.0,0.0,0.0,0.0,0.0,0.0,0.0,0.0,0.0,0.0,0.0,0.0,0.0,0.0,0.0,0.0,0.0,0.0,0.0,0.0,0.0,0.0,0.0,0.0,0.0,0.0,0.0,0.0,0.0,0.0,0.0,0.0,0.0,0.0,0.0,0.0,0.0,0.0,0.0,0.0,0.0,0.0,0.0,0.0,0.0,0.0,0.0,0.0,0.0,0.0,0.0,0.0,0.0,0.0,0.0,0.0,0.0,0.0,0.0,0.0,0.0,0.0,0.0,0.0,0.0,0.0,0.0,0.0,0.0,0.0,0.0
0.0,0.0,0.0,0.0,0.0,0.0,0.0,0.0,0.0,0.0,0.0,0.0,0.0,0.0,0.0,0.0,0.0,0.0,0.0,0.0,0.0,0.0,0.0,0.0,0.0,0.0,0.0,0.0,0.0,0.0,0.0,0.0,0.0,0.0,0.0,0.0,0.0,0.0,0.0,0.0,0.0,0.0,0.0,0.0,0.0,0.0,0.0,0.0,1201667.5613515305,1349466.600163282,150162.91347440105,42336.558335769885,26084.216585001734,58126.09541403494,737961.6801743519,52587.98270924483,58111.081103994096,518896.11292416975,42476.56889714963,43918.99261374404,60055.887472521856,99292.40940953021,347116.27996355295,582699.92512356,3192374.8972448856,14768072.77623911,30194458.006854527,7835976.958788099,4076026.062482289,577654.2407254048,4189204.562263596,570892.3608444319,222624.2812280701,524892.9022182077,258971.1678909446,794222.7701571315,277439.5433778637,212824.5419815449,1671858.585576835,717749.5395930565,613398.4182495222,412757.9349409753,1924582.518197349,297978.96703334904,1820027.1850761403,137145.1449098509,105135.4794948284,236233.5578663429,169305.28394705994,97758.45229056281,172363.49082376543,789513.6714353573,116873.83544034758,1225167.8946900447,567227.4136904876,598137.6929980785,231304.85084562632,362904.5697072422,1097759.5725326275,2786536.4355432224,614730.8223395725,166255.05163024878,380810.01224813546,711810.0775685984,357000.08364835574,95804.46440401205,211693.53004696776,170526.87714266896,45382.62134745649,39054.095749898,71243.26339677568,283717.13551962137,168092.09226772556,394412.2644404797,1414848.3709189766,454511.18010367383,538903.1746391375,320668.6532124007,794293.5924625145,99532.38401944812,435368.37675742776,218694.63254915268,185531.8739348115,609315.4814189824,202271.94783351477,602159.5362360408,501737.46074402134,857919.7925002815,5874060.055608349,1828155.026985273,557154.8791901793,466067.0895190878,354973.02846087515,511671.77893817634,624102.8326943099,534677.2132807494,45572.40120629019,103755.88977349381,297570.65201701527,594454.459653347,99725.42430934074,177866.75351132592,568994.163626939,629993.2240458769,163766.91471418517,508040.672655763,1399312.7000110268,408913.4262703931,304001.2986754913,158279.2059526225,511950.4613447232,498588.7583260513,398198.5823250222,147974.8270275332,511221.50335851253,595193.5495695851,397655.7685323866,301429.97934451065,189697.6662617597,592714.9425600879,207438.92054029403,394556.88818894234,250205.153870107,489033.4282844994,222894.8148911582,133163.57082255773,215250.651785494,201711.8675340945,347604.49156844,287023.42001848435,491049.3449129374,457720.68039251625,449082.5848969889,409256.4649007283,208493.0966111438,265714.32795989804,693393.9985818351,66849.93007116682,0.0,0.0,0.0,0.0,0.0,0.0,0.0,0.0,0.0,0.0,0.0,0.0,0.0,0.0,0.0,0.0,0.0,0.0,0.0,0.0,0.0,0.0,0.0,0.0,0.0,0.0,0.0,0.0,0.0,0.0,0.0,0.0,0.0,0.0,0.0,0.0,0.0,0.0,0.0,0.0,0.0,0.0,0.0,0.0,0.0,0.0,0.0,0.0,0.0,0.0,0.0,0.0,0.0,0.0,0.0,0.0,0.0,0.0,0.0,0.0,0.0,0.0,0.0,0.0,0.0,0.0,0.0,0.0,0.0,0.0,0.0,0.0,0.0,0.0,0.0,0.0,0.0,0.0,0.0
0.0,0.0,0.0,0.0,0.0,0.0,0.0,0.0,0.0,0.0,0.0,0.0,0.0,0.0,0.0,0.0,0.0,0.0,0.0,0.0,0.0,0.0,0.0,0.0,0.0,0.0,0.0,0.0,0.0,0.0,0.0,0.0,0.0,0.0,0.0,0.0,0.0,0.0,0.0,0.0,0.0,0.0,0.0,0.0,0.0,0.0,0.0,5097.8554739377505,8666651.699744795,1083651.6071328735,284779.0138313016,233231.418269891,22027.947703848986,30030.852578680693,133443.39857526915,312156.9185130289,81679.87593609888,619596.3806899695,82013.1312585863,55454.44565122947,165777.74378256046,110592.38762798609,617706.1634298759,3288554.3409995222,4943457.623505434,49393243.85067716,88119032.7419975,24705400.006818503,2819268.8709472315,523924.7711258471,615677.1487457941,198271.80512760117,305726.7500266092,1088533.284868251,281546.4598712769,685259.9503825393,786637.0392591729,1040110.5407056147,351034.14565360616,1703475.8391826334,1102694.7947227848,853964.162097453,1122290.0473976708,184207.7844497719,234886.8257772798,547115.5864500208,2705215.053051424,1070916.6386254698,494402.9161098364,804025.0775995157,4104482.341560511,1957139.6360799633,389479.80805366917,320316.87308978965,1090516.6387267674,137537.0556376745,163197.82771610125,494871.9795714471,492753.81795830384,2812831.7657821653,730145.4870599747,573927.1392186836,216815.85460961048,321214.3658473284,87053.39022372797,450414.33166488505,516171.36166649766,166482.41013300625,43939.54117011695,75705.44393034952,203976.84139193865,1960145.8191928216,257948.86058790024,546981.8572511673,361502.02283953154,4321024.451100358,1233876.8180643022,500878.0962078851,1728953.591323484,176334.66430688294,127042.43463941326,350399.11506794975,252691.05033174343,804333.046885878,129296.62780240896,583842.2837299197,412709.2853012582,1221065.0580579815,1401627.0979635809,850510.6491916198,865108.0153389289,662226.7366838995,759106.4502624507,1061971.8262750395,1011832.0325191633,125892.75494335908,127007.6953362464,129698.60696581674,178008.6619302997,1082119.1715381616,303737.9458734876,273667.32042671216,379388.73712190764,243099.1360796229,470803.20476445847,333645.9857025467,552898.7908985312,238536.1324588898,164085.90617716266,177681.89208336282,955854.1467788552,163702.23384180706,288600.3432264741,419684.88944147783,360677.33946290554,145460.20325536496,386072.25400060107,158183.9356484895,179935.48006790556,534249.7047680377,278801.2888877893,308163.9332506865,405749.61133903643,587023.3290471379,487330.3656898803,226644.61956618546,229409.74235589558,272794.80647228425,814978.5521222269,748534.0542798291,314082.269068739,315946.4526337635,329037.7710626954,198901.9278233752,707092.6309754956,365733.0660675196,255418.93227737304,75881.15036813852,0.0,0.0,0.0,0.0,0.0,0.0,0.0,0.0,0.0,0.0,0.0,0.0,0.0,0.0,0.0,0.0,0.0,0.0,0.0,0.0,0.0,0.0,0.0,0.0,0.0,0.0,0.0,0.0,0.0,0.0,0.0,0.0,0.0,0.0,0.0,0.0,0.0,0.0,0.0,0.0,0.0,0.0,0.0,0.0,0.0,0.0,0.0,0.0,0.0,0.0,0.0,0.0,0.0,0.0,0.0,0.0,0.0,0.0,0.0,0.0,0.0,0.0,0.0,0.0,0.0,0.0,0.0,0.0,0.0,0.0,0.0,0.0,0.0,0.0,0.0,0.0,0.0,0.0,0.0
0.0,0.0,0.0,0.0,0.0,0.0,0.0,0.0,0.0,0.0,0.0,0.0,0.0,0.0,0.0,0.0,0.0,0.0,0.0,0.0,0.0,0.0,0.0,0.0,0.0,0.0,0.0,0.0,0.0,0.0,0.0,0.0,0.0,0.0,0.0,0.0,0.0,0.0,0.0,0.0,0.0,0.0,0.0,0.0,0.0,0.0,0.0,9224820.517181816,50166373.680721015,2777646.2531789932,135406.71251849196,77496.67175069771,77252.1345125843,68168.83002773969,224826.00906795615,190220.39950578834,749802.106053774,112301.34962451979,117065.53490846684,126541.1813488999,299625.4904781785,114710.5505534356,175613.81321122442,773501.5642835827,3047721.432373292,19512265.419440717,59675092.55165127,16751421.025902934,6887633.912245518,1630443.970499029,989559.7803492877,2011007.2544276775,7567354.555873959,2266123.14855662,190504.70990648237,477169.9983584443,357046.23841555463,420616.7004521617,558569.7252350771,906470.9584126017,2358922.331501087,896855.821596924,414683.70419288334,566830.9490317239,1149663.2715241509,1174545.2554070405,998817.1773920666,278003.87208548444,758835.4891709038,698990.3355679085,18101448.12763818,4898915.453969332,387835.0003682714,481868.1253150287,13563166.395437682,1127266.511564281,277859.3658890726,1227807.18075699,719449.574938851,728282.8268436999,240880.98125865715,559501.7352518133,639741.9460264099,1215571.9500364442,345553.9435657096,624763.9724897888,1636915.6881522997,573755.4760386249,198391.072689511,800132.6955459265,299086.7526410148,668374.7158909328,241452.97824357467,566898.2736943766,258411.8682050734,1116807.9380586187,515873.1760709471,317127.9732740071,437478.9299124408,530349.3906081244,259461.61554432835,818197.5398419874,343202.74762184377,874934.2771793052,279660.0797747597,322244.5005884436,462153.411122703,470679.4042194136,763741.7190851332,1050890.026671886,692146.3633317328,656476.9696761084,417399.4491767036,511973.46242353064,342695.74212811026,185773.72400632335,277595.61227800255,402425.7520935787,399423.5370684661,433193.25107919774,272279.7171878864,588671.134357831,275707.0206981368,680691.0782927778,1037868.1350779424,429729.8320674241,360833.43571445247,324270.32236767036,666447.2033664691,391748.3950423303,561414.5954366191,269585.4958850348,248330.75442212698,485315.6388545334,310336.26043484977,338604.01256595686,1064550.2611529394,1214219.033782,449818.8934465074,292147.81395796826,222266.3384673463,428150.57039518,298707.77491630916,261434.43284885015,325730.6199363746,226980.52041409054,248728.60155222268,334260.3450468802,302003.0366018544,452506.9623302365,713961.5489431544,1218734.2924883813,419042.1741193992,218292.90138895687,268842.90203101834,215909.65175395136,205650.77061759896,86268.75257907654,0.0,0.0,0.0,0.0,0.0,0.0,0.0,0.0,0.0,0.0,0.0,0.0,0.0,0.0,0.0,0.0,0.0,0.0,0.0,0.0,0.0,0.0,0.0,0.0,0.0,0.0,0.0,0.0,0.0,0.0,0.0,0.0,0.0,0.0,0.0,0.0,0.0,0.0,0.0,0.0,0.0,0.0,0.0,0.0,0.0,0.0,0.0,0.0,0.0,0.0,0.0,0.0,0.0,0.0,0.0,0.0,0.0,0.0,0.0,0.0,0.0,0.0,0.0,0.0,0.0,0.0,0.0,0.0,0.0,0.0,0.0,0.0,0.0,0.0,0.0,0.0,0.0,0.0,0.0
0.0,0.0,0.0,0.0,0.0,0.0,0.0,0.0,0.0,0.0,0.0,0.0,0.0,0.0,0.0,0.0,0.0,0.0,0.0,0.0,0.0,0.0,0.0,0.0,0.0,0.0,0.0,0.0,0.0,0.0,0.0,0.0,0.0,0.0,0.0,0.0,0.0,0.0,0.0,0.0,0.0,0.0,0.0,0.0,0.0,0.0,0.0,8320393.880776973,22798766.73277919,2654306.651692333,240589.31665688165,56940.54651774562,85463.38813946412,906893.5004781636,652969.0165348514,189239.49778734433,3590661.776774476,622956.3807944667,227973.65259114563,823403.5983957943,1650243.4977572756,554104.9667144765,198136.81153338545,1052751.1354144933,3737941.5280420133,4945210.582620518,8760520.16100505,17884697.82194002,6180193.906441291,3286714.7522141044,2611997.2324226224,2115517.217605898,2254465.9965196038,2293522.2512619635,1944473.212342995,1790597.2670789189,338422.98295203666,520583.8158967251,1272142.1019664137,563666.5887636291,1492309.9977740056,4936147.779097351,786822.6918370884,901602.5678011249,1839712.7535616567,355430.08513015474,1175644.0452764346,260534.31432146946,305166.4486668348,651495.1929993591,1186645.9667788628,602160.1168665969,978340.7477785599,1149626.261582688,5298835.632017364,1970187.179510544,2281581.764634661,1950215.7153520808,634492.6438774008,1164706.2360904901,563260.833593254,1149637.6372320272,647955.0450686051,855033.4083762674,707966.80003012,525102.8740267676,729639.1638277614,429138.175241295,211500.73995859368,273917.6049025356,358721.23112122406,397619.0717521329,308590.5894755088,349290.1470207361,203228.83042452554,502173.1296750086,1009768.2117566166,302124.715735998,575165.8595451585,463772.0426415382,345910.38330746914,498361.74746308086,457570.9120113353,369799.4657224118,210725.74094874883,656463.3703443947,644063.4403447454,2990465.80958273,5458744.52990428,3185972.913215997,2401647.57223067,1251242.9083545622,564331.8783033737,338165.9631769549,265403.60097224,388667.4852638473,167878.82632631087,168759.73834361788,1018166.7858587685,242897.63337038027,280702.4771822007,264520.69967141177,667608.221616209,665970.417414898,596863.9982486698,510502.5248145999,403296.8547043108,573266.9601625076,864864.0736922923,604438.7615949521,496578.2624477734,308385.1494233381,1018089.2912405968,267084.33827002946,333125.6760891001,350274.01731587714,1023317.7469719164,219639.3607910432,221656.4358270816,289250.44410473166,275070.7622682767,703153.4437693114,399221.4430898521,527073.7810832713,4938126.041724522,2869622.0680534523,271834.52517031104,294401.84934975195,366527.88592677645,190135.1846608043,301903.37120737147,873684.3468218845,362114.0805920182,186864.58638925868,228488.59604344156,330153.64120715647,177023.48092417256,79496.62180654894,0.0,0.0,0.0,0.0,0.0,0.0,0.0,0.0,0.0,0.0,0.0,0.0,0.0,0.0,0.0,0.0,0.0,0.0,0.0,0.0,0.0,0.0,0.0,0.0,0.0,0.0,0.0,0.0,0.0,0.0,0.0,0.0,0.0,0.0,0.0,0.0,0.0,0.0,0.0,0.0,0.0,0.0,0.0,0.0,0.0,0.0,0.0,0.0,0.0,0.0,0.0,0.0,0.0,0.0,0.0,0.0,0.0,0.0,0.0,0.0,0.0,0.0,0.0,0.0,0.0,0.0,0.0,0.0,0.0,0.0,0.0,0.0,0.0,0.0,0.0,0.0,0.0,0.0,0.0
0.0,0.0,0.0,0.0,0.0,0.0,0.0,0.0,0.0,0.0,0.0,0.0,0.0,0.0,0.0,0.0,0.0,0.0,0.0,0.0,0.0,0.0,0.0,0.0,0.0,0.0,0.0,0.0,0.0,0.0,0.0,0.0,0.0,0.0,0.0,0.0,0.0,0.0,0.0,0.0,0.0,0.0,0.0,0.0,0.0,0.0,0.0,4814313.009422887,7083459.079828085,2289193.7812061785,100810.65272835935,7688.625592443082,16926.066780371282,84297.03335306348,483044.4611384847,3366737.395030221,321331.9780812967,950066.2884734917,2177871.8477571546,533667.6955330375,452315.03026157257,441143.8350347227,1725483.3358482188,1348386.824604202,910929.7751700487,1271763.1810006364,7607611.882199127,4183814.5411840184,12732194.780379433,15759109.287129838,28260704.958103307,19237703.918605264,7727527.8626005445,2026186.0908992847,2273107.3126280825,5388589.971911091,478794.29413450643,485909.24386709573,574740.1483369451,824673.9180338198,1133388.7343735485,750504.986581236,1083670.172521753,2007164.0619118384,5202703.2987658195,1199803.0422855378,333686.15272271645,225124.62706477623,473487.4618280879,194294.78421336712,225169.52437298463,801859.4443610096,962503.0550912502,3805002.042550968,2992074.0883896207,1138113.4700436085,1620757.303320927,736685.9655475732,493393.86652052274,1563701.5172815968,797433.4043860792,431069.66711397696,689373.8180496923,990007.3973745059,1051597.7288974156,519190.95701915317,394913.372662587,228323.90283802478,773757.6531421377,794503.4223408473,320096.8746673341,1223645.469800328,372982.09654444177,668998.4659758167,1150613.1348686444,1278207.2638181811,289382.79730967263,1049478.2315074191,297697.0596743581,638827.8367585053,160787.16808316077,1516373.6996112727,437572.9871485281,594763.981597152,256206.7697120019,328382.2504587576,585924.834533528,1365956.2612702376,1156799.4810915117,3453510.028542236,3031631.718467219,705508.3518761564,348892.17617922963,498230.3198491529,670446.2511039149,324329.28027195926,461564.42301598703,919563.0440147787,523678.4262619982,209402.45422963772,181744.31488271905,453772.8752022149,1020341.8434956751,731541.7894018495,804009.4246878161,702697.6941814349,675754.3908692552,682125.3063350776,650160.2222817718,494618.89860110683,346460.2625438336,470006.10157687846,569410.5278001139,281716.20687608066,407446.5768564618,979736.4603371228,7021850.860226994,427990.8202275032,391481.83346991945,846413.6791094933,395829.013701228,504620.27026366605,323995.4587014511,308593.1899008466,355183.7915169633,397055.96938570857,335597.8716062772,234795.76354889746,291501.3443744723,290193.07834237936,341994.21493499563,218473.85735698236,147571.34946574585,253184.01870877104,186187.95444493735,174877.95499398542,252294.96441063142,56671.0800982764,0.0,0.0,0.0,0.0,0.0,0.0,0.0,0.0,0.0,0.0,0.0,0.0,0.0,0.0,0.0,0.0,0.0,0.0,0.0,0.0,0.0,0.0,0.0,0.0,0.0,0.0,0.0,0.0,0.0,0.0,0.0,0.0,0.0,0.0,0.0,0.0,0.0,0.0,0.0,0.0,0.0,0.0,0.0,0.0,0.0,0.0,0.0,0.0,0.0,0.0,0.0,0.0,0.0,0.0,0.0,0.0,0.0,0.0,0.0,0.0,0.0,0.0,0.0,0.0,0.0,0.0,0.0,0.0,0.0,0.0,0.0,0.0,0.0,0.0,0.0,0.0,0.0,0.0,0.0
0.0,0.0,0.0,0.0,0.0,0.0,0.0,0.0,0.0,0.0,0.0,0.0,0.0,0.0,0.0,0.0,0.0,0.0,0.0,0.0,0.0,0.0,0.0,0.0,0.0,0.0,0.0,0.0,0.0,0.0,0.0,0.0,0.0,0.0,0.0,0.0,0.0,0.0,0.0,0.0,0.0,0.0,0.0,0.0,0.0,0.0,1519184.4539872962,8966421.217403878,11677196.465917384,576165.793632753,80136.64984791086,20680.743091892833,14276.53347864409,62190.04240118475,224967.01750248793,399402.1384184328,2271620.4203220904,5572260.517755354,537345.1772883262,923635.063527438,2889959.1288684215,326022.1306432634,505421.9866727872,605236.8222469592,761717.6334426915,1081182.6760757214,921865.1171200806,1924056.2932614363,4041542.1390818674,19864994.49040882,67505764.13434419,73413528.6664114,30592063.081309985,6414154.071468471,15646224.12128478,16814642.97979378,2509767.1410505716,2115283.917967526,563225.1628635505,812249.5630146265,829879.8213560042,2402080.799297984,8481623.62597477,5048605.536479014,9242000.637247017,2949300.0941070737,3338583.630437499,1725076.5745883523,2636571.948656633,1090820.2532123737,334147.00215126807,104472.16680499073,126389.72579161936,1419870.7884962424,1869799.3004887933,745979.754827475,3963676.5189298103,1189863.1214110106,3435381.1144110262,6366329.837090803,1410355.8806180065,1812525.4117896152,1151919.8998787454,1419366.5426383251,10836730.086529886,677361.3098340936,332309.22816807986,246884.4023880395,592814.5625202642,675008.704616827,433007.91451738577,537183.7733713104,898813.071211609,10791516.452203473,4731672.485480491,518677.5841281271,443307.84933741577,282753.95808142575,474147.48876755626,604998.8804092044,297950.57131644664,525289.5547864789,355731.1817215455,389264.7805798722,1088607.1808031513,553373.7621304659,497695.5210069403,751415.8099219876,697292.5589913186,1975980.5602161614,1695971.63119206,1453870.174897924,805091.7070509361,741523.9479121587,1249513.3896935142,933663.3137846425,1322098.4820922785,1204165.61019935,606349.0121643129,490015.71419782937,478385.3279269426,731942.9486464576,788104.1641302886,645744.8401133197,1156361.3086261025,4025430.6266151546,3626626.246966083,618308.1902722734,448049.00119162176,3766192.6023929785,645455.6688074518,512127.61586322996,402274.3771457102,343870.12237004563,357474.97998533514,720617.7307283846,839808.1904888444,288371.6089226713,392096.00542244944,405033.9548984526,1059857.7928883447,650153.0537217064,373731.1055309494,372193.072674369,377036.89350610774,324658.2430874424,310509.57225119474,576886.6958199259,310402.07111748296,376965.9370450119,261565.64624775783,508003.31669102283,241552.83569108712,208809.43540207978,298810.14404878084,980338.877443015,295961.54247580876,66253.49601097332,0.0,0.0,0.0,0.0,0.0,0.0,0.0,0.0,0.0,0.0,0.0,0.0,0.0,0.0,0.0,0.0,0.0,0.0,0.0,0.0,0.0,0.0,0.0,0.0,0.0,0.0,0.0,0.0,0.0,0.0,0.0,0.0,0.0,0.0,0.0,0.0,0.0,0.0,0.0,0.0,0.0,0.0,0.0,0.0,0.0,0.0,0.0,0.0,0.0,0.0,0.0,0.0,0.0,0.0,0.0,0.0,0.0,0.0,0.0,0.0,0.0,0.0,0.0,0.0,0.0,0.0,0.0,0.0,0.0,0.0,0.0,0.0,0.0,0.0,0.0,0.0,0.0,0.0,0.0
0.0,0.0,0.0,0.0,0.0,0.0,0.0,0.0,0.0,0.0,0.0,0.0,0.0,0.0,0.0,0.0,0.0,0.0,0.0,0.0,0.0,0.0,0.0,0.0,0.0,0.0,0.0,0.0,0.0,0.0,0.0,0.0,0.0,0.0,0.0,0.0,0.0,0.0,0.0,0.0,0.0,0.0,0.0,0.0,0.0,72157.27244963443,19550148.325319655,5756708.609183125,609665.0929916131,329580.8668382622,180374.58049413908,1339.7332089209406,2263.4504919365036,7467.272048541696,10240.827448779895,261124.88925724264,28918606.770866267,6886804.031126343,1525029.1608462438,94054.24341488487,137346.3293447583,688846.0003473173,458554.15865317394,987803.6390919955,395808.9693279472,1309992.4801944352,3009742.486082685,1138611.5576222115,1810445.803521528,4590945.944878482,7696143.225125509,23082522.008210335,8962214.73448833,2955089.6646266617,8152480.467098122,3714588.8666489637,930128.5227256545,815446.1777523144,1735500.7703703986,1176402.1906570955,1340681.0402415958,1161703.811217271,3213865.8518308033,5912553.285485209,12118550.03800081,8373977.944154855,4479501.87090835,2001029.6623050896,570951.0267292641,703390.7306193174,547000.7057072043,518592.90165793116,709525.8808202867,802908.4690759308,354022.6543104971,1555479.9000985064,1356202.1383064636,5217120.578782495,31336087.308477726,70839694.68937568,20351081.045360725,1282029.2794465334,594564.8878059797,503055.37822599197,765865.2546500124,296678.72700958885,555537.167824814,574391.0181125766,415962.59035348514,888039.6879868063,923340.24481786,2182690.261428523,1405379.683472202,907550.631388803,1538839.4424456912,4041854.690908686,1437891.589097404,1877715.4426906323,1170511.69828871,913615.235869358,516034.2896335399,388738.587432361,1638385.5484014936,753123.3183426256,504500.8173406836,812922.6824220698,841724.5268269163,530865.6227260979,1390886.1891801483,1357591.6487195594,845594.490965145,850176.5695544847,706092.6028509575,1136679.7553884012,1053439.5478550415,526924.0708185227,821986.5576206248,797388.9176023036,1374451.7883352765,338064.4607908437,564009.1658925829,1226178.193563159,891219.7203403127,657722.5540602198,688375.8666964392,941795.2488953426,563937.8062578056,523381.64114454924,438141.2174376324,684707.2292291992,396585.8422268708,449101.9238948799,592260.3582034931,276532.01488045027,162596.0692326468,378937.90421626193,468913.1360073654,569333.1930229741,271453.99526701204,197659.78132461547,290708.966826553,292225.7974091882,311030.7264508745,382952.23468459526,2357907.5429373444,1551075.1959613792,395068.3948393902,253174.13515347365,274153.91132814914,352453.0323344328,186972.31290856848,337248.95014579315,331243.83239303925,456979.90114494157,375054.4317551834,343258.8566293684,566923.6746250426,40031.375327384616,0.0,0.0,0.0,0.0,0.0,0.0,0.0,0.0,0.0,0.0,0.0,0.0,0.0,0.0,0.0,0.0,0.0,0.0,0.0,0.0,0.0,0.0,0.0,0.0,0.0,0.0,0.0,0.0,0.0,0.0,0.0,0.0,0.0,0.0,0.0,0.0,0.0,0.0,0.0,0.0,0.0,0.0,0.0,0.0,0.0,0.0,0.0,0.0,0.0,0.0,0.0,0.0,0.0,0.0,0.0,0.0,0.0,0.0,0.0,0.0,0.0,0.0,0.0,0.0,0.0,0.0,0.0,0.0,0.0,0.0,0.0,0.0,0.0,0.0,0.0,0.0,0.0,0.0,0.0
0.0,0.0,0.0,0.0,0.0,0.0,0.0,0.0,0.0,0.0,0.0,0.0,0.0,0.0,0.0,0.0,0.0,0.0,0.0,0.0,0.0,0.0,0.0,0.0,0.0,0.0,0.0,0.0,0.0,0.0,0.0,0.0,0.0,0.0,0.0,0.0,0.0,0.0,0.0,0.0,0.0,0.0,0.0,0.0,0.0,0.0,16149.544501921499,2240396.2843328617,11200.284221056778,704.3407984359661,0.0,26.544389285804236,0.0,0.0,7688.396793034928,3206131.6802287893,14427511.627163883,5089925.039376903,352561.3128546029,1108224.0204639202,123046.71967544268,790029.7564794475,837762.9137263295,2069122.4285876653,1938243.9966127856,940266.192444324,1154926.2986904662,983410.2562822544,1124808.5750538285,5229246.680144576,3699320.6070198053,1994025.6665721852,3238211.632270881,1193286.9218159723,10010213.03842012,10134284.311233599,3677239.874915611,4508171.612765962,1991102.463093097,2649026.8598217336,1712060.0566763072,7703250.296591008,18355257.819497067,59284296.694588825,64928048.24579597,19969044.92214063,2992684.163375264,1029252.5777090862,1162241.4982278585,1003603.576778473,508697.48917375377,789106.7365323179,1481965.8686343394,563006.1283696279,815502.7098254118,1082419.9553840642,3322662.86385646,20631285.51770523,44644442.12392976,47215322.87904097,28389154.42547947,3774981.980452331,449421.3981911881,429456.61721989093,368627.7995306469,367565.0480212206,437008.21834183286,388411.82325694984,489569.5173207858,2179623.336607242,1997875.6167879498,29872172.376230773,7459364.365791215,2449180.587198921,2472046.349901107,1228095.6294971418,403843.1083748067,3636198.3749039443,3506994.5800063238,486056.79301466956,360304.3529870411,434425.6494008007,646707.5814234613,1087127.5740663698,571865.7709330688,805702.6234723316,758765.1473065938,1255563.4145338624,988627.2325006515,3110268.4236656586,1193708.3131977813,1276955.822643944,1010124.7627366922,1201139.8988164235,1488473.0048092196,1029889.6299226119,1336633.7929976927,1436818.8346660084,1074246.5242795108,1052795.548886983,975526.8748832492,1148279.5948910313,1069031.1360078384,1001369.0955805897,649279.216281479,687637.8250704804,444564.4618580015,696612.2920962814,336432.8548607945,781167.6371624941,350072.339891713,486706.2068194591,887743.1969387811,432019.966090577,358203.20184558455,448846.05387651885,281597.2390252657,561295.2376880208,961229.8666707824,587668.5997743175,944991.9087423827,1159527.8451556792,1104477.0344950487,429225.89795660623,396663.24596702785,225613.04627695412,376418.1449059333,341523.23012918816,478208.09673009947,298075.64543296024,661245.5902974983,330169.189185188,482377.50979312573,1115705.6940371068,634601.7888563464,457164.8461748463,408735.56386824825,87413.94509910492,0.0,0.0,0.0,0.0,0.0,0.0,0.0,0.0,0.0,0.0,0.0,0.0,0.0,0.0,0.0,0.0,0.0,0.0,0.0,0.0,0.0,0.0,0.0,0.0,0.0,0.0,0.0,0.0,0.0,0.0,0.0,0.0,0.0,0.0,0.0,0.0,0.0,0.0,0.0,0.0,0.0,0.0,0.0,0.0,0.0,0.0,0.0,0.0,0.0,0.0,0.0,0.0,0.0,0.0,0.0,0.0,0.0,0.0,0.0,0.0,0.0,0.0,0.0,0.0,0.0,0.0,0.0,0.0,0.0,0.0,0.0,0.0,0.0,0.0,0.0,0.0,0.0,0.0,0.0
0.0,0.0,0.0,0.0,0.0,0.0,0.0,0.0,0.0,0.0,0.0,0.0,0.0,0.0,0.0,0.0,0.0,0.0,0.0,0.0,0.0,0.0,0.0,0.0,0.0,0.0,0.0,0.0,0.0,0.0,0.0,0.0,0.0,0.0,0.0,0.0,0.0,0.0,0.0,0.0,0.0,0.0,0.0,0.0,0.0,0.0,0.0,3835.063307535586,0.0,0.0,0.0,0.0,0.0,0.0,0.0,0.0,969973.1591126777,3595924.2053690366,3535309.1673468566,66097.23332910199,109013.10567103475,555583.5373427551,11259127.485730844,1032996.2862639467,1365763.738541958,3217001.8919327427,1493997.6621214575,1387823.344166036,1547380.7859442215,1975369.977128427,993741.834094462,1491852.144480354,2439561.5230750116,798829.7642365741,766124.2285344717,1000774.2409331731,5594733.127900656,25985509.019900993,4746124.687716534,3119363.2868498755,2735788.94871818,2074321.5338425625,9224531.928622209,64984931.94307825,86681391.93583354,48558889.74108569,24908607.812362324,6035247.43318999,5075872.12072489,4711285.748488747,1444481.4716805592,6635116.586743259,6592482.745916022,1122898.2659151913,2687725.6544966046,2458258.3781041233,1082544.2476345147,2140855.4716707007,6397769.574082339,7696033.510023574,1479347.9461455029,751773.296748118,2343797.89683539,1952752.7532424086,331754.04082847683,1126788.6542391952,2532883.503105136,417238.6048097395,323042.94528772135,1140633.3492018557,8719198.361868668,52095348.158033535,11017550.360993031,4567753.750826189,908506.3343446926,1359994.192992534,342403.5134868525,510726.30155602377,2699474.2623045677,547726.4600795585,711033.4241973073,835042.0649819409,770532.1508830539,352778.212788301,473458.8002229152,882727.0326845302,673643.5465893678,657376.9037332993,1073371.669913827,1256810.7091703692,706533.5458487046,1076083.463289836,6661419.799249422,4761148.771745475,1114074.7142854359,1255889.8817509576,7476611.996082177,715834.9396305738,982330.5965302879,1299096.758213324,3587581.542519159,4811603.036506251,707514.556738476,1446799.8854998667,1110687.6079015597,1208443.9966226816,935896.3684728462,589674.8532619937,473117.471534354,643481.1374523365,558965.3154689104,609522.5130135363,582654.7853866732,479625.5984241328,341354.30560947466,1192119.3322355545,441976.00601021247,410527.88610928366,259326.6353260133,343383.8329350034,655185.9978014613,551890.8595471113,416799.4604253515,469197.0285040547,511957.8750286137,335208.2561132342,394785.33197777683,228801.97206572077,645945.770043089,917084.445863362,528676.3400126614,452979.7834726031,513325.3253352902,2212371.9874245506,850475.7968141988,630683.0261841526,472060.5083952253,154517.28697162168,0.0,0.0,0.0,0.0,0.0,0.0,0.0,0.0,0.0,0.0,0.0,0.0,0.0,0.0,0.0,0.0,0.0,0.0,0.0,0.0,0.0,0.0,0.0,0.0,0.0,0.0,0.0,0.0,0.0,0.0,0.0,0.0,0.0,0.0,0.0,0.0,0.0,0.0,0.0,0.0,0.0,0.0,0.0,0.0,0.0,0.0,0.0,0.0,0.0,0.0,0.0,0.0,0.0,0.0,0.0,0.0,0.0,0.0,0.0,0.0,0.0,0.0,0.0,0.0,0.0,0.0,0.0,0.0,0.0,0.0,0.0,0.0,0.0,0.0,0.0,0.0,0.0,0.0,0.0
0.0,0.0,0.0,0.0,0.0,0.0,0.0,0.0,0.0,0.0,0.0,0.0,0.0,0.0,0.0,0.0,0.0,0.0,0.0,0.0,0.0,0.0,0.0,0.0,0.0,0.0,0.0,0.0,0.0,0.0,0.0,0.0,0.0,0.0,0.0,0.0,0.0,0.0,0.0,0.0,0.0,0.0,0.0,0.0,0.0,0.0,0.0,0.0,0.0,0.0,0.0,0.0,0.0,0.0,0.0,0.0,0.0,0.0,38382.53740493485,80908.0141203946,413752.9076432255,998026.4216414093,7177589.807031145,435843.2822728001,280653.4697024176,1571215.2039944348,1737749.369692741,2692121.0597128556,2668446.758232806,2442691.788249376,2084340.7621560153,1058564.6466808645,1643279.4204414824,1781234.582419098,754502.0740275111,1418159.8501598514,1921284.2730158113,2011469.6808014293,1196213.6704175835,592051.7077001093,1142507.5178578366,2527690.0603836034,16957191.295315824,58346761.399607554,80695533.01899381,80160593.22798349,24395071.075885087,3839498.6315492373,4139648.0580965676,2866936.673099155,645649.5266603823,1083979.8192126579,1105681.660873274,2038826.1738255706,1617462.332518267,1212813.389828945,760724.8180287017,2050840.6170370942,9547344.31589355,1888925.7866136613,1915473.8538095527,1634983.8007948697,8727274.958218254,3441288.2067199657,309535.8828774665,2324292.14764786,7032623.917159738,3146065.2531981515,6018262.777506804,3466049.6084643053,1538534.5328651401,5833752.301774639,1724369.3768005343,807639.5081392518,774566.8797901082,1125244.1985972696,595529.7145469892,1038205.7660455261,1040636.1400277328,800302.5922502222,952892.3219115073,1655838.15820999,749848.9841870356,1212325.7401712956,506575.01719322725,1838504.769798221,734483.5509733065,994981.1957373762,1616194.3169750432,3080993.9450458246,1919102.9371292999,1607670.812581563,2173422.3749323944,1947038.2601733033,1193863.4117512444,940849.217097743,662269.9556101076,1854362.408721328,1022331.0781090977,649214.2523680938,714013.0059114968,793775.2932352998,1196961.3440543585,1273467.618954496,1274653.8327378258,1045557.90470919,792589.3125906382,2556495.0903934557,613768.8537055838,859623.104060788,836005.5406750177,883852.876164445,6760070.780941997,3082694.7101548715,464568.8246441817,528383.004516071,455217.1630627065,374285.5493713151,613928.0124988743,592395.7496606512,872274.8372888416,594763.359922403,398354.9290922148,560640.0969290556,1126547.4038983677,472647.7679057396,499403.40781409014,319729.148417245,929988.51556643,427127.8001661676,929211.2168695568,600038.8231306635,673532.7145206796,588563.7152466688,930230.0991358052,301512.0072009318,800419.1593584066,567016.2603063871,0.0,0.0,0.0,0.0,0.0,0.0,0.0,0.0,0.0,0.0,0.0,0.0,0.0,0.0,0.0,0.0,0.0,0.0,0.0,0.0,0.0,0.0,0.0,0.0,0.0,0.0,0.0,0.0,0.0,0.0,0.0,0.0,0.0,0.0,0.0,0.0,0.0,0.0,0.0,0.0,0.0,0.0,0.0,0.0,0.0,0.0,0.0,0.0,0.0,0.0,0.0,0.0,0.0,0.0,0.0,0.0,0.0,0.0,0.0,0.0,0.0,0.0,0.0,0.0,0.0,0.0,0.0,0.0,0.0,0.0,0.0,0.0,0.0,0.0,0.0,0.0,0.0,0.0,0.0
0.0,0.0,0.0,0.0,0.0,0.0,0.0,0.0,0.0,0.0,0.0,0.0,0.0,0.0,0.0,0.0,0.0,0.0,0.0,0.0,0.0,0.0,0.0,0.0,0.0,0.0,0.0,0.0,0.0,0.0,0.0,0.0,0.0,0.0,0.0,0.0,0.0,0.0,0.0,0.0,0.0,0.0,0.0,0.0,0.0,0.0,0.0,0.0,0.0,0.0,0.0,0.0,0.0,0.0,0.0,0.0,0.0,0.0,0.0,67097.94888583233,727191.9481607922,2786601.057074478,1007878.189170208,1436107.5538961883,234515.1900386984,370022.67807492573,770027.2901022538,1881146.3285891009,1505697.3896188952,1851039.7954781214,1116783.3966670285,2087190.2809913158,1458914.722754517,1261168.2031211494,876807.2117752548,1103911.7442781953,401252.9729012147,375745.7653585762,413728.2782074405,1227913.436374297,1058910.284345405,4953270.8564204145,7661251.574185744,33172117.289089087,107802328.78285247,115180344.76482904,53395421.25903441,3742826.802662213,2429661.5697213076,4037393.8102165083,3724164.0854330976,2154874.022823512,1174022.5351179983,284275.58187827864,850696.2452156493,5514853.606648976,961926.6232876282,2527089.5961386077,1877372.3997976535,1543003.5993053666,2118015.692721577,3449438.042235976,3176886.4968988365,989878.559877967,934181.9857829264,597894.6257127235,512696.02647870395,144660.57873542895,352309.77164929686,709838.9373141107,382334.07085393346,914152.362098044,3285697.0440705754,318894.5040337943,299075.4975716516,165422.16356536694,289929.88948763965,542036.061434227,3591019.7739212704,6994664.754479133,682547.1743319128,574566.1968526391,608143.9092607576,719760.581276595,894594.3854414254,1032795.2185528198,3108670.8818168845,1266437.594543948,2734322.505505164,5899997.41115073,1329227.4103377094,972361.8297129242,1258455.7165392,800328.4971791271,1396241.3751133517,1441925.2767501422,1074857.804046332,1637568.1431828854,872537.9729122198,537949.8609293876,2432153.1657799464,609624.36710905,1275834.6140701277,1647940.9999594665,9571190.959246645,2568588.1540020886,1458069.4320843965,1333739.1172471847,707949.8907067373,2284549.025051893,927718.9392746085,1163383.4382035178,1224541.7159414347,607632.4638713499,359329.5241861148,645646.0348096706,533446.4428110454,1144482.42419628,473559.86263992405,753277.7665354388,627319.9804133114,432638.38564692845,913338.800338144,2564092.3628860842,13018743.862353146,617815.49008806,305188.4144728156,812023.1704570602,432909.3301900028,687253.4255586392,13449120.150518868,1805680.5235323512,506235.2164175206,288632.0701094363,306335.6312511991,778179.1593430657,302390.14253204444,34392.19439715335,0.0,0.0,0.0,0.0,0.0,0.0,0.0,0.0,0.0,0.0,0.0,0.0,0.0,0.0,0.0,0.0,0.0,0.0,0.0,0.0,0.0,0.0,0.0,0.0,0.0,0.0,0.0,0.0,0.0,0.0,0.0,0.0,0.0,0.0,0.0,0.0,0.0,0.0,0.0,0.0,0.0,0.0,0.0,0.0,0.0,0.0,0.0,0.0,0.0,0.0,0.0,0.0,0.0,0.0,0.0,0.0,0.0,0.0,0.0,0.0,0.0,0.0,0.0,0.0,0.0,0.0,0.0,0.0,0.0,0.0,0.0,0.0,0.0,0.0,0.0,0.0,0.0,0.0,0.0
0.0,0.0,0.0,0.0,0.0,0.0,0.0,0.0,0.0,0.0,0.0,0.0,0.0,0.0,0.0,0.0,0.0,0.0,0.0,0.0,0.0,0.0,0.0,0.0,0.0,0.0,0.0,0.0,0.0,0.0,0.0,0.0,0.0,0.0,0.0,0.0,0.0,0.0,0.0,0.0,0.0,0.0,0.0,0.0,0.0,0.0,0.0,0.0,0.0,0.0,0.0,0.0,0.0,0.0,0.0,0.0,0.0,0.0,0.0,2159.2895504672383,806781.7370210579,1188897.7924750303,1022523.8633461958,939458.5816242415,506035.3658719165,474292.3403949662,513331.35351797147,1941058.7799474515,1592580.4199263318,5531204.542609167,2246878.081401743,1006002.8347477639,7294486.967207653,1760786.086269282,1450065.6271203412,927665.1595349917,795198.0833000804,2436832.5539622707,2514487.327519062,930176.7733657822,5941998.999668797,2693953.256787221,1579371.3503060346,12402030.425273325,36826165.37529261,28768876.41894625,10304540.528630372,4733210.234416196,5037564.74935867,9331497.80378447,3226852.11862598,1602924.32576978,801183.3743765192,418060.02975793055,936962.1579713111,2132552.0539560732,514612.3738560454,1773105.6696093283,847565.4549359484,786329.4107142251,1169570.0686701003,1485569.9006727634,1751172.619783583,1575401.1940877107,200333.75327857764,85453.48751725594,189332.444865494,100672.66912977304,261189.50229551856,195656.27334668892,108341.35235773918,147154.62241475334,188361.35542267415,149648.638502435,136957.4585492217,537954.7137828236,344546.76030889875,661870.5164004249,518059.8809427572,8020915.998167096,8593025.558763932,315739.94647659024,470313.15932844003,1428654.0609734135,570640.5634176014,1004404.6110735032,1185499.667222709,1955819.3426836336,20590695.80252558,37529530.673860304,1319021.5514900163,2065796.0547915474,1504050.0892889097,1462486.2818796234,1719437.8475409534,1974015.5862003136,1227948.2998067574,824366.3743055918,833712.8067066009,1736684.8298854735,1715103.7174001858,975056.4940658051,1230485.4125938201,2024834.9248152357,27265863.98752868,15836279.078042673,2178328.776249874,1573956.7467563762,900182.7512196188,4775654.47131573,916909.0584994626,1255870.504755979,967882.5409313042,457482.39112402685,1974149.0172745544,894033.0732139978,701715.4104612768,475668.8135310381,717111.7634716042,563266.3589900405,2546811.247582813,1055625.7521636467,969409.8192450837,4246044.267675774,30269542.375593733,980542.6176743796,467531.52559066797,622098.4304089278,317965.045087747,671548.0834654728,410783.9947077193,329602.8783606832,1017505.6701849375,655889.7687846293,279674.5247564333,390383.2107871232,395561.531842389,32752.051448163245,0.0,0.0,0.0,0.0,0.0,0.0,0.0,0.0,0.0,0.0,0.0,0.0,0.0,0.0,0.0,0.0,0.0,0.0,0.0,0.0,0.0,0.0,0.0,0.0,0.0,0.0,0.0,0.0,0.0,0.0,0.0,0.0,0.0,0.0,0.0,0.0,0.0,0.0,0.0,0.0,0.0,0.0,0.0,0.0,0.0,0.0,0.0,0.0,0.0,0.0,0.0,0.0,0.0,0.0,0.0,0.0,0.0,0.0,0.0,0.0,0.0,0.0,0.0,0.0,0.0,0.0,0.0,0.0,0.0,0.0,0.0,0.0,0.0,0.0,0.0,0.0,0.0,0.0,0.0
0.0,0.0,0.0,0.0,0.0,0.0,0.0,0.0,0.0,0.0,0.0,0.0,0.0,0.0,0.0,0.0,0.0,0.0,0.0,0.0,0.0,0.0,0.0,0.0,0.0,0.0,0.0,0.0,0.0,0.0,0.0,0.0,0.0,0.0,0.0,0.0,0.0,0.0,0.0,0.0,0.0,0.0,0.0,0.0,0.0,0.0,0.0,0.0,0.0,0.0,0.0,0.0,0.0,0.0,0.0,0.0,0.0,0.0,0.0,0.0,9082.40564809152,988231.7621095066,1175521.2517064037,439375.724413828,3183393.26764019,666390.2156838251,907677.3940035009,2382033.2851806898,2604601.959071692,2356130.357567913,1508275.160214865,8624710.149350772,24555848.68999863,1807170.3355393892,1045094.7516094324,1090866.8561032591,1832174.969641376,1515009.5594502469,2331669.6676816326,1221845.912754334,1516381.4169546743,1795434.6569554426,3422311.9739232585,7236550.587521156,6438394.9357393915,5804287.00629266,2446719.5123181213,2319569.098633573,2763399.6774233356,1145983.4241054803,3035756.5612772536,2758877.2278430676,776953.598888274,881676.2630305263,449306.34178916505,651421.5522922757,1332160.6927087782,1506564.696871466,1105102.6065246104,1212738.2750486252,775125.6369303118,2294027.9478403768,2368482.4597788737,1593359.4505236181,909860.6552348437,1391908.662926344,830631.464489046,110997.51154186633,187604.0536132525,408799.2582544545,433737.8610698719,244764.76063441834,941339.5933112038,68543.41325570502,65658.81696278368,508938.65065033134,412702.3446585403,216711.61724927853,489970.8921979627,1698675.4478468327,2365402.3939502914,561653.9967460026,561914.3512665005,799218.7467042028,546392.3067097684,418264.57021366584,521623.02876159374,812266.7540045673,1359500.011544977,1691079.3269581888,1842296.2546484075,3032780.1353889615,7094933.57764517,1588695.7345736776,1230111.1906409902,1383673.5060252505,754188.2734988164,1141954.8179875321,20666554.438540913,11575117.98338107,1060465.3327181917,2143333.212752002,1689756.2677466108,2156658.430376117,2300867.915401474,1685076.53532199,1442173.2568912297,1897113.9006410982,1062595.2879572918,1104815.6637652132,935807.6317456372,765475.3369428331,680988.2505012357,754600.455611118,1711487.4421517432,1786473.4745743196,886600.0196161981,1002953.0178598753,931572.9146787368,352249.5834970823,970115.9000486762,353096.6798249682,996703.4284838579,1325049.4126433893,1312608.1418360714,360508.8418628678,834819.039134884,798991.4372936778,263997.4850681099,1049007.5672751598,417321.4907753659,238730.92039516947,347522.853847253,320735.2335641926,557946.5704135618,123931.1583947112,72186.95947330816,12300.865160921532,0.0,0.0,0.0,0.0,0.0,0.0,0.0,0.0,0.0,0.0,0.0,0.0,0.0,0.0,0.0,0.0,0.0,0.0,0.0,0.0,0.0,0.0,0.0,0.0,0.0,0.0,0.0,0.0,0.0,0.0,0.0,0.0,0.0,0.0,0.0,0.0,0.0,0.0,0.0,0.0,0.0,0.0,0.0,0.0,0.0,0.0,0.0,0.0,0.0,0.0,0.0,0.0,0.0,0.0,0.0,0.0,0.0,0.0,0.0,0.0,0.0,0.0,0.0,0.0,0.0,0.0,0.0,0.0,0.0,0.0,0.0,0.0,0.0,0.0,0.0,0.0,0.0,0.0,0.0
0.0,0.0,0.0,0.0,0.0,0.0,0.0,0.0,0.0,0.0,0.0,0.0,0.0,0.0,0.0,0.0,0.0,0.0,0.0,0.0,0.0,0.0,0.0,0.0,0.0,0.0,0.0,0.0,0.0,0.0,0.0,0.0,0.0,0.0,0.0,0.0,0.0,0.0,0.0,0.0,0.0,0.0,0.0,0.0,0.0,0.0,0.0,0.0,0.0,0.0,0.0,0.0,0.0,0.0,0.0,0.0,0.0,0.0,0.0,0.0,754.7836210395138,427056.74155051325,684607.5444513226,3009051.086030449,1450559.6010336322,2877865.5031956504,2050308.394413321,4243381.4189822255,1853743.410413815,3964135.4021813464,3081269.6050568917,2701417.8455664115,1178381.7795149104,1128659.858717017,1356443.8828853706,1354375.4812118416,1986473.5940008175,1083362.2272930006,1442232.6670620826,618730.5441027636,1864826.238494454,5695260.283359221,2238027.4649308273,2603759.830377762,2975361.5917818462,6256245.736233716,6120575.615234544,1171024.6258470397,2477915.382836212,1006968.8330387166,710881.9249516452,686626.0628065031,1667474.1410793955,1282557.9389002668,274955.0926913614,575777.8679882562,376719.7506286449,445060.9135904202,930710.5266454949,650364.9766381122,1294811.6594865387,7183338.607128566,19438342.127109665,5758119.172440767,1974483.998456143,731223.7140385755,991415.038885972,328955.1016985064,671963.6677953638,287138.7196817674,178872.63317259643,416426.65933986555,227321.25998356944,461701.32179266744,744998.0222420597,4949449.7396128215,614774.8424906565,418260.8375765725,445735.802750326,1149491.614929561,1095065.4659929394,586585.2544937701,616947.6285465051,1801546.660517098,740918.1183362193,905897.1553654304,1245366.7450770484,901050.2479046187,1483541.8086408386,1223722.8088939525,4854870.519993955,57442138.92972915,16440803.836981492,3471061.663633177,1146135.8715702803,803217.760774707,1609504.9706632504,1166702.174685661,1660892.988322,1524709.8437977703,4350295.313705052,3390745.1272711027,5430941.035943627,2604175.9844126096,2176287.2636359883,2586500.2302275086,1626527.0374608417,2159791.7771269893,1435686.2995338968,1479917.6510893912,1066694.124525656,1427755.5812223866,695065.9723948336,1175308.3617970743,605900.6382598253,495040.67981597874,668049.1242266365,552784.4685231645,561746.7195699315,466139.8006519495,696959.9304187656,842110.8743870796,974355.318270363,1056811.6218794738,1606502.3633334283,674171.6556989688,941827.4199184361,726468.0672394235,1062614.2070325434,653047.9204422382,1076589.0618351614,3706174.463620565,1075341.2395625166,691230.315083085,419358.4528093796,875215.4012007011,117488.522685868,4782.921967728851,0.0,0.0,0.0,0.0,0.0,0.0,0.0,0.0,0.0,0.0,0.0,0.0,0.0,0.0,0.0,0.0,0.0,0.0,0.0,0.0,0.0,0.0,0.0,0.0,0.0,0.0,0.0,0.0,0.0,0.0,0.0,0.0,0.0,0.0,0.0,0.0,0.0,0.0,0.0,0.0,0.0,0.0,0.0,0.0,0.0,0.0,0.0,0.0,0.0,0.0,0.0,0.0,0.0,0.0,0.0,0.0,0.0,0.0,0.0,0.0,0.0,0.0,0.0,0.0,0.0,0.0,0.0,0.0,0.0,0.0,0.0,0.0,0.0,0.0,0.0,0.0,0.0,0.0,0.0
0.0,0.0,0.0,0.0,0.0,0.0,0.0,0.0,0.0,0.0,0.0,0.0,0.0,0.0,0.0,0.0,0.0,0.0,0.0,0.0,0.0,0.0,0.0,0.0,0.0,0.0,0.0,0.0,0.0,0.0,0.0,0.0,0.0,0.0,0.0,0.0,0.0,0.0,0.0,0.0,0.0,0.0,0.0,0.0,0.0,0.0,0.0,0.0,0.0,0.0,0.0,0.0,0.0,0.0,0.0,0.0,0.0,0.0,0.0,0.0,0.0,29554.393161445892,278946.81238267076,2146847.53025548,633199.1972421061,3121701.5378384124,16121267.110367768,49464030.059431754,12596945.207032936,8646806.544354491,3703522.7577947257,1440916.6596397182,986895.6787673207,984523.2151052582,1831273.2096174303,821058.043354537,683722.0766117445,735226.0851934848,1489055.0271082195,1032185.5614002002,4050524.7618963234,4165903.363521928,3316730.0678199213,4129142.8463918515,2176749.3877673466,1704313.2257588818,2953687.0757774776,1011372.4623567108,956675.3604491702,903536.5454377269,532376.2361204092,523723.795509938,465011.67184854194,81449.50558320613,436991.0992396589,2251917.909779573,1803184.5875490285,413621.1617329238,722893.2946530811,3296658.6658343766,2811044.980358831,13548832.78697595,81325469.48842865,32263965.887389887,5409820.94927291,3600653.99521471,9535226.659086008,1651232.9502903507,566481.674682739,321241.3217762534,1017624.3722834095,312790.3267901238,267152.9196699112,221328.17532923963,452177.92154502874,659719.0983678533,989679.9038032088,707365.0616444307,1403938.3304790314,1693227.9544260227,502177.82490288466,540851.9887439955,672600.3874279531,823763.0345361016,808979.3923398324,830802.7651949017,1599826.7110692123,798001.9251648833,2529262.99419038,1494892.687897418,10769383.907366136,57720663.12435458,14553532.38324726,1454466.1903582793,862188.6150741884,581197.0891747356,523152.4389013514,709047.3792516721,890123.4061830356,1400802.080095952,1914726.5882021477,3345023.6739837076,3743242.4639154314,1916773.530304034,1747917.4517021847,1804295.288792865,1503141.6087724357,1251232.1024279115,962417.4275297872,1042914.8011432792,1494473.7384584323,1075634.4644841035,1171662.5882510482,935394.3059490412,1374960.2150173718,733507.4409987917,2544833.146751181,767943.3262396143,934109.5326947102,1072283.6294680042,3265811.6151020806,2160663.4710665746,2147864.476525142,2946508.161768956,1911144.1447235094,594599.8043512991,1144694.4947757362,950613.3702645327,973346.6424741863,734039.4938091326,615251.9798245975,668656.269845411,263932.5833892807,197992.7174227573,378319.2096648812,695783.7558516779,511956.1097561415,44167.87106262011,0.0,0.0,0.0,0.0,0.0,0.0,0.0,0.0,0.0,0.0,0.0,0.0,0.0,0.0,0.0,0.0,0.0,0.0,0.0,0.0,0.0,0.0,0.0,0.0,0.0,0.0,0.0,0.0,0.0,0.0,0.0,0.0,0.0,0.0,0.0,0.0,0.0,0.0,0.0,0.0,0.0,0.0,0.0,0.0,0.0,0.0,0.0,0.0,0.0,0.0,0.0,0.0,0.0,0.0,0.0,0.0,0.0,0.0,0.0,0.0,0.0,0.0,0.0,0.0,0.0,0.0,0.0,0.0,0.0,0.0,0.0,0.0,0.0,0.0,0.0,0.0,0.0,0.0,0.0
0.0,0.0,0.0,0.0,0.0,0.0,0.0,0.0,0.0,0.0,0.0,0.0,0.0,0.0,0.0,0.0,0.0,0.0,0.0,0.0,0.0,0.0,0.0,0.0,0.0,0.0,0.0,0.0,0.0,0.0,0.0,0.0,0.0,0.0,0.0,0.0,0.0,0.0,0.0,0.0,0.0,0.0,0.0,0.0,0.0,0.0,0.0,0.0,0.0,0.0,0.0,0.0,0.0,0.0,0.0,0.0,0.0,0.0,0.0,0.0,0.0,100864.87231471826,575428.9957594189,3623544.6867525564,2319405.1003632657,1093958.4504547105,59463341.788225606,98857985.232465,87911914.18862069,41335682.10217882,18394034.52317325,9103613.615202265,5038521.464501855,1417723.1575774022,536600.107440149,420072.2918280271,460394.978346211,961002.278066594,5401209.85833174,933953.8671841673,997098.8459544457,2136541.1560261436,2678888.6077310187,2558948.207196036,2778487.4380633854,4079296.0293428246,4716243.751223547,1290311.8623715965,1653896.5692197352,3606077.7750244243,544280.8816605064,693392.9650671869,1244196.3511760824,131028.0628519824,115510.94470516361,1708672.7041205582,3165096.658755131,1338691.095801563,2251111.172597738,1149611.2105820398,1139075.5858335258,4236763.32149061,12973297.349630594,11463222.980575955,4514705.234775493,1662281.1879195836,1442672.8855506484,3415816.051520064,5098990.540333042,3178548.890429568,1086511.7183233066,341990.71273561113,628300.5096322421,413414.0308124466,1310390.370917467,627119.381656238,993883.5332128077,1292017.3334593475,17026124.469915476,24527558.69259905,1740125.7918609558,1804119.6003640844,694196.6968877983,788791.9844064834,1700954.6595021947,908080.6168447837,716228.3455151094,899685.691625543,1159086.8398920097,934401.7031664946,2781271.78959613,4054144.966670587,1877848.8162161317,1049327.4862986133,1106946.4239611998,837991.5899138156,1175435.6123859806,1054347.5126617535,1027338.5209016785,1018428.8272198524,1754599.8529249788,1696461.3888924848,2070369.567921469,2587648.999357403,2409172.0092342068,2809208.60011951,1229166.8427955043,1921542.4827027053,1571363.5708477166,2593386.417578121,4866626.12535337,1329882.7248145784,2587005.522868024,2435090.5842606984,803985.2808367326,970471.1439036499,1179399.634753969,1044119.5592141851,1125055.4417169956,1178740.9848177137,1645984.069295842,2043892.1671168501,2168171.748054155,3164575.584379973,2929723.2396196527,664980.1444122742,495284.1201147449,424355.32116890245,1274049.7395634176,626587.6433777558,622781.8758467699,738143.1637751764,340404.39017572964,258186.52091800218,377750.58946187235,1942555.6515717981,1699717.0256093617,8721.022826674898,0.0,0.0,0.0,0.0,0.0,0.0,0.0,0.0,0.0,0.0,0.0,0.0,0.0,0.0,0.0,0.0,0.0,0.0,0.0,0.0,0.0,0.0,0.0,0.0,0.0,0.0,0.0,0.0,0.0,0.0,0.0,0.0,0.0,0.0,0.0,0.0,0.0,0.0,0.0,0.0,0.0,0.0,0.0,0.0,0.0,0.0,0.0,0.0,0.0,0.0,0.0,0.0,0.0,0.0,0.0,0.0,0.0,0.0,0.0,0.0,0.0,0.0,0.0,0.0,0.0,0.0,0.0,0.0,0.0,0.0,0.0,0.0,0.0,0.0,0.0,0.0,0.0,0.0,0.0
0.0,0.0,0.0,0.0,0.0,0.0,0.0,0.0,0.0,0.0,0.0,0.0,0.0,0.0,0.0,0.0,0.0,0.0,0.0,0.0,0.0,0.0,0.0,0.0,0.0,0.0,0.0,0.0,0.0,0.0,0.0,0.0,0.0,0.0,0.0,0.0,0.0,0.0,0.0,0.0,0.0,0.0,0.0,0.0,0.0,0.0,0.0,0.0,0.0,0.0,0.0,0.0,0.0,0.0,0.0,0.0,0.0,0.0,0.0,0.0,0.0,0.0,448191.4104248217,10526185.570365276,5312028.319752069,6464657.579609874,55757703.53060688,124336004.49008717,83261541.97998947,53103169.167152,22680309.120556757,6090849.757421796,2306349.2261528764,2266094.2812078227,1263677.3543131826,1917161.7172547113,2667433.474620848,1433536.7001602452,585387.3556895633,917966.5780091463,4881788.264770857,12427398.448897056,5669524.6634087525,3049576.2860160833,2762677.330323309,2561113.807090262,1493696.246472673,531601.6539076581,2316592.2818932105,4965136.631498148,1898357.121127447,1713864.1291360476,475842.18973673653,150015.07213982788,381682.1144199699,801075.522366276,395679.93748972553,1394567.7065328157,1933623.7092845612,1741119.7010416198,8880845.305606142,2978935.7903301846,2129990.8116657734,3545697.693835016,2648630.495759332,1181786.4664049677,277894.35662900296,471354.3293610275,508921.7721633995,1039131.4997591991,676600.694535136,2927876.1052026153,2643526.7364168847,1124326.3940798095,412728.60893773474,452945.3427949671,972898.7266674791,1007018.7764639743,1612516.8403835942,1797795.5198713806,1406696.8438169914,990457.4509920808,1180686.9014403576,1556232.7073701036,639178.5234274502,649983.0334451345,1125211.0749074738,1254095.003438173,1979540.9729856264,571440.2245316727,878936.2661283629,1263720.3725566266,1641487.5851517501,1459298.7640150143,1178793.7310339697,936985.8240893525,1328967.720402662,1815718.5977563108,2279620.41857759,1644041.3807733336,2877980.0737667056,1267883.8575569512,1745398.2787252166,1671783.4867984918,1406072.919790503,2402325.486871059,990351.7414593147,1104494.1536145622,1028551.5774901682,1099223.9006746123,1175162.1462402884,1185044.1717511253,1738482.62761765,885667.1024108224,995644.5464355401,1252766.3164923834,1591157.6425883316,2799263.5216362826,6004576.257146658,1939447.6657803894,1374967.9138479,1990955.2853994279,3381614.7941103084,1546846.7764174207,829156.3607469598,211845.0517278451,99815.52007960503,369509.413809572,1102509.946768546,755991.6454225775,99054.06360579001,33467.34600491611,165493.19916361055,121292.20544988202,191251.28017870983,335602.37068101583,539166.2809299378,3969.9827149800267,0.0,0.0,0.0,0.0,0.0,0.0,0.0,0.0,0.0,0.0,0.0,0.0,0.0,0.0,0.0,0.0,0.0,0.0,0.0,0.0,0.0,0.0,0.0,0.0,0.0,0.0,0.0,0.0,0.0,0.0,0.0,0.0,0.0,0.0,0.0,0.0,0.0,0.0,0.0,0.0,0.0,0.0,0.0,0.0,0.0,0.0,0.0,0.0,0.0,0.0,0.0,0.0,0.0,0.0,0.0,0.0,0.0,0.0,0.0,0.0,0.0,0.0,0.0,0.0,0.0,0.0,0.0,0.0,0.0,0.0,0.0,0.0,0.0,0.0,0.0,0.0,0.0,0.0,0.0
0.0,0.0,0.0,0.0,0.0,0.0,0.0,0.0,0.0,0.0,0.0,0.0,0.0,0.0,0.0,0.0,0.0,0.0,0.0,0.0,0.0,0.0,0.0,0.0,0.0,0.0,0.0,0.0,0.0,0.0,0.0,0.0,0.0,0.0,0.0,0.0,0.0,0.0,0.0,0.0,0.0,0.0,0.0,0.0,0.0,0.0,0.0,0.0,0.0,0.0,0.0,0.0,0.0,0.0,0.0,0.0,0.0,0.0,0.0,0.0,0.0,0.0,0.0,780122.3201051841,755536.5106340353,15379536.533557842,65329411.4027024,75837388.87259926,41297799.25902412,23602436.567684997,5788474.760495753,1146728.1489985015,1523165.6212367362,2081249.9641082184,840511.3405276523,407999.8486604248,456827.6101334215,289812.3834844502,1594417.0014269673,4812041.701378046,4481308.533982673,19996290.725199733,3750437.7888546884,2060016.7169237519,2081347.3673482132,3647671.1464663115,2374505.5938615957,898113.7814976997,1139845.0926950176,715606.889242539,499872.3257989029,627419.6323252302,151290.98019443656,121446.77990718457,439035.051467647,574910.7211083344,689679.2547244502,1436393.156276144,964948.3894928843,1661011.3032838851,5018157.73368656,3388922.043728013,1559811.0172850732,5565765.405644366,1599757.900175105,2435811.662562237,545139.3892639731,477862.3342517748,1315368.3990956163,3169079.590655085,894979.9319690194,685902.576717752,594760.0601154779,348119.96723212366,1315686.2927480303,1592964.2441456232,3515284.456227085,2527300.5722491127,14931843.839017533,2913074.121256151,1532131.151265813,1416964.8616874719,2070369.4875120344,857131.3284734075,830481.8596265351,742586.7054266299,446896.8190084828,618097.1433630777,794586.1832940403,810826.9095972561,2176185.2127339346,948878.5429270873,841079.6203343465,1898018.9882107126,1747453.8201375096,1158566.2570848297,1091447.4356639134,1304669.4426135018,1581441.8788813057,4100724.6017086897,1438792.1883353204,1547744.241977537,4413428.76306686,2644922.445236861,2089985.5766986401,1499823.5894634444,1480513.4436157055,905233.2832819424,1435304.7989984476,1560554.8590928102,1467430.2217252424,1304776.0825302792,1774673.71968007,1669979.7812938723,1765712.1553840002,817223.5315325572,886058.8990531401,1323518.9826195815,4063963.674880049,1829064.4383636678,1168370.4700727891,2299903.375722819,1187440.2714143512,953102.0069615059,899504.383096378,531322.3962802541,200450.53817523792,385767.4918558286,899626.4150918538,452134.557563685,50073.266420955115,511.2619531445976,61097.356139263466,27345.81850784087,6946.862065643737,268876.4574968319,1299098.108500984,3199.9185655380134,108.41760697815715,0.0,0.0,0.0,0.0,0.0,0.0,0.0,0.0,0.0,0.0,0.0,0.0,0.0,0.0,0.0,0.0,0.0,0.0,0.0,0.0,0.0,0.0,0.0,0.0,0.0,0.0,0.0,0.0,0.0,0.0,0.0,0.0,0.0,0.0,0.0,0.0,0.0,0.0,0.0,0.0,0.0,0.0,0.0,0.0,0.0,0.0,0.0,0.0,0.0,0.0,0.0,0.0,0.0,0.0,0.0,0.0,0.0,0.0,0.0,0.0,0.0,0.0,0.0,0.0,0.0,0.0,0.0,0.0,0.0,0.0,0.0,0.0,0.0,0.0,0.0,0.0,0.0,0.0
0.0,0.0,0.0,0.0,0.0,0.0,0.0,0.0,0.0,0.0,0.0,0.0,0.0,0.0,0.0,0.0,0.0,0.0,0.0,0.0,0.0,0.0,0.0,0.0,0.0,0.0,0.0,0.0,0.0,0.0,0.0,0.0,0.0,0.0,0.0,0.0,0.0,0.0,0.0,0.0,0.0,0.0,0.0,0.0,0.0,0.0,0.0,0.0,0.0,0.0,0.0,0.0,0.0,0.0,0.0,0.0,0.0,0.0,0.0,0.0,0.0,0.0,0.0,30353.02679168436,1734829.3611945715,20381112.174156368,27649227.580631543,28526737.310239624,8281074.542169667,3722005.729016645,3527490.069157448,1570282.9278976847,4121112.3019816987,1798945.2820109762,248559.31340860497,464572.8667691058,505755.81840559875,1165911.0074824207,1085302.2884526292,1206971.9548380666,1350757.836350291,2417515.255794502,4053496.068843566,4022493.5917312936,2829448.042601619,4224521.006893759,5115741.486991062,617062.8433488401,1278156.531618467,423768.6255681688,1080103.1507741031,895156.5306604072,158354.6143413852,299010.5299236873,596995.6720942374,912820.0896797028,577694.1169456559,965606.4151345771,641493.9660794493,1956594.6632376988,2337510.0075575765,5854421.485079449,1484822.6839421424,1540821.820235019,2440930.905876982,2445640.541372509,1311363.254573126,942999.8071823699,774844.7801512287,440151.22231351025,431101.67041233653,300272.4866246247,408128.9272614467,379119.95619115885,476798.804565517,1527570.8541124817,2501176.38215803,6163569.317554455,5126236.39909614,6009312.90741441,8598711.770906985,1583060.1290720892,1000095.5621134071,1480108.675992793,726087.3801543307,608974.4251022493,1910856.8067579682,808884.085045076,2167578.3291868316,1094471.07357271,1055202.3836713752,778595.8604513695,2661852.828923172,1277267.3644058472,1776142.5198847381,2012246.847111963,2357429.208425073,2303714.598924633,1965352.0646719704,1710930.798409117,1638544.8572783254,986942.5221330073,1210968.9362383308,1091883.3242755274,2410883.6694514733,2130650.8536613155,1798304.6104107848,1770714.583656341,1939628.8684207764,2273354.269425834,3040854.20968194,2316831.3308201614,2475157.3067718917,5751111.229192284,8129402.912287073,2969358.6424688976,2173553.5327817798,3409681.8407878876,2049796.3611108237,1859963.9945631677,1904860.7702178555,1736574.434908459,1113443.580901999,1185166.0111072701,3219116.880265828,1009698.0027553756,368789.5937789722,1842043.394516087,2931042.30542545,494336.7503070184,739356.5729193243,89586.05856556675,0.0,0.0,11952.986144874187,332739.36349313776,247089.23311679997,7904.437718561124,14582.590844132243,71459.0925414988,0.0,0.0,0.0,0.0,0.0,0.0,0.0,0.0,0.0,0.0,0.0,0.0,0.0,0.0,0.0,0.0,0.0,0.0,0.0,0.0,0.0,0.0,0.0,0.0,0.0,0.0,0.0,0.0,0.0,0.0,0.0,0.0,0.0,0.0,0.0,0.0,0.0,0.0,0.0,0.0,0.0,0.0,0.0,0.0,0.0,0.0,0.0,0.0,0.0,0.0,0.0,0.0,0.0,0.0,0.0,0.0,0.0,0.0,0.0,0.0,0.0,0.0,0.0,0.0,0.0,0.0,0.0,0.0,0.0,0.0,0.0,0.0,0.0,0.0,0.0,0.0,0.0
0.0,0.0,0.0,0.0,0.0,0.0,0.0,0.0,0.0,0.0,0.0,0.0,0.0,0.0,0.0,0.0,0.0,0.0,0.0,0.0,0.0,0.0,0.0,0.0,0.0,0.0,0.0,0.0,0.0,0.0,0.0,0.0,0.0,0.0,0.0,0.0,0.0,0.0,0.0,0.0,0.0,0.0,0.0,0.0,0.0,0.0,0.0,0.0,0.0,0.0,0.0,0.0,0.0,0.0,0.0,0.0,0.0,0.0,0.0,0.0,0.0,0.0,0.0,0.0,6855724.678841202,7738493.606947403,65728.10534301966,6143404.253942321,3516828.4064307297,3770935.9345846255,638242.8493682616,759025.7513886831,1069048.358687575,625743.8854330878,831168.2895720187,4086524.20655459,9472518.65248941,2599452.941675076,1533954.266166505,942223.9704313905,4041211.6401252397,4205068.885549089,21250163.62086613,8124513.197199258,2102643.415258136,2619776.5049399333,2288561.7419668776,391359.0449683346,778035.4139675312,354286.0275449605,3878490.5124267787,2199693.302470028,238996.52258674285,229566.49024672853,233139.22843044813,524067.68039774266,1414649.6239541187,2056890.9396779502,2969120.430626642,3107457.7058394155,785743.4836471676,1337608.9398138458,976738.1649130349,1951970.7291315258,1983131.674636869,4789150.198810524,2634012.1796984184,4116985.8102757577,2289076.0937739736,4656081.847059619,5025236.329741442,524270.8941551387,2700419.014912466,932702.8469901606,1227692.166684546,1289575.1791414027,3532494.0697815483,13657410.14518984,62699136.85783963,28007929.675062545,9813643.28751743,2905272.368333631,5697692.255291578,15045219.527859038,2333069.024113777,815241.3754196072,3363792.2323137936,711757.8160378713,984069.9003071876,791300.7961366728,1054110.4718924975,815025.6461932862,919418.0520782049,1068285.3537646355,725046.9476641065,1612269.4850896522,4090741.0893956134,1618880.950021178,1068351.7472063056,1259801.085016743,1937287.8253380994,990291.3267490531,2081715.40692219,2204726.771258577,2473024.9222434415,1539995.7421083618,1314434.8390452168,1314561.6705610924,1625714.2481838744,2776944.976620477,1601871.062453051,1352054.0387924828,1302042.6963727921,1558166.4036660232,2410511.165900142,2955444.5308400574,2763484.495048008,4284721.69159498,2368036.142021443,1867618.3482727685,1256585.5558789913,2187394.2550661936,453816.5441891935,330316.16196826333,1191111.6095627546,1008529.685269919,1008260.6849159684,2944831.170121697,2000722.3867175821,717444.8768254053,210564.01147602068,84134.55726960328,8150.93626612403,8101.635889800344,95661.8810947334,1093794.6557182362,449329.9549749751,0.0,7086.327473685336,7811.0580646499275,0.0,0.0,0.0,0.0,0.0,0.0,0.0,0.0,0.0,0.0,0.0,0.0,0.0,0.0,0.0,0.0,0.0,0.0,0.0,0.0,0.0,0.0,0.0,0.0,0.0,0.0,0.0,0.0,0.0,0.0,0.0,0.0,0.0,0.0,0.0,0.0,0.0,0.0,0.0,0.0,0.0,0.0,0.0,0.0,0.0,0.0,0.0,0.0,0.0,0.0,0.0,0.0,0.0,0.0,0.0,0.0,0.0,0.0,0.0,0.0,0.0,0.0,0.0,0.0,0.0,0.0,0.0,0.0,0.0,0.0,0.0,0.0,0.0,0.0,0.0,0.0,0.0
0.0,0.0,0.0,0.0,0.0,0.0,0.0,0.0,0.0,0.0,0.0,0.0,0.0,0.0,0.0,0.0,0.0,0.0,0.0,0.0,0.0,0.0,0.0,0.0,0.0,0.0,0.0,0.0,0.0,0.0,0.0,0.0,0.0,0.0,0.0,0.0,0.0,0.0,0.0,0.0,0.0,0.0,0.0,0.0,0.0,0.0,0.0,0.0,0.0,0.0,0.0,0.0,0.0,0.0,0.0,0.0,0.0,0.0,0.0,0.0,0.0,0.0,0.0,0.0,0.0,952136.692970806,683585.4165331576,936889.0837223633,520367.2580259149,826330.9093504571,541917.1840052397,218702.68791155104,353800.46702884405,452238.4311122015,211976.17885391245,1585052.601410253,2245460.1230219705,6232775.950207614,3528352.3607634893,1220562.2447897252,802466.915427081,1814040.663441141,4283618.406187741,1333287.145387579,959701.4126505693,1741803.914691555,908293.0696158931,1262450.221281736,1367336.8059087214,388985.70963749127,905944.9646977545,548293.1936371203,52613.25918971516,549069.1178413152,118288.87744019013,1535634.3007795082,3829147.089673057,4020120.896025679,3849720.86179307,1518628.2024022532,1487525.1566292285,4424335.587618379,7432040.294335801,9466765.310073903,4997766.953112145,2828059.0653526904,2472219.223507949,11173185.020263465,18593690.55125229,1115184.4593359255,981888.0456255756,610897.1347141137,621140.1933959479,515917.9008051953,617856.0978201038,1223429.9619780218,2046513.9740262628,12945225.248244012,55896144.31978965,68398401.80233712,30228528.16609329,3329917.9220655146,1693220.1031380994,1164324.3952015727,924364.7246226422,1017326.002227773,670564.0296109485,535265.2874330524,565176.4196428,1087570.4047752756,789024.1871139896,1600640.0465709367,1608047.0569057202,1146822.1213876,1465840.7563690532,1111021.6761816829,1124734.098231506,976161.0653364747,1959286.2316094,1360189.6791567788,1044448.3229440466,1312085.0215030191,1197645.6963944966,1373958.0302379474,1362849.3488014142,3993881.7314976077,1770369.4720830559,2598708.4825523808,1665263.2917947895,5099197.977625306,1598000.2733477016,1483779.2924193484,1757267.8597604712,3381355.21594126,3594093.1767236446,4495217.127920292,5469956.966479247,4179226.1871278733,2436544.529417803,1985118.7956390444,1448366.7327877926,1412985.337692603,528057.573543618,1669127.0944241981,1582403.6229518563,1784668.7994484259,382469.5575514845,821574.987698545,377413.4303972203,863785.5993780666,643160.7710185993,190479.97806465268,90060.76263482135,10108.294197089253,82498.74272511862,148119.5467969543,0.0,0.0,0.0,0.0,0.0,0.0,0.0,0.0,0.0,0.0,0.0,0.0,0.0,0.0,0.0,0.0,0.0,0.0,0.0,0.0,0.0,0.0,0.0,0.0,0.0,0.0,0.0,0.0,0.0,0.0,0.0,0.0,0.0,0.0,0.0,0.0,0.0,0.0,0.0,0.0,0.0,0.0,0.0,0.0,0.0,0.0,0.0,0.0,0.0,0.0,0.0,0.0,0.0,0.0,0.0,0.0,0.0,0.0,0.0,0.0,0.0,0.0,0.0,0.0,0.0,0.0,0.0,0.0,0.0,0.0,0.0,0.0,0.0,0.0,0.0,0.0,0.0,0.0,0.0,0.0,0.0
0.0,0.0,0.0,0.0,0.0,0.0,0.0,0.0,0.0,0.0,0.0,0.0,0.0,0.0,0.0,0.0,0.0,0.0,0.0,0.0,0.0,0.0,0.0,0.0,0.0,0.0,0.0,0.0,0.0,0.0,0.0,0.0,0.0,0.0,0.0,0.0,0.0,0.0,0.0,0.0,0.0,0.0,0.0,0.0,0.0,0.0,0.0,0.0,0.0,0.0,0.0,0.0,0.0,0.0,0.0,0.0,0.0,0.0,0.0,0.0,0.0,0.0,0.0,0.0,0.0,0.0,102346.2418244823,1406240.573299227,1990902.5454653106,2316586.9033697136,1269508.7810372384,1068978.8461162248,1334338.673624353,1509472.7493814277,256710.55999007786,796368.37847008,799868.0383303028,1065570.3663950819,1520747.078892902,1885528.584699658,3450819.9290541154,1336971.4611812425,5436929.513000903,4535447.567061117,1235655.0708791874,1112299.380301415,602384.798137546,3653306.1759745637,2826755.6812391514,1077683.6600386042,2588285.7597387694,2479594.0077331536,1404789.647762211,1595301.2259882814,1826644.9877234693,337245.55768321455,1524359.4804688548,5484337.382477454,27701736.450323403,8733714.62120772,490284.94016366213,4165657.864283359,8440175.364921933,9136214.853607174,12553046.035102177,1994013.383473704,5322558.480446728,5056209.043512296,7511243.881477417,1452899.0990139253,2377044.808921408,976330.2671516943,3377047.2382817212,766437.5679743787,1904677.7510543144,1653367.515870198,4142148.8014031844,8035068.944524109,27302105.900008615,24470807.53417568,8375202.489739426,5350814.287778588,1872387.6092528137,2738143.9710356444,889990.3124824133,974143.7100379642,973471.3376791715,623149.9978616495,1223132.0348454253,838024.0760562171,2844764.5637750095,713984.6611395057,982911.9761314796,1811087.8546887012,1679929.7403764832,1193554.6695818626,2054749.9639496808,1460656.1223707083,2688792.841223143,1786915.6252040712,2438109.7329241815,2015789.6292103883,3060711.652268069,1660809.282854305,1388457.012127067,1207121.0255493682,1248561.0816309336,1304274.9596014188,1830079.1106230991,1913468.5682675093,2339609.2611396983,1459145.958051451,5081372.901633487,2992755.469209231,2505410.892035584,2683949.32680991,20773493.710006535,6588616.594599622,2446015.577607962,3664752.7806267864,2122291.6160943266,9461397.36406218,4695536.044129756,1953083.013935449,1236583.7519323463,941208.0488279876,301947.2679584989,181131.21372379301,111576.45166647839,223652.27204611315,450242.3677920708,38425.652880202244,63.06002761613097,3333.003496556691,51761.08865514082,84616.11568486111,0.0,0.0,0.0,0.0,0.0,0.0,0.0,0.0,0.0,0.0,0.0,0.0,0.0,0.0,0.0,0.0,0.0,0.0,0.0,0.0,0.0,0.0,0.0,0.0,0.0,0.0,0.0,0.0,0.0,0.0,0.0,0.0,0.0,0.0,0.0,0.0,0.0,0.0,0.0,0.0,0.0,0.0,0.0,0.0,0.0,0.0,0.0,0.0,0.0,0.0,0.0,0.0,0.0,0.0,0.0,0.0,0.0,0.0,0.0,0.0,0.0,0.0,0.0,0.0,0.0,0.0,0.0,0.0,0.0,0.0,0.0,0.0,0.0,0.0,0.0,0.0,0.0,0.0,0.0,0.0,0.0
0.0,0.0,0.0,0.0,0.0,0.0,0.0,0.0,0.0,0.0,0.0,0.0,0.0,0.0,0.0,0.0,0.0,0.0,0.0,0.0,0.0,0.0,0.0,0.0,0.0,0.0,0.0,0.0,0.0,0.0,0.0,0.0,0.0,0.0,0.0,0.0,0.0,0.0,0.0,0.0,0.0,0.0,0.0,0.0,0.0,0.0,0.0,0.0,0.0,0.0,0.0,0.0,0.0,0.0,0.0,0.0,0.0,0.0,0.0,0.0,0.0,0.0,0.0,0.0,0.0,0.0,2335.1874587763173,107300.15261461445,3993723.3856886495,21604637.997720066,6939371.585119374,2109804.4410438035,697039.2807935192,848386.590062865,783746.7598370431,497743.11258737696,689868.8028682992,1472158.253064673,3812083.754931446,2460607.7509142547,698107.4278426204,929424.6400440307,1853167.8272027369,699169.3304536844,602843.4809067305,2257396.3055095403,2864453.135042278,14629107.577365706,7714678.7118094545,1796418.2222961695,1133367.581998005,919537.1519922746,519120.89115943573,622180.2872570618,2206122.608374049,1897099.12282267,2474896.153915204,1921486.8085718495,2628184.3701096103,3656113.606058292,833300.8423284516,2245427.272026366,26550017.78247016,33305392.933308877,17475920.07197441,1393068.6301139812,3551997.0985061647,2420779.7434983784,1915549.7409366607,850527.118271265,947513.3055036006,954653.8920480851,1793137.0710900621,674096.6684064142,1017226.9411635599,905392.6416729651,1355841.821613764,2574094.340030013,4918266.838077078,3859997.1003657905,2804527.3555018213,1757391.581515733,1156522.937008419,1547392.246454508,988238.7858540243,1321894.690067166,1385412.671166212,497885.35201560665,524248.5542667849,744883.7578277863,936792.6259840562,1111523.1629055445,2411556.885930784,2772464.605179112,2784356.9984987187,2363966.710511259,1621372.4137944244,1355018.3141867172,2599228.8740461865,1378879.8095268472,996311.8201209237,962053.777433647,1279143.0917760835,1206342.4855978787,1117211.3205165872,1950401.2822878696,1078639.1401482718,1928925.7871489334,11567520.203209808,3370641.1657520654,2092409.0090744295,2975456.482795653,4185969.0324411285,4603064.439241055,4387549.181148607,4043413.6028681197,6016385.173689011,2888923.315346949,2188200.8022356303,2163530.0009600045,1250399.1410199828,2031127.0876788446,1920722.5415010694,1479769.2484104398,539615.5617560673,584720.7555831522,187162.51864151133,260727.88216277698,373029.03773673275,278102.26675599423,106525.01130977807,8060.175250707665,4149.844151482042,8886.920706071978,100741.17312176667,36623.44949103262,0.0,0.0,0.0,0.0,0.0,0.0,0.0,0.0,0.0,0.0,0.0,0.0,0.0,0.0,0.0,0.0,0.0,0.0,0.0,0.0,0.0,0.0,0.0,0.0,0.0,0.0,0.0,0.0,0.0,0.0,0.0,0.0,0.0,0.0,0.0,0.0,0.0,0.0,0.0,0.0,0.0,0.0,0.0,0.0,0.0,0.0,0.0,0.0,0.0,0.0,0.0,0.0,0.0,0.0,0.0,0.0,0.0,0.0,0.0,0.0,0.0,0.0,0.0,0.0,0.0,0.0,0.0,0.0,0.0,0.0,0.0,0.0,0.0,0.0,0.0,0.0,0.0,0.0,0.0,0.0,0.0
0.0,0.0,0.0,0.0,0.0,0.0,0.0,0.0,0.0,0.0,0.0,0.0,0.0,0.0,0.0,0.0,0.0,0.0,0.0,0.0,0.0,0.0,0.0,0.0,0.0,0.0,0.0,0.0,0.0,0.0,0.0,0.0,0.0,0.0,0.0,0.0,0.0,0.0,0.0,0.0,0.0,0.0,0.0,0.0,0.0,0.0,0.0,0.0,0.0,0.0,0.0,0.0,0.0,0.0,0.0,0.0,0.0,0.0,0.0,0.0,0.0,0.0,0.0,0.0,0.0,0.0,0.0,887598.5088082042,18758683.79543358,7747457.497257186,1946390.1562406698,1611770.492717133,1502768.548508405,2314974.6004987657,1906643.7859973991,737996.3960266882,1022567.2621868087,680184.5036087304,1151201.593600833,1377868.997504164,1032597.3403756588,3297790.033282997,8708194.444334095,3007348.079017464,1567623.743134507,619390.3180287927,934480.5342508208,4465950.884237157,1088486.2345632818,665361.6644400056,3547814.334935689,1617147.6521187052,943544.869240186,188821.14530111483,459236.3228628804,518069.4231903106,453917.0244961942,2631748.41559446,2035009.3338296884,2267218.1347655533,293967.27237864153,909155.9200706116,3184905.258791688,2639487.2542732796,2088711.887471133,3520163.249805831,4100235.1332749957,5151041.839861961,2921919.085198696,1668854.2106574809,1107090.8723164303,1436991.8453472676,801955.9413605831,533617.4616313073,845437.5568067268,2595651.308011849,923001.6702653589,2093445.299375397,2259781.3216065606,2213633.674014222,2628299.1279420047,649684.5917707542,766917.5730958056,745715.9450912022,1215609.7992587253,584295.19707061,585755.5515352776,629133.1106738686,1538119.3835515056,611374.8786851042,2065808.945732004,1431132.6825400372,1855550.7061371238,26256785.07093633,9389135.01800201,2210084.8033130914,4121633.2952651726,1477877.030240876,3273243.4463812993,1838663.1350508758,1984947.0137367717,1147536.1370484298,1600552.7921840698,1072329.9842167993,1551338.7201661933,1450942.161408527,1877247.370943306,1387138.8239720971,2753226.091761655,2530932.706193479,3890591.0331535586,4111822.013962261,7861488.652628168,8035461.077788719,12009776.021951528,10211682.672397977,2079897.1336439431,2389774.794135699,1103148.4908283588,781125.2287729103,1044870.9812803138,1922458.6023580076,2054744.457765635,299205.6688204139,147978.77894977742,174948.18476608215,1088657.210962079,1209545.7483999815,692477.31593848,561357.1165008377,50512.76151601054,39124.74488126112,169475.62373877253,113299.16474212718,137084.19538834837,0.0,0.0,0.0,0.0,0.0,0.0,0.0,0.0,0.0,0.0,0.0,0.0,0.0,0.0,0.0,0.0,0.0,0.0,0.0,0.0,0.0,0.0,0.0,0.0,0.0,0.0,0.0,0.0,0.0,0.0,0.0,0.0,0.0,0.0,0.0,0.0,0.0,0.0,0.0,0.0,0.0,0.0,0.0,0.0,0.0,0.0,0.0,0.0,0.0,0.0,0.0,0.0,0.0,0.0,0.0,0.0,0.0,0.0,0.0,0.0,0.0,0.0,0.0,0.0,0.0,0.0,0.0,0.0,0.0,0.0,0.0,0.0,0.0,0.0,0.0,0.0,0.0,0.0,0.0,0.0,0.0,0.0
0.0,0.0,0.0,0.0,0.0,0.0,0.0,0.0,0.0,0.0,0.0,0.0,0.0,0.0,0.0,0.0,0.0,0.0,0.0,0.0,0.0,0.0,0.0,0.0,0.0,0.0,0.0,0.0,0.0,0.0,0.0,0.0,0.0,0.0,0.0,0.0,0.0,0.0,0.0,0.0,0.0,0.0,0.0,0.0,0.0,0.0,0.0,0.0,0.0,0.0,0.0,0.0,0.0,0.0,0.0,0.0,0.0,0.0,0.0,0.0,0.0,0.0,0.0,0.0,0.0,0.0,0.0,78511.20041298121,117848.73994270759,7554473.7961431965,1476348.2655834034,235605.3075829179,510766.33549136546,787947.4586786428,280053.78846605495,667527.2835843947,1399072.3310412737,1725268.6399726365,801071.0568319375,1359528.8931014976,2094528.9448007802,6326183.6079138415,38760571.74753289,11885727.570246983,878894.8418714793,620929.285661964,360940.9962497905,620563.2468859311,1218429.6493494557,2319548.5469283485,964363.7446035435,1106815.5606002333,1098142.666471841,1058112.0270949854,1002336.9539127587,224914.1166415267,430275.4583923145,1191977.5198709134,2847546.9960701764,1873511.7596770949,280047.41585156845,502242.01981008245,2379574.1392207514,1308606.7367303467,4212691.620440238,2346276.5554717267,865404.4397494284,4467265.753184991,2211352.671982663,1607726.5442295417,921872.332318616,1110149.5996691734,1241372.0143627345,963468.3525837183,946348.2850607266,1584525.5245433492,1361849.7395121674,5153699.203318661,1634274.3912980165,2311649.735716081,796269.6132288212,628562.9036332816,669015.4772615447,3157181.3077438045,2106538.1661622943,2124891.2466225405,854812.9804812113,1022149.2870400422,463496.0950970681,763377.3184599956,689682.5137137701,1122405.6832263183,5715173.557433567,40006032.27972002,23602014.7534004,6530366.376787913,11532080.354391463,3428509.3443229133,1990757.3854538375,1552077.22407304,2005181.4157949742,1974777.489434185,2506717.02744483,3076371.366790851,1849302.3458886305,1590774.975503298,1594582.3703068825,3671252.2100630924,3917848.0480954037,2620104.62131311,5478238.827520618,12748682.566507548,39658722.652169324,35141272.68339861,24611410.735260688,13003826.668764262,7188429.538572423,2768514.0107640275,1370657.6811091565,1138851.66641851,1651330.6705046538,1001872.5996121271,914131.5618127824,647843.6032884,183631.39405830717,1384382.6554275984,6985756.899401662,999997.2666177385,366030.807589774,209260.21909450006,164176.86351500385,3936.6200590885746,123144.98598695797,516798.9889830137,1060222.2013837392,0.0,0.0,0.0,0.0,0.0,0.0,0.0,0.0,0.0,0.0,0.0,0.0,0.0,0.0,0.0,0.0,0.0,0.0,0.0,0.0,0.0,0.0,0.0,0.0,0.0,0.0,0.0,0.0,0.0,0.0,0.0,0.0,0.0,0.0,0.0,0.0,0.0,0.0,0.0,0.0,0.0,0.0,0.0,0.0,0.0,0.0,0.0,0.0,0.0,0.0,0.0,0.0,0.0,0.0,0.0,0.0,0.0,0.0,0.0,0.0,0.0,0.0,0.0,0.0,0.0,0.0,0.0,0.0,0.0,0.0,0.0,0.0,0.0,0.0,0.0,0.0,0.0,0.0,0.0,0.0,0.0,0.0
0.0,0.0,0.0,0.0,0.0,0.0,0.0,0.0,0.0,0.0,0.0,0.0,0.0,0.0,0.0,0.0,0.0,0.0,0.0,0.0,0.0,0.0,0.0,0.0,0.0,0.0,0.0,0.0,0.0,0.0,0.0,0.0,0.0,0.0,0.0,0.0,0.0,0.0,0.0,0.0,0.0,0.0,0.0,0.0,0.0,0.0,0.0,0.0,0.0,0.0,0.0,0.0,0.0,0.0,0.0,0.0,0.0,0.0,0.0,0.0,0.0,0.0,0.0,0.0,0.0,0.0,0.0,60592.63220012419,13190.642303851313,1068377.0593449005,1169160.3266368732,1248274.0472825798,373520.6033764533,595212.9698879397,259464.75535023867,610941.5063884498,1103920.9966088636,1938915.9367886512,1118149.2387748046,370696.24692675367,470122.85032333457,626418.1873916106,3709393.0519915535,2344758.8830444203,816640.157460322,2528007.083833159,527191.9081814496,1583152.321649037,1087630.0776506108,2490319.3689196515,986848.3248565982,527648.892835928,1680805.778416742,801278.4483138727,522027.2738148279,148385.80610650888,1476998.3899852457,1335327.556400428,3341275.0913841,3294435.318746836,200294.80409534276,185676.5571880871,812443.001312172,2652577.106150941,3400372.2234998746,5061358.783586374,2551256.8708761875,2898054.4423616556,18054113.44624485,5296288.952052387,3776705.900307838,3814069.891804726,1614617.8240526128,684150.5126400769,2186733.6643729107,1456933.6370564501,1947049.811981083,2034162.566503541,1280250.489946838,1034138.4146752028,933235.2386151648,1087572.4580789884,705838.3270235009,860343.4017426851,604903.8140378144,574932.9613894506,934101.3291777445,919830.5674643284,1229551.8892028802,1296971.7346862392,2054824.6105810362,1021310.3720133171,1694476.4694267525,3464276.753163967,2871966.7659532907,1665559.1217676667,2318458.66831077,1780067.0474298792,2632267.8210328138,2616037.4526360487,1474371.9866301343,1199820.4257818363,5331601.552810602,1162443.8513601152,1847934.5123606753,5996130.785649134,1826243.0404853201,3340253.9932343718,6416752.8475106405,6886026.2816598145,4746854.901421495,35087919.514026165,82247404.75841498,105505703.62622413,58408370.991673164,10589402.305092108,6540532.152445616,2375340.8510808935,3492050.7884245496,1220939.0088593566,425024.445109691,183410.62450014928,591525.920278965,1427387.8711468175,403320.43153657066,472653.0451097371,1154101.4370428734,1400400.6874206648,411792.4933722798,80689.93360188865,88634.14452947913,13284.02386702324,5293.943609474163,157623.22049318795,157039.2939354158,18015.81948676803,0.0,0.0,0.0,0.0,0.0,0.0,0.0,0.0,0.0,0.0,0.0,0.0,0.0,0.0,0.0,0.0,0.0,0.0,0.0,0.0,0.0,0.0,0.0,0.0,0.0,0.0,0.0,0.0,0.0,0.0,0.0,0.0,0.0,0.0,0.0,0.0,0.0,0.0,0.0,0.0,0.0,0.0,0.0,0.0,0.0,0.0,0.0,0.0,0.0,0.0,0.0,0.0,0.0,0.0,0.0,0.0,0.0,0.0,0.0,0.0,0.0,0.0,0.0,0.0,0.0,0.0,0.0,0.0,0.0,0.0,0.0,0.0,0.0,0.0,0.0,0.0,0.0,0.0,0.0,0.0,0.0
0.0,0.0,0.0,0.0,0.0,0.0,0.0,0.0,0.0,0.0,0.0,0.0,0.0,0.0,0.0,0.0,0.0,0.0,0.0,0.0,0.0,0.0,0.0,0.0,0.0,0.0,0.0,0.0,0.0,0.0,0.0,0.0,0.0,0.0,0.0,0.0,0.0,0.0,0.0,0.0,0.0,0.0,0.0,0.0,0.0,0.0,0.0,0.0,0.0,0.0,0.0,0.0,0.0,0.0,0.0,0.0,0.0,0.0,0.0,0.0,0.0,0.0,0.0,0.0,0.0,0.0,0.0,178653.98683420438,645044.3751495061,11503809.247747215,16378196.5070761,1606787.6695434116,733458.6442530792,4289635.817603992,3669463.8886501803,3337000.737405999,824135.804250322,463121.2978613689,937555.9125132805,1170582.014328702,1372337.821620686,964067.4092543543,1579212.3371714284,4001975.941939916,412022.8129839241,689931.8326877346,3450074.731726072,3453117.1151369256,445524.9095914316,488811.3926667867,969141.70399643,413212.89170938625,847589.8800135136,4685192.540166339,997489.4701759148,99503.9415953459,1239302.3006142396,2986351.5874783224,4659931.067882589,876157.015560509,107891.33546074346,578717.8844143206,971813.9912105801,5318357.405468721,1957160.6586226257,9281500.608654646,3376167.4225177853,8832626.41551043,37196467.65480589,12461977.801451124,2567192.3118808605,2683887.3157630083,1524687.609088004,718619.0737965619,1228101.5129375858,1416389.9988208194,2325926.1270548087,7292095.426298878,952474.754395571,3518026.4434707877,1158411.9051074814,823461.2209429904,619964.885046913,1949011.5632082014,671788.0076060102,949866.6688771532,560146.5188869593,671668.286847854,924807.0899819738,713651.4964985326,723915.7441426222,2589353.6073365742,2877229.267989747,2041569.5291891275,5148648.875571985,1927061.0399962962,1580441.4999402885,1928785.4998533046,1857811.5947330766,1654579.6551701836,1968381.7646813681,1287756.0676166578,6293761.1690306,1689819.9110620562,1396324.8001612048,4436337.419405069,2009148.7562271426,1950902.7267037975,1652503.112149499,2319265.084774272,5675157.999280387,14534669.6168848,50763390.506067425,68880578.30295585,22425374.902816627,7756111.69909462,4918754.218873888,3665116.5657041157,3298084.577085977,1549132.3438749916,963186.4957097243,432246.73730706156,355226.6513738751,405885.70783604984,355553.4773961408,199785.00698400184,202553.6512220726,4346003.338735258,514383.868466188,287587.0051060603,220152.45941942296,220936.1996617509,41380.44259576367,100198.52733207725,35789.512996690966,0.0,0.0,0.0,0.0,0.0,0.0,0.0,0.0,0.0,0.0,0.0,0.0,0.0,0.0,0.0,0.0,0.0,0.0,0.0,0.0,0.0,0.0,0.0,0.0,0.0,0.0,0.0,0.0,0.0,0.0,0.0,0.0,0.0,0.0,0.0,0.0,0.0,0.0,0.0,0.0,0.0,0.0,0.0,0.0,0.0,0.0,0.0,0.0,0.0,0.0,0.0,0.0,0.0,0.0,0.0,0.0,0.0,0.0,0.0,0.0,0.0,0.0,0.0,0.0,0.0,0.0,0.0,0.0,0.0,0.0,0.0,0.0,0.0,0.0,0.0,0.0,0.0,0.0,0.0,0.0,0.0,0.0
0.0,0.0,0.0,0.0,0.0,0.0,0.0,0.0,0.0,0.0,0.0,0.0,0.0,0.0,0.0,0.0,0.0,0.0,0.0,0.0,0.0,0.0,0.0,0.0,0.0,0.0,0.0,0.0,0.0,0.0,0.0,0.0,0.0,0.0,0.0,0.0,0.0,0.0,0.0,0.0,0.0,0.0,0.0,0.0,0.0,0.0,0.0,0.0,0.0,0.0,0.0,0.0,0.0,0.0,0.0,0.0,0.0,0.0,0.0,0.0,0.0,0.0,0.0,0.0,0.0,0.0,0.0,140555.8225822674,414534.97837739,4147717.7978102826,9656030.363928001,1057110.3377663891,570821.2751566176,982577.4183347167,775977.1060809076,934119.9753916925,114653.76454245127,319475.9348693447,4619343.104383873,962914.6836937913,403792.6155995304,423175.0059473192,409599.9028540725,1187152.0937359785,1344145.1751075708,832057.0776659137,318237.16011989804,519829.62132937985,225584.94029285503,233698.87850620685,685572.0627003105,2678321.990868891,1231933.1659691054,13379742.410723709,4763999.082538459,249830.67579841323,728896.9383922426,2760775.636418408,5829084.624072945,766573.345789741,122173.10507249903,294911.3518592054,1242372.9385855147,4796629.9558057245,1418474.4402618688,811531.0481630038,614293.1667714783,1171501.19134953,2790763.0749089294,3872778.475424282,1405271.4362078076,1369737.9073083643,829215.379386496,911887.8232639497,1955891.9408960799,1801434.8848737488,1730198.7363918414,1201465.3017981942,970376.6426005989,655308.337275266,933453.1060464807,805002.8061588355,1303038.2941905754,1484553.1753169606,490666.140463742,823436.2019646658,708866.4478926902,1306178.7820831868,2538374.706390012,1517606.7025493644,1620846.2798630977,1170225.7793351705,4425480.266380085,1901927.8369356855,1600545.0690106906,2950408.691208045,6546499.8841622155,1325976.8750695884,1677217.7072765534,1801690.2951959772,1591747.1174235798,1395994.6314922832,1555951.8868953332,3025255.9134778613,2334246.1438234514,3429920.2515213913,1815409.0248917681,4193235.80878075,2188897.963224567,1780634.297195655,3559288.294437509,7808625.572776357,16985801.2467675,20111979.05915207,5578030.321342886,6157447.518826394,2021131.6639108285,917742.7508699093,1220497.3492565888,1293590.7056425777,1748129.9071729868,2230799.979893973,1686787.1867409926,351898.9505060464,258425.9513596816,459265.7116423985,283350.5417251863,1401247.29016396,975226.7481072057,521423.83327294566,832418.7346863673,278366.2403399905,35947.55296783987,61126.79382012153,2245.0367915912066,0.0,0.0,0.0,0.0,0.0,0.0,0.0,0.0,0.0,0.0,0.0,0.0,0.0,0.0,0.0,0.0,0.0,0.0,0.0,0.0,0.0,0.0,0.0,0.0,0.0,0.0,0.0,0.0,0.0,0.0,0.0,0.0,0.0,0.0,0.0,0.0,0.0,0.0,0.0,0.0,0.0,0.0,0.0,0.0,0.0,0.0,0.0,0.0,0.0,0.0,0.0,0.0,0.0,0.0,0.0,0.0,0.0,0.0,0.0,0.0,0.0,0.0,0.0,0.0,0.0,0.0,0.0,0.0,0.0,0.0,0.0,0.0,0.0,0.0,0.0,0.0,0.0,0.0,0.0,0.0,0.0,0.0
0.0,0.0,0.0,0.0,0.0,0.0,0.0,0.0,0.0,0.0,0.0,0.0,0.0,0.0,0.0,0.0,0.0,0.0,0.0,0.0,0.0,0.0,0.0,0.0,0.0,0.0,0.0,0.0,0.0,0.0,0.0,0.0,0.0,0.0,0.0,0.0,0.0,0.0,0.0,0.0,0.0,0.0,0.0,0.0,0.0,0.0,0.0,0.0,0.0,0.0,0.0,0.0,0.0,0.0,0.0,0.0,0.0,0.0,0.0,0.0,0.0,0.0,0.0,0.0,0.0,0.0,0.0,144335.7910584969,34151.38026320564,641145.990414623,1902929.1638908326,1444976.8315015924,684406.1952867917,679175.0903242857,443445.8450060892,423952.6319649053,256917.32514045993,667296.4314394263,541241.0878059139,367209.40216703934,385931.8960313576,476419.35849113244,1318504.129168266,1739928.9649141028,560426.6008876938,739898.0045746679,916965.0068887994,883806.7155595238,3410124.4960100986,436199.39158571686,291718.73253558937,244590.54721857142,2798405.646976321,4212216.565937645,2233551.3549427376,296492.57776140986,1324209.297551722,2933464.7902876837,1526511.793397592,238748.6720379669,341078.88448258885,398344.872191317,607897.52655119,1255450.5230896552,854787.9857296092,585714.5981863064,357956.95218057896,1632360.1501984913,2289073.7872414086,1545971.033982082,1295352.1051143194,5361327.389914941,1042659.4530178943,6144573.996606564,11030222.874839615,2978657.1880696225,2664463.035626797,1458449.5982738913,2966817.523219024,2081794.2591700216,1044690.1011213376,1143362.0372784226,718403.8432099973,633454.2469270093,452823.48125670175,2133367.1403630106,789759.9271137507,549064.1877345177,685000.7224522926,664817.2352438234,1337023.8662039505,4302373.38794052,4500815.644701887,1700868.9467192192,3613482.5551790753,2256809.457940164,2130477.096963104,1772954.4100667606,2016255.3955835481,1723257.1051540375,2135819.466777787,2470789.396519163,3535359.572258236,1706077.9891427907,2047509.6853919174,1555980.7737396774,1693040.6647303782,8004494.51239405,5736544.322494012,3530228.3779983735,5942243.9453219725,5392820.975449174,5192110.821757153,6806910.280595047,6438586.419200405,5168034.6088796565,3485398.5922506084,2412429.752335809,771566.0681769741,469547.6878562802,196843.58147774174,409039.37237619836,1194090.1172871576,4472693.768868259,1035653.8051966312,442273.5764019853,364487.8122917235,2751993.3384542777,5401562.599012064,522194.8930725356,723950.1641587999,162160.6142509049,163432.19317857415,70060.33572846308,126.48904993121494,0.0,0.0,0.0,0.0,0.0,0.0,0.0,0.0,0.0,0.0,0.0,0.0,0.0,0.0,0.0,0.0,0.0,0.0,0.0,0.0,0.0,0.0,0.0,0.0,0.0,0.0,0.0,0.0,0.0,0.0,0.0,0.0,0.0,0.0,0.0,0.0,0.0,0.0,0.0,0.0,0.0,0.0,0.0,0.0,0.0,0.0,0.0,0.0,0.0,0.0,0.0,0.0,0.0,0.0,0.0,0.0,0.0,0.0,0.0,0.0,0.0,0.0,0.0,0.0,0.0,0.0,0.0,0.0,0.0,0.0,0.0,0.0,0.0,0.0,0.0,0.0,0.0,0.0,0.0,0.0,0.0,0.0
0.0,0.0,0.0,0.0,0.0,0.0,0.0,0.0,0.0,0.0,0.0,0.0,0.0,0.0,0.0,0.0,0.0,0.0,0.0,0.0,0.0,0.0,0.0,0.0,0.0,0.0,0.0,0.0,0.0,0.0,0.0,0.0,0.0,0.0,0.0,0.0,0.0,0.0,0.0,0.0,0.0,0.0,0.0,0.0,0.0,0.0,0.0,0.0,0.0,0.0,0.0,0.0,0.0,0.0,0.0,0.0,0.0,0.0,0.0,0.0,0.0,0.0,0.0,0.0,0.0,0.0,314.66204618804636,32384.413405459763,70130.44149421762,1573919.4655414973,3459748.066901062,1292985.1658879644,628207.892624342,1588175.1161360014,1075025.7974935232,1051535.5540745757,1626045.0163761212,973478.4027402238,215157.14074390064,1529263.497688418,626783.8833008553,2335588.6020935704,5268278.279815096,5587058.033501331,1267581.470544008,1325332.8874063627,5672194.160254201,1415698.3972479063,575296.6907546346,769881.6132771205,104232.50179462576,314256.86385885754,796819.2179666283,3290128.9009074112,12759391.62932894,4016832.892650052,1601070.0792132393,4019974.1201708065,1272336.0980466222,879370.31085377,445802.50699290377,1130667.5230560252,304203.44363625074,2399423.0346421674,2444500.81682676,865003.6650909238,503154.4985341856,1156897.9628483672,1576627.0082893656,911371.5126817733,757239.2821955397,2486002.176805447,1185361.9966036128,866047.6873167001,2440843.4602565677,3041712.249145874,2870228.268554168,1650588.0603321288,5472438.023577137,1528077.3934641052,1075455.5081003709,4699087.9276844375,1640410.1476025647,2637642.1506366543,1034257.9681003534,2536280.8508248073,807279.4329484628,1016854.0768121404,1813439.441162133,2066521.311586571,6213004.614493282,1509175.4708280966,1225388.6887176214,1410308.7063339415,1556342.6298692843,1054627.8318249632,1318488.718246961,1616594.1235013958,19077499.116745442,15288315.146483544,4448892.977911914,1464688.5552777825,2588492.5484056873,1424591.038200801,1338724.4179105933,1816326.9414315922,2717423.1100099334,12011134.899894478,3313515.399846706,1827888.3520276055,3061480.531421746,1912496.4478276554,3083661.2305772947,4301481.378412379,2825090.5813290295,3749272.6865740046,1810931.2465610318,1489065.1775879636,2586939.536911223,1019943.7467111086,196434.57690171446,250458.66311094322,824249.2639899701,5523953.8123358125,4069988.596344227,597102.1426363668,264057.8400492519,989366.6315063741,1808305.3780837231,1051479.7041458245,896921.0660787624,1128.055260757336,5375.179609739876,4954.859578157485,0.0,0.0,0.0,0.0,0.0,0.0,0.0,0.0,0.0,0.0,0.0,0.0,0.0,0.0,0.0,0.0,0.0,0.0,0.0,0.0,0.0,0.0,0.0,0.0,0.0,0.0,0.0,0.0,0.0,0.0,0.0,0.0,0.0,0.0,0.0,0.0,0.0,0.0,0.0,0.0,0.0,0.0,0.0,0.0,0.0,0.0,0.0,0.0,0.0,0.0,0.0,0.0,0.0,0.0,0.0,0.0,0.0,0.0,0.0,0.0,0.0,0.0,0.0,0.0,0.0,0.0,0.0,0.0,0.0,0.0,0.0,0.0,0.0,0.0,0.0,0.0,0.0,0.0,0.0,0.0,0.0,0.0,0.0
0.0,0.0,0.0,0.0,0.0,0.0,0.0,0.0,0.0,0.0,0.0,0.0,0.0,0.0,0.0,0.0,0.0,0.0,0.0,0.0,0.0,0.0,0.0,0.0,0.0,0.0,0.0,0.0,0.0,0.0,0.0,0.0,0.0,0.0,0.0,0.0,0.0,0.0,0.0,0.0,0.0,0.0,0.0,0.0,0.0,0.0,0.0,0.0,0.0,0.0,0.0,0.0,0.0,0.0,0.0,0.0,0.0,0.0,0.0,0.0,0.0,0.0,0.0,0.0,0.0,0.0,92001.16727055819,114048.71002393066,515460.0224058539,1386464.7576149867,3957782.8548881817,3620745.7566882363,1594142.2752100986,908276.4127970473,1353980.3325161396,9342440.349370088,16817409.326808836,1845415.0778413601,292503.12315558025,187819.34020824803,106420.40136909913,643804.3098054356,1829586.4571116748,2273588.0260331025,2305998.2898950176,683603.8994833308,889084.7238618361,131892.38247093654,601690.4886206005,1137720.8502319718,1184776.7443773053,329342.8796151938,1759619.6874352216,1687728.1149335727,18933256.92978267,38338684.075739756,7927218.315955754,9930210.60949994,2505934.3010719265,1821589.5902878374,961463.8547417939,698429.4879261823,233978.09211573246,5243522.6391436625,6402022.83182225,899746.8817909962,472585.30398435134,466917.4313120771,2537890.4044255177,611188.9172861747,410501.93694858346,546775.4161867079,3491345.3521629944,1392960.9096563917,1391836.925937214,1795083.22332855,11469002.022988204,2272579.5631560404,19929139.310719084,7352911.797703936,1721602.82854809,1108495.4696049902,702310.0989603488,911045.7636376964,526047.6769587231,1032790.0636790117,642642.126739361,1261830.8344962485,1016851.5896073699,991308.9735672676,1290733.7629564675,1097237.3010453384,1615327.9296421383,1155607.4811695963,1282432.1295494281,2153092.7606281517,1336948.5727929096,1598521.812065186,3913673.0014960673,2330661.7294338313,2669038.756031012,2353719.919709851,1772620.1729867212,2719292.5642593876,2648583.2406100277,1933211.1859678337,2153939.4565218794,2813253.8175141253,2524355.0117862173,2496050.0338400644,1480073.4506000313,2048857.5653842338,1995350.4426207684,2496410.442449893,1608418.5680956012,2870343.613885265,3130546.252333059,1172013.6263637254,1326425.403190097,1140249.1197515116,295530.67985693505,182019.73137780285,1517118.4532916392,13344294.73865752,9906256.752186313,605864.3953594565,30778.8724890644,23156.029143716172,203719.76505435922,657973.1177113317,268582.68176621466,36624.30547769314,313.7443131102441,73.84402364164924,0.0,0.0,0.0,0.0,0.0,0.0,0.0,0.0,0.0,0.0,0.0,0.0,0.0,0.0,0.0,0.0,0.0,0.0,0.0,0.0,0.0,0.0,0.0,0.0,0.0,0.0,0.0,0.0,0.0,0.0,0.0,0.0,0.0,0.0,0.0,0.0,0.0,0.0,0.0,0.0,0.0,0.0,0.0,0.0,0.0,0.0,0.0,0.0,0.0,0.0,0.0,0.0,0.0,0.0,0.0,0.0,0.0,0.0,0.0,0.0,0.0,0.0,0.0,0.0,0.0,0.0,0.0,0.0,0.0,0.0,0.0,0.0,0.0,0.0,0.0,0.0,0.0,0.0,0.0,0.0,0.0,0.0,0.0
0.0,0.0,0.0,0.0,0.0,0.0,0.0,0.0,0.0,0.0,0.0,0.0,0.0,0.0,0.0,0.0,0.0,0.0,0.0,0.0,0.0,0.0,0.0,0.0,0.0,0.0,0.0,0.0,0.0,0.0,0.0,0.0,0.0,0.0,0.0,0.0,0.0,0.0,0.0,0.0,0.0,0.0,0.0,0.0,0.0,0.0,0.0,0.0,0.0,0.0,0.0,0.0,0.0,0.0,0.0,0.0,0.0,0.0,0.0,0.0,0.0,0.0,0.0,0.0,0.0,0.0,11749.36879150168,167592.23464698828,2178519.3954237965,3307277.8171108547,5561781.518057796,3294139.7173314723,3670253.37824533,1329777.0629540998,1980504.6488276483,1948706.5665713819,2887730.96261914,636298.1544641894,1479174.4432420828,793702.7421418272,700848.2900208647,553873.3654240842,13149553.57705897,6092914.253779202,819743.2529814063,488902.7794084886,134831.2710249257,364230.34210351965,984279.3167568492,618004.1178768743,613522.1669313407,1045761.4472753088,4440654.506325824,1354093.8427917028,3022940.0529250046,22836557.829853144,10404519.894652523,2141171.209733665,1756166.760767173,3639499.673913588,1010283.8191510248,1708041.77303018,702000.9675303744,1055111.052849552,871909.364529042,795942.0632901208,578509.9820847443,495112.39275048126,1292145.0897716633,999492.9295256889,579605.3470484908,2020245.5793278632,4335527.16832862,1391221.898475362,963136.8807506952,1414645.9921518671,5786766.766465303,2916768.6852977294,4080963.9046387332,1177086.1729511102,1793905.7680870616,1137738.6503874536,1155967.7285976494,1352139.5755700087,605512.5642789075,725937.9436552445,733122.317780714,791837.0790382782,1142199.3446550346,1281949.3073249285,3613348.5872761626,1243726.6604919117,1696066.480053055,1654707.8371699355,2923655.6152549987,2508342.981035673,2565692.5159504553,2681115.204947776,2711462.2563653365,3644453.8580785873,2725983.134570858,2179180.0076053524,2668900.641127902,3235581.683240188,1810647.0107408047,1827296.248963424,1578485.53395112,2634397.3801423097,2155506.9713327023,2190575.6813739007,1165082.5684781189,2112440.896241066,5985156.89109043,3828541.3871288653,1491711.6785553568,3378934.6295293705,5763286.135927464,1435184.5609499104,1734563.9934642173,1051229.2372589824,1068912.8655365568,874187.2274569424,1966392.9627765324,1129791.8593722312,308933.18740150594,1381472.4129895435,128421.20970280551,56588.79203163892,2499.0933638945344,39258.11070733544,1079775.4430478509,76310.44725388268,6711.8678972498765,0.0,0.0,0.0,0.0,0.0,0.0,0.0,0.0,0.0,0.0,0.0,0.0,0.0,0.0,0.0,0.0,0.0,0.0,0.0,0.0,0.0,0.0,0.0,0.0,0.0,0.0,0.0,0.0,0.0,0.0,0.0,0.0,0.0,0.0,0.0,0.0,0.0,0.0,0.0,0.0,0.0,0.0,0.0,0.0,0.0,0.0,0.0,0.0,0.0,0.0,0.0,0.0,0.0,0.0,0.0,0.0,0.0,0.0,0.0,0.0,0.0,0.0,0.0,0.0,0.0,0.0,0.0,0.0,0.0,0.0,0.0,0.0,0.0,0.0,0.0,0.0,0.0,0.0,0.0,0.0,0.0,0.0,0.0,0.0
0.0,0.0,0.0,0.0,0.0,0.0,0.0,0.0,0.0,0.0,0.0,0.0,0.0,0.0,0.0,0.0,0.0,0.0,0.0,0.0,0.0,0.0,0.0,0.0,0.0,0.0,0.0,0.0,0.0,0.0,0.0,0.0,0.0,0.0,0.0,0.0,0.0,0.0,0.0,0.0,0.0,0.0,0.0,0.0,0.0,0.0,0.0,0.0,0.0,0.0,0.0,0.0,0.0,0.0,0.0,0.0,0.0,0.0,0.0,0.0,0.0,0.0,0.0,0.0,0.0,0.0,0.0,110335.8250601704,5038935.148527739,25956256.281644322,30947029.47951562,9770648.27823722,5590021.966053133,641623.0555600745,3167735.037069786,2750141.0032192795,243860.2747964419,349972.3784488909,983964.1927893144,253221.96410712443,1055951.5835252637,423355.5546656641,7554967.2858728925,5788131.6756405365,2866447.5168383345,292682.2462918268,2505926.3712434852,441594.9593436019,761932.9651940714,972036.9253820262,1896397.8525184817,1770084.1546303642,7909937.967423697,809407.3231393793,1027387.3205741541,2247008.4397943746,9252592.306308787,3811183.76429663,1503640.7608934068,2949666.023166592,1421309.9062235826,859055.7939961094,1219584.7528328674,922112.9726791,1131964.875514811,1188618.7205536065,4387307.534414232,1632616.1990329837,456994.5832307028,1538872.9949769839,1309161.396220828,641946.7066589671,1843916.8519532927,4944598.908073704,1111269.7434098176,1823180.3742576763,1917212.8996343035,1166615.0833270764,1318747.7968663138,2969938.8482319233,2527462.4857874396,835267.1820801038,1436519.004857435,782749.0142904124,1053411.6360031632,764863.9699580633,932446.9896391147,1201892.6464442997,928687.198648001,877211.7924466814,1111438.8328619003,3068821.0284284363,3869328.534887689,3430832.6565172444,4989720.587224594,18791430.92827408,27480331.559264336,2299316.904472528,1647598.1799215982,1699542.4821484126,1251035.3308268809,1661706.8804868197,2697076.804714975,2997909.4218763793,1835121.3633544883,1841943.4104894558,1986928.0998791829,8077560.6336267125,8087456.538066051,1567757.5354388282,2076429.78454791,2556141.3570467094,8982400.827436801,2581445.2345962115,2208205.670175923,2798052.1022418328,1693471.3399650957,1434866.389475389,913989.2186690362,2210657.7727961997,246082.75931468594,511154.02243059565,524842.7361888738,508061.9459497664,12911.27828201244,202830.03793311038,106101.64131075371,9596.705354864182,16212.754825207801,27848.145561791174,41232.66110301258,45254.409368034394,0.0,0.0,0.0,0.0,0.0,0.0,0.0,0.0,0.0,0.0,0.0,0.0,0.0,0.0,0.0,0.0,0.0,0.0,0.0,0.0,0.0,0.0,0.0,0.0,0.0,0.0,0.0,0.0,0.0,0.0,0.0,0.0,0.0,0.0,0.0,0.0,0.0,0.0,0.0,0.0,0.0,0.0,0.0,0.0,0.0,0.0,0.0,0.0,0.0,0.0,0.0,0.0,0.0,0.0,0.0,0.0,0.0,0.0,0.0,0.0,0.0,0.0,0.0,0.0,0.0,0.0,0.0,0.0,0.0,0.0,0.0,0.0,0.0,0.0,0.0,0.0,0.0,0.0,0.0,0.0,0.0,0.0,0.0,0.0,0.0
0.0,0.0,0.0,0.0,0.0,0.0,0.0,0.0,0.0,0.0,0.0,0.0,0.0,0.0,0.0,0.0,0.0,0.0,0.0,0.0,0.0,0.0,0.0,0.0,0.0,0.0,0.0,0.0,0.0,0.0,0.0,0.0,0.0,0.0,0.0,0.0,0.0,0.0,0.0,0.0,0.0,0.0,0.0,0.0,0.0,0.0,0.0,0.0,0.0,0.0,0.0,0.0,0.0,0.0,0.0,0.0,0.0,0.0,0.0,0.0,0.0,0.0,0.0,0.0,0.0,0.0,3232.3110065380943,230808.9574760679,7037237.775317047,12634610.214319717,5615574.324857416,2324511.092416807,1152430.8899540906,389842.98841556,910717.2058898287,257652.6299510619,441851.4386388423,1421061.4570949334,1641829.999377144,516660.86171551887,1901259.8913643123,2090287.8452849681,2257123.4872443373,424478.2936802208,1626575.2207880453,318853.26065991586,768746.5557896836,505982.74456598656,1887705.8548169804,2260360.310100651,1241019.2778634056,1121411.6878561303,554166.0451694115,445151.17538163473,436289.853226357,857858.2475060676,508216.61940755637,6700941.050206501,8133156.216242563,1652518.9913388076,4661819.462442685,3710892.388507905,1415957.770239109,1734668.653645344,557638.6831367298,987604.5157302523,585752.4088903996,1298593.3202506509,921646.1965744917,526027.6472723709,464447.6377296443,2221705.365602072,828392.8897614314,2842763.2750392025,1233242.424213278,2121587.4464815604,873717.4440350365,932767.7257503858,1562014.540306109,1711142.817904146,1786559.8090931494,1056006.1407804745,1211801.686841177,2237955.4560281364,1270653.7859714106,1406047.8597143833,1049229.7811834337,1599908.3599068527,2125795.318308129,1843917.4260617595,3532360.7250706255,1941115.3540073163,1466634.2432907645,7175817.595412859,18408066.27731289,4029630.796886283,7228187.597032999,1934002.4321284578,3326479.385461442,3566585.847801081,2105275.631327978,1847776.4521176713,2366785.609234694,2776664.1201910414,1399272.1293434252,2360440.2743614744,2778428.755502292,3257275.3626414896,2650214.047189879,3721351.910578535,2080958.4987361531,2770214.6804734124,16397412.942776114,7913131.878134718,1303409.0114030065,1139667.6029738025,1033428.3789914066,327721.3693460978,750198.5056803154,1488010.1681640863,639072.0713864963,296360.1800084242,578015.2484050561,399276.68529162195,330574.6854887846,0.0,716297.5085799621,1030363.9037280272,114851.53125942982,11725.395514863949,152.35179286242325,324.3627275099351,0.0,0.0,0.0,0.0,0.0,0.0,0.0,0.0,0.0,0.0,0.0,0.0,0.0,0.0,0.0,0.0,0.0,0.0,0.0,0.0,0.0,0.0,0.0,0.0,0.0,0.0,0.0,0.0,0.0,0.0,0.0,0.0,0.0,0.0,0.0,0.0,0.0,0.0,0.0,0.0,0.0,0.0,0.0,0.0,0.0,0.0,0.0,0.0,0.0,0.0,0.0,0.0,0.0,0.0,0.0,0.0,0.0,0.0,0.0,0.0,0.0,0.0,0.0,0.0,0.0,0.0,0.0,0.0,0.0,0.0,0.0,0.0,0.0,0.0,0.0,0.0,0.0,0.0,0.0,0.0,0.0,0.0,0.0,0.0,0.0
0.0,0.0,0.0,0.0,0.0,0.0,0.0,0.0,0.0,0.0,0.0,0.0,0.0,0.0,0.0,0.0,0.0,0.0,0.0,0.0,0.0,0.0,0.0,0.0,0.0,0.0,0.0,0.0,0.0,0.0,0.0,0.0,0.0,0.0,0.0,0.0,0.0,0.0,0.0,0.0,0.0,0.0,0.0,0.0,0.0,0.0,0.0,0.0,0.0,0.0,0.0,0.0,0.0,0.0,0.0,0.0,0.0,0.0,0.0,0.0,0.0,0.0,0.0,0.0,0.0,0.0,6655.017957341671,103276.37039861461,2435384.71693559,856512.6289387238,425135.8261642009,494974.01755293814,1071501.7878421282,692023.2920990903,706180.8028772988,501391.3891298894,1503321.1454434134,2592476.51741113,1547481.564291666,839636.5477212183,672100.7448367228,811817.7560939497,1418079.9165542969,561342.9084845365,592768.5128156471,404410.6072029567,574852.2717155765,523461.4320771914,681920.7375918907,386298.07946091174,1727033.2788059432,1063459.816214275,250562.9307175947,2500967.649760536,1584002.0989419695,806355.2316858699,615111.3800010524,198514.9558969657,1767681.8960038384,975605.4828322995,1570524.1262871637,2328230.931002805,1503645.7827857872,1503666.9935360793,1124282.4989182954,1156860.1804362908,664177.9660256759,675223.5781116674,558612.9830438199,107305.14906614501,215800.70453633854,680621.9282584349,380545.2248387651,2663836.324518054,2411248.936143823,2340097.8505165204,1387027.328302508,1775294.3596664765,1552790.0140170155,987505.3465852741,1096488.5886351904,896648.0712335194,3631797.826296658,5122340.949857477,12509402.318602147,1555804.3483804702,2077915.8975517452,3711793.5430723866,4082935.5918015167,2892587.594576541,1695937.610747161,1750981.912222621,1556567.1622515817,1962644.3835745943,2104231.0429936973,1480610.901619273,2742655.635723512,3371752.4643588364,2633493.4021483604,2542277.8476106343,1919598.4901262883,1901735.6045244797,3712747.347389876,1732298.245768411,1937206.3634783006,2011520.0739635555,16249604.013907555,11225595.859782245,1629849.8725813287,1666096.183239919,1584526.064140868,2258904.877927429,1265757.9673839929,2001080.0049693915,1204112.534969544,1198068.5797101427,1942546.656627857,368431.6159228907,516545.3143640701,340782.39050769643,476228.51203459036,590531.2825564658,1073614.4645536146,460478.72745762573,198977.02841374377,3366.906188019968,0.0,51756.44606985502,105459.33121530406,8957.603767144154,1082.7601986764244,959.3660609082576,9236.453339559994,0.0,0.0,0.0,0.0,0.0,0.0,0.0,0.0,0.0,0.0,0.0,0.0,0.0,0.0,0.0,0.0,0.0,0.0,0.0,0.0,0.0,0.0,0.0,0.0,0.0,0.0,0.0,0.0,0.0,0.0,0.0,0.0,0.0,0.0,0.0,0.0,0.0,0.0,0.0,0.0,0.0,0.0,0.0,0.0,0.0,0.0,0.0,0.0,0.0,0.0,0.0,0.0,0.0,0.0,0.0,0.0,0.0,0.0,0.0,0.0,0.0,0.0,0.0,0.0,0.0,0.0,0.0,0.0,0.0,0.0,0.0,0.0,0.0,0.0,0.0,0.0,0.0,0.0,0.0,0.0,0.0,0.0,0.0,0.0
0.0,0.0,0.0,0.0,0.0,0.0,0.0,0.0,0.0,0.0,0.0,0.0,0.0,0.0,0.0,0.0,0.0,0.0,0.0,0.0,0.0,0.0,0.0,0.0,0.0,0.0,0.0,0.0,0.0,0.0,0.0,0.0,0.0,0.0,0.0,0.0,0.0,0.0,0.0,0.0,0.0,0.0,0.0,0.0,0.0,0.0,0.0,0.0,0.0,0.0,0.0,0.0,0.0,0.0,0.0,0.0,0.0,0.0,0.0,0.0,0.0,0.0,0.0,0.0,0.0,5070.758315409348,44430.97844099694,2154602.4274158143,1406885.9601412492,114153.12290160653,437436.5705954,1424349.0180936258,3495333.6623566835,2776858.3096389463,566573.8488624408,694141.2504316454,496770.63930906594,5711479.975968935,1042773.7839709856,607696.1148605311,267802.1687919499,72546.85667611909,164688.8824094265,261254.24777752947,1282562.0162960484,932539.1391021449,710115.5216299705,1620942.6948423139,1052702.8553513724,1527917.279910696,599046.1473024534,631359.1289318602,1171618.235388824,461914.91110634885,743406.0380518236,667603.4024498491,1041643.215086363,257723.44441075408,1331391.2017433457,1387224.630245688,2601100.4119252097,846582.0888784238,1118618.8300967193,929865.3737555752,504560.05857067025,459142.4786259027,228003.4842209625,157008.16854435205,101412.2529207115,111940.45834788545,330015.74050689663,448831.4384283282,502559.5497199011,466584.831759654,3240088.9790652017,2009398.7384225028,4517882.623590214,3716315.20597661,4723009.144481972,1837517.6189329396,1471900.1838605911,2666201.1760974894,749766.8519034676,1437933.0691313075,1541926.4917073061,1460880.0874284883,1099204.9366051205,1706384.332544787,1337338.3873108285,8322553.776093794,1739020.9991166727,905076.7995337521,6707804.709300205,6514832.784011552,2458457.3111469215,1540292.8044829967,1404629.9335410958,1967944.5175616466,3434388.3362255567,2358576.7376694717,2214630.0790016484,1820382.4844540823,1145310.1999302602,1382605.3503944022,1628577.2678716145,4133882.521663568,2383784.9492689855,4000334.6777842483,1580128.452827763,2962555.7928825314,1562039.7116842987,656226.6097377989,616065.1283498101,2887528.5884551033,1097300.9264227743,1010922.8826126064,709598.5392995158,74870.61309695066,317424.13739175163,136306.1510479165,113088.5760754697,585069.3487238983,2937695.809405253,2525810.111717287,1043223.8172213472,36685.15085325448,333.4492239360446,0.0,163053.37663492747,242622.02243441233,18052.65989933703,30626.52970972147,26286.441711310552,0.0,0.0,0.0,0.0,0.0,0.0,0.0,0.0,0.0,0.0,0.0,0.0,0.0,0.0,0.0,0.0,0.0,0.0,0.0,0.0,0.0,0.0,0.0,0.0,0.0,0.0,0.0,0.0,0.0,0.0,0.0,0.0,0.0,0.0,0.0,0.0,0.0,0.0,0.0,0.0,0.0,0.0,0.0,0.0,0.0,0.0,0.0,0.0,0.0,0.0,0.0,0.0,0.0,0.0,0.0,0.0,0.0,0.0,0.0,0.0,0.0,0.0,0.0,0.0,0.0,0.0,0.0,0.0,0.0,0.0,0.0,0.0,0.0,0.0,0.0,0.0,0.0,0.0,0.0,0.0,0.0,0.0,0.0,0.0
0.0,0.0,0.0,0.0,0.0,0.0,0.0,0.0,0.0,0.0,0.0,0.0,0.0,0.0,0.0,0.0,0.0,0.0,0.0,0.0,0.0,0.0,0.0,0.0,0.0,0.0,0.0,0.0,0.0,0.0,0.0,0.0,0.0,0.0,0.0,0.0,0.0,0.0,0.0,0.0,0.0,0.0,0.0,0.0,0.0,0.0,0.0,0.0,0.0,0.0,0.0,0.0,0.0,0.0,0.0,0.0,0.0,0.0,0.0,0.0,0.0,0.0,0.0,0.0,1582.230093923755,7392.123385437456,27756.6561483615,5139716.154400365,1129836.2855900931,1370279.5825838596,6499917.903873812,37174118.777564846,13272748.402670061,2893159.7037824807,668534.0828563033,464895.143194332,263321.85150858253,597722.9974658376,902116.5491200148,763890.1613778297,595964.3530716125,212636.46896822815,1563129.9697907574,389128.7389515208,1111135.770730405,749340.7222340121,1990264.654555791,6212592.066148749,3968016.0337328627,1361077.5479852757,526550.8254150612,76894.1400511793,165586.82099448398,254838.15259624727,217953.49547305366,386941.4442232307,441544.60567067395,298527.9707681314,406363.6552784785,438722.3187129457,324437.30708019575,481134.4180813463,2094233.5975592355,2942307.6422596388,2009186.0750528974,551972.8994455717,148177.38554333258,558987.7249674889,681932.9467115777,567077.7245360424,348023.48352400423,187389.49018074386,467919.50200841145,510391.430311838,669844.9981267307,4490617.070339966,7773901.846483606,7902799.86851841,13260514.453467147,5411479.861983104,1402920.5323517704,1068970.3877210994,1928259.681813897,738975.2395939999,1344063.4389404382,622521.3674928923,973373.7050242501,1432511.0490885936,1466183.2194713268,1331242.3887642191,974335.887452648,1757083.7021324877,1680310.3600493884,4066070.79520752,2132019.192223699,1388438.0210858812,2789502.723211503,1347935.8179999166,8360437.921476091,14593208.520157777,2872029.780069704,3447477.2637111438,2335398.885666708,1543191.676799811,1617918.0772459055,1875510.782189738,2535519.5275771534,3808553.3063007584,1711999.6571192392,386801.05897518946,1329069.3574571176,2194361.5913570486,2097604.938444888,2193713.794426772,607132.1133975284,189552.00700261683,801202.692666919,444050.2278288681,291838.2047281278,692479.1558804448,535931.6840411536,535638.6307300758,276924.819341508,100889.07411190975,68489.98981633747,1815.0217737934302,0.0,0.0,0.0,109089.3304706224,76918.2527284784,42716.06924219009,814.4025177907993,0.0,0.0,0.0,0.0,0.0,0.0,0.0,0.0,0.0,0.0,0.0,0.0,0.0,0.0,0.0,0.0,0.0,0.0,0.0,0.0,0.0,0.0,0.0,0.0,0.0,0.0,0.0,0.0,0.0,0.0,0.0,0.0,0.0,0.0,0.0,0.0,0.0,0.0,0.0,0.0,0.0,0.0,0.0,0.0,0.0,0.0,0.0,0.0,0.0,0.0,0.0,0.0,0.0,0.0,0.0,0.0,0.0,0.0,0.0,0.0,0.0,0.0,0.0,0.0,0.0,0.0,0.0,0.0,0.0,0.0,0.0,0.0,0.0,0.0,0.0,0.0,0.0,0.0,0.0,0.0,0.0,0.0,0.0,0.0
0.0,0.0,0.0,0.0,0.0,0.0,0.0,0.0,0.0,0.0,0.0,0.0,0.0,0.0,0.0,0.0,0.0,0.0,0.0,0.0,0.0,0.0,0.0,0.0,0.0,0.0,0.0,0.0,0.0,0.0,0.0,0.0,0.0,0.0,0.0,0.0,0.0,0.0,0.0,0.0,0.0,0.0,0.0,0.0,0.0,0.0,0.0,0.0,0.0,0.0,0.0,0.0,0.0,0.0,0.0,0.0,0.0,0.0,0.0,0.0,0.0,0.0,0.0,0.0,9590.443000658714,40462.44260374485,27700.41404448035,1558006.7401221371,1876899.288077046,4226084.845537456,20940743.775286015,46442822.34739828,12463411.279422816,1912774.2687379164,969761.4369240361,1068230.4680670989,377056.9758404272,721064.8902107393,647991.6521141016,1087407.809496582,768813.8664101015,5777311.4398688795,4706537.449522192,190903.54349147915,372140.29970620736,748408.6406761573,749200.945653992,1660630.2943032365,1329694.53972713,510102.76615120505,441569.13278048753,276885.22099138726,569329.3012817086,986698.4333012106,1142670.5488675016,1514258.8198129463,2818351.8785468843,3750909.123280005,2390100.970638385,754094.3254444692,929613.7083637974,9883301.551499248,1212981.0509313243,387305.1662744658,669405.3892914136,2007673.1364088636,1069655.960789586,777438.6132307118,1115133.001483824,784123.1301217979,497657.8728406627,1402151.711338684,2100224.232605593,2917403.1645550546,2054252.0405155858,4447029.868726143,11833768.38688309,37107656.14496532,20216221.44266746,1522009.6417517322,1008315.873229251,662062.6690000887,752683.4793027247,1411480.6933682046,877548.0815239676,1528343.4595426498,811223.6732637484,4215516.55286259,1423617.808702319,2574478.703025382,2774930.0683319317,1493640.6700632065,5554140.072883642,45471528.383015394,9268880.807835821,2956327.471214761,2153438.5402620854,2294665.7786141,3051733.9798181504,4287196.059273243,3923063.7525262563,2002176.111441548,1793325.5479571351,2143549.288989965,1887773.7380698938,1458259.596340402,1955274.1254680161,4945749.38158176,2091786.750355127,258762.99808152104,714294.1521619114,2499820.198677274,2886452.8172126487,3949843.8221342275,4081147.168871911,652008.9926301882,906146.2044479,1892822.663434768,797667.8476200652,1505309.4759721123,104811.63055733006,193412.96456850597,611060.7482716186,35553.280008606336,0.0,0.0,0.0,0.0,0.0,381673.3647460783,401020.90678910475,3281.497374855301,0.0,0.0,0.0,0.0,0.0,0.0,0.0,0.0,0.0,0.0,0.0,0.0,0.0,0.0,0.0,0.0,0.0,0.0,0.0,0.0,0.0,0.0,0.0,0.0,0.0,0.0,0.0,0.0,0.0,0.0,0.0,0.0,0.0,0.0,0.0,0.0,0.0,0.0,0.0,0.0,0.0,0.0,0.0,0.0,0.0,0.0,0.0,0.0,0.0,0.0,0.0,0.0,0.0,0.0,0.0,0.0,0.0,0.0,0.0,0.0,0.0,0.0,0.0,0.0,0.0,0.0,0.0,0.0,0.0,0.0,0.0,0.0,0.0,0.0,0.0,0.0,0.0,0.0,0.0,0.0,0.0,0.0,0.0,0.0,0.0
0.0,0.0,0.0,0.0,0.0,0.0,0.0,0.0,0.0,0.0,0.0,0.0,0.0,0.0,0.0,0.0,0.0,0.0,0.0,0.0,0.0,0.0,0.0,0.0,0.0,0.0,0.0,0.0,0.0,0.0,0.0,0.0,0.0,0.0,0.0,0.0,0.0,0.0,0.0,0.0,0.0,0.0,0.0,0.0,0.0,0.0,0.0,0.0,0.0,0.0,0.0,0.0,0.0,0.0,0.0,0.0,0.0,0.0,0.0,0.0,0.0,0.0,0.0,1346.0365855595858,10016.49991877033,373384.5141593936,5882294.281178911,13050046.73107156,6298964.654434162,4187943.6620928566,6413489.897047868,6265153.924802877,3235797.1538756313,1028473.6326896461,594709.1591603912,959456.7147271932,969792.9172511775,684772.539815553,574218.7231740248,201372.811543906,588711.8960782797,939780.1943663963,1536154.4283899202,187832.62859036733,664128.5309598665,623296.2814976318,945738.0021844133,2480365.001127517,4490962.202523826,4128684.801907402,1694154.843940768,353218.52029795997,3716814.819089031,1476575.1294209217,3138269.3248278843,303662.3511102606,256416.31262120767,220779.42023301718,341859.67460304045,245176.93560047852,2570033.219944697,10078978.68488173,8222326.008817538,1523133.9361728574,1392303.9492746503,1097137.4802337838,3714566.7794434745,952565.8021989448,726141.8677072371,692230.7233384552,342406.9422185415,1071143.796059546,7850858.173053422,4143937.1941670994,9117982.891428024,13499247.657340555,48941095.0714731,69036571.7716283,20818524.45391225,2047928.3896791488,1554650.081012507,2254593.605929315,1744261.3912476255,1473279.1574643627,2261828.8092752155,1890404.449550713,1337950.9412963921,999235.7332135786,1073980.055798012,2465963.789725826,8580165.475735176,1691233.923625751,2206140.4115643823,10984093.172346998,4607872.7210145965,7145148.433340429,2093749.490599326,1674759.9101069681,2603807.5406393628,2164459.6801346107,1879913.4516983079,2343498.8417074718,1436995.9023132152,2055350.3206203997,1637471.3802975845,2452119.576617441,2449303.8520489987,1926171.226311882,258095.52044636416,287565.9922460022,1493962.2100706524,8263627.7943772515,4946338.298710067,2530037.919264043,1589138.2461211989,1080322.5986448051,506348.53244469024,274219.26734896324,109009.64040998396,306179.61899056233,739286.7589794433,393426.62178954296,4027983.218811719,29544.416165154253,0.0,0.0,0.0,0.0,0.0,0.0,42031.93410123147,9202.741329646467,504.500851606296,0.0,0.0,0.0,0.0,0.0,0.0,0.0,0.0,0.0,0.0,0.0,0.0,0.0,0.0,0.0,0.0,0.0,0.0,0.0,0.0,0.0,0.0,0.0,0.0,0.0,0.0,0.0,0.0,0.0,0.0,0.0,0.0,0.0,0.0,0.0,0.0,0.0,0.0,0.0,0.0,0.0,0.0,0.0,0.0,0.0,0.0,0.0,0.0,0.0,0.0,0.0,0.0,0.0,0.0,0.0,0.0,0.0,0.0,0.0,0.0,0.0,0.0,0.0,0.0,0.0,0.0,0.0,0.0,0.0,0.0,0.0,0.0,0.0,0.0,0.0,0.0,0.0,0.0,0.0,0.0,0.0,0.0,0.0,0.0
0.0,0.0,0.0,0.0,0.0,0.0,0.0,0.0,0.0,0.0,0.0,0.0,0.0,0.0,0.0,0.0,0.0,0.0,0.0,0.0,0.0,0.0,0.0,0.0,0.0,0.0,0.0,0.0,0.0,0.0,0.0,0.0,0.0,0.0,0.0,0.0,0.0,0.0,0.0,0.0,0.0,0.0,0.0,0.0,0.0,0.0,0.0,0.0,0.0,0.0,0.0,0.0,0.0,0.0,0.0,0.0,0.0,0.0,0.0,0.0,0.0,0.0,0.0,152.5807508908466,78759.03692495098,695753.961367262,5465743.232908422,4937208.206550429,713005.6868198672,7953182.00237371,356429.0792804387,6660825.924301477,6510764.389320508,2983035.7014305,1800972.754833305,2876038.291751368,4825272.370629339,3817506.461663816,3015831.1390404385,1184183.2969058258,824763.9227375047,1877086.3983913232,940138.916602145,527032.2579680859,1912274.1375593252,2297349.586085313,2996497.6011582785,1352191.7039215984,2002776.3263688898,941943.4863264766,986826.3998333954,690314.9047385837,776262.5909581867,502830.71085213794,934819.6290286311,1855513.0654459791,1045136.229130077,474162.7216313601,684203.2960389038,946788.9340155672,703327.3667324819,1264028.2908299598,1368189.4835129322,1380806.4241338202,1353143.7459249021,610374.861822801,4973303.884303506,1256365.7416811783,549083.3013012623,271443.19725949375,1540226.9736419264,2147021.929927967,1201346.1565050846,1728842.132509631,1875563.1340443422,5860684.225932358,47644994.381779194,74572944.7821919,26709700.196583513,6275519.505762047,1220015.9816925102,1288303.9843962723,1190852.432066297,5777403.3515763525,1069128.0798629848,743590.6149137586,2074324.1369232459,2104285.7116370695,2344814.053013418,1200509.469011583,1335912.2930509318,1926068.226776188,2091630.960439804,3494629.6929833447,1606912.5769258454,6074756.45640181,3001603.9826373956,1234176.9638638461,2051587.2916964542,2023342.9891111704,2330048.952086817,2203079.618061619,2010241.3695798772,2691656.000992451,3374220.6191689624,4498165.322704796,2759464.6872136793,2719838.5300439205,1872348.5745720747,2821957.2077299748,3451823.8608492366,2254509.587584516,2500395.3239033455,4302166.149269363,1274318.5137405086,150941.37963057074,360792.743593341,266534.07281746157,630172.7369549329,1168784.587407951,1085619.7632763754,397742.99751524505,503459.504507856,7793.514384318291,448.3572772051663,0.0,0.0,0.0,0.0,0.0,15451.440631878366,45049.19849273303,0.0,0.0,0.0,0.0,0.0,0.0,0.0,0.0,0.0,0.0,0.0,0.0,0.0,0.0,0.0,0.0,0.0,0.0,0.0,0.0,0.0,0.0,0.0,0.0,0.0,0.0,0.0,0.0,0.0,0.0,0.0,0.0,0.0,0.0,0.0,0.0,0.0,0.0,0.0,0.0,0.0,0.0,0.0,0.0,0.0,0.0,0.0,0.0,0.0,0.0,0.0,0.0,0.0,0.0,0.0,0.0,0.0,0.0,0.0,0.0,0.0,0.0,0.0,0.0,0.0,0.0,0.0,0.0,0.0,0.0,0.0,0.0,0.0,0.0,0.0,0.0,0.0,0.0,0.0,0.0,0.0,0.0,0.0,0.0,0.0
0.0,0.0,0.0,0.0,0.0,0.0,0.0,0.0,0.0,0.0,0.0,0.0,0.0,0.0,0.0,0.0,0.0,0.0,0.0,0.0,0.0,0.0,0.0,0.0,0.0,0.0,0.0,0.0,0.0,0.0,0.0,0.0,0.0,0.0,0.0,0.0,0.0,0.0,0.0,0.0,0.0,0.0,0.0,0.0,0.0,0.0,0.0,0.0,0.0,0.0,0.0,0.0,0.0,0.0,0.0,0.0,0.0,0.0,0.0,0.0,0.0,0.0,0.0,3171.1983873646473,16564.53477431254,51372.11928147414,3619298.341028427,1584536.3536322599,6580589.255135823,13160328.506916016,94607.04826678944,5248143.7150235195,4287755.631544458,1820176.3380032242,1636244.8807537106,2039426.6846090304,1997370.143839018,1806861.7541540596,1633735.3756139535,2136887.5211350597,3293915.571193677,17649862.415783037,17284265.193136968,2844725.7990705958,786113.6034943612,471835.9806072848,678874.5246546578,451703.0882131398,4863882.491973481,375345.65867860045,329107.4538752172,241954.2957802819,1068491.608510996,610924.5296753234,895113.2258172857,1019632.4414961222,4580572.530167511,16684350.92550884,3169396.420876354,234122.35474139208,561007.6798861603,1012162.7418829356,627398.4920307832,2962003.8786829812,1892953.1664461805,1403559.2424152163,1499557.237693496,1576653.0306978705,561803.9304798096,1013900.7563818938,935381.0369459603,815438.8097274255,1102953.077382713,2266084.4210743112,2586518.7546038637,4097806.161404729,24400751.06183776,28631532.754146885,17467871.325357206,3477097.357310307,2319561.91412819,1398239.8972916352,1396977.1309987935,1186274.5997867093,1585760.9071733807,1380035.8406601471,873214.8913348882,1025440.9833600312,2728621.4759097155,2455289.5475452235,1035118.5601661629,3661242.785388306,3799247.590229759,1397578.3265710922,2236519.5287199,2839899.5188707747,2445882.8790627224,3049604.4979971787,3002269.871438374,2372853.51023323,2100086.5749919894,2211229.1333121667,4468553.513018103,5128213.846172741,6716282.365007351,8352849.096057754,2503142.369510656,2350888.2409632327,1433747.3524625236,3829462.073893186,6065413.891899576,2262672.863411636,6305328.548499517,19101080.312472884,5834267.33240094,3289798.046170499,2547613.3033811403,1564611.7266182532,3257379.70387973,2378042.3188623595,611141.1793691394,349981.5800030428,306099.6934616583,469249.9267064807,345839.2946959993,0.0,0.0,0.0,0.0,0.0,0.0,164505.48383844155,0.0,0.0,0.0,0.0,0.0,0.0,0.0,0.0,0.0,0.0,0.0,0.0,0.0,0.0,0.0,0.0,0.0,0.0,0.0,0.0,0.0,0.0,0.0,0.0,0.0,0.0,0.0,0.0,0.0,0.0,0.0,0.0,0.0,0.0,0.0,0.0,0.0,0.0,0.0,0.0,0.0,0.0,0.0,0.0,0.0,0.0,0.0,0.0,0.0,0.0,0.0,0.0,0.0,0.0,0.0,0.0,0.0,0.0,0.0,0.0,0.0,0.0,0.0,0.0,0.0,0.0,0.0,0.0,0.0,0.0,0.0,0.0,0.0,0.0,0.0,0.0,0.0,0.0,0.0,0.0,0.0,0.0,0.0,0.0,0.0
0.0,0.0,0.0,0.0,0.0,0.0,0.0,0.0,0.0,0.0,0.0,0.0,0.0,0.0,0.0,0.0,0.0,0.0,0.0,0.0,0.0,0.0,0.0,0.0,0.0,0.0,0.0,0.0,0.0,0.0,0.0,0.0,0.0,0.0,0.0,0.0,0.0,0.0,0.0,0.0,0.0,0.0,0.0,0.0,0.0,0.0,0.0,0.0,0.0,0.0,0.0,0.0,0.0,0.0,0.0,0.0,0.0,0.0,0.0,0.0,0.0,0.0,0.0,0.0,446240.9618376527,438085.10754424264,521955.40679117944,651703.7996802884,34801021.92003051,54709407.568031885,7634.492790119696,15277019.155745076,6653237.86087977,2373506.43052546,2639943.487101021,2317513.9221638013,1996533.9384104598,1580073.172311603,1415813.3253294285,815739.918652226,1752577.5386489804,14914182.449919693,28935767.327560063,7917366.110593855,691476.0057605077,649090.9369328304,989064.0042996429,461479.6202047836,1052877.6454745675,593413.8034601947,565514.6180536066,1226512.529955337,2657248.243117583,3630927.1339282603,2990462.9653264615,5942775.258419858,37295045.46250766,79631551.96804062,24467164.27481525,4038217.5848507183,2138127.7089986927,3465368.382135394,5020797.380153869,808355.9257020635,660786.7567688504,1816383.9176549301,2067513.2475981582,1563826.778428166,1330532.172734695,1297242.2341580433,1789016.1375953774,2455695.372185231,3666566.60842458,2131527.9402223914,2773055.802030894,2207098.0339294523,5284236.458324969,6841388.851429841,3383354.659091604,4547793.41777928,3841634.518938938,1949567.3174351938,4350320.888630705,24967207.957936764,11039544.876372753,1798053.7083338993,1240722.5709067406,3190848.1573779047,20852166.074485254,23960064.44706753,2255483.3583139093,931794.0667781541,1355644.735706634,1355279.6368386545,2222162.3504871917,8158140.466915524,2304783.90202035,6313439.9026549505,8071275.98055513,5400703.16040583,3408253.380710627,6202316.583566913,28579625.079988316,8833324.210730892,3783353.2836988997,3867081.4860470034,1967909.055343476,2218813.096544087,1888825.209054516,1869155.7587060619,8499993.05985568,4923342.051406886,1455886.1636218287,3890631.496240868,1070955.1956284493,827241.8815840646,485620.4022578602,4884846.867654751,1311379.785740672,1889790.9707422499,739341.8888241965,357634.25154241675,280473.2233291734,190728.12032915093,865826.8285018742,540305.420880806,0.0,0.0,0.0,0.0,227.06355727605597,3045.1471148655064,0.0,0.0,0.0,0.0,0.0,0.0,0.0,0.0,0.0,0.0,0.0,0.0,0.0,0.0,0.0,0.0,0.0,0.0,0.0,0.0,0.0,0.0,0.0,0.0,0.0,0.0,0.0,0.0,0.0,0.0,0.0,0.0,0.0,0.0,0.0,0.0,0.0,0.0,0.0,0.0,0.0,0.0,0.0,0.0,0.0,0.0,0.0,0.0,0.0,0.0,0.0,0.0,0.0,0.0,0.0,0.0,0.0,0.0,0.0,0.0,0.0,0.0,0.0,0.0,0.0,0.0,0.0,0.0,0.0,0.0,0.0,0.0,0.0,0.0,0.0,0.0,0.0,0.0,0.0,0.0,0.0,0.0,0.0,0.0,0.0
0.0,0.0,0.0,0.0,0.0,0.0,0.0,0.0,0.0,0.0,0.0,0.0,0.0,0.0,0.0,0.0,0.0,0.0,0.0,0.0,0.0,0.0,0.0,0.0,0.0,0.0,0.0,0.0,0.0,0.0,0.0,0.0,0.0,0.0,0.0,0.0,0.0,0.0,0.0,0.0,0.0,0.0,0.0,0.0,0.0,0.0,0.0,0.0,0.0,0.0,0.0,0.0,0.0,0.0,0.0,0.0,0.0,0.0,0.0,0.0,0.0,0.0,0.0,0.0,474493.43572252826,559102.4237094005,30995.630898703846,1004876.8019074155,24064372.2203545,25227618.397249408,1515238.1417241136,5256730.103414385,2171226.240479346,3789099.2425331934,1725071.6224137126,1706876.6033787855,3301356.259786333,1429506.3344705706,1819922.5707528046,2478919.3715422787,2567552.7690644357,2756640.3322289586,2777686.065887275,1119584.9092350788,697899.5817693097,592718.3690200713,1034638.970014265,602137.7515815427,1685410.043670664,2625325.41231911,3327044.0485111494,756027.5939168229,917771.8897187484,1091743.6144699925,984101.4123492936,2108568.1799493562,17948042.80817686,41374060.27996047,17687153.309803195,6851285.045640486,3710612.925433189,712953.3392648913,785555.9537911285,2177080.4689907813,1117569.153400002,1775151.5349178202,602473.9020488431,5579714.1389317885,2654713.31758041,10336402.806604858,9253798.507851116,1667945.387069143,742491.8659077154,2118187.933405522,1612254.3482917952,1778541.7332336884,3414620.5170707065,4588627.925704719,1895990.8052315041,1451369.1081671505,2802255.0443471726,1242081.2077383413,1633588.3558354266,4255309.77712895,3724075.0936464234,2335121.6390902624,1406061.6438980685,2525313.3930997644,13523949.666689768,9023427.163562931,3100271.134432849,2193274.371052183,4458967.184349919,2588181.560653325,2085769.5370173177,5723093.229777701,4105711.6393706845,3444642.4496258236,3847307.3000488523,3788258.322321122,5167903.070494586,9535435.909032922,32798575.23809461,21388358.87703687,3246962.8020793092,2955916.217526283,2185382.0081744464,1666903.4030394952,3589274.99518791,2585511.0145688085,3259839.625154895,2035144.706400403,1787263.815639356,2273627.005729807,4484022.967492946,1687577.4449382762,1087937.156312926,479708.34950634243,1536505.1375197312,2541259.832620389,793590.0905104917,287144.4898267577,451245.42918431264,292617.9542889176,393563.902632343,29031.732638091627,0.0,0.0,0.0,0.0,0.0,3032.1963248588086,0.0,0.0,0.0,0.0,0.0,0.0,0.0,0.0,0.0,0.0,0.0,0.0,0.0,0.0,0.0,0.0,0.0,0.0,0.0,0.0,0.0,0.0,0.0,0.0,0.0,0.0,0.0,0.0,0.0,0.0,0.0,0.0,0.0,0.0,0.0,0.0,0.0,0.0,0.0,0.0,0.0,0.0,0.0,0.0,0.0,0.0,0.0,0.0,0.0,0.0,0.0,0.0,0.0,0.0,0.0,0.0,0.0,0.0,0.0,0.0,0.0,0.0,0.0,0.0,0.0,0.0,0.0,0.0,0.0,0.0,0.0,0.0,0.0,0.0,0.0,0.0,0.0,0.0,0.0,0.0,0.0,0.0,0.0,0.0,0.0
0.0,0.0,0.0,0.0,0.0,0.0,0.0,0.0,0.0,0.0,0.0,0.0,0.0,0.0,0.0,0.0,0.0,0.0,0.0,0.0,0.0,0.0,0.0,0.0,0.0,0.0,0.0,0.0,0.0,0.0,0.0,0.0,0.0,0.0,0.0,0.0,0.0,0.0,0.0,0.0,0.0,0.0,0.0,0.0,0.0,0.0,0.0,0.0,0.0,0.0,0.0,0.0,0.0,0.0,0.0,0.0,0.0,0.0,0.0,0.0,0.0,0.0,0.0,0.0,0.0,21991.884223010773,312971.2132417879,141369.97228167343,474397.10749467544,233007.8616591418,11696336.388671437,10102620.364262683,5668311.499311681,1557123.5232055378,698206.5974285064,658761.4597245113,1841232.0589341936,1761338.0964279184,2562237.1705598077,3448034.5572892106,1772105.6755462496,1938385.5218882025,1954043.6646394217,1793199.4216896035,2314017.3297125287,1564896.8429845546,2127764.4405856915,323382.43452083645,572355.9719407705,357170.1873368643,355051.89886068914,612028.4691192098,1820838.5764501828,6542694.963971088,731087.9392349013,2260214.4851872125,3390278.779922098,3137908.3661670927,3875794.0519421003,1017646.2616704365,1330699.3833286986,3699323.9930809834,4852742.89478893,2222180.040343797,1293307.2679066218,551273.3131452592,1159624.701717387,3247004.4830645556,857506.5593280714,1378730.8920790649,1100901.706559546,815312.6937162778,4170629.2143083536,1259602.1132663845,2196227.5936273634,2370847.618887974,1938792.2264995645,2306626.844476586,2766489.976736922,1524489.6566178768,1620260.8685818117,1423948.9233181702,3756186.4529244653,1014089.594633902,1544464.0462465393,1368049.4385755043,1551544.1667415088,1582996.3307610974,2512206.987162328,2766725.7446402116,1558169.7415654687,1327283.1104122293,9691237.27468802,4793428.446294527,3071107.5688943868,2308595.3190980256,4665546.427515296,21682289.51425758,35316083.879318856,16450211.344093598,15947190.353477545,5070924.581700658,4297118.998542786,4286093.701296092,3900900.2912740996,3053225.3954056716,2815534.1971793002,3873148.1908470993,3190431.5946358005,3603047.668895637,4878185.676156679,2015102.8564929627,2219281.4996854085,1009300.4528735465,1034426.7868313452,808789.2941431936,968245.0912208618,1402113.2890001007,161003.4778273747,139252.63995797368,300029.01417055563,84310.37526675533,115813.59264010946,27888.189346627376,281394.40535465465,218153.82130911743,159509.72043877968,0.0,0.0,0.0,0.0,581.2264383307751,0.0,0.0,0.0,0.0,0.0,0.0,0.0,0.0,0.0,0.0,0.0,0.0,0.0,0.0,0.0,0.0,0.0,0.0,0.0,0.0,0.0,0.0,0.0,0.0,0.0,0.0,0.0,0.0,0.0,0.0,0.0,0.0,0.0,0.0,0.0,0.0,0.0,0.0,0.0,0.0,0.0,0.0,0.0,0.0,0.0,0.0,0.0,0.0,0.0,0.0,0.0,0.0,0.0,0.0,0.0,0.0,0.0,0.0,0.0,0.0,0.0,0.0,0.0,0.0,0.0,0.0,0.0,0.0,0.0,0.0,0.0,0.0,0.0,0.0,0.0,0.0,0.0,0.0,0.0,0.0,0.0,0.0,0.0,0.0,0.0
0.0,0.0,0.0,0.0,0.0,0.0,0.0,0.0,0.0,0.0,0.0,0.0,0.0,0.0,0.0,0.0,0.0,0.0,0.0,0.0,0.0,0.0,0.0,0.0,0.0,0.0,0.0,0.0,0.0,0.0,0.0,0.0,0.0,0.0,0.0,0.0,0.0,0.0,0.0,0.0,0.0,0.0,0.0,0.0,0.0,0.0,0.0,0.0,0.0,0.0,0.0,0.0,0.0,0.0,0.0,0.0,0.0,0.0,0.0,0.0,0.0,0.0,0.0,0.0,0.0,281211.89982033626,283062.92280824133,1851.4423200221752,22949.836219804987,4010.484116778636,827859.9799980212,1891008.4095396914,2415393.483404096,1530316.9107302655,1950645.6904654144,2459159.1512797326,6844297.946110626,2436046.742385086,3041960.127095517,2062740.872036493,1694200.844194097,1327565.0646369914,3120956.1389946598,2877032.385033735,2660853.253779549,1217549.6057320284,543094.3832528275,634036.002136346,703294.7862878339,595873.8211668406,1232433.4689417367,1368038.7466469817,625466.1079264139,920951.4014403844,739765.1397546463,732637.143646855,808848.2174183894,1075128.695133976,1616886.9103114372,629019.8178880486,2698350.4719668804,1349620.9148229733,1351574.799350731,2149323.6559635825,1815187.793594122,1448873.4002766593,338047.1036214421,220681.77485226904,1822937.9031967616,1346944.5111324214,2484251.66931942,1677850.4002880887,9720728.318227258,3336080.5306885378,1861503.370598482,1612240.1429027554,5278272.567505193,2834226.677630564,1221348.5052273734,2562754.88729534,906129.3935464367,1870118.577565716,1245392.9071494914,2308735.4104673555,13520071.381721087,2727660.9663571743,3331525.6581275333,21324687.462016046,17222306.245604724,1636448.8069327564,1180813.3262677097,2832841.533458075,4923329.305377882,1330831.1128351288,1350572.9907767007,1185112.694522462,1855178.3623900972,8454668.988825414,14807599.465337059,4541813.003349085,5556400.949437746,7097743.9723485615,9297432.644960295,6731625.013307602,7045815.23750671,8665497.943623768,5072567.242071705,4363604.432163305,4179121.1924614906,3467298.696099016,4954962.651826732,3981841.8113956302,4297353.9182959935,1323651.6768145831,427049.26523506816,802517.9653391035,910257.837739464,629054.905269231,248409.33144584566,664950.9408036679,2083861.5047581685,93819.17229199207,240864.63683488377,218736.95412585762,1045415.6320089344,1042908.3484655456,4118939.384175941,1060650.1112350305,0.0,0.0,0.0,0.0,7490.625246588354,0.0,0.0,0.0,0.0,0.0,0.0,0.0,0.0,0.0,0.0,0.0,0.0,0.0,0.0,0.0,0.0,0.0,0.0,0.0,0.0,0.0,0.0,0.0,0.0,0.0,0.0,0.0,0.0,0.0,0.0,0.0,0.0,0.0,0.0,0.0,0.0,0.0,0.0,0.0,0.0,0.0,0.0,0.0,0.0,0.0,0.0,0.0,0.0,0.0,0.0,0.0,0.0,0.0,0.0,0.0,0.0,0.0,0.0,0.0,0.0,0.0,0.0,0.0,0.0,0.0,0.0,0.0,0.0,0.0,0.0,0.0,0.0,0.0,0.0,0.0,0.0,0.0,0.0,0.0,0.0,0.0,0.0,0.0,0.0
0.0,0.0,0.0,0.0,0.0,0.0,0.0,0.0,0.0,0.0,0.0,0.0,0.0,0.0,0.0,0.0,0.0,0.0,0.0,0.0,0.0,0.0,0.0,0.0,0.0,0.0,0.0,0.0,0.0,0.0,0.0,0.0,0.0,0.0,0.0,0.0,0.0,0.0,0.0,0.0,0.0,0.0,0.0,0.0,0.0,0.0,0.0,0.0,0.0,0.0,0.0,0.0,0.0,0.0,0.0,0.0,0.0,0.0,0.0,0.0,0.0,0.0,0.0,3399.6369867541757,28849.184671523464,390730.8566426717,10228.211158527904,0.0,440.30908476284117,124555.17229063423,1186283.4950015424,8047623.646620105,1959876.9873139071,589278.3687193664,946032.8439043387,1957727.5027383582,13257572.840682995,4011547.1612668354,6954482.053929467,3431493.4159061564,2206888.6322834063,652936.2177050109,2877553.2180591593,2549903.4903246565,4109265.95706164,1608584.4007311412,2139021.4014729746,1040122.7865759102,1043025.300656044,1146120.5889405718,1741926.1127829787,1410507.4428132477,2232681.7437719423,3265455.0196948657,4119032.664252296,1313527.2127859434,858638.4177931623,877903.4443569705,2322740.2038995884,631827.9874108149,1717354.3939625965,3326674.554260607,2522085.2589533627,2048132.2042566258,3604261.4666914083,4546435.309771348,1673756.1495602457,1680229.3651073957,2324597.8423452713,1512779.525018801,1399101.413460497,2624190.3251923583,10422852.01899475,5892931.732323308,2707079.990145731,5504671.110273296,1524721.5338217276,2768613.5113062505,1185546.431571903,1619084.1367461411,828842.5824194518,1939059.5531489134,1408128.8117270605,2184505.553355633,5375913.268696092,841617.4385672472,1618070.291519686,1893568.8154933073,995892.2774768249,1134785.0303081376,2963315.9021366066,3243559.917554985,2975469.26263357,2343024.0508279307,4456298.076833721,2961027.973957178,12388261.820336968,5242201.7743416345,6114663.843168664,8287728.819562211,9801959.19118926,4740529.383232757,5449757.184019308,6783331.576475882,4922082.854824006,4883618.297659711,9363946.551610943,8979719.353736948,21079624.569874678,34370750.281262554,7598819.595307937,2253097.2307142946,5336059.670836311,2195568.3690044386,1130911.490184686,1187379.5577361898,325548.0886087419,602797.7984907227,529996.3785469932,541513.9988000069,1359153.311844454,351650.65818860906,24408.34379160858,72792.23801360904,1104212.2686762116,236995.5449396218,753636.2826143039,663922.5972904197,68836.93303571374,0.0,0.0,0.0,0.0,0.0,0.0,0.0,0.0,0.0,0.0,0.0,0.0,0.0,0.0,0.0,0.0,0.0,0.0,0.0,0.0,0.0,0.0,0.0,0.0,0.0,0.0,0.0,0.0,0.0,0.0,0.0,0.0,0.0,0.0,0.0,0.0,0.0,0.0,0.0,0.0,0.0,0.0,0.0,0.0,0.0,0.0,0.0,0.0,0.0,0.0,0.0,0.0,0.0,0.0,0.0,0.0,0.0,0.0,0.0,0.0,0.0,0.0,0.0,0.0,0.0,0.0,0.0,0.0,0.0,0.0,0.0,0.0,0.0,0.0,0.0,0.0,0.0,0.0,0.0,0.0,0.0,0.0,0.0,0.0,0.0,0.0,0.0,0.0
0.0,0.0,0.0,0.0,0.0,0.0,0.0,0.0,0.0,0.0,0.0,0.0,0.0,0.0,0.0,0.0,0.0,0.0,0.0,0.0,0.0,0.0,0.0,0.0,0.0,0.0,0.0,0.0,0.0,0.0,0.0,0.0,0.0,0.0,0.0,0.0,0.0,0.0,0.0,0.0,0.0,0.0,0.0,0.0,0.0,0.0,0.0,0.0,0.0,0.0,0.0,0.0,0.0,0.0,0.0,0.0,0.0,0.0,0.0,0.0,0.0,0.0,0.0,1627.6308188735752,10563.810474566166,3296.1750186394243,0.0,0.0,0.0,14.483148685784897,742.8948356920041,17064036.637010712,9359500.091304002,1658237.2031942229,1889607.1414727187,362503.9299689011,1103713.3247407682,1253766.4261982436,4462951.186785622,2546643.4727705647,1035448.1057041114,537406.3956999511,1128892.7792136369,1357163.2269632267,2223523.126465856,1666492.2128129534,2411887.9659261093,495983.37496086693,3807333.0652814233,832610.1923761356,1163682.792254711,1026526.2217979787,1828188.4723115275,3208119.716369845,1616154.294208741,2549868.224662136,1669952.0604721266,1250015.6380978073,745883.7978009903,1400570.5806020508,16541275.400048312,12296558.827471854,4444769.03019469,1973109.2102740547,4247989.0946942875,2428453.7359580803,3109809.951821681,3045748.3000713657,11837699.92868854,3640978.7470591604,973477.9955835516,898530.7608997202,1756583.6140992902,1346230.7837183438,1202862.834458917,1606780.7712696823,1078366.8000013772,1011056.8522230985,1002127.0508945129,1837911.5622194312,5524408.04311798,978629.9040825986,1992933.2934624623,3054288.279247871,679955.5812507235,2254625.252834595,2009216.9648730955,800955.5237548999,795377.22355816,2139356.05765725,1074844.281470486,1496356.5874302424,4219951.34691621,4534617.470904302,11921031.666901901,22714146.28047251,19866911.135857824,26867459.542820588,17520359.74378778,8930677.82682552,8653667.559578227,8724450.568391569,22357075.743235085,13403018.374223374,10225558.116487423,5641888.201962031,6002400.88524984,3899936.4696058994,2729266.161082909,23093046.24641537,11694604.772452924,6907190.0566878645,4404976.7446658285,3797922.0492925383,1578407.7270516176,1520161.2128710144,1117723.9588754103,383109.39876465325,3780699.5153155653,1720223.5184794373,494366.99181431223,234604.94086836645,273468.7800546128,273729.5364835834,52622.74613573464,68217.01608090453,0.0,110271.46693861598,222565.56030811698,0.0,0.0,0.0,0.0,0.0,0.0,0.0,0.0,0.0,0.0,0.0,0.0,0.0,0.0,0.0,0.0,0.0,0.0,0.0,0.0,0.0,0.0,0.0,0.0,0.0,0.0,0.0,0.0,0.0,0.0,0.0,0.0,0.0,0.0,0.0,0.0,0.0,0.0,0.0,0.0,0.0,0.0,0.0,0.0,0.0,0.0,0.0,0.0,0.0,0.0,0.0,0.0,0.0,0.0,0.0,0.0,0.0,0.0,0.0,0.0,0.0,0.0,0.0,0.0,0.0,0.0,0.0,0.0,0.0,0.0,0.0,0.0,0.0,0.0,0.0,0.0,0.0,0.0,0.0,0.0,0.0,0.0,0.0,0.0,0.0,0.0,0.0,0.0
0.0,0.0,0.0,0.0,0.0,0.0,0.0,0.0,0.0,0.0,0.0,0.0,0.0,0.0,0.0,0.0,0.0,0.0,0.0,0.0,0.0,0.0,0.0,0.0,0.0,0.0,0.0,0.0,0.0,0.0,0.0,0.0,0.0,0.0,0.0,0.0,0.0,0.0,0.0,0.0,0.0,0.0,0.0,0.0,0.0,0.0,0.0,0.0,0.0,0.0,0.0,0.0,0.0,0.0,0.0,0.0,0.0,0.0,0.0,0.0,0.0,0.0,0.0,0.0,343.0936525983279,2880.356754987518,0.0,358.68836270963124,5268.787217456116,334.2321637582513,1604.0907674777482,11998242.69674883,7067213.855171854,328291.0660170208,331600.02821638226,540193.0834826578,770873.6513434141,748308.1242295336,1160905.13987339,946079.8668119746,1431929.0303252935,1539130.7677038508,8168257.173315746,2429324.298050573,821025.9561323383,449808.4042468542,258082.26562489246,599101.3544090427,5502884.135134441,3266832.205048582,1093128.4761347375,2087215.5480976477,9808101.092509763,10959509.114602981,2955962.3452869076,3451293.792752463,3023412.323049103,2066029.4874767754,2571315.5873740967,2986765.417895463,1709001.5621445733,1579050.8892318595,1354797.7388577804,2723731.3348259423,1686794.724970005,1679900.2901481693,3650867.903428163,2306220.12036384,7529455.086058285,1070961.038801085,1495487.2456362399,792074.3110876263,4313990.7272663545,1984086.0574384874,1642101.6845363276,1420833.8018352892,2551055.6074452917,2481138.273421754,1312907.0765942587,1291455.1171761523,2123547.7929840363,1493101.8720345998,4641171.7245127885,2866259.618434245,1689980.177342834,15706405.109425627,13022410.455861516,2240407.846249189,1103223.1570266397,1069178.7877836202,694614.3199173333,1295835.8490470224,7069070.473009836,20663637.64043561,48316260.8827121,69903813.34288615,63723489.629998006,40946724.731224686,32302930.714126956,20640974.86233887,8496535.703465424,14480237.416667782,62408368.0325699,40127806.30797316,14113402.806227798,5766345.033816133,5053928.948698176,5929205.482909714,5251776.062794025,4824958.799942242,27505585.590795923,42555297.14808728,4228190.545576029,3441810.728554306,2451396.422425242,1932330.5895930487,1225007.1393216655,906089.063461111,3375778.8310698755,643236.520869883,312006.2317508634,136789.00104118197,759271.0085357798,248286.35666185635,77674.96107776937,38024.880015656425,0.0,0.0,82294.32266154655,0.0,0.0,0.0,0.0,0.0,0.0,0.0,0.0,0.0,0.0,0.0,0.0,0.0,0.0,0.0,0.0,0.0,0.0,0.0,0.0,0.0,0.0,0.0,0.0,0.0,0.0,0.0,0.0,0.0,0.0,0.0,0.0,0.0,0.0,0.0,0.0,0.0,0.0,0.0,0.0,0.0,0.0,0.0,0.0,0.0,0.0,0.0,0.0,0.0,0.0,0.0,0.0,0.0,0.0,0.0,0.0,0.0,0.0,0.0,0.0,0.0,0.0,0.0,0.0,0.0,0.0,0.0,0.0,0.0,0.0,0.0,0.0,0.0,0.0,0.0,0.0,0.0,0.0,0.0,0.0,0.0,0.0,0.0,0.0,0.0,0.0,0.0,0.0
0.0,0.0,0.0,0.0,0.0,0.0,0.0,0.0,0.0,0.0,0.0,0.0,0.0,0.0,0.0,0.0,0.0,0.0,0.0,0.0,0.0,0.0,0.0,0.0,0.0,0.0,0.0,0.0,0.0,0.0,0.0,0.0,0.0,0.0,0.0,0.0,0.0,0.0,0.0,0.0,0.0,0.0,0.0,0.0,0.0,0.0,0.0,0.0,0.0,0.0,0.0,0.0,0.0,0.0,0.0,0.0,0.0,0.0,0.0,0.0,0.0,0.0,0.0,0.0,0.0,0.0,0.0,0.0,0.0,0.0,321.5276488043653,6601907.745637197,3280245.493010688,1148344.7865702477,2366824.280676582,1033963.1205692159,731525.2409171024,506220.3441634964,2553592.7958651846,907222.7106202247,695848.0557754938,577878.5512397812,3268789.1586941155,1627921.520895227,360771.99800277315,497667.59865763166,1594020.1041091296,1546865.245493372,4523961.551352097,4019989.973738754,2485237.1616576146,3492806.98190054,2084139.201616924,2915015.230448615,1058129.3189353198,1878510.3207996304,4772580.218005944,2066366.6383723086,1827700.8199957914,1087443.7166569047,3134694.1538601303,2482303.6169779142,2203338.899983122,1816409.1808021234,4769524.577805951,3583039.5221419656,6542566.307935339,5061784.596577199,4261403.830660198,1199005.692112065,2118030.3413198143,1007363.8744644658,1491509.306825878,1478364.7618378703,2222160.780037016,630698.9903258542,835341.0801905566,1266258.424991941,3278243.42298824,1950736.2909978938,1171512.9147655373,1341984.6469882007,3935739.860902853,754613.3864969531,1054924.392568585,4455119.455149994,4044251.5420286614,3762188.162182884,2013131.550473773,1349547.023454057,1013757.6644578384,2177770.0636592433,1944892.8032679383,17208547.34126012,47051231.28701707,78296977.45318747,104407512.02871522,88210602.53154483,54633992.4775563,35033825.98150233,33093586.45088439,30467965.81146482,70905732.58537862,34102038.38497407,8921220.65230805,5709878.196678517,14554046.145613221,7904734.025966102,6426674.26630304,4497280.14494893,4581003.565152927,5773273.980081728,1484484.4422617082,865055.7803896756,7021360.69150462,2022473.4101979067,1396549.0496549516,445676.3759877496,656348.2373966477,264991.62099184503,179812.38364929258,127929.32383113235,3579441.6724726674,3007995.5045412136,221713.7368338186,2017.5483333514676,0.0,0.0,0.0,0.0,0.0,0.0,0.0,0.0,0.0,0.0,0.0,0.0,0.0,0.0,0.0,0.0,0.0,0.0,0.0,0.0,0.0,0.0,0.0,0.0,0.0,0.0,0.0,0.0,0.0,0.0,0.0,0.0,0.0,0.0,0.0,0.0,0.0,0.0,0.0,0.0,0.0,0.0,0.0,0.0,0.0,0.0,0.0,0.0,0.0,0.0,0.0,0.0,0.0,0.0,0.0,0.0,0.0,0.0,0.0,0.0,0.0,0.0,0.0,0.0,0.0,0.0,0.0,0.0,0.0,0.0,0.0,0.0,0.0,0.0,0.0,0.0,0.0,0.0,0.0,0.0,0.0,0.0,0.0,0.0,0.0,0.0,0.0,0.0,0.0,0.0,0.0
0.0,0.0,0.0,0.0,0.0,0.0,0.0,0.0,0.0,0.0,0.0,0.0,0.0,0.0,0.0,0.0,0.0,0.0,0.0,0.0,0.0,0.0,0.0,0.0,0.0,0.0,0.0,0.0,0.0,0.0,0.0,0.0,0.0,0.0,0.0,0.0,0.0,0.0,0.0,0.0,0.0,0.0,0.0,0.0,0.0,0.0,0.0,0.0,0.0,0.0,0.0,0.0,0.0,0.0,0.0,0.0,0.0,0.0,0.0,0.0,0.0,0.0,0.0,0.0,0.0,0.0,0.0,0.0,0.0,0.0,0.0,6468162.242591973,3668148.9550354546,2463030.994003879,1762878.9347174997,707488.6820673139,376932.4314885229,634623.7894007703,1176403.3129778611,827526.944371847,681736.2039487828,432704.7990957564,532122.7387855679,835613.6238044553,328090.49473161297,456732.15357365285,394183.60644580075,683899.8633941552,4210804.020874024,2863287.666112678,1218968.059668609,663166.9677571855,579487.5910742467,970331.4467088127,2774341.146314848,1590887.0930251963,2270188.0494189146,2016289.5048826244,3246473.8953103498,1026707.6868033218,2385774.8057645774,1407459.1397183095,1487768.7486835096,2704024.6998911407,1971442.5851408343,1526856.7126419675,917033.7546306243,1018199.6174427551,1952809.0134068662,1773585.3883316144,1804934.9718878032,1475857.8499910366,1874438.1998296743,2231553.5435393765,1119824.0527493209,1309890.021800203,2005228.8290445071,1432216.5995339272,1675993.1906592348,1448389.2336930092,719824.318764746,1809932.0358872963,953703.6142656774,446519.57455273956,756523.3129919039,1347593.105882058,1417832.4263334975,851576.1192093608,1050335.0810864717,2179201.0744018233,940044.3532436544,10420275.115019346,7180513.437679895,20863302.087286405,78889102.90878974,142910662.2444001,162995749.6900948,49232651.504402846,3770.2290164647707,138018.58635865242,23140.76724137228,756218.3919802125,0.0,0.0,0.0,0.0,862859.6731187108,0.0,4733995.905925512,5595569.433032272,2972775.8246295564,4167626.2096225517,3035946.5997971916,2007958.6612330345,866990.7792017877,516836.9300671514,639015.8496779962,898496.6129885121,1385527.1940322635,243107.074570501,180686.9002667092,1936514.991374434,3269619.1200654674,5725424.4902346665,0.0,0.0,0.0,0.0,0.0,0.0,0.0,0.0,0.0,0.0,0.0,0.0,0.0,0.0,0.0,0.0,0.0,0.0,0.0,0.0,0.0,0.0,0.0,0.0,0.0,0.0,0.0,0.0,0.0,0.0,0.0,0.0,0.0,0.0,0.0,0.0,0.0,0.0,0.0,0.0,0.0,0.0,0.0,0.0,0.0,0.0,0.0,0.0,0.0,0.0,0.0,0.0,0.0,0.0,0.0,0.0,0.0,0.0,0.0,0.0,0.0,0.0,0.0,0.0,0.0,0.0,0.0,0.0,0.0,0.0,0.0,0.0,0.0,0.0,0.0,0.0,0.0,0.0,0.0,0.0,0.0,0.0,0.0,0.0,0.0,0.0,0.0,0.0,0.0,0.0,0.0,0.0,0.0
0.0,0.0,0.0,0.0,0.0,0.0,0.0,0.0,0.0,0.0,0.0,0.0,0.0,0.0,0.0,0.0,0.0,0.0,0.0,0.0,0.0,0.0,0.0,0.0,0.0,0.0,0.0,0.0,0.0,0.0,0.0,0.0,0.0,0.0,0.0,0.0,0.0,0.0,0.0,0.0,0.0,0.0,0.0,0.0,0.0,0.0,0.0,0.0,0.0,0.0,0.0,0.0,0.0,0.0,0.0,0.0,0.0,0.0,0.0,0.0,0.0,0.0,0.0,0.0,0.0,0.0,0.0,0.0,0.0,0.0,697.575554829188,1191658.276555336,11804803.332224755,29050002.299086098,5224755.56991704,1429455.3797015417,436993.3320700086,709672.2593525974,394478.5953387701,442098.00117975404,291450.83046650764,1080604.82636111,251158.31005587068,877372.9625713137,834955.4328118376,420305.73723529116,927164.823476846,1127424.9940227633,1136737.6309276265,953707.001666848,1263225.643556503,1104660.5827421302,2009512.4652888966,1014676.6466946228,660422.5864426793,680898.0541209171,1063096.538210648,577772.4889313853,317135.2643271168,768190.1407842494,1041546.2808336889,519366.0259522289,996056.0145743492,1950954.088264092,740193.0564096987,1292851.2597006746,828511.0313593259,2861866.739385617,2199245.8537936294,2385274.9302855656,1554438.801095049,1572455.623312603,2111722.7110190718,2826642.2510100226,3851912.7610263736,1886032.5260089003,2273698.3884356297,1676496.1188773587,2648449.408240655,3539543.0537624927,1485585.2237795629,1858661.0991554973,2793177.4283457156,2875614.965437929,989694.3340818579,6060335.232878084,10161526.30495929,2219564.8991055414,1672723.9097278647,754044.6359444289,954988.3086349601,974063.0271512019,3107843.832542632,27755652.530909218,72081021.10013154,34322908.482371666,18978.139134388384,0.0,0.0,0.0,0.0,0.0,0.0,0.0,0.0,0.0,0.0,0.0,0.0,0.0,0.0,0.0,433611.4970289536,3989651.787358849,2681149.15911083,1448552.3577714465,20710.174661692712,224931.63577139884,3875517.7907729065,1682968.3005606066,511465.6011193248,255498.03054908675,590807.2763635758,73937.64468454014,0.0,0.0,0.0,0.0,0.0,0.0,0.0,0.0,0.0,0.0,0.0,0.0,0.0,0.0,0.0,0.0,0.0,0.0,0.0,0.0,0.0,0.0,0.0,0.0,0.0,0.0,0.0,0.0,0.0,0.0,0.0,0.0,0.0,0.0,0.0,0.0,0.0,0.0,0.0,0.0,0.0,0.0,0.0,0.0,0.0,0.0,0.0,0.0,0.0,0.0,0.0,0.0,0.0,0.0,0.0,0.0,0.0,0.0,0.0,0.0,0.0,0.0,0.0,0.0,0.0,0.0,0.0,0.0,0.0,0.0,0.0,0.0,0.0,0.0,0.0,0.0,0.0,0.0,0.0,0.0,0.0,0.0,0.0,0.0,0.0,0.0,0.0,0.0,0.0,0.0,0.0,0.0,0.0
0.0,0.0,0.0,0.0,0.0,0.0,0.0,0.0,0.0,0.0,0.0,0.0,0.0,0.0,0.0,0.0,0.0,0.0,0.0,0.0,0.0,0.0,0.0,0.0,0.0,0.0,0.0,0.0,0.0,0.0,0.0,0.0,0.0,0.0,0.0,0.0,0.0,0.0,0.0,0.0,0.0,0.0,0.0,0.0,0.0,0.0,0.0,0.0,0.0,0.0,0.0,0.0,0.0,0.0,0.0,0.0,0.0,0.0,0.0,0.0,0.0,0.0,0.0,0.0,0.0,0.0,0.0,0.0,0.0,0.0,359100.6171955676,763976.8425053835,3262405.1913219234,20982272.169853568,4949426.387361211,1674318.7156061092,1375924.2178639323,739496.0339502791,1928905.3680229324,217462.3718360319,257348.012074996,428949.25602971367,442971.0400358683,1849991.840082819,355296.188551625,950889.3531958701,430536.007617273,1327682.505958409,1693441.0370813287,1329422.3332513075,2120068.0012454153,2887963.930466537,876079.0376438289,2880786.8727010107,3568228.9189632167,4985594.208653817,12024974.799977984,1748136.8940486766,1427554.153518802,1090177.7308986424,459887.5996281685,750506.0455742242,488437.82419890014,2269679.2863663053,1964379.7219113088,1475456.6642895585,814016.0524973532,2856559.8709759586,1571954.2198473988,1847624.6797577848,6497522.352817515,2467450.361719477,3880777.117023197,23124918.033200633,30845270.009604856,5322717.454135609,3473289.9379219804,5752224.770659397,5363986.755001644,1271521.745839845,2675558.9359778427,3840510.816762816,16401753.705665773,3901351.141877046,1488993.167653274,1567902.365071983,1860911.6469342925,1532239.923616691,1543267.7973038414,1697212.8223418486,1078815.1503264061,2173757.7950234096,4473616.4669031445,21786695.088186532,27070774.705861405,0.0,0.0,0.0,0.0,0.0,0.0,0.0,0.0,0.0,0.0,0.0,0.0,0.0,0.0,0.0,0.0,0.0,0.0,0.0,315974.66067178315,1144793.847301458,645815.7203756189,0.0,1570147.2378085991,2393503.9322851524,339465.973326169,481726.887051199,567492.4029919445,46126.061576269094,0.0,0.0,0.0,0.0,0.0,0.0,0.0,0.0,0.0,0.0,0.0,0.0,0.0,0.0,0.0,0.0,0.0,0.0,0.0,0.0,0.0,0.0,0.0,0.0,0.0,0.0,0.0,0.0,0.0,0.0,0.0,0.0,0.0,0.0,0.0,0.0,0.0,0.0,0.0,0.0,0.0,0.0,0.0,0.0,0.0,0.0,0.0,0.0,0.0,0.0,0.0,0.0,0.0,0.0,0.0,0.0,0.0,0.0,0.0,0.0,0.0,0.0,0.0,0.0,0.0,0.0,0.0,0.0,0.0,0.0,0.0,0.0,0.0,0.0,0.0,0.0,0.0,0.0,0.0,0.0,0.0,0.0,0.0,0.0,0.0,0.0,0.0,0.0,0.0,0.0,0.0,0.0,0.0
0.0,0.0,0.0,0.0,0.0,0.0,0.0,0.0,0.0,0.0,0.0,0.0,0.0,0.0,0.0,0.0,0.0,0.0,0.0,0.0,0.0,0.0,0.0,0.0,0.0,0.0,0.0,0.0,0.0,0.0,0.0,0.0,0.0,0.0,0.0,0.0,0.0,0.0,0.0,0.0,0.0,0.0,0.0,0.0,0.0,0.0,0.0,0.0,0.0,0.0,0.0,0.0,0.0,0.0,0.0,0.0,0.0,0.0,0.0,0.0,0.0,0.0,0.0,0.0,0.0,0.0,0.0,0.0,0.0,0.0,305217.5510398904,2393010.876934563,10343677.367617086,9216233.450840212,3284950.6197596304,669131.4016746322,164087.6521586746,390928.4179034952,981282.2713455982,1351701.1974139675,1431038.5405329494,516031.06376791745,954971.2500568251,921346.6000795402,1103220.940345006,823379.3604221873,2395662.376304892,14900439.785111323,3668982.3229315276,1110601.329736074,747334.3697979673,1378799.0224326444,1688810.082051298,3486949.128287014,2452542.1984908595,4265886.080496866,9749404.799430544,2944476.8231138354,968144.3287445351,1137407.161035985,1921425.6982950503,1447845.2667787462,1683347.896839698,5187173.791952688,1949488.5481208703,6898631.447457414,17107525.88706443,8272442.722226132,2030413.8336733722,1623526.3954332653,2830673.295674295,1901658.105402999,2452470.24175586,4722267.624693231,8314341.227532195,1524933.9753861171,2418821.45223239,2660220.2721472452,2407268.623815603,1272717.6252311235,3513885.748652882,1792299.969031718,5398144.090963582,1929772.025223808,2059053.3453594828,1008901.9666808229,1635133.6540449932,1846977.1835894075,1436131.379796586,1429185.0026307276,2930502.5623809523,2446776.1956178993,4023519.460150049,13178167.478269624,19074343.11427884,1135836.9854617645,0.0,0.0,0.0,0.0,0.0,0.0,0.0,0.0,0.0,0.0,0.0,0.0,0.0,0.0,0.0,0.0,0.0,0.0,0.0,0.0,52646.749079035115,46744.911633372045,167894.99280097344,238096.25691526374,74615.24038271609,250846.62018127245,1251032.4567066221,88062.46318693698,0.0,0.0,0.0,0.0,0.0,0.0,0.0,0.0,0.0,0.0,0.0,0.0,0.0,0.0,0.0,0.0,0.0,0.0,0.0,0.0,0.0,0.0,0.0,0.0,0.0,0.0,0.0,0.0,0.0,0.0,0.0,0.0,0.0,0.0,0.0,0.0,0.0,0.0,0.0,0.0,0.0,0.0,0.0,0.0,0.0,0.0,0.0,0.0,0.0,0.0,0.0,0.0,0.0,0.0,0.0,0.0,0.0,0.0,0.0,0.0,0.0,0.0,0.0,0.0,0.0,0.0,0.0,0.0,0.0,0.0,0.0,0.0,0.0,0.0,0.0,0.0,0.0,0.0,0.0,0.0,0.0,0.0,0.0,0.0,0.0,0.0,0.0,0.0,0.0,0.0,0.0,0.0,0.0
0.0,0.0,0.0,0.0,0.0,0.0,0.0,0.0,0.0,0.0,0.0,0.0,0.0,0.0,0.0,0.0,0.0,0.0,0.0,0.0,0.0,0.0,0.0,0.0,0.0,0.0,0.0,0.0,0.0,0.0,0.0,0.0,0.0,0.0,0.0,0.0,0.0,0.0,0.0,0.0,0.0,0.0,0.0,0.0,0.0,0.0,0.0,0.0,0.0,0.0,0.0,0.0,0.0,0.0,0.0,0.0,0.0,0.0,0.0,0.0,0.0,0.0,0.0,0.0,0.0,0.0,0.0,0.0,0.0,0.0,0.0,8630309.926222386,5351853.185807657,968985.7216421976,381162.447163697,3228026.423192205,822203.4048697447,466564.83850603364,454805.2482758659,245382.05828566424,609963.6865454833,324090.04528851574,304299.047743845,817803.7321880364,567410.2242688772,195210.96738788576,1026464.7860743622,14075944.963057667,565489.1467540301,245242.1319346492,1327972.2912019496,3297520.9582107095,1543072.4839631065,464977.6177518342,3488203.7060119724,2478986.5315716406,3379346.522856464,2545651.467585534,5535733.839644868,5113561.287499278,2789328.3002787763,1245336.517412752,2937947.735026115,5154468.936341615,1725442.7493887777,6944187.139051396,11019357.152361955,2636472.6428568005,1489063.5831828676,3257447.2005986553,3732886.3711455627,2374968.9053272167,14644366.80659774,12341803.366046,2018808.0435220073,2214667.789635254,3870349.4068140783,2409856.730290249,4454831.203638894,2346821.5239176387,2238872.536811197,1468683.097530995,1951498.1107758414,2907752.221270221,1422369.3986990587,5838324.925025382,3517626.0454099523,20198002.047051575,19718623.58354375,1752229.5102446517,2297924.092544849,1181367.9786368543,1824091.6200349478,1904722.4439034301,8223152.901070244,12909631.185533859,629474.9883977342,0.0,0.0,0.0,0.0,0.0,0.0,0.0,0.0,0.0,55134.00211280541,0.0,2790.726934676726,0.0,0.0,0.0,0.0,0.0,0.0,0.0,0.0,0.0,138386.85504798236,427799.3588450551,287339.40622226597,80434.80101867713,181802.30195133813,17578.270363866523,0.0,0.0,0.0,0.0,0.0,0.0,0.0,0.0,0.0,0.0,0.0,0.0,0.0,0.0,0.0,0.0,0.0,0.0,0.0,0.0,0.0,0.0,0.0,0.0,0.0,0.0,0.0,0.0,0.0,0.0,0.0,0.0,0.0,0.0,0.0,0.0,0.0,0.0,0.0,0.0,0.0,0.0,0.0,0.0,0.0,0.0,0.0,0.0,0.0,0.0,0.0,0.0,0.0,0.0,0.0,0.0,0.0,0.0,0.0,0.0,0.0,0.0,0.0,0.0,0.0,0.0,0.0,0.0,0.0,0.0,0.0,0.0,0.0,0.0,0.0,0.0,0.0,0.0,0.0,0.0,0.0,0.0,0.0,0.0,0.0,0.0,0.0,0.0,0.0,0.0,0.0,0.0,0.0
0.0,0.0,0.0,0.0,0.0,0.0,0.0,0.0,0.0,0.0,0.0,0.0,0.0,0.0,0.0,0.0,0.0,0.0,0.0,0.0,0.0,0.0,0.0,0.0,0.0,0.0,0.0,0.0,0.0,0.0,0.0,0.0,0.0,0.0,0.0,0.0,0.0,0.0,0.0,0.0,0.0,0.0,0.0,0.0,0.0,0.0,0.0,0.0,0.0,0.0,0.0,0.0,0.0,0.0,0.0,0.0,0.0,0.0,0.0,0.0,0.0,0.0,0.0,0.0,0.0,0.0,0.0,0.0,0.0,0.0,0.0,6470176.666736274,14134351.080820343,5506551.975811113,1135125.1356952563,2898858.5056736385,493211.615987255,1837109.9230960975,2308281.3555602087,289918.7933171552,903602.8319046175,986244.2304282319,448338.419991011,328593.6657858657,847022.2438444619,416149.09321247716,1493527.637114992,3789928.018903285,1393185.0430733324,1305753.1051268694,3419786.2732427614,5456268.352855135,3590613.3843496502,2286325.989667508,4214854.860843286,8219974.281316956,4760418.642162206,1868994.8178702584,3790772.3566734544,1721980.4095714884,8091609.824688934,9583194.962889707,3596877.7627386376,8946761.400516927,3738016.1961026145,5702888.937746218,2785015.4088853905,3335872.3447846514,2540760.520605445,1272177.9047954232,2231896.5113754836,3148231.0577122797,2622214.530753798,2759350.9829735635,3656580.7184221065,4123156.042335761,7625893.88092524,2470790.3488201937,2186210.2855945253,1769527.5308458647,1982853.2491438035,2926755.554801859,2217998.449242508,5224782.263747342,2808178.6996206306,2305482.8942394457,1818178.0662341507,3109709.7723538345,3528700.5559707545,3510520.924449373,1496324.7840780423,2150023.103843316,3456563.071838744,3244318.6806542953,3737309.076013037,4803854.935605706,5176023.747244406,10927006.804978527,31093.76329266208,0.0,0.0,0.0,0.0,0.0,1241647.4664151813,3593576.6739266794,4074907.799418629,2912817.946082602,5781396.649074653,2957377.4650324536,2915394.222187014,248760.6200571883,770140.6972917605,0.0,0.0,0.0,0.0,0.0,0.0,839594.4904147352,1617738.1534890344,85533.51107891001,9276.023292485912,39947.6304923434,4143.882769250359,0.0,0.0,0.0,0.0,0.0,0.0,0.0,0.0,0.0,0.0,0.0,0.0,0.0,0.0,0.0,0.0,0.0,0.0,0.0,0.0,0.0,0.0,0.0,0.0,0.0,0.0,0.0,0.0,0.0,0.0,0.0,0.0,0.0,0.0,0.0,0.0,0.0,0.0,0.0,0.0,0.0,0.0,0.0,0.0,0.0,0.0,0.0,0.0,0.0,0.0,0.0,0.0,0.0,0.0,0.0,0.0,0.0,0.0,0.0,0.0,0.0,0.0,0.0,0.0,0.0,0.0,0.0,0.0,0.0,0.0,0.0,0.0,0.0,0.0,0.0,0.0,0.0,0.0,0.0,0.0,0.0,0.0,0.0,0.0,0.0,0.0,0.0,0.0,0.0,0.0,0.0,0.0
0.0,0.0,0.0,0.0,0.0,0.0,0.0,0.0,0.0,0.0,0.0,0.0,0.0,0.0,0.0,0.0,0.0,0.0,0.0,0.0,0.0,0.0,0.0,0.0,0.0,0.0,0.0,0.0,0.0,0.0,0.0,0.0,0.0,0.0,0.0,0.0,0.0,0.0,0.0,0.0,0.0,0.0,0.0,0.0,0.0,0.0,0.0,0.0,0.0,0.0,0.0,0.0,0.0,0.0,0.0,0.0,0.0,0.0,0.0,0.0,0.0,0.0,0.0,0.0,0.0,0.0,0.0,0.0,0.0,0.0,0.0,2876139.891273886,30336118.60469537,11592460.557501126,1399979.2795330007,2895945.4129653005,2495068.491887307,854339.929112614,410607.07465352106,381470.0582422381,248636.76091579127,181577.07227575936,1168465.956482412,5328148.803478406,414636.4699263015,220630.3519278609,657025.2259343669,1848752.576238899,17780358.40921076,18043153.587508656,4471628.0241230475,2611346.524659038,5804746.531207796,7105981.561344713,8076147.715739192,11371377.800791558,14109200.268108595,4784957.126446712,1536520.5071632618,3209194.939034734,5086460.243522642,8739773.071925128,22470507.04635557,56950728.06352324,45340477.024223976,10854857.489213552,3210319.7802268285,1997640.3820950964,2106996.3962583328,1852260.1353360522,1996197.590355514,1017208.3187240292,1011048.4397327703,2008784.8918878478,1774254.6828154083,1036548.125677718,1362590.038976383,2117600.8857328757,2666416.8801792026,6142807.768180892,16794578.481624432,15285930.889124626,4696820.828621133,5397857.929991585,14816648.480920788,9141872.377747156,5730116.675087451,4932611.579223489,2514319.179529628,4140482.559271451,5444534.518169521,1234580.3002713688,2647256.3199607683,6542077.531116312,4917902.518715857,25162801.80870681,10312308.583009599,7373697.9104800215,5048384.154715446,4173068.165418197,2586789.6109052273,6618042.366967373,6500053.400335314,23427422.886922292,22796935.7587855,2595211.5102136936,1403653.2831653352,1123301.507430159,1310556.1134044018,548781.0604573695,1488996.2348691314,1507928.9856211883,1875211.4163179072,638021.611665082,244700.72095176368,5488.812530308572,0.0,0.0,0.0,12411.548432556343,329542.5614304065,417612.264759114,247723.92290236277,36096.2920350025,236939.6703145207,0.0,0.0,0.0,0.0,0.0,0.0,0.0,0.0,0.0,0.0,0.0,0.0,0.0,0.0,0.0,0.0,0.0,0.0,0.0,0.0,0.0,0.0,0.0,0.0,0.0,0.0,0.0,0.0,0.0,0.0,0.0,0.0,0.0,0.0,0.0,0.0,0.0,0.0,0.0,0.0,0.0,0.0,0.0,0.0,0.0,0.0,0.0,0.0,0.0,0.0,0.0,0.0,0.0,0.0,0.0,0.0,0.0,0.0,0.0,0.0,0.0,0.0,0.0,0.0,0.0,0.0,0.0,0.0,0.0,0.0,0.0,0.0,0.0,0.0,0.0,0.0,0.0,0.0,0.0,0.0,0.0,0.0,0.0,0.0,0.0,0.0,0.0,0.0,0.0,0.0,0.0,0.0
0.0,0.0,0.0,0.0,0.0,0.0,0.0,0.0,0.0,0.0,0.0,0.0,0.0,0.0,0.0,0.0,0.0,0.0,0.0,0.0,0.0,0.0,0.0,0.0,0.0,0.0,0.0,0.0,0.0,0.0,0.0,0.0,0.0,0.0,0.0,0.0,0.0,0.0,0.0,0.0,0.0,0.0,0.0,0.0,0.0,0.0,0.0,0.0,0.0,0.0,0.0,0.0,0.0,0.0,0.0,0.0,0.0,0.0,0.0,0.0,0.0,0.0,0.0,0.0,0.0,0.0,0.0,0.0,0.0,0.0,0.0,457796.62413344276,6263101.294046317,5847002.861112787,695586.5111541491,425715.3784092538,377297.69292438956,1430112.9963233785,1125080.357805453,455965.1305398592,443404.1462037815,296326.41626871587,634979.6386733924,868064.2675232404,720860.9225526794,1239893.2833375442,3459421.394476505,12437500.16728394,33828912.274921246,47441012.88314615,14630766.187623411,3935052.010535577,4714380.360711081,6618488.08561456,2908649.7704213345,17422331.12777305,35142061.45639439,6108943.72061317,4591116.468807427,1698176.4049933325,3670456.8458583225,4065173.984473995,14665867.269714292,31916521.18576174,29512888.699512925,18608861.325742636,7349164.775284778,5109727.051671646,17740764.18825454,2873108.166246822,1135300.9910788662,2160675.576582207,2902026.7319147685,2411348.4210429126,1335697.8293396465,1231830.361667084,1857820.4419599918,2464239.9967683274,3077406.147272132,1972955.4095136998,533752.4261728146,2167180.1782115027,5099581.987158452,25085751.450839777,65645232.88162711,42139110.592238516,4731275.086129841,1769458.4904967947,16932957.020870063,3869272.3725985773,3260047.7573783956,3658891.462725285,3388732.3357259464,4286354.359453257,6740415.541335091,34958319.0966765,7948328.646979646,4460697.243333982,3913427.3478205083,3420850.134845122,3503274.6285076025,21758615.713600457,16598762.292241745,6192468.852959364,3255019.765278341,4592967.847313127,1768987.1353686503,565747.1808068107,881619.4026374001,1085116.2135689422,773426.4103991985,1185235.4017713626,3128086.060542911,3631014.2493608245,1788077.887911702,153737.1596630552,7668.957802023685,6810.804935737728,291.8584192654532,291.8584192654532,142876.11611431796,965136.4083888864,655641.5272176467,87148.96010512266,65128.632944023775,0.0,0.0,0.0,0.0,0.0,0.0,0.0,0.0,0.0,0.0,0.0,0.0,0.0,0.0,0.0,0.0,0.0,0.0,0.0,0.0,0.0,0.0,0.0,0.0,0.0,0.0,0.0,0.0,0.0,0.0,0.0,0.0,0.0,0.0,0.0,0.0,0.0,0.0,0.0,0.0,0.0,0.0,0.0,0.0,0.0,0.0,0.0,0.0,0.0,0.0,0.0,0.0,0.0,0.0,0.0,0.0,0.0,0.0,0.0,0.0,0.0,0.0,0.0,0.0,0.0,0.0,0.0,0.0,0.0,0.0,0.0,0.0,0.0,0.0,0.0,0.0,0.0,0.0,0.0,0.0,0.0,0.0,0.0,0.0,0.0,0.0,0.0,0.0,0.0,0.0,0.0,0.0
0.0,0.0,0.0,0.0,0.0,0.0,0.0,0.0,0.0,0.0,0.0,0.0,0.0,0.0,0.0,0.0,0.0,0.0,0.0,0.0,0.0,0.0,0.0,0.0,0.0,0.0,0.0,0.0,0.0,0.0,0.0,0.0,0.0,0.0,0.0,0.0,0.0,0.0,0.0,0.0,0.0,0.0,0.0,0.0,0.0,0.0,0.0,0.0,0.0,0.0,0.0,0.0,0.0,0.0,0.0,0.0,0.0,0.0,0.0,0.0,0.0,0.0,0.0,0.0,0.0,0.0,0.0,0.0,0.0,0.0,0.0,0.0,6315470.743263069,557618.2087862013,1376986.3360561335,326169.4750019638,241328.53373157774,646736.4796385972,1214785.9131598556,1756091.2652444905,2429733.761540108,752999.4533542437,1106590.2070208422,1357069.7046688963,1397867.971574759,3650957.52923578,1654989.7746524918,2782177.669834827,4943110.796875929,8758175.383528084,9948223.620720409,3946691.5352184162,4528005.833180787,6185492.270163726,5471780.72669073,13114691.615615752,11379509.111958772,3698707.5602001436,2399483.87979916,2574781.782741524,7627369.832702991,6660345.612544368,27034391.47179709,6759874.13193834,13364640.610448277,6626755.655344348,3169170.34708591,3761729.349881013,4455930.972893678,3845760.250381465,2451332.4338609725,4374946.914877094,1733572.58909386,2224365.810550605,3756264.406755159,3874909.7843947564,4118169.8929375075,4020639.5461467598,2897564.3196923435,2614474.2538277144,2060324.0580555336,3023143.7773628617,9215187.348344421,36046569.69295035,69492930.80779119,64902592.81118849,16909508.592782922,4284783.068874957,4842954.777285279,2425419.500019788,4160461.3772283657,3049738.4185127504,8091427.583370661,8181073.330822599,14964238.317863112,27008423.695362967,3795498.2324900837,2698143.8581899176,8128671.004563467,4634655.234235359,5229202.876107893,8738204.654488616,54468058.07350242,23153051.32917542,5900428.828727095,3443943.3746037013,1593557.4129570331,758014.3961625055,1055745.4230315792,772823.1409662769,985496.0210688439,1771031.6948256188,9113928.621353026,13751779.676809302,2424594.56727429,989203.0371210142,66360.35732965537,31346.19750806405,429434.5927287013,259441.29822582216,165816.42156426044,415212.3109382321,1277732.3849926034,90435.55331188781,66831.14355270438,7428.906498275554,0.0,0.0,0.0,0.0,0.0,0.0,0.0,0.0,0.0,0.0,0.0,0.0,0.0,0.0,0.0,0.0,0.0,0.0,0.0,0.0,0.0,0.0,0.0,0.0,0.0,0.0,0.0,0.0,0.0,0.0,0.0,0.0,0.0,0.0,0.0,0.0,0.0,0.0,0.0,0.0,0.0,0.0,0.0,0.0,0.0,0.0,0.0,0.0,0.0,0.0,0.0,0.0,0.0,0.0,0.0,0.0,0.0,0.0,0.0,0.0,0.0,0.0,0.0,0.0,0.0,0.0,0.0,0.0,0.0,0.0,0.0,0.0,0.0,0.0,0.0,0.0,0.0,0.0,0.0,0.0,0.0,0.0,0.0,0.0,0.0,0.0,0.0,0.0,0.0,0.0,0.0
0.0,0.0,0.0,0.0,0.0,0.0,0.0,0.0,0.0,0.0,0.0,0.0,0.0,0.0,0.0,0.0,0.0,0.0,0.0,0.0,0.0,0.0,0.0,0.0,0.0,0.0,0.0,0.0,0.0,0.0,0.0,0.0,0.0,0.0,0.0,0.0,0.0,0.0,0.0,0.0,0.0,0.0,0.0,0.0,0.0,0.0,0.0,0.0,0.0,0.0,0.0,0.0,0.0,0.0,0.0,0.0,0.0,0.0,0.0,0.0,0.0,0.0,0.0,0.0,0.0,0.0,0.0,0.0,0.0,0.0,0.0,0.0,15737811.936729277,3929370.3601369103,6810529.392221668,850198.4216271196,870059.9247494091,4287660.657694383,815037.6425280152,852638.0431246306,1335640.4627615511,898905.4631490067,4068069.549467248,15961803.175401676,6214019.84235241,779210.7156446971,219287.2533031602,4387574.076883108,3042818.9101344184,4924506.100357326,4498180.888479848,2636834.9221925074,3135030.895786632,12175900.906071048,6041623.694563102,2208197.724833485,796561.2184380208,529815.455639294,4373845.468351391,8650536.949175749,7363956.422437481,2090321.8037564815,2666000.54241261,2332824.3415497337,2913177.6795827453,2563050.8396745855,4334762.817641015,2780682.209030276,3104787.5029780953,2964282.0290783076,1701706.455924408,1894166.3624506164,4437338.072164784,10224550.203786725,4108073.2523235264,15420767.705991544,11594277.250944715,2951923.9235352324,3475605.19078448,7001391.515366786,8313814.953454879,13270566.862321904,3083953.80653706,7620027.714735053,10778425.337124191,11323342.677349297,13947416.541772095,6416219.228179296,5704533.315354142,8063104.167885836,4345476.1059765285,3584798.5600953256,3664228.1434183316,6120467.6627316,8259028.889828648,10481208.98207925,6799835.112059753,6588323.684413137,32432560.62843925,23420569.573074166,4876029.173827225,8418306.113115184,36085857.299661666,16833534.57412713,6576288.032629922,3268849.517403297,4195064.569658769,4796978.835439896,2630757.9559715376,2225609.77468031,6332610.690837683,1592259.4082117062,1428345.19444357,2761505.522736386,4261674.25592255,2696661.0999849117,3434157.6075424887,2266.4837117159173,0.0,0.0,40259.9810894688,151559.13162057567,118202.86649899743,104320.41934052223,241128.39440182725,11552.702604409526,0.0,0.0,0.0,0.0,0.0,0.0,0.0,0.0,0.0,0.0,0.0,0.0,0.0,0.0,0.0,0.0,0.0,0.0,0.0,0.0,0.0,0.0,0.0,0.0,0.0,0.0,0.0,0.0,0.0,0.0,0.0,0.0,0.0,0.0,0.0,0.0,0.0,0.0,0.0,0.0,0.0,0.0,0.0,0.0,0.0,0.0,0.0,0.0,0.0,0.0,0.0,0.0,0.0,0.0,0.0,0.0,0.0,0.0,0.0,0.0,0.0,0.0,0.0,0.0,0.0,0.0,0.0,0.0,0.0,0.0,0.0,0.0,0.0,0.0,0.0,0.0,0.0,0.0,0.0,0.0,0.0,0.0,0.0,0.0,0.0,0.0,0.0,0.0,0.0,0.0,0.0
0.0,0.0,0.0,0.0,0.0,0.0,0.0,0.0,0.0,0.0,0.0,0.0,0.0,0.0,0.0,0.0,0.0,0.0,0.0,0.0,0.0,0.0,0.0,0.0,0.0,0.0,0.0,0.0,0.0,0.0,0.0,0.0,0.0,0.0,0.0,0.0,0.0,0.0,0.0,0.0,0.0,0.0,0.0,0.0,0.0,0.0,0.0,0.0,0.0,0.0,0.0,0.0,0.0,0.0,0.0,0.0,0.0,0.0,0.0,0.0,0.0,0.0,0.0,0.0,0.0,0.0,0.0,0.0,0.0,0.0,0.0,0.0,7787618.2332546115,158649.26730432903,1166109.1927107791,1476102.7276290325,845538.7004616032,3555594.947763902,1112604.4028607097,2248717.4326736494,1145555.7807685267,939275.7664123371,10864979.531365255,29527151.626183715,4306550.378924333,884853.4409508681,631615.3049677821,2262768.570221719,2346101.3360161097,6215352.316407042,3059675.671803915,5301104.158097753,12750405.632796785,7459557.055336688,5238066.384430219,5694573.126559542,3546063.778179385,326647.06629754923,1735975.8895087626,2734219.088226364,3412448.427198626,3364647.742735783,1826672.438651442,2490849.972539272,2609965.853956959,1388406.0068641165,2667607.7893634504,2366843.3925478496,4057307.001974399,4238830.161515845,2549684.8198887156,2402751.436281032,5774286.840335354,3739903.747613627,9735245.154227838,69358317.27204795,58608277.669487886,7577611.0275444025,4347670.675480555,1774560.6814762878,4539101.1478977,2121177.2216300173,2680610.96114944,1897026.9101971602,2960297.1209867327,3414462.8549579387,11777401.792636273,7702770.670018862,4572744.031989035,2599274.8861633567,5734961.433273587,6610707.022446601,6218617.613860961,4273993.401331267,5268022.937701594,5877121.866358964,6695229.836194161,2916792.8273666636,3318188.7991175344,9213065.649753282,4679046.188490931,5439449.507482928,6147997.7109455,5189919.752974294,6313452.509150293,2855134.4332971834,2937661.701309109,2089503.7044369662,2205786.667407371,2305601.3965088692,3353233.1975270356,1436663.0460062134,1193536.1090264947,2996390.0988951377,2573747.4584179213,3505986.3605714114,6091406.478989883,5529451.440594982,682003.1567811491,70676.43296668555,211591.9256376038,222790.26064792526,99572.58767670137,87040.03092409339,0.0,13345.892988990556,0.0,0.0,0.0,0.0,0.0,0.0,0.0,0.0,0.0,0.0,0.0,0.0,0.0,0.0,0.0,0.0,0.0,0.0,0.0,0.0,0.0,0.0,0.0,0.0,0.0,0.0,0.0,0.0,0.0,0.0,0.0,0.0,0.0,0.0,0.0,0.0,0.0,0.0,0.0,0.0,0.0,0.0,0.0,0.0,0.0,0.0,0.0,0.0,0.0,0.0,0.0,0.0,0.0,0.0,0.0,0.0,0.0,0.0,0.0,0.0,0.0,0.0,0.0,0.0,0.0,0.0,0.0,0.0,0.0,0.0,0.0,0.0,0.0,0.0,0.0,0.0,0.0,0.0,0.0,0.0,0.0,0.0,0.0,0.0,0.0,0.0,0.0,0.0,0.0,0.0,0.0
0.0,0.0,0.0,0.0,0.0,0.0,0.0,0.0,0.0,0.0,0.0,0.0,0.0,0.0,0.0,0.0,0.0,0.0,0.0,0.0,0.0,0.0,0.0,0.0,0.0,0.0,0.0,0.0,0.0,0.0,0.0,0.0,0.0,0.0,0.0,0.0,0.0,0.0,0.0,0.0,0.0,0.0,0.0,0.0,0.0,0.0,0.0,0.0,0.0,0.0,0.0,0.0,0.0,0.0,0.0,0.0,0.0,0.0,0.0,0.0,0.0,0.0,0.0,0.0,0.0,0.0,0.0,0.0,0.0,0.0,0.0,1253469.2360823099,3319368.1382817975,1511243.5233870307,2979514.9979630793,990038.9779166462,2003069.3295254998,2671961.8643042836,1782428.5206612488,1787959.3254726902,3755529.868396942,563266.2359363681,905204.8728099315,2401839.6059518005,3124838.371240155,2226948.2378952047,3987433.5298786494,758839.3843094676,1428694.1350649418,2877031.238879559,16190241.211706653,6551535.6794595895,4908807.321363933,2740001.6324872496,5781824.340661437,6394930.549495517,2798285.9693492744,2984902.2164522326,1679433.1722536278,1788124.4480681284,1055419.4022481488,4432512.686297739,2514990.7192978053,2478058.4085012833,3756641.1206136425,1535346.027757107,1476848.3932503401,2382149.956154134,1902367.3832110781,2209474.9073488144,2838424.774554561,1640705.303959833,1670829.6886155386,6642158.542083617,7460412.006546381,26097370.77567544,30038825.369901508,4533431.699137154,5664094.814034369,5100007.656910273,1197897.889626981,2008473.89118917,4910799.606856406,3097825.4175049746,1539870.1230759772,6812012.056370567,7163059.025381804,14021042.690882154,4514905.779566651,2193570.3929299754,5253238.204986961,14795247.503052434,37339492.16222655,8359491.04866959,6658034.367614748,3550233.2957726624,3109147.10926819,3073332.7407660843,5152159.202198442,12680793.753508504,3209762.5451105777,3670044.9183246316,5058984.693160177,5243067.3409734275,3243559.290711358,2965031.8335351124,3108439.833431143,2581958.3941117064,2205623.7417612104,1295071.9780486666,682408.6580253643,815397.7263380972,750143.8517724266,980505.4229654802,1208019.5781621826,1691958.9079384415,1051494.7333002305,3550153.348180955,1399036.4046971546,2040062.8485054676,1401322.4866013855,299715.52276717115,548613.2357840019,466995.7343528855,0.0,0.0,0.0,0.0,0.0,0.0,0.0,0.0,0.0,0.0,0.0,0.0,0.0,0.0,0.0,0.0,0.0,0.0,0.0,0.0,0.0,0.0,0.0,0.0,0.0,0.0,0.0,0.0,0.0,0.0,0.0,0.0,0.0,0.0,0.0,0.0,0.0,0.0,0.0,0.0,0.0,0.0,0.0,0.0,0.0,0.0,0.0,0.0,0.0,0.0,0.0,0.0,0.0,0.0,0.0,0.0,0.0,0.0,0.0,0.0,0.0,0.0,0.0,0.0,0.0,0.0,0.0,0.0,0.0,0.0,0.0,0.0,0.0,0.0,0.0,0.0,0.0,0.0,0.0,0.0,0.0,0.0,0.0,0.0,0.0,0.0,0.0,0.0,0.0,0.0,0.0,0.0,0.0
0.0,0.0,0.0,0.0,0.0,0.0,0.0,0.0,0.0,0.0,0.0,0.0,0.0,0.0,0.0,0.0,0.0,0.0,0.0,0.0,0.0,0.0,0.0,0.0,0.0,0.0,0.0,0.0,0.0,0.0,0.0,0.0,0.0,0.0,0.0,0.0,0.0,0.0,0.0,0.0,0.0,0.0,0.0,0.0,0.0,0.0,0.0,0.0,0.0,0.0,0.0,0.0,0.0,0.0,0.0,0.0,0.0,0.0,0.0,0.0,0.0,0.0,0.0,0.0,0.0,0.0,0.0,0.0,0.0,0.0,0.0,4222018.599469543,295633.76361578994,570387.9362570784,1052177.2368058492,2045871.8909778518,2789694.783733082,7916433.3941604365,1802787.4958043324,2178441.5350479246,1460804.1628493273,830175.5158983963,1067565.4528356474,2048627.0659536473,1452404.4409093643,2179672.8128385483,1318010.0870060944,764517.2457445766,1848382.522165771,1419079.1164156052,3625391.3123374563,3758577.157519706,2716162.0253365496,3823133.4181610066,1668942.8008944057,2578184.3486926155,3002590.9280747008,3782880.3614031775,2773111.2591086808,1817337.6094098268,641998.1680753254,679081.9878619233,2400452.029306087,4509575.380086906,11232820.517251346,3883916.019355584,1717289.7522483221,1572009.5578259681,1278871.4072093866,2965227.783610928,5126930.7501463145,5807766.755379936,4760361.965283125,4049601.2819621325,2974581.1738745268,8203823.6144191995,7508172.092655552,3281319.559115261,3141654.294619049,1553988.4056454103,2519426.502251108,4624614.094460308,4169842.785107459,4285367.58692407,5851371.573892356,3643512.7900168765,2027879.4982181503,3025498.5181856453,4133175.0604417333,3780504.758723896,5778265.679451233,5918660.480189685,24218512.44663969,10085076.3174115,5529420.787146011,7249199.615480825,5199270.1207830645,6478337.080229929,2960042.4639362665,4194623.820669929,5568102.609612419,6565759.429092807,5458304.381212411,3234440.907122679,3098534.3686785293,4571006.122949486,8940664.003680188,6083549.304478863,3190441.7625528714,2465684.7687133634,2826006.5176982777,4130611.815727747,3501782.729416202,1685019.9345319355,2819404.4879974243,3193738.1226498825,1002073.8881661347,2515214.1658806885,4185828.5862238724,914373.1590347516,343669.51883607765,843270.1214620302,1751874.0781103936,1874769.5870647954,68146.45761859098,0.0,0.0,0.0,0.0,0.0,0.0,0.0,0.0,0.0,0.0,0.0,0.0,0.0,0.0,0.0,0.0,0.0,0.0,0.0,0.0,0.0,0.0,0.0,0.0,0.0,0.0,0.0,0.0,0.0,0.0,0.0,0.0,0.0,0.0,0.0,0.0,0.0,0.0,0.0,0.0,0.0,0.0,0.0,0.0,0.0,0.0,0.0,0.0,0.0,0.0,0.0,0.0,0.0,0.0,0.0,0.0,0.0,0.0,0.0,0.0,0.0,0.0,0.0,0.0,0.0,0.0,0.0,0.0,0.0,0.0,0.0,0.0,0.0,0.0,0.0,0.0,0.0,0.0,0.0,0.0,0.0,0.0,0.0,0.0,0.0,0.0,0.0,0.0,0.0,0.0,0.0,0.0
0.0,0.0,0.0,0.0,0.0,0.0,0.0,0.0,0.0,0.0,0.0,0.0,0.0,0.0,0.0,0.0,0.0,0.0,0.0,0.0,0.0,0.0,0.0,0.0,0.0,0.0,0.0,0.0,0.0,0.0,0.0,0.0,0.0,0.0,0.0,0.0,0.0,0.0,0.0,0.0,0.0,0.0,0.0,0.0,0.0,0.0,0.0,0.0,0.0,0.0,0.0,0.0,0.0,0.0,0.0,0.0,0.0,0.0,0.0,0.0,0.0,0.0,0.0,0.0,0.0,0.0,0.0,0.0,0.0,0.0,504003.68369967816,17954452.096460436,1138382.7110079308,1304127.2187697454,1963497.7017675983,1896003.3070703489,2522979.5347307334,4391017.5638086125,4013087.508480167,1446620.8228492942,1058381.9363897764,433772.20305321726,416235.87385797326,422490.6090914339,10608751.501867574,2993792.983829017,1192284.498918787,1253303.2686176621,2006138.1067779455,2239844.528347322,1584949.9422762222,669767.997944802,1137098.6105560171,1969284.5803299807,2250149.6968051326,4074705.1535886656,3840510.8877695976,13794948.25786814,31141916.759500198,5500368.489088553,1793449.6433191781,1646300.6045324686,786723.3595607288,1617594.7413165858,1781893.626509314,1364201.754195447,2024961.6726049003,3364254.837392914,1359283.0002375518,4315819.3483577445,1777254.0610970657,1314690.8667764824,1350874.6891068607,1507470.918548589,1303783.3475321357,2665364.904002572,2173449.131344884,1115850.4531327914,2188215.516483372,3309672.1057614866,4462339.899299379,7542592.031806164,4333194.429991181,2794538.375207741,4115475.4487340366,11395762.690261286,2426426.131377235,3927219.7208962003,4788415.587692622,3594400.66298829,2583813.523145316,2213854.683105721,2422821.082259004,3291056.156295379,2996558.4854344632,3441093.194046057,3338386.6586895892,5791988.875015835,3636452.0280809794,3700959.768441455,4912449.2392656505,34012693.51724103,19958345.627227075,4848339.461425889,2696468.8693304663,4672735.741237391,2186413.9415098038,3135953.1333374325,3978033.898877148,3932219.1995025,1331576.4000853328,1311305.1691285595,395553.4417110998,543383.6255008338,1595215.8474895204,376351.7661955236,438440.02659762115,1404587.326763402,783529.5564285899,175948.68416185654,346569.6322683336,441343.8773735772,520240.51587825577,450913.46188969153,62891.98473912268,0.0,0.0,0.0,0.0,0.0,0.0,0.0,0.0,0.0,0.0,0.0,0.0,0.0,0.0,0.0,0.0,0.0,0.0,0.0,0.0,0.0,0.0,0.0,0.0,0.0,0.0,0.0,0.0,0.0,0.0,0.0,0.0,0.0,0.0,0.0,0.0,0.0,0.0,0.0,0.0,0.0,0.0,0.0,0.0,0.0,0.0,0.0,0.0,0.0,0.0,0.0,0.0,0.0,0.0,0.0,0.0,0.0,0.0,0.0,0.0,0.0,0.0,0.0,0.0,0.0,0.0,0.0,0.0,0.0,0.0,0.0,0.0,0.0,0.0,0.0,0.0,0.0,0.0,0.0,0.0,0.0,0.0,0.0,0.0,0.0,0.0,0.0,0.0,0.0,0.0,0.0,0.0
0.0,0.0,0.0,0.0,0.0,0.0,0.0,0.0,0.0,0.0,0.0,0.0,0.0,0.0,0.0,0.0,0.0,0.0,0.0,0.0,0.0,0.0,0.0,0.0,0.0,0.0,0.0,0.0,0.0,0.0,0.0,0.0,0.0,0.0,0.0,0.0,0.0,0.0,0.0,0.0,0.0,0.0,0.0,0.0,0.0,0.0,0.0,0.0,0.0,0.0,0.0,0.0,0.0,0.0,0.0,0.0,0.0,0.0,0.0,0.0,0.0,0.0,0.0,0.0,0.0,0.0,0.0,0.0,0.0,0.0,1008032.2107438284,8643220.773119148,1935886.073064523,1052352.123369163,2735427.277078641,1871725.5326608275,6788950.028216231,16696909.966141183,1440431.8938785275,811281.8263844764,1035186.6750056946,204250.73073871332,474376.3782782111,709546.1704330817,6288775.052913354,5713248.654345745,3813510.298634699,2110241.998062947,1546073.5285487194,4235525.124129377,5256784.460688964,4110647.1820711503,5074415.565613031,10622380.977812394,11040470.185405554,1510223.0004740474,3441724.3788012876,12911415.990424436,25640545.826267596,9588774.14132728,4061593.5317635518,3174907.729754395,2273065.599805042,7984819.241428748,2274137.3594802804,2090018.6030839025,2099431.555551285,1257609.9491258995,3580800.204889532,2797814.833429151,2663972.3790729996,2404637.9311695066,5642991.316607833,6558868.97309782,3901021.400658613,13871770.659768114,7758505.949980129,1476534.7195208976,2073141.6156459213,2869611.7681000163,21447422.20981933,25913890.390641768,10425485.508282678,7219575.694800796,4940290.701560601,4761984.941744757,7460607.848776646,6889739.846340862,7831401.367862033,7692325.770634177,3365351.828481732,4713790.683016613,2820551.2647989243,3090062.880554034,5424273.595780542,4008174.147059443,2456567.753863616,3383272.5173538486,14098411.54891142,18876422.104251456,5734392.7364207,13318165.703886202,7885150.179756691,4334328.023695403,2285920.4519287515,3012771.1516418722,9050888.178690622,13548316.56454251,1899789.9953825239,815674.3403809161,3166203.7619825797,3018728.9988212306,1137244.4755769593,1997722.2549947577,996330.589434318,1078436.1807101527,539076.9871804467,802116.1578208926,305624.54934077174,0.0,219824.34536397152,461679.08444816805,0.0,0.0,0.0,0.0,0.0,0.0,0.0,0.0,0.0,0.0,0.0,0.0,0.0,0.0,0.0,0.0,0.0,0.0,0.0,0.0,0.0,0.0,0.0,0.0,0.0,0.0,0.0,0.0,0.0,0.0,0.0,0.0,0.0,0.0,0.0,0.0,0.0,0.0,0.0,0.0,0.0,0.0,0.0,0.0,0.0,0.0,0.0,0.0,0.0,0.0,0.0,0.0,0.0,0.0,0.0,0.0,0.0,0.0,0.0,0.0,0.0,0.0,0.0,0.0,0.0,0.0,0.0,0.0,0.0,0.0,0.0,0.0,0.0,0.0,0.0,0.0,0.0,0.0,0.0,0.0,0.0,0.0,0.0,0.0,0.0,0.0,0.0,0.0,0.0,0.0,0.0,0.0,0.0,0.0,0.0
0.0,0.0,0.0,0.0,0.0,0.0,0.0,0.0,0.0,0.0,0.0,0.0,0.0,0.0,0.0,0.0,0.0,0.0,0.0,0.0,0.0,0.0,0.0,0.0,0.0,0.0,0.0,0.0,0.0,0.0,0.0,0.0,0.0,0.0,0.0,0.0,0.0,0.0,0.0,0.0,0.0,0.0,0.0,0.0,0.0,0.0,0.0,0.0,0.0,0.0,0.0,0.0,0.0,0.0,0.0,0.0,0.0,0.0,0.0,0.0,0.0,0.0,0.0,0.0,0.0,0.0,0.0,0.0,285174.07224203285,1329297.8003639567,730798.4449432548,448669.38904511905,182977.53207318604,791912.9037250362,3346847.699674665,2226631.7218674403,2351104.207659098,2898622.6149768936,1297575.2128536708,1767305.8218621598,3930358.922639678,2289850.3435437074,761696.9299051596,2602718.854652899,11307297.822186051,2793704.6103639505,5472305.836669741,8533002.550022103,1478299.555981807,3316913.079385726,11136039.104529098,7465458.786334806,4154899.9431964657,4124421.2678840407,6104262.254028451,11244946.271766137,14728012.626391655,10497403.345353995,9752048.258033015,15431879.710031006,2447042.0358165633,3239660.1159450244,2263387.111793834,2558552.8137790915,1102871.2593707955,1418411.6996357536,649344.561743645,287863.2425801148,2166208.9918721765,8545836.424017945,5051945.199992331,2771605.493368265,4384225.01502699,4193840.0667888974,16265801.31633937,29821374.483120196,10750280.605158862,1459464.1858065855,3037193.3152540945,4857432.974044738,30379739.357378777,70926250.30236048,64325674.02236263,23150926.35490308,6263817.146302501,10384071.694079984,5800977.011507547,6328032.339688152,6845278.144653811,6434062.5403143205,4747890.982174305,5051604.95133926,2627833.264946461,6270693.28275601,5618400.037250224,7093312.9763768315,2379251.710889258,4600603.389680862,6182368.177761344,3869017.9642170845,3452181.949645167,5290571.525916211,3928525.437480583,8283791.682597887,3845120.856288274,11873790.87697024,24062370.54249105,8570492.185751991,3037165.359827297,2908901.285839879,2409868.670061687,2040171.904221607,577780.5755538048,385238.6905544721,342742.9244354431,1519567.5884955367,1138504.7842368032,1810350.5562231126,7670.016561991028,0.0,25858.66717112503,47502.12576423724,0.0,0.0,0.0,0.0,0.0,0.0,0.0,0.0,0.0,0.0,0.0,0.0,0.0,0.0,0.0,0.0,0.0,0.0,0.0,0.0,0.0,0.0,0.0,0.0,0.0,0.0,0.0,0.0,0.0,0.0,0.0,0.0,0.0,0.0,0.0,0.0,0.0,0.0,0.0,0.0,0.0,0.0,0.0,0.0,0.0,0.0,0.0,0.0,0.0,0.0,0.0,0.0,0.0,0.0,0.0,0.0,0.0,0.0,0.0,0.0,0.0,0.0,0.0,0.0,0.0,0.0,0.0,0.0,0.0,0.0,0.0,0.0,0.0,0.0,0.0,0.0,0.0,0.0,0.0,0.0,0.0,0.0,0.0,0.0,0.0,0.0,0.0,0.0,0.0,0.0,0.0,0.0,0.0,0.0,0.0
0.0,0.0,0.0,0.0,0.0,0.0,0.0,0.0,0.0,0.0,0.0,0.0,0.0,0.0,0.0,0.0,0.0,0.0,0.0,0.0,0.0,0.0,0.0,0.0,0.0,0.0,0.0,0.0,0.0,0.0,0.0,0.0,0.0,0.0,0.0,0.0,0.0,0.0,0.0,0.0,0.0,0.0,0.0,0.0,0.0,0.0,0.0,0.0,0.0,0.0,0.0,0.0,0.0,0.0,0.0,0.0,0.0,0.0,0.0,0.0,0.0,0.0,0.0,0.0,0.0,0.0,0.0,0.0,56073.430463792436,240605.06264542675,262832.7122755815,616314.9744938407,1274477.1760101845,1766756.5727654994,1569785.6073211473,950295.6762145788,1048305.2318422517,1193200.9146489804,1464526.2629802166,580220.2880763481,261358.8050996958,123294.91326978625,603602.2380590567,8146157.60300285,29709807.50679786,2822571.4784776215,1850840.9802174335,1467492.9413271365,3606747.083573824,13395675.16116565,6425088.1386529105,21415389.100642767,24751198.196168337,16506748.432703158,4967835.231652711,2998940.894603641,2581084.819780563,3078930.0459543117,1887985.465179867,3230695.671543696,7467227.264179962,4415274.949740791,2887675.871615928,5938061.90430326,1687850.1576868505,792034.9144368914,3400685.4569381736,2547210.320547293,1221260.5185207136,1626893.8461263943,2544756.086487638,3364512.702081807,3043724.4061457193,5517714.218665925,9839579.000176882,20409757.809810117,4801313.977575763,3608053.767527742,1944695.555363592,3010406.355492468,11823017.421713803,29980424.87350669,34298014.47759892,24874403.20848139,60323964.42365411,51604177.36359035,14454989.757156584,11857402.9895321,9740082.847377328,6356604.936064583,18853895.889079515,5453079.330066878,5482413.790999987,2006276.8979629187,4852518.203071368,5193745.188824361,2946061.4909949135,10953297.935038239,6118373.856998488,8508075.794653945,10527584.629325328,13680608.868683305,7132294.350847067,16687205.588548983,13300364.411102759,8841363.600805804,7890098.458062552,6553188.759317659,0.0,1261692.0494356574,1347059.778647543,1659991.3548529954,668316.4642440397,494812.1831639797,1325905.1677829216,1897987.5285694534,1651541.052392617,603315.933329524,0.0,0.0,23766.23093023808,844.5907275727071,0.0,0.0,0.0,0.0,0.0,0.0,0.0,0.0,0.0,0.0,0.0,0.0,0.0,0.0,0.0,0.0,0.0,0.0,0.0,0.0,0.0,0.0,0.0,0.0,0.0,0.0,0.0,0.0,0.0,0.0,0.0,0.0,0.0,0.0,0.0,0.0,0.0,0.0,0.0,0.0,0.0,0.0,0.0,0.0,0.0,0.0,0.0,0.0,0.0,0.0,0.0,0.0,0.0,0.0,0.0,0.0,0.0,0.0,0.0,0.0,0.0,0.0,0.0,0.0,0.0,0.0,0.0,0.0,0.0,0.0,0.0,0.0,0.0,0.0,0.0,0.0,0.0,0.0,0.0,0.0,0.0,0.0,0.0,0.0,0.0,0.0,0.0,0.0,0.0,0.0,0.0,0.0,0.0,0.0,0.0
0.0,0.0,0.0,0.0,0.0,0.0,0.0,0.0,0.0,0.0,0.0,0.0,0.0,0.0,0.0,0.0,0.0,0.0,0.0,0.0,0.0,0.0,0.0,0.0,0.0,0.0,0.0,0.0,0.0,0.0,0.0,0.0,0.0,0.0,0.0,0.0,0.0,0.0,0.0,0.0,0.0,0.0,0.0,0.0,0.0,0.0,0.0,0.0,0.0,0.0,0.0,0.0,0.0,0.0,0.0,0.0,0.0,0.0,0.0,0.0,0.0,0.0,0.0,0.0,0.0,0.0,0.0,0.0,445254.73029066104,929055.7955399026,35059.81704937323,15152.756374296307,526017.7127228586,557021.9156686848,1872980.070985555,1011831.3109275202,1949379.722858721,1245291.847473771,608318.3972211848,717483.8078440354,1022306.5154446437,606486.779685774,714963.1798126206,501777.2684102057,741471.7119781143,1035045.8335176823,2201410.037740376,1559094.4616628727,3149844.8956165547,18473170.09037794,26761577.566536542,47771747.65308497,59698386.970381856,37607733.25448228,8804187.215733709,4883568.329375205,5180874.090692047,1866716.62804172,2074487.93635643,503973.6735265446,3522236.6448265165,6683572.412615938,7629573.96416346,6635664.211793144,4617684.029537793,641398.2131341096,575077.108397991,735406.4843825777,1805421.9466681548,1933124.036336408,2157872.2769970316,1069791.502819287,3979362.086234836,7115864.532325495,4899368.200613821,6713101.265277692,2815218.9020988997,1795345.1334911387,1551342.892136456,2884845.7304245248,5205712.475115812,6108847.005493171,4926605.059737527,4148020.3666546093,16267797.61962213,18724936.49954054,7996772.110181941,2918716.6170021403,3286398.6944514704,4191427.443217325,3777154.736396432,4408260.33184239,2407822.1942664827,2078622.7919180533,5193803.111416715,23049029.501058728,19002515.518057734,4466772.182055861,9769250.66002151,34338647.946065366,16844592.489640422,17208897.72870889,14027270.431279628,36101336.95489747,17692860.15450076,4944754.8138432745,3207895.6937007736,1773198.7888752837,794067.3055460781,154278.48667010097,1593927.89606218,2829217.5284484,2923531.9995179046,2024814.2228263835,1461458.0045597714,4727434.32835824,934692.6816738537,23871.31984621136,0.0,0.0,0.0,0.0,0.0,0.0,0.0,0.0,0.0,0.0,0.0,0.0,0.0,0.0,0.0,0.0,0.0,0.0,0.0,0.0,0.0,0.0,0.0,0.0,0.0,0.0,0.0,0.0,0.0,0.0,0.0,0.0,0.0,0.0,0.0,0.0,0.0,0.0,0.0,0.0,0.0,0.0,0.0,0.0,0.0,0.0,0.0,0.0,0.0,0.0,0.0,0.0,0.0,0.0,0.0,0.0,0.0,0.0,0.0,0.0,0.0,0.0,0.0,0.0,0.0,0.0,0.0,0.0,0.0,0.0,0.0,0.0,0.0,0.0,0.0,0.0,0.0,0.0,0.0,0.0,0.0,0.0,0.0,0.0,0.0,0.0,0.0,0.0,0.0,0.0,0.0,0.0,0.0,0.0,0.0,0.0,0.0,0.0,0.0
0.0,0.0,0.0,0.0,0.0,0.0,0.0,0.0,0.0,0.0,0.0,0.0,0.0,0.0,0.0,0.0,0.0,0.0,0.0,0.0,0.0,0.0,0.0,0.0,0.0,0.0,0.0,0.0,0.0,0.0,0.0,0.0,0.0,0.0,0.0,0.0,0.0,0.0,0.0,0.0,0.0,0.0,0.0,0.0,0.0,0.0,0.0,0.0,0.0,0.0,0.0,0.0,0.0,0.0,0.0,0.0,0.0,0.0,0.0,0.0,0.0,0.0,0.0,0.0,0.0,0.0,0.0,0.0,40260.97762513197,523863.9719181617,539010.256705926,59189.97502226003,307886.8679617621,3139042.2509527383,2768640.1986726765,3767048.248795481,1514506.3863694197,577977.7662790627,759224.9486734909,587018.8363526491,1689607.126095783,771166.4411453139,636399.2207646475,1099962.9494431838,942719.2676919913,473723.59484947904,2710537.869677877,2873127.2080291007,5732106.256834779,16662692.4175807,47461874.048070855,74572853.46147817,72791169.33620314,43392677.41289768,10585996.960011797,3371462.0795069584,1094312.6696349466,2940724.738140113,2975764.203218509,843240.5059803347,936477.8855941336,3678363.120143161,10398400.326747863,31120910.186696425,14993025.056949731,7709867.30891294,3595653.093174873,1870307.1779485978,2565611.7018864593,8576527.018137071,7615058.772084335,2266224.9004094806,1031735.8329645274,2312318.102379659,3189257.2708138335,5819468.980780327,2024516.4566282032,1812314.7768149665,3396140.8604544317,4086366.34884776,4144882.5195456604,2741736.5248062005,3098752.3512660763,5697603.046823464,3031724.0742482143,7321345.99831883,14996707.106113965,5621522.602046337,6087424.89068761,2607362.466369817,4267574.855968696,3037581.017966533,14590836.451242035,3738456.085635883,8454466.28048867,37508361.168026224,44527133.9715514,11421913.905117907,8852061.947384952,48875856.90863176,79929347.7821402,53549520.83925166,24646261.890349515,8500468.483795626,8397603.741714302,3553669.195809995,3812188.7773796697,2004801.1101377099,3140998.7022055057,1685466.5929780065,0.0,72216.72624071223,150132.79374153249,295106.0341304698,0.0,0.0,0.0,0.0,0.0,0.0,0.0,0.0,0.0,0.0,0.0,0.0,0.0,0.0,0.0,0.0,0.0,0.0,0.0,0.0,0.0,0.0,0.0,0.0,0.0,0.0,0.0,0.0,0.0,0.0,0.0,0.0,0.0,0.0,0.0,0.0,0.0,0.0,0.0,0.0,0.0,0.0,0.0,0.0,0.0,0.0,0.0,0.0,0.0,0.0,0.0,0.0,0.0,0.0,0.0,0.0,0.0,0.0,0.0,0.0,0.0,0.0,0.0,0.0,0.0,0.0,0.0,0.0,0.0,0.0,0.0,0.0,0.0,0.0,0.0,0.0,0.0,0.0,0.0,0.0,0.0,0.0,0.0,0.0,0.0,0.0,0.0,0.0,0.0,0.0,0.0,0.0,0.0,0.0,0.0,0.0,0.0,0.0,0.0,0.0,0.0,0.0,0.0
0.0,0.0,0.0,0.0,0.0,0.0,0.0,0.0,0.0,0.0,0.0,0.0,0.0,0.0,0.0,0.0,0.0,0.0,0.0,0.0,0.0,0.0,0.0,0.0,0.0,0.0,0.0,0.0,0.0,0.0,0.0,0.0,0.0,0.0,0.0,0.0,0.0,0.0,0.0,0.0,0.0,0.0,0.0,0.0,0.0,0.0,0.0,0.0,0.0,0.0,0.0,0.0,0.0,0.0,0.0,0.0,0.0,0.0,0.0,0.0,0.0,0.0,0.0,0.0,0.0,0.0,0.0,0.0,0.0,25472.079719622106,662903.2073342488,1331584.2076379457,477291.12870673015,7528979.777356388,2418562.598399252,1276610.5567455234,892865.0987214029,1074332.106847139,610402.5933581197,4020157.3968047635,1877321.1373630674,928135.2535328618,4659141.214550614,1284023.0380425684,1100336.6577766351,1117636.501690032,2682939.893959339,3751914.688375326,8228504.773090452,21556463.857390225,23268099.365102764,40190647.91617136,65780388.227672964,51199732.31874628,15712804.63298074,6749171.936534037,2244758.9905739436,3564101.123715879,5025930.537030964,2526269.610927792,144214.7156434213,350787.035226113,16666531.847906347,30225393.25544406,28231449.744376004,3768803.8816640694,1763176.830523312,1780087.98914742,2728186.7450591065,2542006.061882671,2177823.856712156,1079374.9369195986,1438707.8095456054,1098562.8082859977,895073.624871274,1901032.7676431374,2300474.010655765,2935760.959947315,2718456.3758979305,3254807.0743062426,2954687.328684694,3238188.7946152724,4800762.5439974945,3198561.1034901626,4060862.058685233,2796068.630248723,4639483.790224847,3793983.357546658,6259612.738671197,2405563.309371407,2165463.562660169,4442959.271437232,3745764.438620513,5893881.85371011,4280493.429011257,5754185.563460726,1550063.0359753035,4863406.230053423,22960736.948890712,78537390.1887207,105937844.09548824,87501950.15682611,33714639.47256012,7104247.877011928,4906896.225524917,3623910.760340453,2787894.506115989,2533469.989873415,3616919.572232032,2150827.654928906,666541.6459546331,0.0,0.0,0.0,0.0,0.0,0.0,0.0,0.0,0.0,0.0,0.0,0.0,0.0,0.0,0.0,0.0,0.0,0.0,0.0,0.0,0.0,0.0,0.0,0.0,0.0,0.0,0.0,0.0,0.0,0.0,0.0,0.0,0.0,0.0,0.0,0.0,0.0,0.0,0.0,0.0,0.0,0.0,0.0,0.0,0.0,0.0,0.0,0.0,0.0,0.0,0.0,0.0,0.0,0.0,0.0,0.0,0.0,0.0,0.0,0.0,0.0,0.0,0.0,0.0,0.0,0.0,0.0,0.0,0.0,0.0,0.0,0.0,0.0,0.0,0.0,0.0,0.0,0.0,0.0,0.0,0.0,0.0,0.0,0.0,0.0,0.0,0.0,0.0,0.0,0.0,0.0,0.0,0.0,0.0,0.0,0.0,0.0,0.0,0.0,0.0,0.0,0.0,0.0,0.0,0.0,0.0
0.0,0.0,0.0,0.0,0.0,0.0,0.0,0.0,0.0,0.0,0.0,0.0,0.0,0.0,0.0,0.0,0.0,0.0,0.0,0.0,0.0,0.0,0.0,0.0,0.0,0.0,0.0,0.0,0.0,0.0,0.0,0.0,0.0,0.0,0.0,0.0,0.0,0.0,0.0,0.0,0.0,0.0,0.0,0.0,0.0,0.0,0.0,0.0,0.0,0.0,0.0,0.0,0.0,0.0,0.0,0.0,0.0,0.0,0.0,0.0,0.0,0.0,0.0,0.0,0.0,0.0,0.0,0.0,0.0,0.0,197325.8169189534,1345201.8385433103,4159587.3532887483,28612994.536664244,5476474.746846842,3277317.2455090834,2449656.6235979525,3005965.9438085784,1325529.4140891554,15802573.327628812,2776880.3093313687,679803.9992331068,1159891.2930631433,2294293.8984146095,1077902.0866275157,1650847.2242239271,1219450.81506801,2641647.543829023,3273118.251202038,6381439.890201447,17100339.744823415,16741540.624840233,29680522.948142853,28828457.39998615,20351721.091348317,9085879.95025909,4194037.5356985414,1128297.13453098,5075774.4244832015,2001003.404933222,1536265.7659898987,132395.32870894368,2172701.647116946,8641377.601564625,7075991.861593986,3166450.5323141823,4133956.691539706,4851853.772319989,1549617.2055481547,337796.03849630704,535417.472706136,439503.5589429729,651556.7435395251,1322293.6177532354,1725496.380962527,924935.0539464282,4109452.477210801,818638.4472049725,1249420.3296930287,1158466.0638453634,2027295.2579152593,1567681.4528101129,2936809.288293386,2995728.725419776,2623887.064378444,3095451.466345003,13161459.116009237,16358039.184852518,5307948.6541320905,6003863.849486032,9223732.25720009,3263604.298422615,5195083.048565964,7453430.54010654,9378564.082498476,4043139.406288143,369877.60239939566,0.0,10640.924061624337,2060384.0328924065,82004017.69206367,102235509.85546134,34398830.82094966,5383720.339666028,3530748.300301576,2435620.4750944027,2821461.3230438805,1885278.7153413007,2210614.000720661,1488140.3125468038,127687.70225299854,0.0,0.0,0.0,0.0,0.0,0.0,0.0,0.0,0.0,0.0,0.0,0.0,0.0,0.0,0.0,0.0,0.0,0.0,0.0,0.0,0.0,0.0,0.0,0.0,0.0,0.0,0.0,0.0,0.0,0.0,0.0,0.0,0.0,0.0,0.0,0.0,0.0,0.0,0.0,0.0,0.0,0.0,0.0,0.0,0.0,0.0,0.0,0.0,0.0,0.0,0.0,0.0,0.0,0.0,0.0,0.0,0.0,0.0,0.0,0.0,0.0,0.0,0.0,0.0,0.0,0.0,0.0,0.0,0.0,0.0,0.0,0.0,0.0,0.0,0.0,0.0,0.0,0.0,0.0,0.0,0.0,0.0,0.0,0.0,0.0,0.0,0.0,0.0,0.0,0.0,0.0,0.0,0.0,0.0,0.0,0.0,0.0,0.0,0.0,0.0,0.0,0.0,0.0,0.0,0.0,0.0
0.0,0.0,0.0,0.0,0.0,0.0,0.0,0.0,0.0,0.0,0.0,0.0,0.0,0.0,0.0,0.0,0.0,0.0,0.0,0.0,0.0,0.0,0.0,0.0,0.0,0.0,0.0,0.0,0.0,0.0,0.0,0.0,0.0,0.0,0.0,0.0,0.0,0.0,0.0,0.0,0.0,0.0,0.0,0.0,0.0,0.0,0.0,0.0,0.0,0.0,0.0,0.0,0.0,0.0,0.0,0.0,0.0,0.0,0.0,0.0,0.0,0.0,0.0,0.0,0.0,0.0,0.0,0.0,0.0,0.0,0.0,16501.757895145176,218596.0279363042,2219025.1670604907,613512.6127700394,6296438.173021933,2275552.2757107066,1997505.0486550867,1568468.926695295,2586495.770197854,658971.3149938276,3033705.6837577224,1725747.1479172618,1613593.7413541884,4890735.914312106,9003263.907617632,13645800.650150165,6394523.583762291,767376.3422844035,2050340.919407652,3827561.922442821,7334119.426626763,10939399.754989523,12210968.848947693,7172128.336721463,6032909.116691947,7340897.490730305,1316375.4783681054,808113.070253023,980691.8968091352,1408215.2383358702,1289282.124099927,2998405.584076479,10185502.57023563,8104905.382321159,8916432.336655855,1870731.0730397915,1803442.0546460096,2595328.4823614964,1911912.1915887757,1129864.524313198,2056959.3705621557,1472311.4017441575,841908.9360424563,1730918.7706012987,1700011.2320533856,1883241.104161051,2280409.9849583833,1465105.7776134154,1626007.5237671505,1809956.7841973177,2322681.9715033034,2430654.8464349625,5885483.223027062,2588647.2913845256,10056969.952749439,79947846.83263552,74195381.10386643,13466135.144175062,3304142.072206596,2931534.502494409,5474964.426970464,2472939.6642483366,3191087.4906709627,6494666.005482102,7754906.211193159,1344228.608307668,0.0,0.0,0.0,0.0,3307139.196456977,12282798.654026397,5830045.674833968,3517702.0116757425,4135815.0411198623,2466549.5553096374,1315665.9746161662,1103821.3592085333,0.0,0.0,0.0,0.0,0.0,0.0,0.0,0.0,0.0,0.0,0.0,0.0,0.0,0.0,0.0,0.0,0.0,0.0,0.0,0.0,0.0,0.0,0.0,0.0,0.0,0.0,0.0,0.0,0.0,0.0,0.0,0.0,0.0,0.0,0.0,0.0,0.0,0.0,0.0,0.0,0.0,0.0,0.0,0.0,0.0,0.0,0.0,0.0,0.0,0.0,0.0,0.0,0.0,0.0,0.0,0.0,0.0,0.0,0.0,0.0,0.0,0.0,0.0,0.0,0.0,0.0,0.0,0.0,0.0,0.0,0.0,0.0,0.0,0.0,0.0,0.0,0.0,0.0,0.0,0.0,0.0,0.0,0.0,0.0,0.0,0.0,0.0,0.0,0.0,0.0,0.0,0.0,0.0,0.0,0.0,0.0,0.0,0.0,0.0,0.0,0.0,0.0,0.0,0.0,0.0,0.0,0.0,0.0
0.0,0.0,0.0,0.0,0.0,0.0,0.0,0.0,0.0,0.0,0.0,0.0,0.0,0.0,0.0,0.0,0.0,0.0,0.0,0.0,0.0,0.0,0.0,0.0,0.0,0.0,0.0,0.0,0.0,0.0,0.0,0.0,0.0,0.0,0.0,0.0,0.0,0.0,0.0,0.0,0.0,0.0,0.0,0.0,0.0,0.0,0.0,0.0,0.0,0.0,0.0,0.0,0.0,0.0,0.0,0.0,0.0,0.0,0.0,0.0,0.0,0.0,0.0,0.0,0.0,0.0,0.0,0.0,0.0,0.0,0.0,30547.262920085162,133002.0198923252,1004864.4379248281,1120714.6594520262,1063569.112647907,1750967.550457956,6376716.101488889,1593735.621896443,1735040.6849812889,1797346.389995602,2253304.979277561,1487599.3045144384,1630358.4369560787,5381472.7980671935,20399830.778513655,15352238.617741656,4864119.886369103,591019.7521181533,950420.008134739,2792887.0393728074,3029079.1432266827,13629925.357079066,11676838.99999594,5674292.628269134,3312025.893414641,5621505.739998851,2089352.6457214104,2964760.1507758736,5135775.161516245,3729006.635051018,2746691.9537023525,404869.47152625036,3171845.8780839676,6566097.1111905025,11294806.179078078,3566287.979995486,1659699.1340754502,2180282.228843147,1112347.7557174813,1033549.3547407964,3123228.7670591692,549330.6790764823,1276882.5030142537,2118871.9758933303,877719.0257299409,1162757.6159632136,2812416.175230656,1341751.4418185286,9166524.707178388,5587540.757085425,4510324.397282812,2367391.9893185226,4687949.310586819,6574663.910061809,6788733.054198592,42931499.442968674,24301681.17759119,5106197.105124674,3602198.4752797126,4337475.883652334,11334161.026883923,7393600.820858659,7051651.524889038,12571643.370939853,8663647.110981965,85058.43995259027,0.0,0.0,0.0,0.0,810244.8911955853,3925370.7754200283,10922731.116423965,10311485.82255413,205989.4612482211,0.0,0.0,0.0,0.0,0.0,0.0,0.0,0.0,0.0,0.0,0.0,0.0,0.0,0.0,0.0,0.0,0.0,0.0,0.0,0.0,0.0,0.0,0.0,0.0,0.0,0.0,0.0,0.0,0.0,0.0,0.0,0.0,0.0,0.0,0.0,0.0,0.0,0.0,0.0,0.0,0.0,0.0,0.0,0.0,0.0,0.0,0.0,0.0,0.0,0.0,0.0,0.0,0.0,0.0,0.0,0.0,0.0,0.0,0.0,0.0,0.0,0.0,0.0,0.0,0.0,0.0,0.0,0.0,0.0,0.0,0.0,0.0,0.0,0.0,0.0,0.0,0.0,0.0,0.0,0.0,0.0,0.0,0.0,0.0,0.0,0.0,0.0,0.0,0.0,0.0,0.0,0.0,0.0,0.0,0.0,0.0,0.0,0.0,0.0,0.0,0.0,0.0,0.0,0.0,0.0,0.0,0.0,0.0,0.0,0.0,0.0
0.0,0.0,0.0,0.0,0.0,0.0,0.0,0.0,0.0,0.0,0.0,0.0,0.0,0.0,0.0,0.0,0.0,0.0,0.0,0.0,0.0,0.0,0.0,0.0,0.0,0.0,0.0,0.0,0.0,0.0,0.0,0.0,0.0,0.0,0.0,0.0,0.0,0.0,0.0,0.0,0.0,0.0,0.0,0.0,0.0,0.0,0.0,0.0,0.0,0.0,0.0,0.0,0.0,0.0,0.0,0.0,0.0,0.0,0.0,0.0,0.0,0.0,0.0,0.0,0.0,0.0,0.0,0.0,0.0,169.26150517784558,350104.1983458585,2645366.2908746023,922469.5327862677,464105.9421409487,488290.30378758034,1769222.7389746099,1089107.429035896,3374938.886845571,4828869.390767512,6969098.963339436,805614.3425029092,1139904.6508042333,1002489.7833829275,1902989.7080906732,2043131.192275472,914663.2385424091,1088179.483371451,1961421.2484369716,6302717.340670329,4064677.1251137587,4266032.565006188,1012432.6936538231,5366873.935916912,6357532.69352711,5060561.265524532,6246842.510337749,5291921.854630565,3584173.6066323305,774415.5789214405,3941775.9967960077,2091303.1522862816,6073922.1288134605,1639809.8243167815,642334.3188030705,2421445.567121011,4417112.146530787,4395523.023022702,2012733.978760763,2279166.593358659,1434720.2659516362,2036920.140690767,1771873.226499162,1714923.2212440725,2951422.9668928175,4135746.5075011454,1338016.391089392,843867.8776661733,2957506.3537496952,13275083.58724441,2261450.5374463294,1600633.3529332937,3714300.212248678,1372784.6889546616,856806.5070642807,2180269.712274149,12087214.181516347,7902643.167350457,11880667.977133533,4101803.8727466743,8038778.533819447,6011210.613712566,16269169.403787892,3946479.1888013477,3161510.4105069484,5769904.869244313,3272496.84196422,0.0,0.0,0.0,0.0,0.0,0.0,0.0,0.0,0.0,0.0,0.0,0.0,0.0,0.0,0.0,0.0,0.0,0.0,0.0,0.0,0.0,0.0,0.0,0.0,0.0,0.0,0.0,0.0,0.0,0.0,0.0,0.0,0.0,0.0,0.0,0.0,0.0,0.0,0.0,0.0,0.0,0.0,0.0,0.0,0.0,0.0,0.0,0.0,0.0,0.0,0.0,0.0,0.0,0.0,0.0,0.0,0.0,0.0,0.0,0.0,0.0,0.0,0.0,0.0,0.0,0.0,0.0,0.0,0.0,0.0,0.0,0.0,0.0,0.0,0.0,0.0,0.0,0.0,0.0,0.0,0.0,0.0,0.0,0.0,0.0,0.0,0.0,0.0,0.0,0.0,0.0,0.0,0.0,0.0,0.0,0.0,0.0,0.0,0.0,0.0,0.0,0.0,0.0,0.0,0.0,0.0,0.0,0.0,0.0,0.0,0.0,0.0,0.0,0.0,0.0,0.0,0.0,0.0,0.0,0.0,0.0
0.0,0.0,0.0,0.0,0.0,0.0,0.0,0.0,0.0,0.0,0.0,0.0,0.0,0.0,0.0,0.0,0.0,0.0,0.0,0.0,0.0,0.0,0.0,0.0,0.0,0.0,0.0,0.0,0.0,0.0,0.0,0.0,0.0,0.0,0.0,0.0,0.0,0.0,0.0,0.0,0.0,0.0,0.0,0.0,0.0,0.0,0.0,0.0,0.0,0.0,0.0,0.0,0.0,0.0,0.0,0.0,0.0,0.0,0.0,0.0,0.0,0.0,0.0,0.0,0.0,0.0,0.0,0.0,0.0,471517.6294926626,82410.20472837929,215134.8484807281,111460.23342002626,1951328.5362824958,1304005.458172828,9858573.772241008,11465166.607358485,4380853.84137988,2105953.749824276,1655507.4712294908,4338293.531556713,804118.062186053,806988.4785250297,2501520.3389292364,1012384.5447817838,946812.742950049,890063.0752285263,862747.0431655648,2014916.354341733,1042750.7935537561,923123.5564768775,1005074.0444902359,1655546.996080181,1925214.9830108245,4391211.989495241,6709587.470180068,6377853.184316016,10220540.9280448,2713906.7314353883,1957978.1689656882,451112.5686119899,5554171.70015098,4126385.1890094546,1230707.7213165436,1959618.4151076297,9778352.907396777,2597935.543579366,5647070.734984355,1839646.089279415,3135235.4209373733,2312924.686276622,2368005.647077174,3526795.098799751,3139456.092911499,1211085.04974542,1702755.4542829166,2908902.1373869604,8488212.25557387,15367587.997215664,1113547.963390845,1780115.4515454606,1318537.2188021662,1925551.0270107915,964255.1213395214,3665889.8050002307,3243507.172404481,4031625.900881418,10936204.461203074,2512641.687850769,3637403.3515438605,3205637.3341474254,5326153.693204137,6831461.193814765,5185244.699736273,16517238.105796436,27532284.400679,0.0,0.0,0.0,0.0,0.0,0.0,0.0,0.0,0.0,0.0,0.0,0.0,0.0,0.0,0.0,0.0,0.0,0.0,0.0,0.0,0.0,0.0,0.0,0.0,0.0,0.0,0.0,0.0,0.0,0.0,0.0,0.0,0.0,0.0,0.0,0.0,0.0,0.0,0.0,0.0,0.0,0.0,0.0,0.0,0.0,0.0,0.0,0.0,0.0,0.0,0.0,0.0,0.0,0.0,0.0,0.0,0.0,0.0,0.0,0.0,0.0,0.0,0.0,0.0,0.0,0.0,0.0,0.0,0.0,0.0,0.0,0.0,0.0,0.0,0.0,0.0,0.0,0.0,0.0,0.0,0.0,0.0,0.0,0.0,0.0,0.0,0.0,0.0,0.0,0.0,0.0,0.0,0.0,0.0,0.0,0.0,0.0,0.0,0.0,0.0,0.0,0.0,0.0,0.0,0.0,0.0,0.0,0.0,0.0,0.0,0.0,0.0,0.0,0.0,0.0,0.0,0.0,0.0,0.0,0.0,0.0
0.0,0.0,0.0,0.0,0.0,0.0,0.0,0.0,0.0,0.0,0.0,0.0,0.0,0.0,0.0,0.0,0.0,0.0,0.0,0.0,0.0,0.0,0.0,0.0,0.0,0.0,0.0,0.0,0.0,0.0,0.0,0.0,0.0,0.0,0.0,0.0,0.0,0.0,0.0,0.0,0.0,0.0,0.0,0.0,0.0,0.0,0.0,0.0,0.0,0.0,0.0,0.0,0.0,0.0,0.0,0.0,0.0,0.0,0.0,0.0,0.0,0.0,0.0,0.0,0.0,0.0,0.0,1068.5778339078752,163520.71161917286,489597.70174553647,48943.29538047771,1220033.2986825476,1894682.7714502749,1668567.2765833302,1968049.4258069706,2653298.5351229603,2697667.175390611,1647613.3273751994,835932.9447299798,1173952.0969155463,1297465.4595872574,460721.5930197453,1552664.803440786,564916.3467305651,1858205.862247833,6614530.46738431,431158.7270644975,2019005.7373509954,541424.6600499498,946122.3318136507,467185.11570250907,1159309.4807387681,1531569.5734565177,1975805.75130762,2716639.485394081,4155966.32470861,17807864.591058604,8764441.814945132,7333411.887508839,1726660.2517231572,5584042.222859215,10383609.97577473,21374010.550994724,6008206.633818637,1117954.2055219726,3953627.048786038,9468035.43765267,19454176.5680959,4301572.40598182,2058086.4341585531,3078884.398082034,2377428.718252816,2465717.7650701636,1795603.7401274252,2729199.4500861075,1364824.4188968635,677946.9810333682,3174005.3754383875,10768818.894642092,2237805.6374239763,6023067.602713762,2307830.1678824415,1982155.1267113509,5896404.177290756,2846154.3859878974,3461796.8648709403,6601183.060727645,7447500.2788638305,2412589.1554931398,1630316.019558955,4304889.579951653,9948656.793775784,9194309.755995547,13256910.243295923,25792374.806559745,49678569.29228234,0.0,0.0,0.0,0.0,0.0,0.0,0.0,0.0,0.0,0.0,0.0,0.0,0.0,0.0,0.0,0.0,0.0,0.0,0.0,0.0,0.0,0.0,0.0,0.0,0.0,0.0,0.0,0.0,0.0,0.0,0.0,0.0,0.0,0.0,0.0,0.0,0.0,0.0,0.0,0.0,0.0,0.0,0.0,0.0,0.0,0.0,0.0,0.0,0.0,0.0,0.0,0.0,0.0,0.0,0.0,0.0,0.0,0.0,0.0,0.0,0.0,0.0,0.0,0.0,0.0,0.0,0.0,0.0,0.0,0.0,0.0,0.0,0.0,0.0,0.0,0.0,0.0,0.0,0.0,0.0,0.0,0.0,0.0,0.0,0.0,0.0,0.0,0.0,0.0,0.0,0.0,0.0,0.0,0.0,0.0,0.0,0.0,0.0,0.0,0.0,0.0,0.0,0.0,0.0,0.0,0.0,0.0,0.0,0.0,0.0,0.0,0.0,0.0,0.0,0.0,0.0,0.0,0.0,0.0,0.0,0.0
0.0,0.0,0.0,0.0,0.0,0.0,0.0,0.0,0.0,0.0,0.0,0.0,0.0,0.0,0.0,0.0,0.0,0.0,0.0,0.0,0.0,0.0,0.0,0.0,0.0,0.0,0.0,0.0,0.0,0.0,0.0,0.0,0.0,0.0,0.0,0.0,0.0,0.0,0.0,0.0,0.0,0.0,0.0,0.0,0.0,0.0,0.0,0.0,0.0,0.0,0.0,0.0,0.0,0.0,0.0,0.0,0.0,0.0,0.0,0.0,0.0,0.0,0.0,0.0,0.0,0.0,209615.30680853748,282950.3345985869,296289.67040547694,1814585.8774103078,450561.0636416166,1731307.9261358164,3753183.2577048484,2729119.6349114045,959001.751828298,228792.69831930622,207920.80741917848,261301.19084390998,1424934.709911061,6368036.6448326465,2371128.587245449,497699.2108247965,1088200.6506511178,844022.4798346879,620735.0093791021,1664621.4407125139,1362110.5867147602,1747078.5260311551,417131.2433406069,736468.630420932,1358279.4316513971,377792.67612490075,808964.8774410507,898090.1240694912,1141754.971698961,2295433.7626498654,10003218.061460096,15457012.985879986,28380180.18460053,5433913.061360154,11408460.591865532,15780059.88591506,9108807.234678522,1401557.055744364,2947059.1681256685,2974007.3521622466,18531644.10689884,9484218.429064583,6626749.83132875,2128318.635888434,735956.3081649198,1717310.7687637787,1351632.3915485488,2482310.1902734004,1874943.38850869,2106559.3497199984,988111.6470512289,1749615.6731875776,6122371.46464008,2058756.8396680134,1767703.8693513582,5329711.5334428325,1858450.7553009423,1685987.7431219257,1295773.8459101222,2262600.034791195,3398472.1328615807,3507226.779437834,4922274.778615108,4751582.027002549,8416716.21011192,10011237.616873642,12278731.764653658,21720444.274779648,29307047.00373506,83160245.14738885,22188754.706815146,0.0,0.0,0.0,0.0,0.0,0.0,0.0,0.0,0.0,0.0,0.0,0.0,0.0,0.0,0.0,0.0,0.0,0.0,0.0,0.0,0.0,0.0,0.0,0.0,0.0,0.0,0.0,0.0,0.0,0.0,0.0,0.0,0.0,0.0,0.0,0.0,0.0,0.0,0.0,0.0,0.0,0.0,0.0,0.0,0.0,0.0,0.0,0.0,0.0,0.0,0.0,0.0,0.0,0.0,0.0,0.0,0.0,0.0,0.0,0.0,0.0,0.0,0.0,0.0,0.0,0.0,0.0,0.0,0.0,0.0,0.0,0.0,0.0,0.0,0.0,0.0,0.0,0.0,0.0,0.0,0.0,0.0,0.0,0.0,0.0,0.0,0.0,0.0,0.0,0.0,0.0,0.0,0.0,0.0,0.0,0.0,0.0,0.0,0.0,0.0,0.0,0.0,0.0,0.0,0.0,0.0,0.0,0.0,0.0,0.0,0.0,0.0,0.0,0.0,0.0,0.0,0.0,0.0,0.0,0.0
0.0,0.0,0.0,0.0,0.0,0.0,0.0,0.0,0.0,0.0,0.0,0.0,0.0,0.0,0.0,0.0,0.0,0.0,0.0,0.0,0.0,0.0,0.0,0.0,0.0,0.0,0.0,0.0,0.0,0.0,0.0,0.0,0.0,0.0,0.0,0.0,0.0,0.0,0.0,0.0,0.0,0.0,0.0,0.0,0.0,0.0,0.0,0.0,0.0,0.0,0.0,0.0,0.0,0.0,0.0,0.0,0.0,0.0,0.0,0.0,0.0,0.0,0.0,0.0,0.0,0.0,1479.8912087331719,247321.72130080112,1714866.6185485697,2107865.5162816355,1450752.7858839487,2103081.0201772447,4696300.027942698,942800.2355882151,113876.18478489012,20554.51220281997,151679.61356587734,1312664.7277215342,577096.6009785068,1171722.9646696616,1381139.6578893336,2858564.7809683536,1547239.0563322683,1418477.2194833457,1188363.0674897623,690621.8109731418,660134.4297355979,944862.6174407231,1262230.740074521,1490808.329167171,4422326.630062957,1458455.8049257156,2123427.231682356,1412484.0993033014,2728828.205991581,2628575.3570576706,3025766.1992337927,23274340.434623417,47878295.184006564,12840074.853066621,5158590.74519109,2436589.912175163,2608362.7666624337,1869328.2201723577,3830831.436139092,1645480.5541443822,3794895.495433817,3112196.1382846776,9136602.195077296,2996061.8723286204,2346685.10431099,1310326.6676106073,1038741.040004284,1003335.0540803678,1763709.4563757316,2106109.7964582965,1665880.5074110674,2504887.220824452,13950264.95248693,2293408.372294878,2726942.279363123,3457975.1001781286,2378902.901782445,4826711.658664189,2962305.132741566,1374361.185649876,1162631.048697942,6264466.224429038,2630627.776413668,3336325.3135012835,9985104.29390949,16446266.73919763,33603015.71284766,56282316.83010335,35110785.99990762,51579435.06089356,45645469.338987656,16125072.397598054,0.0,0.0,0.0,0.0,0.0,0.0,0.0,0.0,0.0,0.0,0.0,0.0,0.0,0.0,0.0,0.0,0.0,0.0,0.0,0.0,0.0,0.0,0.0,0.0,0.0,0.0,0.0,0.0,0.0,0.0,0.0,0.0,0.0,0.0,0.0,0.0,0.0,0.0,0.0,0.0,0.0,0.0,0.0,0.0,0.0,0.0,0.0,0.0,0.0,0.0,0.0,0.0,0.0,0.0,0.0,0.0,0.0,0.0,0.0,0.0,0.0,0.0,0.0,0.0,0.0,0.0,0.0,0.0,0.0,0.0,0.0,0.0,0.0,0.0,0.0,0.0,0.0,0.0,0.0,0.0,0.0,0.0,0.0,0.0,0.0,0.0,0.0,0.0,0.0,0.0,0.0,0.0,0.0,0.0,0.0,0.0,0.0,0.0,0.0,0.0,0.0,0.0,0.0,0.0,0.0,0.0,0.0,0.0,0.0,0.0,0.0,0.0,0.0,0.0,0.0,0.0,0.0,0.0,0.0
0.0,0.0,0.0,0.0,0.0,0.0,0.0,0.0,0.0,0.0,0.0,0.0,0.0,0.0,0.0,0.0,0.0,0.0,0.0,0.0,0.0,0.0,0.0,0.0,0.0,0.0,0.0,0.0,0.0,0.0,0.0,0.0,0.0,0.0,0.0,0.0,0.0,0.0,0.0,0.0,0.0,0.0,0.0,0.0,0.0,0.0,0.0,0.0,0.0,0.0,0.0,0.0,0.0,0.0,0.0,0.0,0.0,0.0,854313.5236502589,43994760.558989644,54539044.63464466,33270935.775455937,17042669.246592253,701586.689010322,427523.99111776584,2290389.3187619727,1071956.0042854764,406154.04733713693,1315619.409247721,2160182.446752522,3850792.9499911754,1964955.232616739,5240824.336330475,194771.45487622294,6983.52736390782,97461.00128336789,20320.929488187103,265193.3945489866,5369982.875537679,1784581.672612922,2503988.2835371634,3595367.5758846747,1252416.8898248444,4668650.875942889,1108579.1335705025,2481578.0222733077,2042754.8670517185,479279.3443868469,429346.4916281904,1099356.8959133462,14401083.85117953,14297645.817229103,578613.9115205784,541170.3536894335,9199130.985235294,6165439.341535902,4781499.7000946915,4360860.594931054,18253481.48120374,23531830.74378832,4870343.732534242,6745404.630541531,3264904.153933067,4717902.831582818,1884027.9978869436,4713043.101514608,3098882.31054511,3070152.68132895,2875332.127105076,3930456.8166338494,3733541.639003775,2729571.2709917543,1266626.8126024962,1153966.9557392523,1531543.5550087441,562345.0300055568,963222.8797313499,8447564.0737544,14285388.77658839,1456016.803067111,1069255.986973037,885050.1606720783,4177649.3556377124,17037808.396150265,8165460.026914893,1543898.9463409001,2025167.6924332213,2331917.901701442,1308896.980441953,4274308.937503541,6709074.600301735,10858527.727024762,26335195.68491819,12342895.999485776,13695002.4881973,9029218.420299288,10354713.928534709,14046360.434101878,993624.052252206,0.0,0.0,0.0,0.0,0.0,0.0,0.0,0.0,0.0,0.0,0.0,0.0,0.0,0.0,0.0,0.0,0.0,0.0,0.0,0.0,0.0,0.0,0.0,0.0,0.0,0.0,0.0,0.0,0.0,0.0,0.0,0.0,0.0,0.0,0.0,0.0,0.0,0.0,0.0,0.0,0.0,0.0,0.0,0.0,0.0,0.0,0.0,0.0,0.0,0.0,0.0,0.0,0.0,0.0,0.0,0.0,0.0,0.0,0.0,0.0,0.0,0.0,0.0,0.0,0.0,0.0,0.0,0.0,0.0,0.0,0.0,0.0,0.0,0.0,0.0,0.0,0.0,0.0,0.0,0.0,0.0,0.0,0.0,0.0,0.0,0.0,0.0,0.0,0.0,0.0,0.0,0.0,0.0,0.0,0.0,0.0,0.0,0.0,0.0,0.0,0.0,0.0,0.0,0.0,0.0,0.0,0.0,0.0,0.0,0.0,0.0,0.0,0.0,0.0,0.0,0.0,0.0,0.0
0.0,0.0,0.0,0.0,0.0,0.0,0.0,0.0,0.0,0.0,0.0,0.0,0.0,0.0,0.0,0.0,0.0,0.0,0.0,0.0,0.0,0.0,0.0,0.0,0.0,0.0,0.0,0.0,0.0,0.0,0.0,0.0,0.0,0.0,0.0,0.0,0.0,0.0,0.0,0.0,0.0,0.0,0.0,0.0,0.0,0.0,0.0,0.0,0.0,0.0,0.0,0.0,0.0,0.0,0.0,0.0,2412457.999288703,28399863.444541823,13599877.157537892,35669961.61127065,47767755.10260179,36268215.69751995,16104329.53883455,25654604.78179674,5779284.701591366,15389335.644737342,6280109.924817472,3167398.159599214,2344354.2927198466,22437280.45443845,10187140.159693297,1667558.0428494387,436792.2135190744,482792.37766471726,334594.54292823526,45.86782922975526,2532.6776386261786,186673.9995282814,6007984.932661267,2138274.7887805915,1042758.6547899018,686078.4303255043,1479807.7663051684,1836733.411087764,2056462.445385711,1936448.9651095148,798409.2806570566,793024.7880678037,2027106.7897012313,3181463.542329028,27844206.31841134,19910226.282564778,1852187.8209035597,857214.8885692861,1444820.707760384,1259786.936590511,4288527.831165748,1384232.9664028608,5390627.288886205,10738873.917750308,6117085.048821613,5733767.466393935,1721977.2020715529,9790826.291386459,2547097.891200189,3700973.9390485054,6635940.121833067,1718543.3691714362,1036930.8535242461,4432148.449348608,873261.8340740909,2596237.6889527715,1270220.3949657306,1528191.3537451718,1299988.9760835636,1065932.6049076836,569842.5809251808,2223080.26260916,1950542.067085139,1250173.4036224964,1581880.01853875,909535.8494944185,966135.8504339525,1682117.6255752714,2192418.9735576967,754702.1179427202,2061853.0811421769,2428202.232776767,1105672.279717196,1478788.9987271633,3467988.15251642,6045470.906878516,11315184.188266875,7195569.626664117,6602500.048748436,6314934.199959148,4325045.883186394,6018707.12860494,6274545.170841243,0.0,0.0,0.0,0.0,0.0,0.0,0.0,0.0,0.0,0.0,0.0,0.0,0.0,0.0,0.0,0.0,0.0,0.0,0.0,0.0,0.0,0.0,0.0,0.0,0.0,0.0,0.0,0.0,0.0,0.0,0.0,0.0,0.0,0.0,0.0,0.0,0.0,0.0,0.0,0.0,0.0,0.0,0.0,0.0,0.0,0.0,0.0,0.0,0.0,0.0,0.0,0.0,0.0,0.0,0.0,0.0,0.0,0.0,0.0,0.0,0.0,0.0,0.0,0.0,0.0,0.0,0.0,0.0,0.0,0.0,0.0,0.0,0.0,0.0,0.0,0.0,0.0,0.0,0.0,0.0,0.0,0.0,0.0,0.0,0.0,0.0,0.0,0.0,0.0,0.0,0.0,0.0,0.0,0.0,0.0,0.0,0.0,0.0,0.0,0.0,0.0,0.0,0.0,0.0,0.0,0.0,0.0,0.0,0.0,0.0,0.0,0.0,0.0,0.0,0.0,0.0,0.0,0.0
0.0,0.0,0.0,0.0,0.0,0.0,0.0,0.0,0.0,0.0,0.0,0.0,0.0,0.0,0.0,0.0,0.0,0.0,0.0,0.0,0.0,0.0,0.0,0.0,0.0,0.0,0.0,0.0,0.0,0.0,0.0,0.0,0.0,0.0,0.0,0.0,0.0,0.0,0.0,0.0,0.0,0.0,0.0,0.0,0.0,0.0,0.0,0.0,0.0,0.0,0.0,0.0,0.0,0.0,0.0,18851724.48736571,36405021.626932755,46383697.673301846,18888685.999284748,27344288.818502408,58681882.11065116,36424522.13404071,10294470.73381519,5790015.596701189,3796234.579665281,6870393.884244357,11770378.386042677,14398788.103544025,3268268.9321143804,2415467.3872858933,1734351.892504816,3123131.359754182,1741111.9544193163,3132458.209076876,731212.2805798288,515640.2423579795,1297854.709259156,288725.5877190261,1095544.5239440706,785045.8735377078,3763943.343117794,1518090.2093196595,3053713.752449626,2709647.061610497,2197312.317995573,6421628.574762591,680984.0218458642,1183610.7243344416,735824.603478208,806677.3577253299,4513460.6752933655,14242604.114925362,2930584.797888143,2601019.5693300804,2040416.7519849362,4394791.191066045,970226.758362013,3261483.4568418693,4066012.24550018,5035220.344669813,9907302.63040123,10740282.359843476,4253678.959174441,11181574.488739975,12682372.74494297,1564883.7050636658,1970310.6190487402,4065004.0823203973,1696993.3209602614,1979954.2664871598,1655833.9158059144,2146683.2177467854,5986880.0569328265,1057151.8744290378,3895696.8402519077,8609298.085876867,3660379.955961531,1296652.3429768896,580179.9135450536,914617.0341797079,656266.9510792568,923099.7040032418,713589.6984715878,1551442.528313477,1456160.941765586,2616734.4115541247,1528248.2510250024,2538652.335266374,4824597.945728469,2540867.760252902,2041918.2435833598,2140605.870966303,8749314.337296695,17919498.423276417,33429610.929385386,12350057.357930547,2365346.632987776,3486704.6489894213,7235442.326241111,360890.2346404921,0.0,0.0,0.0,0.0,0.0,0.0,0.0,0.0,0.0,0.0,0.0,0.0,0.0,0.0,0.0,0.0,0.0,0.0,0.0,0.0,0.0,0.0,0.0,0.0,0.0,0.0,0.0,0.0,0.0,0.0,0.0,0.0,0.0,0.0,0.0,0.0,0.0,0.0,0.0,0.0,0.0,0.0,0.0,0.0,0.0,0.0,0.0,0.0,0.0,0.0,0.0,0.0,0.0,0.0,0.0,0.0,0.0,0.0,0.0,0.0,0.0,0.0,0.0,0.0,0.0,0.0,0.0,0.0,0.0,0.0,0.0,0.0,0.0,0.0,0.0,0.0,0.0,0.0,0.0,0.0,0.0,0.0,0.0,0.0,0.0,0.0,0.0,0.0,0.0,0.0,0.0,0.0,0.0,0.0,0.0,0.0,0.0,0.0,0.0,0.0,0.0,0.0,0.0,0.0,0.0,0.0,0.0,0.0,0.0,0.0,0.0,0.0,0.0,0.0,0.0,0.0,0.0
0.0,0.0,0.0,0.0,0.0,0.0,0.0,0.0,0.0,0.0,0.0,0.0,0.0,0.0,0.0,0.0,0.0,0.0,0.0,0.0,0.0,0.0,0.0,0.0,0.0,0.0,0.0,0.0,0.0,0.0,0.0,0.0,0.0,0.0,0.0,0.0,0.0,0.0,0.0,0.0,0.0,0.0,0.0,0.0,0.0,0.0,0.0,0.0,0.0,0.0,0.0,0.0,0.0,598096.0955749261,10149914.31835564,25263613.05553986,1563745.4727524538,2551036.262425136,348700.65547050536,7854823.415065782,29980527.30355586,11280805.392495587,10979654.113651581,2369084.449338691,3616826.721931868,20303864.62996982,21992570.84820731,17786089.093343638,1785335.5056608864,2001950.0637046495,3242356.6360702068,1610723.7966805105,8030848.745831276,8448117.897219125,2799222.993137408,2174743.6047212174,538482.687347397,432936.24731892557,792619.8752286746,374076.69308289594,1571082.9946640236,2316272.1284125242,1308841.824375919,688401.077270118,1900132.6476421165,5783202.028887112,1830587.2864146088,1720949.339669427,279527.45537044154,583982.3004859961,1350200.5908685056,1939308.1036869914,2057846.1142830611,5279478.568461991,4910644.998907705,2663316.434366096,537718.9922666939,586862.7076144251,968397.8195217662,2360626.7634216514,7472511.131930558,11702185.646984503,10248550.124387579,25493931.72556008,10301903.174110692,5458880.382026172,7869667.121861959,1946023.9815747167,2785854.5094863568,1317332.5463862135,3658503.734663615,927770.2771233362,5795872.804946307,4518589.047428835,2546953.224341986,1198276.5088432229,1076775.7924735912,1178554.9766294034,1340510.1556289212,590286.9661082289,820992.7912865889,1015633.4561640884,628277.9444950086,783395.0598960912,812151.408244462,2140896.1573025035,3498471.8251656676,11304947.427325299,15608491.860178491,12660606.533613112,13805340.600648182,10585155.601083865,6610233.93034925,21889358.61100907,23447275.956530817,10330602.487351358,3836461.888703388,3117086.653561756,2995876.5080974484,2645104.827280801,0.0,0.0,0.0,0.0,0.0,0.0,0.0,0.0,0.0,0.0,0.0,0.0,0.0,0.0,0.0,0.0,0.0,0.0,0.0,0.0,0.0,0.0,0.0,0.0,0.0,0.0,0.0,0.0,0.0,0.0,0.0,0.0,0.0,0.0,0.0,0.0,0.0,0.0,0.0,0.0,0.0,0.0,0.0,0.0,0.0,0.0,0.0,0.0,0.0,0.0,0.0,0.0,0.0,0.0,0.0,0.0,0.0,0.0,0.0,0.0,0.0,0.0,0.0,0.0,0.0,0.0,0.0,0.0,0.0,0.0,0.0,0.0,0.0,0.0,0.0,0.0,0.0,0.0,0.0,0.0,0.0,0.0,0.0,0.0,0.0,0.0,0.0,0.0,0.0,0.0,0.0,0.0,0.0,0.0,0.0,0.0,0.0,0.0,0.0,0.0,0.0,0.0,0.0,0.0,0.0,0.0,0.0,0.0,0.0,0.0,0.0,0.0,0.0,0.0,0.0,0.0,0.0
0.0,0.0,0.0,0.0,0.0,0.0,0.0,0.0,0.0,0.0,0.0,0.0,0.0,0.0,0.0,0.0,0.0,0.0,0.0,0.0,0.0,0.0,0.0,0.0,0.0,0.0,0.0,0.0,0.0,0.0,0.0,0.0,0.0,0.0,0.0,0.0,0.0,0.0,0.0,0.0,0.0,0.0,0.0,0.0,0.0,0.0,0.0,0.0,0.0,0.0,0.0,0.0,3399897.7925873827,11983231.203520294,7593549.549338508,24544971.048378028,552732.8539173414,454744.67951268004,340661.58559111715,482883.9326524439,23869903.55089953,29095468.85386721,1048504.2266041958,2246847.52158095,9336847.854457205,22480449.517130125,6506942.722030101,1485330.0004306464,697960.7136842356,2003087.6669963636,2003722.2955155282,2666632.4823954953,29777843.066140387,55718190.49279504,26905661.55162739,4348594.593380498,6210274.133889927,701017.9851486258,7087132.705388997,1081171.717723322,203829.41663717516,2945139.5873779412,4520401.251972142,1117648.3907298925,2308089.5138209052,892153.9427443638,485546.1243373356,147977.4008736369,1042163.3781174587,1957871.4614427104,3046771.7739457716,1300871.4702105562,2908642.37245038,13419013.03990156,24532511.259670205,3896362.462090773,911167.0097004708,2444763.0806706776,4053265.8329115435,11763524.743757524,16735949.640653227,22294835.164237965,10629556.136486726,7553319.234002044,6742667.804477529,2767501.0679446002,5208118.915881665,3015301.3995780246,3560235.0294901524,4453622.896910679,2392271.2073024446,2395163.88467795,1748865.0434712952,2095679.6722305974,1733684.0882913931,974177.185237705,1487394.3319147415,1020960.3080912305,1859019.5746979273,547182.1272805338,1636830.309021852,721295.2637339926,755338.4904130583,1164249.550893938,1142568.8730851286,545654.2517652074,1019379.6691336486,1347943.6795977396,2400719.580641063,3080983.6632547313,4199338.292854268,10311516.090205627,13799710.81752948,12772522.885903656,6878322.050692164,5781195.014575759,3501553.995382053,7378471.56001569,3427895.932829809,16198038.103741834,14498084.259522965,0.0,0.0,0.0,0.0,0.0,0.0,0.0,0.0,0.0,0.0,0.0,0.0,0.0,0.0,0.0,0.0,0.0,0.0,0.0,0.0,0.0,0.0,0.0,0.0,0.0,0.0,0.0,0.0,0.0,0.0,0.0,0.0,0.0,0.0,0.0,0.0,0.0,0.0,0.0,0.0,0.0,0.0,0.0,0.0,0.0,0.0,0.0,0.0,0.0,0.0,0.0,0.0,0.0,0.0,0.0,0.0,0.0,0.0,0.0,0.0,0.0,0.0,0.0,0.0,0.0,0.0,0.0,0.0,0.0,0.0,0.0,0.0,0.0,0.0,0.0,0.0,0.0,0.0,0.0,0.0,0.0,0.0,0.0,0.0,0.0,0.0,0.0,0.0,0.0,0.0,0.0,0.0,0.0,0.0,0.0,0.0,0.0,0.0,0.0,0.0,0.0,0.0,0.0,0.0,0.0,0.0,0.0,0.0,0.0,0.0,0.0,0.0,0.0,0.0,0.0,0.0
0.0,0.0,0.0,0.0,0.0,0.0,0.0,0.0,0.0,0.0,0.0,0.0,0.0,0.0,0.0,0.0,0.0,0.0,0.0,0.0,0.0,0.0,0.0,0.0,0.0,0.0,0.0,0.0,0.0,0.0,0.0,0.0,0.0,0.0,0.0,0.0,0.0,0.0,0.0,0.0,0.0,0.0,0.0,0.0,0.0,0.0,0.0,0.0,0.0,0.0,0.0,716675.154163829,26281749.59916515,58511796.05278843,7707435.045653733,1499211.7339827055,3593717.572601581,892510.5121730034,3144905.595610193,1668399.3007259443,12605873.067963744,23737925.52539437,10681271.429954048,20528845.0942373,15698270.148604546,19500184.70703396,2909655.9660149487,698922.572499505,1480044.4199365443,3321739.6404501256,3817095.959291058,4747097.508214062,24194770.996631596,50339588.232262656,14175164.52844993,7969842.152156868,651498.3969550726,341197.7236827824,8931980.279314559,1559301.010438538,1044451.1403181708,1363597.1093023545,5968794.135210344,15114644.966622293,12174422.751257282,2663717.6977271913,708140.8994643285,1944431.8473705763,1864873.867163517,737888.3640733552,2309653.595198853,1843531.8956163249,2320363.4535011062,13741458.370136036,40895557.65980414,7521995.173205178,2197353.5530992053,1360631.0005346963,3652413.7205417342,24056407.561859123,61687755.99302012,49976629.057920195,28817994.03307428,17855195.325783603,11315427.014063867,3849055.743512404,6741354.961426569,5124061.06879838,6201307.000988742,3127726.039413726,1287061.227287585,6979585.214683227,3053128.3209646107,1003317.5401500526,1256852.0764462077,2917178.979387711,712790.9278540827,555093.6944433871,951715.2665344046,913516.8569621611,295242.6550878982,799763.790479551,2918897.261708852,7298619.023502694,8170859.341483476,2340817.6113423305,1305574.757272372,2438474.6817452684,7868323.309462255,17863677.233716805,25767862.69961432,27708814.845591947,13575861.742690997,3878785.639353319,5909048.359971827,2760449.178972183,2429354.235125713,2726180.034610151,2867784.3547027293,4810193.701071687,10737612.985150905,72175.31632571889,0.0,0.0,0.0,0.0,0.0,0.0,0.0,0.0,0.0,0.0,0.0,0.0,0.0,0.0,0.0,0.0,0.0,0.0,0.0,0.0,0.0,0.0,0.0,0.0,0.0,0.0,0.0,0.0,0.0,0.0,0.0,0.0,0.0,0.0,0.0,0.0,0.0,0.0,0.0,0.0,0.0,0.0,0.0,0.0,0.0,0.0,0.0,0.0,0.0,0.0,0.0,0.0,0.0,0.0,0.0,0.0,0.0,0.0,0.0,0.0,0.0,0.0,0.0,0.0,0.0,0.0,0.0,0.0,0.0,0.0,0.0,0.0,0.0,0.0,0.0,0.0,0.0,0.0,0.0,0.0,0.0,0.0,0.0,0.0,0.0,0.0,0.0,0.0,0.0,0.0,0.0,0.0,0.0,0.0,0.0,0.0,0.0,0.0,0.0,0.0,0.0,0.0,0.0,0.0,0.0,0.0,0.0,0.0,0.0,0.0,0.0,0.0,0.0,0.0,0.0
0.0,0.0,0.0,0.0,0.0,0.0,0.0,0.0,0.0,0.0,0.0,0.0,0.0,0.0,0.0,0.0,0.0,0.0,0.0,0.0,0.0,0.0,0.0,0.0,0.0,0.0,0.0,0.0,0.0,0.0,0.0,0.0,0.0,0.0,0.0,0.0,0.0,0.0,0.0,0.0,0.0,0.0,190625.7853047314,0.0,0.0,0.0,0.0,0.0,0.0,4313990.426017177,24256747.88006413,48349620.039831206,21727961.20568343,23506951.959457953,3963866.019017173,229312.33574337867,162900.9019687399,235755.91395733858,6893044.420196392,3556046.2063026256,6898159.135243496,14481067.78990647,25666066.495668337,55534037.36130949,64714037.49323461,24531980.93936172,3741556.9033476086,3167085.7924719723,1084882.7066836448,2516221.5990579277,4040988.9114729604,14828091.447281351,5501233.826264169,7143225.553780667,0.0,0.0,0.0,0.0,0.0,119.76313959397145,5848.225803634552,5248.52644562801,5642755.670501259,27633983.855118673,4807161.353451109,2412097.167499358,1487057.090851183,796804.6189872862,690246.778432237,718473.5017207242,1836163.1033384888,8393999.045548866,2319333.840260311,2847967.198588501,12519712.468699697,12172304.406322593,1355453.528081727,2151725.4911554977,7575770.000287976,12412834.282234829,40266361.22156389,34113446.72195464,27425005.107913837,10941381.479826491,6387165.210403809,6768863.292216702,4880467.307040393,4926172.831678673,5913993.319918484,1373659.139995787,1367883.902970408,6505090.971320099,10157709.496275624,504901.6804894012,651741.5206157364,3008173.17680857,1028715.6875606185,405261.22280366655,45639.283752782925,89088.11059901665,102788.99723123806,591410.6546294924,3293013.215237123,1915007.9762341892,6529815.499059252,7170717.068717197,6192317.881083668,4076866.7235597526,6168674.848019624,20552131.66194883,70661850.21134658,31762601.331632838,13014676.197238637,10036994.427697731,2118882.115727854,3293324.0511820833,6393122.955399765,3419406.3370300904,2438160.810866985,3643924.3698193696,2354719.6019986104,1679766.9534292044,0.0,0.0,0.0,0.0,0.0,0.0,0.0,0.0,0.0,0.0,0.0,0.0,0.0,0.0,0.0,0.0,0.0,0.0,0.0,0.0,0.0,0.0,0.0,0.0,0.0,0.0,0.0,0.0,0.0,0.0,0.0,0.0,0.0,0.0,0.0,0.0,0.0,0.0,0.0,0.0,0.0,0.0,0.0,0.0,0.0,0.0,0.0,0.0,0.0,0.0,0.0,0.0,0.0,0.0,0.0,0.0,0.0,0.0,0.0,0.0,0.0,0.0,0.0,0.0,0.0,0.0,0.0,0.0,0.0,0.0,0.0,0.0,0.0,0.0,0.0,0.0,0.0,0.0,0.0,0.0,0.0,0.0,0.0,0.0,0.0,0.0,0.0,0.0,0.0,0.0,0.0,0.0,0.0,0.0,0.0,0.0,0.0,0.0,0.0,0.0,0.0,0.0,0.0,0.0,0.0,0.0,0.0,0.0,0.0,0.0,0.0,0.0,0.0,0.0,0.0
0.0,0.0,0.0,0.0,0.0,0.0,0.0,0.0,0.0,0.0,0.0,0.0,0.0,0.0,0.0,0.0,0.0,0.0,0.0,0.0,0.0,0.0,0.0,0.0,0.0,0.0,0.0,0.0,0.0,0.0,0.0,0.0,0.0,0.0,0.0,0.0,0.0,0.0,0.0,0.0,0.0,0.0,3571274.856203337,0.0,0.0,0.0,0.0,0.0,0.0,267128.93965709675,2093080.2645803348,5790954.19484859,2813708.980684677,3684613.31151984,2685460.7645412884,153989.20555721535,1438627.5082148665,5105245.182242587,9574992.215323346,822143.1769697287,1307447.988047491,286079.9593219051,20786325.65497744,44380476.300365865,72592901.34474097,32955111.89407847,26008970.22558211,4426585.711294479,11200485.170497311,18454373.76062698,3042261.148194067,0.0,0.0,0.0,0.0,0.0,0.0,0.0,0.0,0.0,0.0,0.0,1723.9854783413302,2942076.671990711,10367357.629995393,5006615.260788336,2053122.9980901894,724803.8449031524,3048308.2331446055,855488.6952156604,1656353.9360958673,2141268.8059787457,1090668.3152625852,825614.1343321755,1675207.2959188342,5502299.545283161,3388727.7033327688,2329945.1561945826,2386407.734150213,8631679.201332256,9123419.232164167,6422712.10579402,5933829.984992283,13077284.209194874,9562674.793883542,21549486.419645317,32675432.491044346,6891599.597573882,1990349.290780793,1848379.233100681,1495934.8008559141,1406387.7909242369,4247381.056702983,2168658.476034119,827402.910587129,1718700.5158197249,613693.7021684387,592751.898863107,952116.7043984631,548750.0745880228,598626.7507151188,1752742.1626970242,3528646.163073127,1164664.0556388297,1427855.7299881093,3753615.4995083464,6114535.227965524,9769517.669036089,7770165.945191633,13169933.052124908,30088838.51817478,20411571.561622247,6598416.0303217,3062724.768117157,2091429.4406097122,2394499.1948961024,1875869.7522558111,1415437.4276447925,819050.7456326641,1746379.8556340984,3722953.901216813,3625234.4733395134,5973772.615325244,0.0,0.0,0.0,0.0,0.0,0.0,0.0,0.0,0.0,0.0,0.0,0.0,0.0,0.0,0.0,0.0,0.0,0.0,0.0,0.0,0.0,0.0,0.0,0.0,0.0,0.0,0.0,0.0,0.0,0.0,0.0,0.0,0.0,0.0,0.0,0.0,0.0,0.0,0.0,0.0,0.0,0.0,0.0,0.0,0.0,0.0,0.0,0.0,0.0,0.0,0.0,0.0,0.0,0.0,0.0,0.0,0.0,0.0,0.0,0.0,0.0,0.0,0.0,0.0,0.0,0.0,0.0,0.0,0.0,0.0,0.0,0.0,0.0,0.0,0.0,0.0,0.0,0.0,0.0,0.0,0.0,0.0,0.0,0.0,0.0,0.0,0.0,0.0,0.0,0.0,0.0,0.0,0.0,0.0,0.0,0.0,0.0,0.0,0.0,0.0,0.0,0.0,0.0,0.0,0.0,0.0,0.0,0.0,0.0,0.0,0.0,0.0,0.0,0.0
0.0,0.0,0.0,0.0,0.0,0.0,0.0,0.0,0.0,0.0,0.0,0.0,0.0,0.0,0.0,0.0,0.0,0.0,0.0,0.0,0.0,0.0,0.0,0.0,0.0,0.0,0.0,0.0,0.0,0.0,0.0,0.0,0.0,0.0,0.0,0.0,0.0,0.0,0.0,0.0,0.0,0.0,822570.3116630227,700794.6277126733,0.0,0.0,0.0,0.0,0.0,251847.0730432001,34665.97187230387,69849.62233185109,1289117.1773832366,110879.29671816395,832912.339203874,125157.04305250484,269538.32943006913,837172.3803749661,422916.77695431694,83865.93239756429,269527.2350585964,279134.2135266582,1298981.483089223,2097905.5803880086,11343880.995173259,1513724.715005564,6661106.979435216,26931593.55483679,14529589.074760813,0.0,0.0,0.0,0.0,0.0,0.0,0.0,0.0,0.0,0.0,0.0,0.0,0.0,0.0,0.0,3403860.8595375996,4409111.330557824,1056245.0464121196,411116.183646554,1870696.222057615,1505947.9768835856,2392494.199170729,2276808.4264682927,1585635.2358392724,7138041.134900715,13947724.585204188,2040353.1074499697,1344437.8578452682,1701332.6482548467,2779303.9534730474,2156029.6179987723,3621806.412381514,6355491.141930235,7559912.916497751,3386751.576604696,10779351.932881923,21336925.36111983,19151388.700357873,4465068.326388512,2451731.4193105255,4158841.7285996275,3011407.7298937934,4494854.486146673,23279168.88903041,21361140.34711919,1966802.406554304,2823184.5312194973,1779279.2337304824,682063.7514340162,305141.3399137139,677995.1475712075,263152.02470448165,305833.59914004523,471637.4107909604,990683.1671121945,836730.9372931307,2265040.739175237,1915511.1643934418,1867036.605011703,7729358.406230462,16501545.208824225,15287065.672117101,4994639.448603809,4336496.289024117,2258946.876153772,2835515.822971914,3788114.7135652774,1725444.2699797004,697322.5236225448,1694590.2779338441,3778819.085554878,10442445.272300167,1970747.2117247842,3075419.2550910986,3151897.2617841554,0.0,1428697.2818606412,12915881.240558531,1590171.078245995,0.0,0.0,0.0,0.0,0.0,0.0,0.0,0.0,0.0,0.0,0.0,0.0,0.0,0.0,0.0,0.0,0.0,0.0,0.0,0.0,0.0,0.0,0.0,0.0,0.0,0.0,0.0,0.0,0.0,0.0,0.0,0.0,0.0,0.0,0.0,0.0,0.0,0.0,0.0,0.0,0.0,0.0,0.0,0.0,0.0,0.0,0.0,0.0,0.0,0.0,0.0,0.0,0.0,0.0,0.0,0.0,0.0,0.0,0.0,0.0,0.0,0.0,0.0,0.0,0.0,0.0,0.0,0.0,0.0,0.0,0.0,0.0,0.0,0.0,0.0,0.0,0.0,0.0,0.0,0.0,0.0,0.0,0.0,0.0,0.0,0.0,0.0,0.0,0.0,0.0,0.0,0.0,0.0,0.0,0.0,0.0,0.0,0.0,0.0,0.0,0.0,0.0,0.0,0.0,0.0,0.0,0.0,0.0,0.0
0.0,0.0,0.0,0.0,0.0,0.0,0.0,0.0,0.0,0.0,0.0,0.0,0.0,0.0,0.0,0.0,0.0,0.0,0.0,0.0,0.0,0.0,0.0,0.0,0.0,0.0,0.0,0.0,0.0,0.0,0.0,0.0,0.0,0.0,0.0,0.0,0.0,0.0,0.0,0.0,0.0,0.0,312117.4883147292,813028.495805689,0.0,0.0,0.0,0.0,0.0,8384.85149435591,4805.715532258164,26049.14956699392,166832.3055475538,356568.4236116699,1488153.3136631579,800107.0436474993,350067.3868969493,800298.4613164768,321480.67713049595,93268.60795610744,207217.81535617248,124780.35398471798,112689.47389603632,5367963.453308455,12868166.916337496,4501155.948666954,4937875.577960239,534035.5447799846,0.0,0.0,0.0,0.0,0.0,0.0,0.0,0.0,0.0,0.0,0.0,0.0,0.0,0.0,0.0,0.0,0.0,706454.2628036302,1057358.0675786203,1298109.3977660758,2055617.594025148,9145673.724871725,1086339.5229557704,1951026.6882498476,3785393.8340533,2686950.9179107575,1215478.8685926734,2574495.6413823306,5528412.999562547,2435416.201064014,2197128.9678043723,3650737.839581369,2768387.5806186297,2457025.801460593,1808125.7028227535,2071316.725501721,6606686.227825419,27590306.70139696,42168241.615547806,5676040.597776426,6532893.011851206,8587032.35622932,1761365.5260643207,3657265.676667488,4254583.017060712,2593378.5675080884,1225689.867418969,593809.057338733,614870.5891556633,477598.33474679274,350762.343045575,737011.7983690983,440052.98299681325,478891.2096388682,627456.994313959,805735.3040579404,2513565.526216017,4156034.021877734,2571514.1246759985,1292585.4248251095,2268081.426565287,2933151.2239079243,7422868.069855243,6578383.999525109,6422677.477748303,2386516.0134591274,1971920.9593645295,2800694.8363371603,1162562.263927094,651870.379028627,1715801.6022681077,1459552.205285386,1743718.1902639754,2506579.9297975837,2920147.6758614806,6660798.374119775,29055180.645991966,76037114.53397484,21591039.63021385,3839396.0978299985,0.0,0.0,0.0,0.0,0.0,0.0,0.0,0.0,0.0,0.0,0.0,0.0,0.0,0.0,0.0,0.0,0.0,0.0,0.0,0.0,0.0,0.0,0.0,0.0,0.0,0.0,0.0,0.0,0.0,0.0,0.0,0.0,0.0,0.0,0.0,0.0,0.0,0.0,0.0,0.0,0.0,0.0,0.0,0.0,0.0,0.0,0.0,0.0,0.0,0.0,0.0,0.0,0.0,0.0,0.0,0.0,0.0,0.0,0.0,0.0,0.0,0.0,0.0,0.0,0.0,0.0,0.0,0.0,0.0,0.0,0.0,0.0,0.0,0.0,0.0,0.0,0.0,0.0,0.0,0.0,0.0,0.0,0.0,0.0,0.0,0.0,0.0,0.0,0.0,0.0,0.0,0.0,0.0,0.0,0.0,0.0,0.0,0.0,0.0,0.0,0.0,0.0,0.0,0.0,0.0,0.0,0.0,0.0,0.0
0.0,0.0,0.0,0.0,0.0,0.0,0.0,0.0,0.0,0.0,0.0,0.0,0.0,0.0,0.0,0.0,0.0,0.0,0.0,0.0,0.0,0.0,0.0,0.0,0.0,0.0,0.0,0.0,0.0,0.0,0.0,0.0,0.0,0.0,0.0,0.0,0.0,0.0,0.0,0.0,0.0,0.0,0.0,1484234.2868252746,0.0,3590.1262978962086,0.0,0.0,417.19789877799747,14537.509493225822,4850.558014660191,23206.633664473025,263396.9136394813,60817.90409187103,1722967.0821703444,36.92870773869167,707628.8671150882,5179640.150448453,966865.561505563,271570.18102970906,405035.6128741186,22864170.178826097,32318008.43670916,25094605.240734093,2322327.9321808014,67712.49699802342,0.0,0.0,0.0,0.0,0.0,0.0,0.0,0.0,0.0,0.0,0.0,0.0,0.0,0.0,0.0,0.0,0.0,0.0,0.0,0.0,1636130.7250402938,6980782.610880981,31117139.400444265,29298270.655062344,5155838.822987627,1636731.3134509332,633928.7983610108,1128278.5516226164,1947552.8036040112,5817882.95630445,5738111.752825288,1195826.4995271335,3267664.679442892,3683351.391622764,4448433.956764614,1760843.0744318673,2794673.7406324125,3921076.6591136158,10288839.067646861,6824198.596482063,17231077.93891217,7401425.846550997,5483247.285984325,2798469.914309001,1520155.054127458,2203483.5383822145,2280886.414798416,3968881.8556589223,1175222.4037152273,4593249.5327793555,3397492.965722629,848656.2126500919,351750.4747322013,397656.7083812392,1221206.2136086053,1380455.8377625984,936179.8419750119,1199125.49032583,802536.594921157,1337284.1153468154,1675144.7148928018,2931753.2636886984,5504984.321572183,3038660.270137534,6224866.435112158,2160107.8160357038,2749217.383100267,3557981.3696264178,4568111.45406295,2730531.6965946415,340377.59563959565,1151907.6209936743,1589848.643086203,543429.2301564047,1588742.7247340234,3503321.4494821248,2737367.9537659017,4284156.015007107,16900353.009049702,31044711.88777265,12100512.208547661,4109650.240032725,678336.3439605176,0.0,0.0,0.0,0.0,0.0,0.0,0.0,0.0,0.0,0.0,0.0,0.0,0.0,0.0,0.0,0.0,0.0,0.0,0.0,0.0,0.0,0.0,0.0,0.0,0.0,0.0,0.0,0.0,0.0,0.0,0.0,0.0,0.0,0.0,0.0,0.0,0.0,0.0,0.0,0.0,0.0,0.0,0.0,0.0,0.0,0.0,0.0,0.0,0.0,0.0,0.0,0.0,0.0,0.0,0.0,0.0,0.0,0.0,0.0,0.0,0.0,0.0,0.0,0.0,0.0,0.0,0.0,0.0,0.0,0.0,0.0,0.0,0.0,0.0,0.0,0.0,0.0,0.0,0.0,0.0,0.0,0.0,0.0,0.0,0.0,0.0,0.0,0.0,0.0,0.0,0.0,0.0,0.0,0.0,0.0,0.0,0.0,0.0,0.0,0.0,0.0,0.0,0.0,0.0,0.0,0.0,0.0,0.0
0.0,0.0,0.0,0.0,0.0,0.0,0.0,0.0,0.0,0.0,0.0,0.0,0.0,0.0,0.0,0.0,0.0,0.0,0.0,0.0,0.0,0.0,0.0,0.0,0.0,0.0,0.0,0.0,0.0,0.0,0.0,0.0,0.0,0.0,0.0,0.0,0.0,0.0,0.0,0.0,0.0,0.0,0.0,459480.56221177714,263628.139689034,10346.222478729958,234.4329042692388,0.0,205.93627877992145,149361.6357091541,1882.4443878187265,5646.689704265795,2546.698671520494,767884.4135955838,3214111.7212848975,728926.1317834974,672163.1295085237,624092.5476740187,492277.6834558345,5911015.7015081225,10124185.690569779,9561711.928185893,6785833.738081847,0.0,43215.16027207816,0.0,0.0,0.0,0.0,0.0,0.0,0.0,0.0,0.0,0.0,0.0,0.0,0.0,0.0,0.0,0.0,0.0,0.0,0.0,0.0,0.0,0.0,9214543.201589122,28447560.072769053,2721784.6925923717,975466.5808284646,1123082.791443997,2140149.74109314,4102425.730483879,3864363.524256439,11161828.478052808,5418212.834470628,651565.207641805,3814055.0112562943,4016458.156138693,1486594.4122553058,6628131.81681834,3450330.545379118,2684681.6559124403,3880586.9579293737,3744747.64824633,21427085.977456644,3283306.048733277,2938758.745811961,12589016.917326866,2633587.127439118,2007143.990217251,3275431.428486876,14366408.88736112,9009052.904210111,538398.7549425979,1057091.1760260456,3156210.246975992,7276897.631492559,3240457.679115997,1197505.1155038236,567612.7407884884,974654.1224363813,2504685.0756338444,1257774.4052597717,4469587.759453166,6018639.167710048,1623742.9394902757,2028177.126039734,3515137.233422288,12602046.247432109,5045225.823716829,3811844.1724958983,1059427.5465078843,2858952.5804326385,4781036.1243724525,4124837.8245282797,3163920.582307475,827705.2348886717,3432952.6706568804,5737293.948162229,1634633.778663109,2377602.3015991524,4097122.583723393,3018910.4947106615,4301836.352371778,2860074.1988137043,4290549.642664813,708662.8992627331,0.0,0.0,0.0,0.0,0.0,0.0,0.0,0.0,0.0,0.0,0.0,0.0,0.0,0.0,0.0,0.0,0.0,0.0,0.0,0.0,0.0,0.0,0.0,0.0,0.0,0.0,0.0,0.0,0.0,0.0,0.0,0.0,0.0,0.0,0.0,0.0,0.0,0.0,0.0,0.0,0.0,0.0,0.0,0.0,0.0,0.0,0.0,0.0,0.0,0.0,0.0,0.0,0.0,0.0,0.0,0.0,0.0,0.0,0.0,0.0,0.0,0.0,0.0,0.0,0.0,0.0,0.0,0.0,0.0,0.0,0.0,0.0,0.0,0.0,0.0,0.0,0.0,0.0,0.0,0.0,0.0,0.0,0.0,0.0,0.0,0.0,0.0,0.0,0.0,0.0,0.0,0.0,0.0,0.0,0.0,0.0,0.0,0.0,0.0,0.0,0.0,0.0,0.0,0.0,0.0,0.0,0.0,0.0
0.0,0.0,0.0,0.0,0.0,0.0,0.0,0.0,0.0,0.0,0.0,0.0,0.0,0.0,0.0,0.0,0.0,0.0,0.0,0.0,0.0,0.0,0.0,0.0,0.0,0.0,0.0,0.0,0.0,0.0,0.0,0.0,0.0,0.0,0.0,0.0,0.0,0.0,0.0,0.0,0.0,0.0,0.0,0.0,554733.7666917711,691331.4469136051,1203.0734477099181,1280278.5241475701,3341025.5286188824,803685.2989036266,117559.14103016633,2103632.954103471,8281.370771459531,1332601.0403076129,880704.6189714044,241356.70654983877,1385466.8703096835,31021308.10960392,24946471.520808063,18269042.84042219,4344477.623282979,0.0,0.0,0.0,0.0,0.0,0.0,0.0,0.0,0.0,0.0,0.0,0.0,0.0,0.0,0.0,0.0,0.0,0.0,0.0,0.0,0.0,0.0,0.0,0.0,0.0,0.0,0.0,3422910.198393388,551038.5218354426,263640.5859216124,1589087.2035476377,1798499.9473818708,1865457.4465407566,2165572.6192169064,1413788.9106485334,2630122.9354648553,3773323.037145696,2302293.3647103757,6204367.49875134,2218001.2988067847,10325586.219594235,4717164.243728567,4392268.982935304,2876125.7119177748,3057317.3866033256,8395840.551821034,2729830.755304886,1841216.3892469218,1809310.3084627276,1117937.6610532065,1100112.489643918,1339183.5482183844,2918475.850767766,3884634.5617430154,1978321.4632007144,1671185.7826272403,9592579.27238516,10309546.99269021,15417012.359050782,11872234.307537673,3817625.5131843034,1970540.1498653328,1063731.2742874676,1553574.0826031775,2160453.717076433,7606953.668535791,1980235.3804366917,1343221.5968369814,3305573.7968739783,2151136.3395031225,4322135.310444409,1956999.3836492533,1870207.6670508315,4592253.184178267,741826.5174361666,650056.687936316,407628.9708398996,252964.7896128624,2155059.0026849466,2810172.2155336104,1870556.7682283863,1614323.0098009412,1844238.104665184,2830343.960539664,5571069.124068491,6613129.021309974,4639179.270382017,1025977.3892536338,0.0,0.0,0.0,0.0,0.0,0.0,0.0,0.0,0.0,0.0,0.0,0.0,0.0,0.0,0.0,0.0,0.0,0.0,0.0,0.0,0.0,0.0,0.0,0.0,0.0,0.0,0.0,0.0,0.0,0.0,0.0,0.0,0.0,0.0,0.0,0.0,0.0,0.0,0.0,0.0,0.0,0.0,0.0,0.0,0.0,0.0,0.0,0.0,0.0,0.0,0.0,0.0,0.0,0.0,0.0,0.0,0.0,0.0,0.0,0.0,0.0,0.0,0.0,0.0,0.0,0.0,0.0,0.0,0.0,0.0,0.0,0.0,0.0,0.0,0.0,0.0,0.0,0.0,0.0,0.0,0.0,0.0,0.0,0.0,0.0,0.0,0.0,0.0,0.0,0.0,0.0,0.0,0.0,0.0,0.0,0.0,0.0,0.0,0.0,0.0,0.0,0.0,0.0,0.0,0.0,0.0,0.0,0.0
0.0,0.0,0.0,0.0,0.0,0.0,0.0,0.0,0.0,0.0,0.0,0.0,0.0,0.0,0.0,0.0,0.0,0.0,0.0,0.0,0.0,0.0,0.0,0.0,0.0,0.0,0.0,0.0,0.0,0.0,0.0,0.0,0.0,0.0,0.0,0.0,0.0,0.0,0.0,0.0,0.0,0.0,0.0,0.0,0.0,2327633.3896849295,1349783.6621557944,10029277.30620051,49996888.42832997,92467325.4621958,72545590.19226012,63150966.02024531,41151463.89601729,13699373.50840054,33075413.743372526,18257147.277340844,14955696.336349629,22712826.288297616,477354.5678766775,0.0,0.0,0.0,0.0,0.0,0.0,0.0,0.0,0.0,0.0,0.0,0.0,0.0,0.0,0.0,0.0,0.0,0.0,0.0,0.0,0.0,0.0,0.0,0.0,0.0,0.0,0.0,0.0,0.0,0.0,291310.343470786,498688.47359394975,3713616.479918988,904199.7852836935,1445718.5648440868,958074.634866623,1794009.0587786664,3644699.708717824,3598140.4947226257,4486535.84020569,5320599.805881226,7882015.437238949,5563614.171170716,6286406.076496114,7701096.353349171,3225416.368173133,20280774.934167933,26938183.20000383,4365079.132148717,5710309.970526158,2360767.3138477933,4643231.609026175,1064614.6829644449,1093676.0578436186,2196571.333388407,1691138.7409694325,533024.3089726488,835745.9691803091,2775595.5628446396,2262640.75185031,3735088.456784345,4262960.226400323,4103116.488913102,4318732.14201472,1076870.0054994249,1157419.22299602,1213847.4014261137,804187.8749932899,740062.9906309778,2315427.8126486433,3344849.857505863,5549671.254100885,14606182.90702895,5312346.179859765,3725295.8979765377,4159074.5872808564,697220.2492935468,254571.00055342124,1024350.6683276077,630170.5855450929,1528825.9254065347,1259648.4951059644,3082370.4643433243,1379826.9541606614,1865684.7614574246,4247148.141751654,4198911.851918448,6518688.659441614,12823636.067503948,3062695.139453182,0.0,0.0,0.0,0.0,0.0,0.0,0.0,0.0,0.0,0.0,0.0,0.0,0.0,0.0,0.0,0.0,0.0,0.0,0.0,0.0,0.0,0.0,0.0,0.0,0.0,0.0,0.0,0.0,0.0,0.0,0.0,0.0,0.0,0.0,0.0,0.0,0.0,0.0,0.0,0.0,0.0,0.0,0.0,0.0,0.0,0.0,0.0,0.0,0.0,0.0,0.0,0.0,0.0,0.0,0.0,0.0,0.0,0.0,0.0,0.0,0.0,0.0,0.0,0.0,0.0,0.0,0.0,0.0,0.0,0.0,0.0,0.0,0.0,0.0,0.0,0.0,0.0,0.0,0.0,0.0,0.0,0.0,0.0,0.0,0.0,0.0,0.0,0.0,0.0,0.0,0.0,0.0,0.0,0.0,0.0,0.0,0.0,0.0,0.0,0.0,0.0,0.0,0.0,0.0,0.0,0.0,0.0,0.0
0.0,0.0,0.0,0.0,0.0,0.0,0.0,0.0,0.0,0.0,0.0,0.0,0.0,0.0,0.0,0.0,0.0,0.0,0.0,0.0,0.0,0.0,0.0,0.0,0.0,0.0,0.0,0.0,0.0,0.0,0.0,0.0,0.0,0.0,0.0,0.0,0.0,0.0,0.0,0.0,0.0,0.0,0.0,0.0,0.0,0.0,109247.92842758542,731663.4487166157,6296.934248544597,36289204.42905408,57403690.432378456,58436247.52434363,60792599.07278771,56452595.51992303,46572647.21635064,32179953.379874595,5814622.630218709,0.0,0.0,0.0,0.0,0.0,0.0,0.0,0.0,0.0,0.0,0.0,0.0,0.0,0.0,0.0,0.0,0.0,0.0,0.0,0.0,0.0,0.0,0.0,0.0,0.0,0.0,0.0,0.0,0.0,0.0,0.0,0.0,0.0,15675.883425631542,2503936.702464182,5945878.607734932,5359834.988668051,7921444.457065817,2313405.779721257,1768406.7568802447,2410805.9950672323,7917680.918444058,4775814.386714466,22207946.425969005,31099711.887897953,5890625.801981093,6572555.578858219,28672094.05041381,49499426.201948695,22062236.35207608,4681335.535317285,1549136.561940834,1641628.2034278198,1445756.6666379208,1270547.7965182173,1245209.6702889302,1242193.0588745042,852715.6401127647,1173196.5015502016,1314164.2070560101,10783153.397981592,12648454.331274573,3178634.1897449545,1081190.8579804022,3045713.578575564,1694232.9654868236,4070154.5099539123,6314230.476907299,2245009.138423305,2589775.479880677,3171698.0977195664,1582361.8735295143,1397793.0457483924,1540321.2668131418,3669446.944380801,3500649.785654487,2653611.375203872,1049746.0771358314,694250.08449681,96870.08577373775,228883.6729486133,202042.76002837403,850481.2769932041,1506075.3004801678,1980743.3976951127,3889228.238902907,3141363.39676252,3693571.022612655,5807183.658345202,22115403.99186814,65446553.995863765,2914622.787846333,0.0,0.0,0.0,0.0,0.0,0.0,0.0,0.0,0.0,0.0,0.0,0.0,0.0,0.0,0.0,0.0,0.0,0.0,0.0,0.0,0.0,0.0,0.0,0.0,0.0,0.0,0.0,0.0,0.0,0.0,0.0,0.0,0.0,0.0,0.0,0.0,0.0,0.0,0.0,0.0,0.0,0.0,0.0,0.0,0.0,0.0,0.0,0.0,0.0,0.0,0.0,0.0,0.0,0.0,0.0,0.0,0.0,0.0,0.0,0.0,0.0,0.0,0.0,0.0,0.0,0.0,0.0,0.0,0.0,0.0,0.0,0.0,0.0,0.0,0.0,0.0,0.0,0.0,0.0,0.0,0.0,0.0,0.0,0.0,0.0,0.0,0.0,0.0,0.0,0.0,0.0,0.0,0.0,0.0,0.0,0.0,0.0,0.0,0.0,0.0,0.0,0.0,0.0,0.0,0.0,0.0,0.0,0.0
0.0,0.0,0.0,0.0,0.0,0.0,0.0,0.0,0.0,0.0,0.0,0.0,0.0,0.0,0.0,0.0,0.0,0.0,0.0,0.0,0.0,0.0,0.0,0.0,0.0,0.0,0.0,0.0,0.0,0.0,0.0,0.0,0.0,0.0,0.0,0.0,0.0,0.0,0.0,0.0,0.0,0.0,0.0,0.0,0.0,0.0,0.0,0.0,0.0,0.0,0.0,0.0,0.0,0.0,0.0,0.0,0.0,0.0,0.0,0.0,0.0,0.0,0.0,0.0,0.0,0.0,0.0,0.0,0.0,0.0,0.0,0.0,0.0,0.0,0.0,0.0,0.0,0.0,0.0,0.0,0.0,0.0,0.0,0.0,0.0,0.0,0.0,0.0,0.0,0.0,0.0,0.0,1329581.045043445,18950885.107272968,8729303.377837382,3727889.1498083705,3793113.2955642194,4594693.086505534,2919912.975362428,1995135.4220228447,2579874.44166881,4695956.628965482,6841651.297392517,8771660.88225971,20690653.685948398,51287035.35517808,22992670.083178457,3688375.064396106,7901493.717903032,2127272.3339719605,2331076.0925864903,1613120.2697906813,1195629.8329300454,2774488.094567011,2267063.4394934583,1490951.6448299214,1522923.5306337862,4135414.260883106,2526427.343587375,3651274.964779159,2745392.46515584,1588535.765394443,3331676.8840873186,5802894.794293617,14046199.922268745,8297352.704470508,11437294.937221248,2995565.1762240613,3601697.1181914774,1484304.6387810027,1826920.4789732408,2378020.100045033,2498645.1487409286,10231543.144487964,7027659.924177701,701615.8876173242,579813.8965444288,329917.0796087045,613870.9335585696,961007.605673217,1669824.7925121174,1274928.502932064,2898581.7209421573,2487414.8220220404,2245047.8571669953,3509475.737272217,17988113.8529145,26065484.358614564,3504056.3736806586,0.0,0.0,0.0,0.0,0.0,0.0,0.0,0.0,0.0,0.0,0.0,0.0,0.0,0.0,0.0,0.0,0.0,0.0,0.0,0.0,0.0,0.0,0.0,0.0,0.0,0.0,0.0,0.0,0.0,0.0,0.0,0.0,0.0,0.0,0.0,0.0,0.0,0.0,0.0,0.0,0.0,0.0,0.0,0.0,0.0,0.0,0.0,0.0,0.0,0.0,0.0,0.0,0.0,0.0,0.0,0.0,0.0,0.0,0.0,0.0,0.0,0.0,0.0,0.0,0.0,0.0,0.0,0.0,0.0,0.0,0.0,0.0,0.0,0.0,0.0,0.0,0.0,0.0,0.0,0.0,0.0,0.0,0.0,0.0,0.0,0.0,0.0,0.0,0.0,0.0,0.0,0.0,0.0,0.0,0.0,0.0,0.0,0.0,0.0,0.0,0.0,0.0,0.0,0.0,0.0,0.0,0.0,0.0
0.0,0.0,0.0,0.0,0.0,0.0,0.0,0.0,0.0,0.0,0.0,0.0,0.0,0.0,0.0,0.0,0.0,0.0,0.0,0.0,0.0,0.0,0.0,0.0,0.0,0.0,0.0,0.0,0.0,0.0,0.0,0.0,0.0,0.0,0.0,0.0,0.0,0.0,0.0,0.0,0.0,0.0,0.0,0.0,0.0,0.0,0.0,0.0,0.0,0.0,0.0,0.0,0.0,0.0,0.0,0.0,0.0,0.0,0.0,0.0,0.0,0.0,0.0,0.0,0.0,0.0,0.0,0.0,0.0,0.0,0.0,0.0,0.0,0.0,0.0,0.0,0.0,0.0,0.0,0.0,0.0,0.0,0.0,0.0,0.0,0.0,0.0,0.0,0.0,0.0,0.0,0.0,0.0,0.0,10716383.014949754,4449233.617492735,1217265.4091679186,2442356.6351956613,2995283.050726089,1943140.0878392537,2910457.1625820375,4613693.730693767,4078885.3145908443,6435891.446177499,13688164.460164996,10156187.56968461,5606325.72390891,3265309.277322362,5811903.156966574,2415389.3069966156,2467508.536079208,990258.5870583262,1751510.1465624445,2009639.8202571636,1209448.328960523,1183269.0434671734,1067758.14447704,1898984.274432898,2263364.745673367,2569744.279449174,5622370.804305468,3036036.993860968,3002711.119907671,2301176.734408285,4368879.703033623,8394185.903252343,9715550.387077844,21790351.964335214,13719105.888621172,10992820.02818919,1722803.8157173432,983483.6085030072,5861422.092064251,4658179.878154473,2834840.207586418,4905303.1030873135,2302908.4129240857,279623.4876979339,395798.9665623519,2013104.390023655,1788594.6211692574,2117627.4331754283,3612830.031298965,3261034.899642584,2008872.2006846252,6132451.732109663,8557669.123272,6972571.437187571,2612654.1055503013,0.0,0.0,0.0,0.0,0.0,0.0,0.0,0.0,0.0,0.0,0.0,0.0,0.0,0.0,0.0,0.0,0.0,0.0,0.0,0.0,0.0,0.0,0.0,0.0,0.0,0.0,0.0,0.0,0.0,0.0,0.0,0.0,0.0,0.0,0.0,0.0,0.0,0.0,0.0,0.0,0.0,0.0,0.0,0.0,0.0,0.0,0.0,0.0,0.0,0.0,0.0,0.0,0.0,0.0,0.0,0.0,0.0,0.0,0.0,0.0,0.0,0.0,0.0,0.0,0.0,0.0,0.0,0.0,0.0,0.0,0.0,0.0,0.0,0.0,0.0,0.0,0.0,0.0,0.0,0.0,0.0,0.0,0.0,0.0,0.0,0.0,0.0,0.0,0.0,0.0,0.0,0.0,0.0,0.0,0.0,0.0,0.0,0.0,0.0,0.0,0.0,0.0,0.0,0.0,0.0,0.0,0.0,0.0
0.0,0.0,0.0,0.0,0.0,0.0,0.0,0.0,0.0,0.0,0.0,0.0,0.0,0.0,0.0,0.0,0.0,0.0,0.0,0.0,0.0,0.0,0.0,0.0,0.0,0.0,0.0,0.0,0.0,0.0,0.0,0.0,0.0,0.0,0.0,0.0,0.0,0.0,0.0,0.0,0.0,0.0,0.0,0.0,0.0,0.0,0.0,0.0,0.0,0.0,0.0,0.0,0.0,0.0,0.0,0.0,0.0,0.0,0.0,0.0,0.0,0.0,0.0,0.0,0.0,0.0,0.0,0.0,0.0,0.0,0.0,0.0,0.0,0.0,0.0,0.0,0.0,0.0,0.0,0.0,0.0,0.0,0.0,0.0,0.0,0.0,0.0,0.0,0.0,0.0,0.0,0.0,0.0,0.0,2796122.0122308554,6257636.983741124,190197.25657209754,1186280.7777137046,651679.8678760671,1956860.485857139,4180821.4300116915,6468839.580580197,3339553.5751304384,4367660.787732968,5440415.846690898,4396273.444715159,3791914.6369505585,2244592.0864618598,1011709.6581980435,2399843.394629161,2540845.552856513,1068795.4862720924,1746097.9641079453,1343981.714618375,2099961.9987168713,3600175.2469754172,2834333.713997107,1997377.274241667,2724670.942907311,3490194.428039757,3174820.3197949296,3770815.4219592735,12890514.673016075,7411721.938437338,11548679.906912263,6310293.114844034,8510158.484187022,7967538.074709721,8106035.436878685,6861673.7212043945,5065680.26456156,2331387.7358408184,3791134.5154886544,2968590.925388434,1096512.1552309985,1596943.843638096,4326552.972860606,665335.673201713,939141.4621381374,2841941.2386798104,2184018.9836160652,6333656.884969676,4789173.822359312,2510275.233894408,4658631.4977756925,5842338.523429109,7872290.210616783,3525291.2297727983,2004805.8945728166,0.0,0.0,0.0,0.0,0.0,0.0,0.0,0.0,0.0,0.0,0.0,0.0,0.0,0.0,0.0,0.0,0.0,0.0,0.0,0.0,0.0,0.0,0.0,0.0,0.0,0.0,0.0,0.0,0.0,0.0,0.0,0.0,0.0,0.0,0.0,0.0,0.0,0.0,0.0,0.0,0.0,0.0,0.0,0.0,0.0,0.0,0.0,0.0,0.0,0.0,0.0,0.0,0.0,0.0,0.0,0.0,0.0,0.0,0.0,0.0,0.0,0.0,0.0,0.0,0.0,0.0,0.0,0.0,0.0,0.0,0.0,0.0,0.0,0.0,0.0,0.0,0.0,0.0,0.0,0.0,0.0,0.0,0.0,0.0,0.0,0.0,0.0,0.0,0.0,0.0,0.0,0.0,0.0,0.0,0.0,0.0,0.0,0.0,0.0,0.0,0.0,0.0,0.0,0.0,0.0,0.0,0.0,0.0
0.0,0.0,0.0,0.0,0.0,0.0,0.0,0.0,0.0,0.0,0.0,0.0,0.0,0.0,0.0,0.0,0.0,0.0,0.0,0.0,0.0,0.0,0.0,0.0,0.0,0.0,0.0,0.0,0.0,0.0,0.0,0.0,0.0,0.0,0.0,0.0,0.0,0.0,0.0,0.0,0.0,0.0,0.0,0.0,0.0,0.0,0.0,0.0,0.0,0.0,0.0,0.0,0.0,0.0,0.0,0.0,0.0,0.0,0.0,0.0,0.0,0.0,0.0,0.0,0.0,0.0,0.0,0.0,0.0,0.0,0.0,0.0,0.0,0.0,0.0,0.0,0.0,0.0,0.0,0.0,0.0,0.0,0.0,0.0,0.0,0.0,0.0,0.0,0.0,0.0,0.0,0.0,0.0,0.0,0.0,6184515.909441123,1378161.3912971094,2307410.87372042,1299607.0923570092,2797008.263964219,3877227.6713677635,4407933.184969259,6019693.360296926,15100727.121908654,4859148.085593711,13252599.729262047,13629791.555268692,3767300.2194229728,1160570.5664392775,3031771.7611556416,1267272.7540840684,1644447.622079786,978632.1511256865,1000414.8488840496,8487050.62794955,27181243.932508547,21167205.983511817,2331377.316664496,2550385.4938575346,17366139.460092243,17018946.25207775,7921374.342635304,28872565.749670975,52812513.90976186,23481900.93809787,10845786.651010241,17885318.644149553,6112628.862296529,8250653.145682108,4566365.652385925,14078125.991833607,7170350.929700032,3789766.8125309856,3531548.022654209,5537602.480428334,3315726.319580651,11816047.831904976,4802346.962985704,753680.4787977526,1779111.0368184578,1859472.1397423497,13469529.89165592,8738164.796639582,3174196.330535887,2596718.2280407147,3174139.4879665617,5024528.174900878,2499517.0050909827,2660634.08578696,3741852.7707636394,0.0,0.0,0.0,3575.0913688658547,0.0,0.0,0.0,0.0,0.0,0.0,0.0,0.0,0.0,0.0,0.0,0.0,0.0,0.0,0.0,0.0,0.0,0.0,0.0,0.0,0.0,0.0,0.0,0.0,0.0,0.0,0.0,0.0,0.0,0.0,0.0,0.0,0.0,0.0,0.0,0.0,0.0,0.0,0.0,0.0,0.0,0.0,0.0,0.0,0.0,0.0,0.0,0.0,0.0,0.0,0.0,0.0,0.0,0.0,0.0,0.0,0.0,0.0,0.0,0.0,0.0,0.0,0.0,0.0,0.0,0.0,0.0,0.0,0.0,0.0,0.0,0.0,0.0,0.0,0.0,0.0,0.0,0.0,0.0,0.0,0.0,0.0,0.0,0.0,0.0,0.0,0.0,0.0,0.0,0.0,0.0,0.0,0.0,0.0,0.0,0.0,0.0,0.0,0.0,0.0,0.0,0.0,0.0
0.0,0.0,0.0,0.0,0.0,0.0,0.0,0.0,0.0,0.0,0.0,0.0,0.0,0.0,0.0,0.0,0.0,0.0,0.0,0.0,0.0,0.0,0.0,0.0,0.0,0.0,0.0,0.0,0.0,0.0,0.0,0.0,0.0,0.0,0.0,0.0,0.0,0.0,0.0,0.0,0.0,0.0,0.0,0.0,0.0,0.0,0.0,0.0,0.0,0.0,0.0,0.0,0.0,0.0,0.0,0.0,0.0,0.0,0.0,0.0,0.0,0.0,0.0,0.0,0.0,0.0,0.0,0.0,0.0,0.0,0.0,0.0,0.0,0.0,0.0,0.0,0.0,0.0,0.0,0.0,0.0,0.0,0.0,0.0,0.0,0.0,0.0,0.0,0.0,0.0,0.0,0.0,0.0,0.0,341222.3339127936,4730526.918617624,16275672.561958382,22129188.552861072,3328010.008180988,2285561.2516626823,3879604.710352548,4438213.330812723,4499070.218759522,5917310.524528582,3110815.990922935,2696154.8170803157,6273663.551053886,2654414.3385467073,1706229.058326093,6193837.675361264,2758977.7511875574,2635788.3995290035,879155.7136306858,8223138.087065596,23605879.31626482,47397460.05552795,28510863.707266137,2530474.6010961654,1510782.003657691,2293495.831756495,3364099.2685633874,15600321.420154339,47145696.275641486,71459054.26103464,58741648.112693645,17653692.083876144,8627958.851345727,10506979.076058736,15819469.743420027,8466524.84393787,21291799.796174377,36052395.36145258,4924458.701410348,4544783.0674945,9742573.444191918,10996699.979110675,7464339.059173178,2407133.0657102065,598637.973398888,1692640.0298472238,1913257.3970960572,4389548.075923465,1587773.8346245466,6482411.49930088,6442687.945644988,3019542.6466216496,9251172.16337771,5467211.360633052,7905622.695749373,7979043.903121516,953583.0696164479,220791.97534393088,692654.378161963,1406660.9263091828,396496.3228640575,0.0,0.0,0.0,0.0,0.0,0.0,0.0,0.0,0.0,0.0,0.0,0.0,0.0,0.0,0.0,0.0,0.0,0.0,0.0,0.0,0.0,0.0,0.0,0.0,0.0,0.0,0.0,0.0,0.0,0.0,0.0,0.0,0.0,0.0,0.0,0.0,0.0,0.0,0.0,0.0,0.0,0.0,0.0,0.0,0.0,0.0,0.0,0.0,0.0,0.0,0.0,0.0,0.0,0.0,0.0,0.0,0.0,0.0,0.0,0.0,0.0,0.0,0.0,0.0,0.0,0.0,0.0,0.0,0.0,0.0,0.0,0.0,0.0,0.0,0.0,0.0,0.0,0.0,0.0,0.0,0.0,0.0,0.0,0.0,0.0,0.0,0.0,0.0,0.0,0.0,0.0,0.0,0.0,0.0,0.0,0.0,0.0,0.0,0.0,0.0,0.0,0.0
0.0,0.0,0.0,0.0,0.0,0.0,0.0,0.0,0.0,0.0,0.0,0.0,0.0,0.0,0.0,0.0,0.0,0.0,0.0,0.0,0.0,0.0,0.0,0.0,0.0,0.0,0.0,0.0,0.0,0.0,0.0,0.0,0.0,0.0,0.0,0.0,0.0,0.0,0.0,0.0,0.0,0.0,0.0,0.0,0.0,0.0,0.0,0.0,0.0,0.0,0.0,0.0,0.0,0.0,0.0,0.0,0.0,0.0,0.0,0.0,0.0,0.0,0.0,0.0,0.0,0.0,0.0,0.0,0.0,0.0,0.0,0.0,0.0,0.0,0.0,0.0,0.0,0.0,0.0,0.0,0.0,0.0,0.0,0.0,0.0,0.0,0.0,0.0,0.0,0.0,0.0,0.0,0.0,0.0,0.0,0.0,169029.60534811206,8383901.25428916,3391378.364673781,772492.9098150807,4289715.231735121,2981657.160827477,6291429.445064211,8701335.207707118,6999371.862659509,3150618.138332723,4360648.217823387,1721175.5513349236,1340869.1909828538,1318127.1214749045,566686.4376542051,630135.9187450614,848240.7028973807,3797221.8053169185,9200968.181581382,5469064.212561958,2987579.7636697874,1627911.3301413786,623688.749943842,1923801.0837951358,3025559.3679456054,8278578.695813281,32323019.563714784,88490492.88149188,54566211.44204002,29128575.77157919,21794904.540119775,8843947.269910408,7553033.542758018,31160273.949476603,18764009.40425773,28577122.828365117,3906319.712968426,3576919.8459420227,5683415.631847914,6253699.975340283,2805549.589805111,1445194.6574964789,1596310.1514561523,2801015.588285712,3562812.6354044843,3977468.7423241376,2302880.88868775,2002163.5259906803,5083762.411827369,2738146.688369599,3109330.4953495315,42042637.75423939,21667707.110664774,4076707.7001693323,3324153.2705025612,3043089.2690780545,4290474.646582957,3626596.288618948,2694592.2193566896,985416.2014276293,0.0,0.0,0.0,0.0,0.0,0.0,0.0,0.0,0.0,0.0,0.0,0.0,0.0,0.0,0.0,0.0,0.0,0.0,0.0,0.0,0.0,0.0,0.0,0.0,0.0,0.0,0.0,0.0,0.0,0.0,0.0,0.0,0.0,0.0,0.0,0.0,0.0,0.0,0.0,0.0,0.0,0.0,0.0,0.0,0.0,0.0,0.0,0.0,0.0,0.0,0.0,0.0,0.0,0.0,0.0,0.0,0.0,0.0,0.0,0.0,0.0,0.0,0.0,0.0,0.0,0.0,0.0,0.0,0.0,0.0,0.0,0.0,0.0,0.0,0.0,0.0,0.0,0.0,0.0,0.0,0.0,0.0,0.0,0.0,0.0,0.0,0.0,0.0,0.0,0.0,0.0,0.0,0.0,0.0,0.0,0.0,0.0,0.0,0.0,0.0,0.0
0.0,0.0,0.0,0.0,0.0,0.0,0.0,0.0,0.0,0.0,0.0,0.0,0.0,0.0,0.0,0.0,0.0,0.0,0.0,0.0,0.0,0.0,0.0,0.0,0.0,0.0,0.0,0.0,0.0,0.0,0.0,0.0,0.0,0.0,0.0,0.0,0.0,0.0,0.0,0.0,0.0,0.0,0.0,0.0,0.0,0.0,0.0,0.0,0.0,0.0,0.0,0.0,0.0,0.0,0.0,0.0,0.0,0.0,0.0,0.0,0.0,0.0,0.0,0.0,0.0,0.0,0.0,0.0,0.0,0.0,0.0,0.0,0.0,0.0,0.0,0.0,0.0,0.0,0.0,0.0,0.0,0.0,0.0,0.0,0.0,0.0,0.0,0.0,0.0,0.0,0.0,0.0,0.0,0.0,0.0,0.0,0.0,0.0,2308270.7788344673,4124936.545850405,13578136.960207922,820181.6276777508,1276802.0513463544,1888118.2335241442,12216941.344575167,7930495.748928368,2065686.185902276,974255.2252628588,1721271.1052690533,2526325.505869714,1405312.2797796964,1480923.5427009708,1261383.619547224,1127093.9935693913,776541.9066966546,2233035.955346067,962958.0462912683,1194277.7474866288,1871213.980692647,1663613.8025926126,3303619.504875807,6096880.42436614,8064509.24348327,23012567.28339894,28289141.892899636,67344018.94329663,76381118.72414854,11901480.343250196,7052784.834087359,13035016.942257602,18004211.59636879,16543067.928815324,14027544.465731733,3816786.933826552,5313068.376232418,6785971.487214156,7070988.33255451,1200953.2813013133,686117.7845888375,2087545.8917085188,1824417.592973297,3756055.4764103554,9454725.435741564,2026609.6387993405,2487286.8463030113,1840408.0411513827,2914276.2734089806,16267310.50909696,3540559.7888031136,1271801.8870160512,855205.5604021114,353257.81392265763,2550416.249820546,6105349.831077356,1563109.002934692,856653.3023700683,643746.5868838576,70600.79687539296,0.0,0.0,0.0,0.0,0.0,0.0,0.0,0.0,0.0,0.0,0.0,0.0,0.0,0.0,0.0,0.0,0.0,0.0,0.0,0.0,0.0,0.0,0.0,0.0,0.0,0.0,0.0,0.0,0.0,0.0,0.0,0.0,0.0,0.0,0.0,0.0,0.0,0.0,0.0,0.0,0.0,0.0,0.0,0.0,0.0,0.0,0.0,0.0,0.0,0.0,0.0,0.0,0.0,0.0,0.0,0.0,0.0,0.0,0.0,0.0,0.0,0.0,0.0,0.0,0.0,0.0,0.0,0.0,0.0,0.0,0.0,0.0,0.0,0.0,0.0,0.0,0.0,0.0,0.0,0.0,0.0,0.0,0.0,0.0,0.0,0.0,0.0,0.0,0.0,0.0,0.0,0.0,0.0,0.0,0.0,0.0,0.0,0.0,0.0
0.0,0.0,0.0,0.0,0.0,0.0,0.0,0.0,0.0,0.0,0.0,0.0,0.0,0.0,0.0,0.0,0.0,0.0,0.0,0.0,0.0,0.0,0.0,0.0,0.0,0.0,0.0,0.0,0.0,0.0,0.0,0.0,0.0,0.0,0.0,0.0,0.0,0.0,0.0,0.0,0.0,0.0,0.0,0.0,0.0,0.0,0.0,0.0,0.0,0.0,0.0,0.0,0.0,0.0,0.0,0.0,0.0,0.0,0.0,0.0,0.0,0.0,0.0,0.0,0.0,0.0,0.0,0.0,0.0,0.0,0.0,0.0,0.0,0.0,0.0,0.0,0.0,0.0,0.0,0.0,0.0,0.0,0.0,0.0,0.0,0.0,0.0,0.0,0.0,0.0,0.0,0.0,0.0,0.0,0.0,0.0,0.0,0.0,0.0,1566817.354384388,4706489.79226947,1038715.9259056293,8664809.30957988,1846217.3345848492,5573503.058653936,4296572.91913872,3113227.7506098216,1709420.612780986,2638109.3842473375,2754719.375879028,936591.6516758681,4048397.29612669,1439459.6013424569,1185988.9453125102,12616102.396859478,6789235.707027334,1720232.6664112727,1058596.2462704666,2289206.6403094926,2086744.8742368373,7159366.527264086,5447594.531917129,6366398.954005245,7492703.874523192,23146776.986742303,19568997.916437145,33308158.885921095,19231967.402270626,5170817.4403438,7524484.116522089,38363329.41221797,16509818.664227773,9737117.338970495,9527472.481531572,10599642.578040736,6554019.958638558,4609478.162581324,6518078.836837357,3570767.5401601107,3869580.8945093728,2398962.531730565,4510856.30403865,20062250.394245826,3526015.3889941773,1433166.7599751975,1072220.033771376,2296804.483404117,4965139.454106096,5989024.528575508,2435604.0146858483,251024.07536752688,249177.31208305268,2950786.6475502844,1822444.2909869084,759506.3116561936,2107621.4827236207,1524551.5653596076,2019741.5426256421,108353.59271394301,0.0,0.0,0.0,0.0,0.0,0.0,0.0,0.0,0.0,0.0,0.0,0.0,0.0,0.0,0.0,0.0,0.0,0.0,0.0,0.0,0.0,0.0,0.0,0.0,0.0,0.0,0.0,0.0,0.0,0.0,0.0,0.0,0.0,0.0,0.0,0.0,0.0,0.0,0.0,0.0,0.0,0.0,0.0,0.0,0.0,0.0,0.0,0.0,0.0,0.0,0.0,0.0,0.0,0.0,0.0,0.0,0.0,0.0,0.0,0.0,0.0,0.0,0.0,0.0,0.0,0.0,0.0,0.0,0.0,0.0,0.0,0.0,0.0,0.0,0.0,0.0,0.0,0.0,0.0,0.0,0.0,0.0,0.0,0.0,0.0,0.0,0.0,0.0,0.0,0.0,0.0,0.0,0.0,0.0,0.0,0.0,0.0,0.0
0.0,0.0,0.0,0.0,0.0,0.0,0.0,0.0,0.0,0.0,0.0,0.0,0.0,0.0,0.0,0.0,0.0,0.0,0.0,0.0,0.0,0.0,0.0,0.0,0.0,0.0,0.0,0.0,0.0,0.0,0.0,0.0,0.0,0.0,0.0,0.0,0.0,0.0,0.0,0.0,0.0,0.0,0.0,0.0,0.0,0.0,0.0,0.0,0.0,0.0,0.0,0.0,0.0,0.0,0.0,0.0,0.0,0.0,0.0,0.0,0.0,0.0,0.0,0.0,0.0,0.0,0.0,0.0,0.0,0.0,0.0,0.0,0.0,0.0,0.0,0.0,0.0,0.0,0.0,0.0,0.0,0.0,0.0,0.0,0.0,0.0,0.0,0.0,0.0,0.0,0.0,0.0,0.0,0.0,0.0,0.0,0.0,0.0,0.0,1201288.7968455525,4648243.293290117,4641517.833446586,4640922.863514331,735629.1631703011,1739435.3066151496,800780.2837470821,2143501.6603836985,1415333.3175156524,2337433.2045585224,1820125.3200375624,2061079.763527547,7842565.033792329,6441780.145615229,13484967.846565643,16435679.156419044,4447156.4690099275,3348689.650011164,2463830.9272411996,2024937.7891524178,2000576.008143727,6687064.548232179,1280291.2450954737,709222.2782643684,2837646.49345284,4335478.825962475,1278993.3377399964,4588527.622179413,11339257.818511961,6805490.7447898835,7477947.312659486,14820254.587383421,18566424.610785924,30126570.687687736,6487940.290766044,5063633.451267525,10832073.430742571,5966636.160674248,27225926.347839188,15106147.050166246,4487117.035175973,2389598.691943802,2752031.838114189,2613700.2023290424,1999912.1100701175,3366236.4142098716,4068639.1633732356,2693176.529078738,3640446.101663191,10519840.330561616,7785735.494481354,2161363.193964634,2126572.205021089,1690037.9119120021,410460.62784739514,508308.7083685807,674219.8868518306,2305354.183545947,2750568.7554720626,1007252.5553986905,14590.733452631546,0.0,0.0,0.0,0.0,0.0,0.0,0.0,0.0,0.0,0.0,0.0,0.0,0.0,0.0,0.0,0.0,0.0,0.0,0.0,0.0,0.0,0.0,0.0,0.0,0.0,0.0,0.0,0.0,0.0,0.0,0.0,0.0,0.0,0.0,0.0,0.0,0.0,0.0,0.0,0.0,0.0,0.0,0.0,0.0,0.0,0.0,0.0,0.0,0.0,0.0,0.0,0.0,0.0,0.0,0.0,0.0,0.0,0.0,0.0,0.0,0.0,0.0,0.0,0.0,0.0,0.0,0.0,0.0,0.0,0.0,0.0,0.0,0.0,0.0,0.0,0.0,0.0,0.0,0.0,0.0,0.0,0.0,0.0,0.0,0.0,0.0,0.0,0.0,0.0,0.0,0.0,0.0,0.0,0.0,0.0,0.0,0.0
0.0,0.0,0.0,0.0,0.0,0.0,0.0,0.0,0.0,0.0,0.0,0.0,0.0,0.0,0.0,0.0,0.0,0.0,0.0,0.0,0.0,0.0,0.0,0.0,0.0,0.0,0.0,0.0,0.0,0.0,0.0,0.0,0.0,0.0,0.0,0.0,0.0,0.0,0.0,0.0,0.0,0.0,0.0,0.0,0.0,0.0,0.0,0.0,0.0,0.0,0.0,0.0,0.0,0.0,0.0,0.0,0.0,0.0,0.0,0.0,0.0,0.0,0.0,0.0,0.0,0.0,0.0,0.0,0.0,0.0,0.0,0.0,0.0,0.0,0.0,0.0,0.0,0.0,0.0,0.0,0.0,0.0,0.0,0.0,0.0,0.0,0.0,0.0,0.0,0.0,0.0,0.0,0.0,0.0,0.0,0.0,0.0,0.0,0.0,0.0,7177704.794210497,1472750.126412414,1590101.026908424,736409.7248704546,953735.2413196078,1864125.5761905634,665986.24844076,2231668.6322064525,3133825.2049766066,1546945.7871132414,772964.1301817124,2759756.4808190535,30439190.43690866,33264582.77720751,6943678.08496038,1701289.1057348237,2119061.925932644,1269644.8037137673,1110325.9513831139,0.0,278344.5909871489,935972.7216992561,4716217.926600645,6341434.652651474,3463977.0996144954,4222161.750074318,2849517.7665859074,4236314.82472341,12807953.826296965,11013673.034854634,14157531.460661361,9218736.189650504,13476762.75728552,10993396.686573697,8299208.707233534,6139921.910773564,2517934.4851947,2129915.376907995,22299628.2095109,9610489.567971328,2593454.4190058354,1517809.5164876457,1387521.8503182107,3413414.9195654443,2253790.5258130133,2036133.5830122451,1671726.2010633564,5859622.742041403,20663173.572463933,2767509.726654296,1073756.2853479804,248632.82009170338,60156.149127255165,13187.46093281248,451982.735086664,212728.8977414496,948794.4738061393,3592440.4503684896,3761452.7963180793,2808730.7322585583,0.0,0.0,0.0,0.0,0.0,0.0,0.0,0.0,0.0,0.0,0.0,0.0,0.0,0.0,0.0,0.0,0.0,0.0,0.0,0.0,0.0,0.0,0.0,0.0,0.0,0.0,0.0,0.0,0.0,0.0,0.0,0.0,0.0,0.0,0.0,0.0,0.0,0.0,0.0,0.0,0.0,0.0,0.0,0.0,0.0,0.0,0.0,0.0,0.0,0.0,0.0,0.0,0.0,0.0,0.0,0.0,0.0,0.0,0.0,0.0,0.0,0.0,0.0,0.0,0.0,0.0,0.0,0.0,0.0,0.0,0.0,0.0,0.0,0.0,0.0,0.0,0.0,0.0,0.0,0.0,0.0,0.0,0.0,0.0,0.0,0.0,0.0,0.0,0.0,0.0,0.0,0.0,0.0,0.0,0.0,0.0,0.0
0.0,0.0,0.0,0.0,0.0,0.0,0.0,0.0,0.0,0.0,0.0,0.0,0.0,0.0,0.0,0.0,0.0,0.0,0.0,0.0,0.0,0.0,0.0,0.0,0.0,0.0,0.0,0.0,0.0,0.0,0.0,0.0,0.0,0.0,0.0,0.0,0.0,0.0,0.0,0.0,0.0,0.0,0.0,0.0,0.0,0.0,0.0,0.0,0.0,0.0,0.0,0.0,0.0,0.0,0.0,0.0,0.0,0.0,0.0,0.0,0.0,0.0,0.0,0.0,0.0,0.0,0.0,0.0,0.0,0.0,0.0,0.0,0.0,0.0,0.0,0.0,0.0,0.0,0.0,0.0,0.0,0.0,0.0,0.0,0.0,0.0,0.0,0.0,0.0,0.0,0.0,0.0,0.0,0.0,0.0,0.0,0.0,0.0,0.0,4482.3112979286225,2490098.5791585757,608037.4885459933,30862.037562611946,50057.11156450737,377910.4078513426,321388.01213189354,443422.437780442,1049085.0336458087,1613965.3067316236,6873561.74926648,2600336.816166307,14925171.291601375,70228338.08996703,11402243.970499206,21960.63585162184,382513.4071134464,75479.96510311484,28579.997866244412,137155.14921489317,243335.13698679983,684493.928892005,780717.1714938015,3238617.6504192515,5380970.712298954,4655223.142064362,3511049.167986149,4438188.62732892,10031337.081121435,37196014.37014187,35586992.70705924,30906701.00268047,28412690.240161184,18274210.733975485,34961464.15514427,40081292.4951477,7615851.476774537,9545277.250421306,7400769.2432103185,4953852.0944338655,5002597.101589685,1823315.1212068533,1744867.4505036143,672715.456241505,1952282.7179260072,3914319.4179166523,1811158.4539270787,1490165.5809066563,5477498.3874583505,5920812.9703068,1397394.3562330268,206104.95895438566,574637.1263038304,988751.3842653708,66860.3077584557,144894.18477815588,148344.72653456876,89620.4357970027,733471.9824824232,1442780.6789296141,1723897.6788345973,0.0,0.0,0.0,0.0,0.0,0.0,0.0,0.0,0.0,0.0,0.0,0.0,0.0,0.0,0.0,0.0,0.0,0.0,0.0,0.0,0.0,0.0,0.0,0.0,0.0,0.0,0.0,0.0,0.0,0.0,0.0,0.0,0.0,0.0,0.0,0.0,0.0,0.0,0.0,0.0,0.0,0.0,0.0,0.0,0.0,0.0,0.0,0.0,0.0,0.0,0.0,0.0,0.0,0.0,0.0,0.0,0.0,0.0,0.0,0.0,0.0,0.0,0.0,0.0,0.0,0.0,0.0,0.0,0.0,0.0,0.0,0.0,0.0,0.0,0.0,0.0,0.0,0.0,0.0,0.0,0.0,0.0,0.0,0.0,0.0,0.0,0.0,0.0,0.0,0.0,0.0,0.0,0.0,0.0,0.0,0.0,0.0
0.0,0.0,0.0,0.0,0.0,0.0,0.0,0.0,0.0,0.0,0.0,0.0,0.0,0.0,0.0,0.0,0.0,0.0,0.0,0.0,0.0,0.0,0.0,0.0,0.0,0.0,0.0,0.0,0.0,0.0,0.0,0.0,0.0,0.0,0.0,0.0,0.0,0.0,0.0,0.0,0.0,0.0,0.0,0.0,0.0,0.0,0.0,0.0,0.0,0.0,0.0,0.0,0.0,0.0,0.0,0.0,0.0,0.0,0.0,0.0,0.0,0.0,0.0,0.0,0.0,0.0,0.0,0.0,0.0,0.0,0.0,0.0,0.0,0.0,0.0,0.0,0.0,0.0,0.0,0.0,0.0,0.0,0.0,0.0,0.0,0.0,0.0,0.0,0.0,0.0,0.0,0.0,0.0,0.0,0.0,0.0,0.0,0.0,0.0,0.0,3296.089018194578,305778.5327435754,78615.53494211477,0.0,246433.2917533173,335993.0215470888,146160.75461428054,257281.35929803248,212208.9247025815,1507154.247287829,1833506.0926941358,2528279.4627411654,21314308.689572904,1631958.777348456,357957.43317519804,975327.9544609333,1994382.2438357587,2317897.192737229,364092.9910204199,2631412.6829650495,3433823.7771758204,12056736.83904762,8683425.487788485,7715563.462683773,5945131.558868673,17085950.191559166,11780921.981004352,1160308.0751060182,8512191.274220746,34888614.571359396,55971001.464463815,49794368.65324839,33700889.29208276,13883548.752213007,31965475.606795847,12880369.64446887,11239902.535602456,3068851.348194404,2254567.982032029,3195654.703766552,2782682.961497367,1951255.678668452,721169.3194613701,1669700.2660933703,2140146.7987756007,1864765.3005881463,2049472.9494527369,1896519.2715118937,3476484.2249557427,401470.1398291509,101196.04947708824,2430.448890996603,187538.1443307892,148896.67729457835,120773.01965719438,1029641.7740818155,33237.3595661623,243099.2932905329,1472596.8845812264,2394030.33561639,7956.151089283836,0.0,0.0,0.0,0.0,0.0,0.0,0.0,0.0,0.0,0.0,0.0,0.0,0.0,0.0,0.0,0.0,0.0,0.0,0.0,0.0,0.0,0.0,0.0,0.0,0.0,0.0,0.0,0.0,0.0,0.0,0.0,0.0,0.0,0.0,0.0,0.0,0.0,0.0,0.0,0.0,0.0,0.0,0.0,0.0,0.0,0.0,0.0,0.0,0.0,0.0,0.0,0.0,0.0,0.0,0.0,0.0,0.0,0.0,0.0,0.0,0.0,0.0,0.0,0.0,0.0,0.0,0.0,0.0,0.0,0.0,0.0,0.0,0.0,0.0,0.0,0.0,0.0,0.0,0.0,0.0,0.0,0.0,0.0,0.0,0.0,0.0,0.0,0.0,0.0,0.0,0.0,0.0,0.0,0.0,0.0,0.0
0.0,0.0,0.0,0.0,0.0,0.0,0.0,0.0,0.0,0.0,0.0,0.0,0.0,0.0,0.0,0.0,0.0,0.0,0.0,0.0,0.0,0.0,0.0,0.0,0.0,0.0,0.0,0.0,0.0,0.0,0.0,0.0,0.0,0.0,0.0,0.0,0.0,0.0,0.0,0.0,0.0,0.0,0.0,0.0,0.0,0.0,0.0,0.0,0.0,0.0,0.0,0.0,0.0,0.0,0.0,0.0,0.0,0.0,0.0,0.0,0.0,0.0,0.0,0.0,0.0,0.0,0.0,0.0,0.0,0.0,0.0,0.0,0.0,0.0,0.0,0.0,0.0,0.0,0.0,0.0,0.0,0.0,0.0,0.0,0.0,0.0,0.0,0.0,0.0,0.0,0.0,0.0,0.0,0.0,0.0,0.0,0.0,0.0,0.0,0.0,0.0,0.0,5947.261730398531,260595.42224775572,45981.71955946282,585651.556454651,8391.285725351703,31900.47240975053,699645.5905490166,2654641.642527402,1183552.1478978004,113486.1827289956,0.0,0.0,0.0,484.2324493617366,2441.8423188163165,762269.6141909034,2644564.136113095,4718015.94859362,2447220.4563412485,7274815.9123501135,5668035.224602777,5483739.969740776,6093962.3823827375,445662.2431306632,198153.5375047587,7571845.634468269,8074129.244757114,27115286.674042556,112976577.25135563,93515024.2834595,33322570.188239034,9531058.185216742,9650133.368229123,8486964.591138523,4064728.802458723,2668261.690613134,3673437.13550283,1699282.9863403607,3908041.3250856055,3692581.4737040834,580585.5055580596,1396044.9143001153,1725827.2348365618,1805520.2470691917,2343793.5193387587,3192959.956615947,1620754.522595224,437686.9685139227,366446.81327351695,460098.03490144253,179464.87403555558,433715.1417989888,74095.43533157921,328153.0420082405,687401.4527651533,156765.71253421297,708671.4931921691,1510818.3379950603,59007.08286578892,0.0,0.0,0.0,0.0,0.0,0.0,0.0,0.0,0.0,0.0,0.0,0.0,0.0,0.0,0.0,0.0,0.0,0.0,0.0,0.0,0.0,0.0,0.0,0.0,0.0,0.0,0.0,0.0,0.0,0.0,0.0,0.0,0.0,0.0,0.0,0.0,0.0,0.0,0.0,0.0,0.0,0.0,0.0,0.0,0.0,0.0,0.0,0.0,0.0,0.0,0.0,0.0,0.0,0.0,0.0,0.0,0.0,0.0,0.0,0.0,0.0,0.0,0.0,0.0,0.0,0.0,0.0,0.0,0.0,0.0,0.0,0.0,0.0,0.0,0.0,0.0,0.0,0.0,0.0,0.0,0.0,0.0,0.0,0.0,0.0,0.0,0.0,0.0,0.0,0.0,0.0,0.0,0.0,0.0,0.0,0.0
0.0,0.0,0.0,0.0,0.0,0.0,0.0,0.0,0.0,0.0,0.0,0.0,0.0,0.0,0.0,0.0,0.0,0.0,0.0,0.0,0.0,0.0,0.0,0.0,0.0,0.0,0.0,0.0,0.0,0.0,0.0,0.0,0.0,0.0,0.0,0.0,0.0,0.0,0.0,0.0,0.0,0.0,0.0,0.0,0.0,0.0,0.0,0.0,0.0,0.0,0.0,0.0,0.0,0.0,0.0,0.0,0.0,0.0,0.0,0.0,0.0,0.0,0.0,0.0,0.0,0.0,0.0,0.0,0.0,0.0,0.0,0.0,0.0,0.0,0.0,0.0,0.0,0.0,0.0,0.0,0.0,0.0,0.0,0.0,0.0,0.0,0.0,0.0,0.0,0.0,0.0,0.0,0.0,0.0,0.0,0.0,0.0,0.0,0.0,0.0,0.0,0.0,0.0,37103.96884137052,0.0,0.0,38553.66343209517,2682096.4660070175,5181362.299106296,0.0,0.0,0.0,0.0,0.0,0.0,0.0,0.0,0.0,295898.68671311747,1281553.1711612171,982304.9620116758,7797944.090599888,12827858.248132968,14817969.55477636,2976125.8827429856,0.0,947449.5874364526,12773774.88276423,15280048.815867884,29710965.841903448,54036404.46754829,64316692.263744146,42205758.87901011,11326290.727429667,15295059.346967598,13605792.890511902,15839404.10213563,9974170.17981289,6736234.596497227,4048208.853193689,5827312.374385054,3616004.125112861,333772.266319401,1116912.04128059,1393598.0555787496,1315201.4645450818,3616028.78921709,2799544.3544234103,9810229.85149967,1736031.7516865917,336687.77364880015,9582.17854980987,313195.1810506631,257291.3614589641,167261.8432101728,1771846.7581536227,1906411.170676682,316687.1286335547,443454.4047540307,920468.7863680669,73254.56764438431,0.0,0.0,0.0,0.0,0.0,0.0,0.0,0.0,0.0,0.0,0.0,0.0,0.0,0.0,0.0,0.0,0.0,0.0,0.0,0.0,0.0,0.0,0.0,0.0,0.0,0.0,0.0,0.0,0.0,0.0,0.0,0.0,0.0,0.0,0.0,0.0,0.0,0.0,0.0,0.0,0.0,0.0,0.0,0.0,0.0,0.0,0.0,0.0,0.0,0.0,0.0,0.0,0.0,0.0,0.0,0.0,0.0,0.0,0.0,0.0,0.0,0.0,0.0,0.0,0.0,0.0,0.0,0.0,0.0,0.0,0.0,0.0,0.0,0.0,0.0,0.0,0.0,0.0,0.0,0.0,0.0,0.0,0.0,0.0,0.0,0.0,0.0,0.0,0.0,0.0,0.0,0.0,0.0,0.0,0.0,0.0
0.0,0.0,0.0,0.0,0.0,0.0,0.0,0.0,0.0,0.0,0.0,0.0,0.0,0.0,0.0,0.0,0.0,0.0,0.0,0.0,0.0,0.0,0.0,0.0,0.0,0.0,0.0,0.0,0.0,0.0,0.0,0.0,0.0,0.0,0.0,0.0,0.0,0.0,0.0,0.0,0.0,0.0,0.0,0.0,0.0,0.0,0.0,0.0,0.0,0.0,0.0,0.0,0.0,0.0,0.0,0.0,0.0,0.0,0.0,0.0,0.0,0.0,0.0,0.0,0.0,0.0,0.0,0.0,0.0,0.0,0.0,0.0,0.0,0.0,0.0,0.0,0.0,0.0,0.0,0.0,0.0,0.0,0.0,0.0,0.0,0.0,0.0,0.0,0.0,0.0,0.0,0.0,0.0,0.0,0.0,0.0,0.0,0.0,0.0,0.0,0.0,0.0,0.0,134813.27484097623,1046574.6964408522,470628.9202622521,408879.73880364024,146276.42558486224,0.0,0.0,0.0,0.0,0.0,0.0,0.0,0.0,0.0,0.0,0.0,0.0,0.0,3356949.3825694565,5782671.036378602,0.0,1685940.3776731347,13091543.241936894,4190921.5683282614,2244932.7038035262,5884928.436849693,4608151.200014436,8071023.344824691,13248036.336925713,37284044.71086382,30546569.831436727,41535691.68950829,27038404.962371692,28088066.22484974,7834619.919889016,7688284.75656011,12686578.247182285,5461371.601732066,3037348.863257513,1606753.445418719,1378994.9961779937,2311720.2058579894,1689064.7802915927,2621486.8790727817,5777762.958071123,5011024.1118172,1408405.2353749068,607116.4780864539,541435.8778769437,1358166.048502767,703952.4366011455,34675.49394989268,492178.44902152,1085186.7368077412,865886.2541912738,1779117.0032872711,1354680.4006196903,691122.1646286552,0.0,0.0,0.0,0.0,0.0,0.0,0.0,0.0,0.0,0.0,0.0,0.0,0.0,0.0,0.0,0.0,0.0,0.0,0.0,0.0,0.0,0.0,0.0,0.0,0.0,0.0,0.0,0.0,0.0,0.0,0.0,0.0,0.0,0.0,0.0,0.0,0.0,0.0,0.0,0.0,0.0,0.0,0.0,0.0,0.0,0.0,0.0,0.0,0.0,0.0,0.0,0.0,0.0,0.0,0.0,0.0,0.0,0.0,0.0,0.0,0.0,0.0,0.0,0.0,0.0,0.0,0.0,0.0,0.0,0.0,0.0,0.0,0.0,0.0,0.0,0.0,0.0,0.0,0.0,0.0,0.0,0.0,0.0,0.0,0.0,0.0,0.0,0.0,0.0,0.0,0.0,0.0,0.0,0.0,0.0,0.0
0.0,0.0,0.0,0.0,0.0,0.0,0.0,0.0,0.0,0.0,0.0,0.0,0.0,0.0,0.0,0.0,0.0,0.0,0.0,0.0,0.0,0.0,0.0,0.0,0.0,0.0,0.0,0.0,0.0,0.0,0.0,0.0,0.0,0.0,0.0,0.0,0.0,0.0,0.0,0.0,0.0,0.0,0.0,0.0,0.0,0.0,0.0,0.0,0.0,0.0,0.0,0.0,0.0,0.0,0.0,0.0,0.0,0.0,0.0,0.0,0.0,0.0,0.0,0.0,0.0,0.0,0.0,0.0,0.0,0.0,0.0,0.0,0.0,0.0,0.0,0.0,0.0,0.0,0.0,0.0,0.0,0.0,0.0,0.0,0.0,0.0,0.0,0.0,0.0,0.0,0.0,0.0,0.0,0.0,0.0,0.0,0.0,0.0,0.0,0.0,0.0,0.0,0.0,0.0,0.0,0.0,0.0,0.0,0.0,0.0,0.0,0.0,0.0,0.0,0.0,0.0,0.0,0.0,0.0,0.0,0.0,0.0,0.0,0.0,0.0,0.0,6080343.002501242,21002579.9432481,12958715.244113758,505253.7678655275,1333887.231131554,6364061.261970357,16933694.166107662,47282589.360259674,82455984.57035777,89858546.37294813,65190551.2070076,28462343.820735615,7717043.332635404,13567697.686709706,11319947.600503989,6124956.779588219,10163250.701337894,5470326.191747656,3795687.4065905227,2750158.7257409305,18546934.867260035,40217505.119713366,15934427.253665537,11177981.740245882,9634138.549946688,3454762.5205740337,1387363.9648849987,691550.2546180794,513010.6600514279,1044334.4699726067,615202.0737144137,2544821.995826305,9419671.49075399,3478930.7910401355,1971094.3282652486,0.0,0.0,0.0,0.0,0.0,0.0,0.0,0.0,0.0,0.0,0.0,0.0,0.0,0.0,0.0,0.0,0.0,0.0,0.0,0.0,0.0,0.0,0.0,0.0,0.0,0.0,0.0,0.0,0.0,0.0,0.0,0.0,0.0,0.0,0.0,0.0,0.0,0.0,0.0,0.0,0.0,0.0,0.0,0.0,0.0,0.0,0.0,0.0,0.0,0.0,0.0,0.0,0.0,0.0,0.0,0.0,0.0,0.0,0.0,0.0,0.0,0.0,0.0,0.0,0.0,0.0,0.0,0.0,0.0,0.0,0.0,0.0,0.0,0.0,0.0,0.0,0.0,0.0,0.0,0.0,0.0,0.0,0.0,0.0,0.0,0.0,0.0,0.0,0.0,0.0,0.0,0.0,0.0,0.0,0.0,0.0
0.0,0.0,0.0,0.0,0.0,0.0,0.0,0.0,0.0,0.0,0.0,0.0,0.0,0.0,0.0,0.0,0.0,0.0,0.0,0.0,0.0,0.0,0.0,0.0,0.0,0.0,0.0,0.0,0.0,0.0,0.0,0.0,0.0,0.0,0.0,0.0,0.0,0.0,0.0,0.0,0.0,0.0,0.0,0.0,0.0,0.0,0.0,0.0,0.0,0.0,0.0,0.0,0.0,0.0,0.0,0.0,0.0,0.0,0.0,0.0,0.0,0.0,0.0,0.0,0.0,0.0,0.0,0.0,0.0,0.0,0.0,0.0,0.0,0.0,0.0,0.0,0.0,0.0,0.0,0.0,0.0,0.0,0.0,0.0,0.0,0.0,0.0,0.0,0.0,0.0,0.0,0.0,0.0,0.0,0.0,0.0,0.0,0.0,0.0,0.0,0.0,0.0,0.0,0.0,0.0,0.0,0.0,0.0,0.0,0.0,0.0,0.0,0.0,0.0,0.0,0.0,0.0,0.0,0.0,0.0,0.0,0.0,0.0,0.0,0.0,0.0,0.0,5158450.958483096,4929594.648258742,14124693.139747055,15586466.537903922,45275934.82402354,33069900.025753,34152882.33939584,38770669.69641387,124327850.87593287,115316237.26645043,55244390.27910061,22808616.4477997,11162268.834695693,18843193.16312282,16298619.139491526,5144476.0304316385,3899616.347643553,7158540.016282727,6305367.473079732,19896876.545844547,20680562.12455172,4546779.161053916,4047436.4032673175,7392621.76601226,1732053.361371846,1200414.6373703592,2110187.6724751154,2464833.6801651306,2502607.1366373263,3110168.0652770055,13190885.571157098,4920674.211894362,4702080.64881321,2115659.8899668315,0.0,0.0,0.0,0.0,0.0,0.0,0.0,0.0,0.0,0.0,0.0,0.0,0.0,0.0,0.0,0.0,0.0,0.0,0.0,0.0,0.0,0.0,0.0,0.0,0.0,0.0,0.0,0.0,0.0,0.0,0.0,0.0,0.0,0.0,0.0,0.0,0.0,0.0,0.0,0.0,0.0,0.0,0.0,0.0,0.0,0.0,0.0,0.0,0.0,0.0,0.0,0.0,0.0,0.0,0.0,0.0,0.0,0.0,0.0,0.0,0.0,0.0,0.0,0.0,0.0,0.0,0.0,0.0,0.0,0.0,0.0,0.0,0.0,0.0,0.0,0.0,0.0,0.0,0.0,0.0,0.0,0.0,0.0,0.0,0.0,0.0,0.0,0.0,0.0,0.0,0.0,0.0,0.0,0.0,0.0,0.0
0.0,0.0,0.0,0.0,0.0,0.0,0.0,0.0,0.0,0.0,0.0,0.0,0.0,0.0,0.0,0.0,0.0,0.0,0.0,0.0,0.0,0.0,0.0,0.0,0.0,0.0,0.0,0.0,0.0,0.0,0.0,0.0,0.0,0.0,0.0,0.0,0.0,0.0,0.0,0.0,0.0,0.0,0.0,0.0,0.0,0.0,0.0,0.0,0.0,0.0,0.0,0.0,0.0,0.0,0.0,0.0,0.0,0.0,0.0,0.0,0.0,0.0,0.0,0.0,0.0,0.0,0.0,0.0,0.0,0.0,0.0,0.0,0.0,0.0,0.0,0.0,0.0,0.0,0.0,0.0,0.0,0.0,0.0,0.0,0.0,0.0,0.0,0.0,0.0,0.0,0.0,0.0,0.0,0.0,0.0,0.0,0.0,0.0,0.0,0.0,0.0,0.0,0.0,0.0,0.0,0.0,0.0,0.0,0.0,0.0,0.0,0.0,0.0,0.0,0.0,0.0,0.0,0.0,0.0,0.0,0.0,0.0,0.0,0.0,0.0,0.0,0.0,0.0,0.0,1660585.5228522778,848364.5411413633,5967151.881032107,15148366.62512997,10487439.883642493,8544430.04311534,131743078.22249307,98301252.96170859,56847253.90822521,18962289.911912907,15130154.361274205,7653852.846939197,4321591.021096544,2978906.776278775,2392916.667306016,2726622.1421797024,2803471.603387062,2204218.4888930367,1609133.5094074523,3413099.991709184,2169416.425929512,1571367.0636133982,3119197.273430639,2662681.6826842404,1792165.1981917745,3336583.0757406577,3364588.165956719,2326081.101881577,8522869.048827685,3256359.6535386713,1847438.9954984968,1903802.5427139406,25611.076787876995,0.0,0.0,0.0,0.0,0.0,0.0,0.0,0.0,0.0,0.0,0.0,0.0,0.0,0.0,0.0,0.0,0.0,0.0,0.0,0.0,0.0,0.0,0.0,0.0,0.0,0.0,0.0,0.0,0.0,0.0,0.0,0.0,0.0,0.0,0.0,0.0,0.0,0.0,0.0,0.0,0.0,0.0,0.0,0.0,0.0,0.0,0.0,0.0,0.0,0.0,0.0,0.0,0.0,0.0,0.0,0.0,0.0,0.0,0.0,0.0,0.0,0.0,0.0,0.0,0.0,0.0,0.0,0.0,0.0,0.0,0.0,0.0,0.0,0.0,0.0,0.0,0.0,0.0,0.0,0.0,0.0,0.0,0.0,0.0,0.0,0.0,0.0,0.0,0.0,0.0,0.0,0.0,0.0,0.0,0.0
0.0,0.0,0.0,0.0,0.0,0.0,0.0,0.0,0.0,0.0,0.0,0.0,0.0,0.0,0.0,0.0,0.0,0.0,0.0,0.0,0.0,0.0,0.0,0.0,0.0,0.0,0.0,0.0,0.0,0.0,0.0,0.0,0.0,0.0,0.0,0.0,0.0,0.0,0.0,0.0,0.0,0.0,0.0,0.0,0.0,0.0,0.0,0.0,0.0,0.0,0.0,0.0,0.0,0.0,0.0,0.0,0.0,0.0,0.0,0.0,0.0,0.0,0.0,0.0,0.0,0.0,0.0,0.0,0.0,0.0,0.0,0.0,0.0,0.0,0.0,0.0,0.0,0.0,0.0,0.0,0.0,0.0,0.0,0.0,0.0,0.0,0.0,0.0,0.0,0.0,0.0,0.0,0.0,0.0,0.0,0.0,0.0,0.0,0.0,0.0,0.0,0.0,0.0,0.0,0.0,0.0,0.0,0.0,0.0,0.0,0.0,0.0,0.0,0.0,0.0,0.0,0.0,0.0,0.0,0.0,0.0,0.0,0.0,0.0,0.0,0.0,0.0,0.0,0.0,0.0,0.0,0.0,0.0,0.0,2607872.16878297,73104763.60127479,62768892.41308008,25954681.390109066,34324243.0439362,21116288.248565428,17763117.214866836,4498872.069307584,2094300.1174560317,3346502.377309349,4591512.693719159,11703159.899729582,9969121.124991225,6041185.071978437,3660919.668611636,1490304.9636998512,2537228.162880048,1156308.1461939344,6514612.0540958885,2678563.024837002,519198.3068648282,1210671.3099939355,1700490.143304403,2535610.4714926938,2204488.783944266,965274.4625501103,1139646.0833908953,189234.86733022204,0.0,0.0,0.0,0.0,0.0,0.0,0.0,0.0,0.0,0.0,0.0,0.0,0.0,0.0,0.0,0.0,0.0,0.0,0.0,0.0,0.0,0.0,0.0,0.0,0.0,0.0,0.0,0.0,0.0,0.0,0.0,0.0,0.0,0.0,0.0,0.0,0.0,0.0,0.0,0.0,0.0,0.0,0.0,0.0,0.0,0.0,0.0,0.0,0.0,0.0,0.0,0.0,0.0,0.0,0.0,0.0,0.0,0.0,0.0,0.0,0.0,0.0,0.0,0.0,0.0,0.0,0.0,0.0,0.0,0.0,0.0,0.0,0.0,0.0,0.0,0.0,0.0,0.0,0.0,0.0,0.0,0.0,0.0,0.0,0.0,0.0,0.0,0.0,0.0,0.0,0.0,0.0,0.0,0.0,0.0
0.0,0.0,0.0,0.0,0.0,0.0,0.0,0.0,0.0,0.0,0.0,0.0,0.0,0.0,0.0,0.0,0.0,0.0,0.0,0.0,0.0,0.0,0.0,0.0,0.0,0.0,0.0,0.0,0.0,0.0,0.0,0.0,0.0,0.0,0.0,0.0,0.0,0.0,0.0,0.0,0.0,0.0,0.0,0.0,0.0,0.0,0.0,0.0,0.0,0.0,0.0,0.0,0.0,0.0,0.0,0.0,0.0,0.0,0.0,0.0,0.0,0.0,0.0,0.0,0.0,0.0,0.0,0.0,0.0,0.0,0.0,0.0,0.0,0.0,0.0,0.0,0.0,0.0,0.0,0.0,0.0,0.0,0.0,0.0,0.0,0.0,0.0,0.0,0.0,0.0,0.0,0.0,0.0,0.0,0.0,0.0,0.0,0.0,0.0,0.0,0.0,0.0,0.0,0.0,0.0,0.0,0.0,0.0,0.0,0.0,0.0,0.0,0.0,0.0,0.0,0.0,0.0,0.0,0.0,0.0,0.0,0.0,0.0,0.0,0.0,0.0,0.0,0.0,0.0,0.0,0.0,0.0,0.0,0.0,0.0,27040620.949164376,71702613.02701573,13330980.912052125,28176543.61747245,24225723.226644177,11283361.278319232,10220038.843226682,9548973.088017752,3019396.2717549475,1505082.8547417405,1564258.209849317,1204624.2257247702,1006043.3841763457,2154515.461068361,2222647.4848319814,2198264.4132387033,1685232.9882937598,1261085.410231532,1255499.5411785068,2146408.71552574,2180504.7808644897,6551696.283987245,1323937.0566793163,2231478.4911939837,863227.17957641,1050960.1380075237,261092.5058831615,0.0,0.0,0.0,0.0,0.0,0.0,0.0,0.0,0.0,0.0,0.0,0.0,0.0,0.0,0.0,0.0,0.0,0.0,0.0,0.0,0.0,0.0,0.0,0.0,0.0,0.0,0.0,0.0,0.0,0.0,0.0,0.0,0.0,0.0,0.0,0.0,0.0,0.0,0.0,0.0,0.0,0.0,0.0,0.0,0.0,0.0,0.0,0.0,0.0,0.0,0.0,0.0,0.0,0.0,0.0,0.0,0.0,0.0,0.0,0.0,0.0,0.0,0.0,0.0,0.0,0.0,0.0,0.0,0.0,0.0,0.0,0.0,0.0,0.0,0.0,0.0,0.0,0.0,0.0,0.0,0.0,0.0,0.0,0.0,0.0,0.0,0.0,0.0,0.0,0.0,0.0,0.0,0.0,0.0,0.0
0.0,0.0,0.0,0.0,0.0,0.0,0.0,0.0,0.0,0.0,0.0,0.0,0.0,0.0,0.0,0.0,0.0,0.0,0.0,0.0,0.0,0.0,0.0,0.0,0.0,0.0,0.0,0.0,0.0,0.0,0.0,0.0,0.0,0.0,0.0,0.0,0.0,0.0,0.0,0.0,0.0,0.0,0.0,0.0,0.0,0.0,0.0,0.0,0.0,0.0,0.0,0.0,0.0,0.0,0.0,0.0,0.0,0.0,0.0,0.0,0.0,0.0,0.0,0.0,0.0,0.0,0.0,0.0,0.0,0.0,0.0,0.0,0.0,0.0,0.0,0.0,0.0,0.0,0.0,0.0,0.0,0.0,0.0,0.0,0.0,0.0,0.0,0.0,0.0,0.0,0.0,0.0,0.0,0.0,0.0,0.0,0.0,0.0,0.0,0.0,0.0,0.0,0.0,0.0,0.0,0.0,0.0,0.0,0.0,0.0,0.0,0.0,0.0,0.0,0.0,0.0,0.0,0.0,0.0,0.0,0.0,0.0,0.0,0.0,0.0,0.0,0.0,0.0,0.0,0.0,0.0,0.0,0.0,0.0,0.0,940012.9674879205,47043322.094444856,32403788.073975362,7986022.373515408,40567596.57055429,29649841.39244237,32315008.823165856,19145583.689351745,7657052.928769434,9770556.468373356,5296318.836221792,2440710.154286484,3455899.7074387497,3686017.6348954267,1677097.8823857098,1356155.5278196833,3261039.438232573,2159598.090454669,1834648.3839001283,1010873.6250197608,951214.0788221916,1380991.285683325,1059143.5561008048,1467628.6948433788,1566504.7676039804,3479061.630433757,1965011.5555140385,0.0,0.0,0.0,0.0,0.0,0.0,0.0,0.0,0.0,0.0,0.0,0.0,0.0,0.0,0.0,0.0,0.0,0.0,0.0,0.0,0.0,0.0,0.0,0.0,0.0,0.0,0.0,0.0,0.0,0.0,0.0,0.0,0.0,0.0,0.0,0.0,0.0,0.0,0.0,0.0,0.0,0.0,0.0,0.0,0.0,0.0,0.0,0.0,0.0,0.0,0.0,0.0,0.0,0.0,0.0,0.0,0.0,0.0,0.0,0.0,0.0,0.0,0.0,0.0,0.0,0.0,0.0,0.0,0.0,0.0,0.0,0.0,0.0,0.0,0.0,0.0,0.0,0.0,0.0,0.0,0.0,0.0,0.0,0.0,0.0,0.0,0.0,0.0,0.0,0.0,0.0,0.0,0.0,0.0,0.0
0.0,0.0,0.0,0.0,0.0,0.0,0.0,0.0,0.0,0.0,0.0,0.0,0.0,0.0,0.0,0.0,0.0,0.0,0.0,0.0,0.0,0.0,0.0,0.0,0.0,0.0,0.0,0.0,0.0,0.0,0.0,0.0,0.0,0.0,0.0,0.0,0.0,0.0,0.0,0.0,0.0,0.0,0.0,0.0,0.0,0.0,0.0,0.0,0.0,0.0,0.0,0.0,0.0,0.0,0.0,0.0,0.0,0.0,0.0,0.0,0.0,0.0,0.0,0.0,0.0,0.0,0.0,0.0,0.0,0.0,0.0,0.0,0.0,0.0,0.0,0.0,0.0,0.0,0.0,0.0,0.0,0.0,0.0,0.0,0.0,0.0,0.0,0.0,0.0,0.0,0.0,0.0,0.0,0.0,0.0,0.0,0.0,0.0,0.0,0.0,0.0,0.0,0.0,0.0,0.0,0.0,0.0,0.0,0.0,0.0,0.0,0.0,0.0,0.0,0.0,0.0,0.0,0.0,0.0,0.0,0.0,0.0,0.0,0.0,0.0,0.0,0.0,0.0,0.0,0.0,0.0,0.0,0.0,0.0,0.0,0.0,14563901.163452085,16032002.429327592,463329.659244639,14413212.316541761,19853819.506413292,36206690.91216428,52825816.400506556,28221412.404258784,51827954.946956955,21840522.264357246,7803386.651309943,4412054.843983098,3358604.273501572,5158532.4288721755,3487332.2648053593,3431231.7239975864,1985344.60519013,7594574.334576035,2334007.219268602,2403702.896353268,2514043.3271050984,2706549.5538475923,3707127.4333995758,1493312.9263103614,1099514.3850018803,254322.45457411883,0.0,0.0,0.0,0.0,0.0,0.0,0.0,0.0,0.0,0.0,0.0,0.0,0.0,0.0,0.0,0.0,0.0,0.0,0.0,0.0,0.0,0.0,0.0,0.0,0.0,0.0,0.0,0.0,0.0,0.0,0.0,0.0,0.0,0.0,0.0,0.0,0.0,0.0,0.0,0.0,0.0,0.0,0.0,0.0,0.0,0.0,0.0,0.0,0.0,0.0,0.0,0.0,0.0,0.0,0.0,0.0,0.0,0.0,0.0,0.0,0.0,0.0,0.0,0.0,0.0,0.0,0.0,0.0,0.0,0.0,0.0,0.0,0.0,0.0,0.0,0.0,0.0,0.0,0.0,0.0,0.0,0.0,0.0,0.0,0.0,0.0,0.0,0.0,0.0,0.0,0.0,0.0,0.0,0.0,0.0
0.0,0.0,0.0,0.0,0.0,0.0,0.0,0.0,0.0,0.0,0.0,0.0,0.0,0.0,0.0,0.0,0.0,0.0,0.0,0.0,0.0,0.0,0.0,0.0,0.0,0.0,0.0,0.0,0.0,0.0,0.0,0.0,0.0,0.0,0.0,0.0,0.0,0.0,0.0,0.0,0.0,0.0,0.0,0.0,0.0,0.0,0.0,0.0,0.0,0.0,0.0,0.0,0.0,0.0,0.0,0.0,0.0,0.0,0.0,0.0,0.0,0.0,0.0,0.0,0.0,0.0,0.0,0.0,0.0,0.0,0.0,0.0,0.0,0.0,0.0,0.0,0.0,0.0,0.0,0.0,0.0,0.0,0.0,0.0,0.0,0.0,0.0,0.0,0.0,0.0,0.0,0.0,0.0,0.0,0.0,0.0,0.0,0.0,0.0,0.0,0.0,0.0,0.0,0.0,0.0,0.0,0.0,0.0,0.0,0.0,0.0,0.0,0.0,0.0,0.0,0.0,0.0,0.0,0.0,0.0,0.0,0.0,0.0,0.0,0.0,0.0,0.0,0.0,0.0,0.0,0.0,0.0,0.0,0.0,0.0,0.0,2649061.662185288,13411646.400624959,4260808.536853501,5684628.132404511,8612421.898091491,6879605.089863722,16379665.285486171,12225744.881434716,9130153.992207855,6403092.683041345,685577.8728267452,3567638.8932888117,1527268.4585978084,3251618.1495217485,875726.2096309424,2541241.5740958387,2982396.787978782,1173010.7753023484,624677.2868323353,628949.6432075405,1192255.9494963402,2690816.5236395537,903329.2627852235,94670.56484204045,237304.00673779,105764.52179080593,0.0,0.0,0.0,0.0,0.0,0.0,0.0,0.0,0.0,0.0,0.0,0.0,0.0,0.0,0.0,0.0,0.0,0.0,0.0,0.0,0.0,0.0,0.0,0.0,0.0,0.0,0.0,0.0,0.0,0.0,0.0,0.0,0.0,0.0,0.0,0.0,0.0,0.0,0.0,0.0,0.0,0.0,0.0,0.0,0.0,0.0,0.0,0.0,0.0,0.0,0.0,0.0,0.0,0.0,0.0,0.0,0.0,0.0,0.0,0.0,0.0,0.0,0.0,0.0,0.0,0.0,0.0,0.0,0.0,0.0,0.0,0.0,0.0,0.0,0.0,0.0,0.0,0.0,0.0,0.0,0.0,0.0,0.0,0.0,0.0,0.0,0.0,0.0,0.0,0.0,0.0,0.0,0.0,0.0,0.0
0.0,0.0,0.0,0.0,0.0,0.0,0.0,0.0,0.0,0.0,0.0,0.0,0.0,0.0,0.0,0.0,0.0,0.0,0.0,0.0,0.0,0.0,0.0,0.0,0.0,0.0,0.0,0.0,0.0,0.0,0.0,0.0,0.0,0.0,0.0,0.0,0.0,0.0,0.0,0.0,0.0,0.0,0.0,0.0,0.0,0.0,0.0,0.0,0.0,0.0,0.0,0.0,0.0,0.0,0.0,0.0,0.0,0.0,0.0,0.0,0.0,0.0,0.0,0.0,0.0,0.0,0.0,0.0,0.0,0.0,0.0,0.0,0.0,0.0,0.0,0.0,0.0,0.0,0.0,0.0,0.0,0.0,0.0,0.0,0.0,0.0,0.0,0.0,0.0,0.0,0.0,0.0,0.0,0.0,0.0,0.0,0.0,0.0,0.0,0.0,0.0,0.0,0.0,0.0,0.0,0.0,0.0,0.0,0.0,0.0,0.0,0.0,0.0,0.0,0.0,0.0,0.0,0.0,0.0,0.0,0.0,0.0,0.0,0.0,0.0,0.0,0.0,0.0,0.0,0.0,0.0,0.0,0.0,0.0,0.0,0.0,0.0,7082619.359445086,10456149.428920649,4460045.812164299,8309371.181503234,6495077.731584407,8764064.60976484,3794313.0197714823,5443984.283269696,6046561.934348568,3312011.061748445,7670851.989431423,5458817.404307398,3276038.6340928795,2958214.46698806,2170230.365652698,1518663.6674353904,2090827.0348980122,3063278.419861516,1774563.6408994824,973935.8370475037,1097085.5530176628,2234069.5949076614,1177759.671773828,925430.7945817318,1361596.172798628,176063.6539712239,2316.9789926622775,0.0,0.0,0.0,0.0,0.0,0.0,0.0,0.0,0.0,0.0,0.0,0.0,0.0,0.0,0.0,0.0,0.0,0.0,0.0,0.0,0.0,0.0,0.0,0.0,0.0,0.0,0.0,0.0,0.0,0.0,0.0,0.0,0.0,0.0,0.0,0.0,0.0,0.0,0.0,0.0,0.0,0.0,0.0,0.0,0.0,0.0,0.0,0.0,0.0,0.0,0.0,0.0,0.0,0.0,0.0,0.0,0.0,0.0,0.0,0.0,0.0,0.0,0.0,0.0,0.0,0.0,0.0,0.0,0.0,0.0,0.0,0.0,0.0,0.0,0.0,0.0,0.0,0.0,0.0,0.0,0.0,0.0,0.0,0.0,0.0,0.0,0.0,0.0,0.0,0.0,0.0,0.0,0.0
0.0,0.0,0.0,0.0,0.0,0.0,0.0,0.0,0.0,0.0,0.0,0.0,0.0,0.0,0.0,0.0,0.0,0.0,0.0,0.0,0.0,0.0,0.0,0.0,0.0,0.0,0.0,0.0,0.0,0.0,0.0,0.0,0.0,0.0,0.0,0.0,0.0,0.0,0.0,0.0,0.0,0.0,0.0,0.0,0.0,0.0,0.0,0.0,0.0,0.0,0.0,0.0,0.0,0.0,0.0,0.0,0.0,0.0,0.0,0.0,0.0,0.0,0.0,0.0,0.0,0.0,0.0,0.0,0.0,0.0,0.0,0.0,0.0,0.0,0.0,0.0,0.0,0.0,0.0,0.0,0.0,0.0,0.0,0.0,0.0,0.0,0.0,0.0,0.0,0.0,0.0,0.0,0.0,0.0,0.0,0.0,0.0,0.0,0.0,0.0,0.0,0.0,0.0,0.0,0.0,0.0,0.0,0.0,0.0,0.0,0.0,0.0,0.0,0.0,0.0,0.0,0.0,0.0,0.0,0.0,0.0,0.0,0.0,0.0,0.0,0.0,0.0,0.0,0.0,0.0,0.0,0.0,0.0,0.0,0.0,0.0,0.0,30727.59933473107,5810967.372109729,174462.79724922287,15220393.745730178,12482734.534897596,7162653.479436005,8160925.194612274,10384759.421469435,26322917.548246242,22547165.55411339,15979256.976708598,5782723.417557233,6082537.305659097,4082208.3617661344,9434944.238138432,5772117.778092364,8333942.261008453,3873855.5729323123,674225.1152719831,126910.79157847134,217119.73155668448,383059.85701362905,580837.9946794258,190904.34330832795,95719.91772602391,60655.535072455605,8068.542904903593,0.0,0.0,0.0,0.0,0.0,0.0,0.0,0.0,0.0,0.0,0.0,0.0,0.0,0.0,0.0,0.0,0.0,0.0,0.0,0.0,0.0,0.0,0.0,0.0,0.0,0.0,0.0,0.0,0.0,0.0,0.0,0.0,0.0,0.0,0.0,0.0,0.0,0.0,0.0,0.0,0.0,0.0,0.0,0.0,0.0,0.0,0.0,0.0,0.0,0.0,0.0,0.0,0.0,0.0,0.0,0.0,0.0,0.0,0.0,0.0,0.0,0.0,0.0,0.0,0.0,0.0,0.0,0.0,0.0,0.0,0.0,0.0,0.0,0.0,0.0,0.0,0.0,0.0,0.0,0.0,0.0,0.0,0.0,0.0,0.0,0.0,0.0,0.0,0.0,0.0,0.0,0.0,0.0
0.0,0.0,0.0,0.0,0.0,0.0,0.0,0.0,0.0,0.0,0.0,0.0,0.0,0.0,0.0,0.0,0.0,0.0,0.0,0.0,0.0,0.0,0.0,0.0,0.0,0.0,0.0,0.0,0.0,0.0,0.0,0.0,0.0,0.0,0.0,0.0,0.0,0.0,0.0,0.0,0.0,0.0,0.0,0.0,0.0,0.0,0.0,0.0,0.0,0.0,0.0,0.0,0.0,0.0,0.0,0.0,0.0,0.0,0.0,0.0,0.0,0.0,0.0,0.0,0.0,0.0,0.0,0.0,0.0,0.0,0.0,0.0,0.0,0.0,0.0,0.0,0.0,0.0,0.0,0.0,0.0,0.0,0.0,0.0,0.0,0.0,0.0,0.0,0.0,0.0,0.0,0.0,0.0,0.0,0.0,0.0,0.0,0.0,0.0,0.0,0.0,0.0,0.0,0.0,0.0,0.0,0.0,0.0,0.0,0.0,0.0,0.0,0.0,0.0,0.0,0.0,0.0,0.0,0.0,0.0,0.0,0.0,0.0,0.0,0.0,0.0,0.0,0.0,0.0,0.0,0.0,0.0,0.0,0.0,0.0,0.0,0.0,0.0,1388256.5664983443,816217.9351846625,8174031.052708227,7024992.090689773,2949580.1706156493,4228331.665114356,9759137.74133472,18937235.424159173,23219747.39855232,16570090.821731722,23713434.82413402,27931894.139218323,21715181.212871235,5489579.2740154555,3048871.8287717192,4255784.457315339,3152388.5600910373,2183648.9243527707,3948523.520999143,903808.9956104117,1169960.0315555595,270914.4009635192,107966.8637355855,121368.77724905263,37969.29406259616,33885.91704881782,17503.33005780733,3804.6583953139507,0.0,0.0,0.0,0.0,0.0,0.0,0.0,0.0,0.0,0.0,0.0,0.0,0.0,0.0,0.0,0.0,0.0,0.0,0.0,0.0,0.0,0.0,0.0,0.0,0.0,0.0,0.0,0.0,0.0,0.0,0.0,0.0,0.0,0.0,0.0,0.0,0.0,0.0,0.0,0.0,0.0,0.0,0.0,0.0,0.0,0.0,0.0,0.0,0.0,0.0,0.0,0.0,0.0,0.0,0.0,0.0,0.0,0.0,0.0,0.0,0.0,0.0,0.0,0.0,0.0,0.0,0.0,0.0,0.0,0.0,0.0,0.0,0.0,0.0,0.0,0.0,0.0,0.0,0.0,0.0,0.0,0.0,0.0,0.0,0.0,0.0,0.0,0.0,0.0,0.0,0.0
0.0,0.0,0.0,0.0,0.0,0.0,0.0,0.0,0.0,0.0,0.0,0.0,0.0,0.0,0.0,0.0,0.0,0.0,0.0,0.0,0.0,0.0,0.0,0.0,0.0,0.0,0.0,0.0,0.0,0.0,0.0,0.0,0.0,0.0,0.0,0.0,0.0,0.0,0.0,0.0,0.0,0.0,0.0,0.0,0.0,0.0,0.0,0.0,0.0,0.0,0.0,0.0,0.0,0.0,0.0,0.0,0.0,0.0,0.0,0.0,0.0,0.0,0.0,0.0,0.0,0.0,0.0,0.0,0.0,0.0,0.0,0.0,0.0,0.0,0.0,0.0,0.0,0.0,0.0,0.0,0.0,0.0,0.0,0.0,0.0,0.0,0.0,0.0,0.0,0.0,0.0,0.0,0.0,0.0,0.0,0.0,0.0,0.0,0.0,0.0,0.0,0.0,0.0,0.0,0.0,0.0,0.0,0.0,0.0,0.0,0.0,0.0,0.0,0.0,0.0,0.0,0.0,0.0,0.0,0.0,0.0,0.0,0.0,0.0,0.0,0.0,0.0,0.0,0.0,0.0,0.0,0.0,0.0,0.0,0.0,0.0,0.0,0.0,0.0,477952.6794776673,1833251.647753636,9783552.937054662,22046030.995941963,58312882.12759356,42321022.42963285,21440202.577712983,34052651.17127479,31620033.01155433,40991374.466974206,22141070.17033507,6817137.339192998,3326884.344811677,4157783.7377252164,3381288.604305226,2135969.5879229046,1556961.1959708817,1991560.809971772,952567.319487346,1095322.2784641527,1167747.7078596277,357651.7829677686,513592.26982642384,832185.9022694856,27262.78261471943,8835.72838924068,6798.457984391773,1111.4086147905202,6920.598180282102,0.0,26.529076404968947,0.0,0.0,0.0,0.0,0.0,0.0,0.0,0.0,0.0,0.0,0.0,0.0,0.0,0.0,0.0,0.0,0.0,0.0,0.0,0.0,0.0,0.0,0.0,0.0,0.0,0.0,0.0,0.0,0.0,0.0,0.0,0.0,0.0,0.0,0.0,0.0,0.0,0.0,0.0,0.0,0.0,0.0,0.0,0.0,0.0,0.0,0.0,0.0,0.0,0.0,0.0,0.0,0.0,0.0,0.0,0.0,0.0,0.0,0.0,0.0,0.0,0.0,0.0,0.0,0.0,0.0,0.0,0.0,0.0,0.0,0.0,0.0,0.0,0.0,0.0,0.0,0.0,0.0,0.0,0.0,0.0,0.0,0.0,0.0,0.0,0.0,0.0
0.0,0.0,0.0,0.0,0.0,0.0,0.0,0.0,0.0,0.0,0.0,0.0,0.0,0.0,0.0,0.0,0.0,0.0,0.0,0.0,0.0,0.0,0.0,0.0,0.0,0.0,0.0,0.0,0.0,0.0,0.0,0.0,0.0,0.0,0.0,0.0,0.0,0.0,0.0,0.0,0.0,0.0,0.0,0.0,0.0,0.0,0.0,0.0,0.0,0.0,0.0,0.0,0.0,0.0,0.0,0.0,0.0,0.0,0.0,0.0,0.0,0.0,0.0,0.0,0.0,0.0,0.0,0.0,0.0,0.0,0.0,0.0,0.0,0.0,0.0,0.0,0.0,0.0,0.0,0.0,0.0,0.0,0.0,0.0,0.0,0.0,0.0,0.0,0.0,0.0,0.0,0.0,0.0,0.0,0.0,0.0,0.0,0.0,0.0,0.0,0.0,0.0,0.0,0.0,0.0,0.0,0.0,0.0,0.0,0.0,0.0,0.0,0.0,0.0,0.0,0.0,0.0,0.0,0.0,0.0,0.0,0.0,0.0,0.0,0.0,0.0,0.0,0.0,0.0,0.0,0.0,0.0,0.0,0.0,0.0,0.0,0.0,0.0,0.0,0.0,0.0,7130752.71289226,14596798.225581106,27366839.773595717,21447672.393973768,34922299.2024249,89257564.07629973,89414506.4907674,27507898.523121506,18838275.38913864,13626914.321690219,12605734.013734534,12273025.152606912,4859953.036408747,2462959.323388287,1963242.2019906063,2651869.797396055,2436202.1841704734,1529869.31309115,2162850.007699118,1477792.282500558,199706.89396669215,131029.42354696314,389909.46668717114,13150.663526344919,30574.939736617394,403407.90336636186,10021.288145062419,3431.7534317278523,135.00324713351657,12248.771006104198,9287.816008755068,26833.206627831332,964.7610286072445,0.0,0.0,0.0,0.0,0.0,0.0,0.0,0.0,0.0,0.0,0.0,0.0,0.0,0.0,0.0,0.0,0.0,0.0,0.0,0.0,0.0,0.0,0.0,0.0,0.0,0.0,0.0,0.0,0.0,0.0,0.0,0.0,0.0,0.0,0.0,0.0,0.0,0.0,0.0,0.0,0.0,0.0,0.0,0.0,0.0,0.0,0.0,0.0,0.0,0.0,0.0,0.0,0.0,0.0,0.0,0.0,0.0,0.0,0.0,0.0,0.0,0.0,0.0,0.0,0.0,0.0,0.0,0.0,0.0,0.0,0.0,0.0,0.0,0.0,0.0,0.0,0.0,0.0,0.0,0.0,0.0,0.0,0.0
0.0,0.0,0.0,0.0,0.0,0.0,0.0,0.0,0.0,0.0,0.0,0.0,0.0,0.0,0.0,0.0,0.0,0.0,0.0,0.0,0.0,0.0,0.0,0.0,0.0,0.0,0.0,0.0,0.0,0.0,0.0,0.0,0.0,0.0,0.0,0.0,0.0,0.0,0.0,0.0,0.0,0.0,0.0,0.0,0.0,0.0,0.0,0.0,0.0,0.0,0.0,0.0,0.0,0.0,0.0,0.0,0.0,0.0,0.0,0.0,0.0,0.0,0.0,0.0,0.0,0.0,0.0,0.0,0.0,0.0,0.0,0.0,0.0,0.0,0.0,0.0,0.0,0.0,0.0,0.0,0.0,0.0,0.0,0.0,0.0,0.0,0.0,0.0,0.0,0.0,0.0,0.0,0.0,0.0,0.0,0.0,0.0,0.0,0.0,0.0,0.0,0.0,0.0,0.0,0.0,0.0,0.0,0.0,0.0,0.0,0.0,0.0,0.0,0.0,0.0,0.0,0.0,0.0,0.0,0.0,0.0,0.0,0.0,0.0,0.0,0.0,0.0,0.0,0.0,0.0,0.0,0.0,0.0,0.0,0.0,0.0,0.0,0.0,0.0,0.0,0.0,488181.80023045023,9459538.291270155,16766778.76882805,15289448.391243747,30811709.84018866,22328743.116048202,12246820.25817212,15368914.921927176,3492034.262458802,5360120.121583728,10027324.906537991,6253688.805261679,6727288.552691149,4877500.448293479,5505400.492964165,3710583.5341520854,2850843.452773666,1457171.848614357,1269506.5025510145,1339484.9542709335,937634.3358905849,599504.3836283522,159009.53024652356,18105.490419325553,45968.14874995075,33423.599487903484,10765.23435655639,12953.219080656045,4611.994419813978,2768.2095706195732,122.5724753249496,1168.5331573690535,4269.05994704573,6241.649135646457,252.68377543363562,0.0,0.0,0.0,0.0,0.0,0.0,0.0,0.0,0.0,0.0,0.0,0.0,0.0,0.0,0.0,0.0,0.0,0.0,0.0,0.0,0.0,0.0,0.0,0.0,0.0,0.0,0.0,0.0,0.0,0.0,0.0,0.0,0.0,0.0,0.0,0.0,0.0,0.0,0.0,0.0,0.0,0.0,0.0,0.0,0.0,0.0,0.0,0.0,0.0,0.0,0.0,0.0,0.0,0.0,0.0,0.0,0.0,0.0,0.0,0.0,0.0,0.0,0.0,0.0,0.0,0.0,0.0,0.0,0.0,0.0,0.0,0.0,0.0,0.0,0.0,0.0,0.0,0.0,0.0,0.0,0.0
0.0,0.0,0.0,0.0,0.0,0.0,0.0,0.0,0.0,0.0,0.0,0.0,0.0,0.0,0.0,0.0,0.0,0.0,0.0,0.0,0.0,0.0,0.0,0.0,0.0,0.0,0.0,0.0,0.0,0.0,0.0,0.0,0.0,0.0,0.0,0.0,0.0,0.0,0.0,0.0,0.0,0.0,0.0,0.0,0.0,0.0,0.0,0.0,0.0,0.0,0.0,0.0,0.0,0.0,0.0,0.0,0.0,0.0,0.0,0.0,0.0,0.0,0.0,0.0,0.0,0.0,0.0,0.0,0.0,0.0,0.0,0.0,0.0,0.0,0.0,0.0,0.0,0.0,0.0,0.0,0.0,0.0,0.0,0.0,0.0,0.0,0.0,0.0,0.0,0.0,0.0,0.0,0.0,0.0,0.0,0.0,0.0,0.0,0.0,0.0,0.0,0.0,0.0,0.0,0.0,0.0,0.0,0.0,0.0,0.0,0.0,0.0,0.0,0.0,0.0,0.0,0.0,0.0,0.0,0.0,0.0,0.0,0.0,0.0,0.0,0.0,0.0,0.0,0.0,0.0,0.0,0.0,0.0,0.0,0.0,0.0,0.0,0.0,0.0,0.0,0.0,387180.77966196387,1959527.3041568706,7698427.2186864745,10243591.051231785,13255874.3532368,3988239.446100597,0.0,3088037.3335235184,896875.8704870129,0.0,0.0,100659.01746676373,4773581.838753495,22499816.153771564,19612519.373666123,4697250.223005378,10900399.528228205,2739637.096450292,1837755.6457628915,1873677.4442582987,998539.0531204722,1009857.5774769866,487958.4713111153,117997.65651710653,33520.08950292194,200639.60782760818,219013.3485634446,35442.201586820804,7711.839084439849,8424.596633973357,3293.6079843791154,8239.856233880582,2124.980059985518,1283.0656378445678,1131.5205994543862,1465.4799153869965,14485.652438092086,0.0,0.0,0.0,0.0,0.0,0.0,0.0,0.0,0.0,0.0,0.0,0.0,0.0,0.0,0.0,0.0,0.0,0.0,0.0,0.0,0.0,0.0,0.0,0.0,0.0,0.0,0.0,0.0,0.0,0.0,0.0,0.0,0.0,0.0,0.0,0.0,0.0,0.0,0.0,0.0,0.0,0.0,0.0,0.0,0.0,0.0,0.0,0.0,0.0,0.0,0.0,0.0,0.0,0.0,0.0,0.0,0.0,0.0,0.0,0.0,0.0,0.0,0.0,0.0,0.0,0.0,0.0,0.0,0.0,0.0,0.0,0.0,0.0,0.0,0.0,0.0,0.0,0.0,0.0
0.0,0.0,0.0,0.0,0.0,0.0,0.0,0.0,0.0,0.0,0.0,0.0,0.0,0.0,0.0,0.0,0.0,0.0,0.0,0.0,0.0,0.0,0.0,0.0,0.0,0.0,0.0,0.0,0.0,0.0,0.0,0.0,0.0,0.0,0.0,0.0,0.0,0.0,0.0,0.0,0.0,0.0,0.0,0.0,0.0,0.0,0.0,0.0,0.0,0.0,0.0,0.0,0.0,0.0,0.0,0.0,0.0,0.0,0.0,0.0,0.0,0.0,0.0,0.0,0.0,0.0,0.0,0.0,0.0,0.0,0.0,0.0,0.0,0.0,0.0,0.0,0.0,0.0,0.0,0.0,0.0,0.0,0.0,0.0,0.0,0.0,0.0,0.0,0.0,0.0,0.0,0.0,0.0,0.0,0.0,0.0,0.0,0.0,0.0,0.0,0.0,0.0,0.0,0.0,0.0,0.0,0.0,0.0,0.0,0.0,0.0,0.0,0.0,0.0,0.0,0.0,0.0,0.0,0.0,0.0,0.0,0.0,0.0,0.0,0.0,0.0,0.0,0.0,0.0,0.0,0.0,0.0,0.0,0.0,0.0,0.0,0.0,0.0,0.0,0.0,0.0,2750651.427627309,9157334.068537466,15220136.97585602,5330017.520659176,114383.6070246018,0.0,0.0,0.0,0.0,0.0,0.0,0.0,0.0,37486.43268630965,1486459.4172555222,7700775.60100066,3112642.426957024,4688528.109189797,5528578.9306795895,2544285.932570255,4114644.0332181742,1586515.2247554038,207886.90277160463,105302.97300096358,664270.8629794631,434580.0385687853,20255.063129918326,10738.626799035668,8131.13664096862,4198.929445825714,5697.341877133063,6040.082900274646,3394.3556656494216,1511.7176551124123,92719.75253890542,25632.919113235286,23553.61704372075,0.0,0.0,0.0,0.0,0.0,0.0,0.0,0.0,0.0,0.0,0.0,0.0,0.0,0.0,0.0,0.0,0.0,0.0,0.0,0.0,0.0,0.0,0.0,0.0,0.0,0.0,0.0,0.0,0.0,0.0,0.0,0.0,0.0,0.0,0.0,0.0,0.0,0.0,0.0,0.0,0.0,0.0,0.0,0.0,0.0,0.0,0.0,0.0,0.0,0.0,0.0,0.0,0.0,0.0,0.0,0.0,0.0,0.0,0.0,0.0,0.0,0.0,0.0,0.0,0.0,0.0,0.0,0.0,0.0,0.0,0.0,0.0,0.0,0.0,0.0,0.0,0.0,0.0,0.0
0.0,0.0,0.0,0.0,0.0,0.0,0.0,0.0,0.0,0.0,0.0,0.0,0.0,0.0,0.0,0.0,0.0,0.0,0.0,0.0,0.0,0.0,0.0,0.0,0.0,0.0,0.0,0.0,0.0,0.0,0.0,0.0,0.0,0.0,0.0,0.0,0.0,0.0,0.0,0.0,0.0,0.0,0.0,0.0,0.0,0.0,0.0,0.0,0.0,0.0,0.0,0.0,0.0,0.0,0.0,0.0,0.0,0.0,0.0,0.0,0.0,0.0,0.0,0.0,0.0,0.0,0.0,0.0,0.0,0.0,0.0,0.0,0.0,0.0,0.0,0.0,0.0,0.0,0.0,0.0,0.0,0.0,0.0,0.0,0.0,0.0,0.0,0.0,0.0,0.0,0.0,0.0,0.0,0.0,0.0,0.0,0.0,0.0,0.0,0.0,0.0,0.0,0.0,0.0,0.0,0.0,0.0,0.0,0.0,0.0,0.0,0.0,0.0,0.0,0.0,0.0,0.0,0.0,0.0,0.0,0.0,0.0,0.0,0.0,0.0,0.0,0.0,0.0,0.0,0.0,0.0,0.0,0.0,0.0,0.0,0.0,0.0,0.0,0.0,0.0,0.0,230389.1787860871,4706.620482073385,12280019.982714482,1820216.601075748,651818.0778263134,665254.887112854,0.0,0.0,0.0,0.0,0.0,0.0,0.0,0.0,490767.74579571345,4019421.787709295,2633224.576816406,3214765.1429595784,3004284.5561701367,7735216.25678193,2534459.279023654,1475908.5302550052,859010.6104856925,1053610.7727236692,87553.43138212795,7556.742020785747,9183.988194834395,27322.350413198685,13139.954530841926,7445.658684916441,4312.206396490912,1194.8035964353394,2087.3611556140977,915.9423728129266,27058.92224561182,155234.22071335727,0.0,0.0,0.0,0.0,0.0,0.0,0.0,0.0,0.0,0.0,0.0,0.0,0.0,0.0,0.0,0.0,0.0,0.0,0.0,0.0,0.0,0.0,0.0,0.0,0.0,0.0,0.0,0.0,0.0,0.0,0.0,0.0,0.0,0.0,0.0,0.0,0.0,0.0,0.0,0.0,0.0,0.0,0.0,0.0,0.0,0.0,0.0,0.0,0.0,0.0,0.0,0.0,0.0,0.0,0.0,0.0,0.0,0.0,0.0,0.0,0.0,0.0,0.0,0.0,0.0,0.0,0.0,0.0,0.0,0.0,0.0,0.0,0.0,0.0,0.0,0.0,0.0,0.0,0.0,0.0
0.0,0.0,0.0,0.0,0.0,0.0,0.0,0.0,0.0,0.0,0.0,0.0,0.0,0.0,0.0,0.0,0.0,0.0,0.0,0.0,0.0,0.0,0.0,0.0,0.0,0.0,0.0,0.0,0.0,0.0,0.0,0.0,0.0,0.0,0.0,0.0,0.0,0.0,0.0,0.0,0.0,0.0,0.0,0.0,0.0,0.0,0.0,0.0,0.0,0.0,0.0,0.0,0.0,0.0,0.0,0.0,0.0,0.0,0.0,0.0,0.0,0.0,0.0,0.0,0.0,0.0,0.0,0.0,0.0,0.0,0.0,0.0,0.0,0.0,0.0,0.0,0.0,0.0,0.0,0.0,0.0,0.0,0.0,0.0,0.0,0.0,0.0,0.0,0.0,0.0,0.0,0.0,0.0,0.0,0.0,0.0,0.0,0.0,0.0,0.0,0.0,0.0,0.0,0.0,0.0,0.0,0.0,0.0,0.0,0.0,0.0,0.0,0.0,0.0,0.0,0.0,0.0,0.0,0.0,0.0,0.0,0.0,0.0,0.0,0.0,0.0,0.0,0.0,0.0,0.0,0.0,0.0,0.0,0.0,0.0,0.0,0.0,0.0,0.0,0.0,0.0,2515134.4867794057,320.25693925839795,7175423.041515399,11233276.274714813,2711107.3872917946,0.0,0.0,0.0,0.0,0.0,0.0,0.0,0.0,0.0,362.95965952263987,2228928.635296321,2465062.9823648212,2081612.7103937992,1288611.287384973,1690025.7777635714,1410622.8600095303,2285132.302678667,2188573.962572079,1610888.9238067796,548240.9494608641,33286.36501157509,6484.082498151624,12060.843979115409,1204.3315232641928,5865.52034085136,5227.634933598306,3087.651992102881,5992.722134376596,5080.555637870614,352029.5844748429,1126327.8007068671,591354.9633896556,0.0,0.0,0.0,0.0,0.0,0.0,0.0,0.0,0.0,0.0,0.0,0.0,0.0,0.0,0.0,0.0,0.0,0.0,0.0,0.0,0.0,0.0,0.0,0.0,0.0,0.0,0.0,0.0,0.0,0.0,0.0,0.0,0.0,0.0,0.0,0.0,0.0,0.0,0.0,0.0,0.0,0.0,0.0,0.0,0.0,0.0,0.0,0.0,0.0,0.0,0.0,0.0,0.0,0.0,0.0,0.0,0.0,0.0,0.0,0.0,0.0,0.0,0.0,0.0,0.0,0.0,0.0,0.0,0.0,0.0,0.0,0.0,0.0,0.0,0.0,0.0,0.0,0.0,0.0
0.0,0.0,0.0,0.0,0.0,0.0,0.0,0.0,0.0,0.0,0.0,0.0,0.0,0.0,0.0,0.0,0.0,0.0,0.0,0.0,0.0,0.0,0.0,0.0,0.0,0.0,0.0,0.0,0.0,0.0,0.0,0.0,0.0,0.0,0.0,0.0,0.0,0.0,0.0,0.0,0.0,0.0,0.0,0.0,0.0,0.0,0.0,0.0,0.0,0.0,0.0,0.0,0.0,0.0,0.0,0.0,0.0,0.0,0.0,0.0,0.0,0.0,0.0,0.0,0.0,0.0,0.0,0.0,0.0,0.0,0.0,0.0,0.0,0.0,0.0,0.0,0.0,0.0,0.0,0.0,0.0,0.0,0.0,0.0,0.0,0.0,0.0,0.0,0.0,0.0,0.0,0.0,0.0,0.0,0.0,0.0,0.0,0.0,0.0,0.0,0.0,0.0,0.0,0.0,0.0,0.0,0.0,0.0,0.0,0.0,0.0,0.0,0.0,0.0,0.0,0.0,0.0,0.0,0.0,0.0,0.0,0.0,0.0,0.0,0.0,0.0,0.0,0.0,0.0,0.0,0.0,0.0,0.0,0.0,0.0,0.0,0.0,0.0,0.0,0.0,0.0,848736.221800921,55301.11371449963,0.0,11140.140319252336,0.0,0.0,0.0,0.0,0.0,0.0,0.0,0.0,0.0,0.0,0.0,11239.867156274939,1805161.6709919875,5440775.778967299,2449604.079507973,2584334.5167886415,1397590.5777263977,2570281.1989387753,2089647.933911915,815009.5494349494,518884.08926637424,51140.742867690125,953555.8638389267,13075.07144654353,2760.5892865249252,44051.05172147951,3603.446393027737,14102.068845697462,400565.8608326785,146979.35122986257,8151.906250458032,493167.2702454851,1313080.448121753,67299.90788510453,0.0,0.0,0.0,0.0,0.0,0.0,0.0,0.0,0.0,0.0,0.0,0.0,0.0,0.0,0.0,0.0,0.0,0.0,0.0,0.0,0.0,0.0,0.0,0.0,0.0,0.0,0.0,0.0,0.0,0.0,0.0,0.0,0.0,0.0,0.0,0.0,0.0,0.0,0.0,0.0,0.0,0.0,0.0,0.0,0.0,0.0,0.0,0.0,0.0,0.0,0.0,0.0,0.0,0.0,0.0,0.0,0.0,0.0,0.0,0.0,0.0,0.0,0.0,0.0,0.0,0.0,0.0,0.0,0.0,0.0,0.0,0.0,0.0,0.0,0.0,0.0,0.0,0.0
0.0,0.0,0.0,0.0,0.0,0.0,0.0,0.0,0.0,0.0,0.0,0.0,0.0,0.0,0.0,0.0,0.0,0.0,0.0,0.0,0.0,0.0,0.0,0.0,0.0,0.0,0.0,0.0,0.0,0.0,0.0,0.0,0.0,0.0,0.0,0.0,0.0,0.0,0.0,0.0,0.0,0.0,0.0,0.0,0.0,0.0,0.0,0.0,0.0,0.0,0.0,0.0,0.0,0.0,0.0,0.0,0.0,0.0,0.0,0.0,0.0,0.0,0.0,0.0,0.0,0.0,0.0,0.0,0.0,0.0,0.0,0.0,0.0,0.0,0.0,0.0,0.0,0.0,0.0,0.0,0.0,0.0,0.0,0.0,0.0,0.0,0.0,0.0,0.0,0.0,0.0,0.0,0.0,0.0,0.0,0.0,0.0,0.0,0.0,0.0,0.0,0.0,0.0,0.0,0.0,0.0,0.0,0.0,0.0,0.0,0.0,0.0,0.0,0.0,0.0,0.0,0.0,0.0,0.0,0.0,0.0,0.0,0.0,0.0,0.0,0.0,0.0,0.0,0.0,0.0,0.0,0.0,0.0,0.0,0.0,0.0,0.0,0.0,0.0,0.0,0.0,0.0,0.0,0.0,0.0,0.0,0.0,0.0,0.0,0.0,0.0,0.0,0.0,0.0,0.0,0.0,0.0,8446.288580046496,506438.6538406925,764089.6185584932,1900875.8227077632,2936783.012606551,12229986.081565026,6367520.3106029555,484444.0791084317,792494.4326054411,870339.4549376385,390228.7454802097,134201.80951080934,609736.9006176207,185382.51518360202,4132.530494136913,55339.61634006615,282206.8837911176,864604.7783043721,701424.8803176754,212062.11329552077,191086.42032300914,0.0,0.0,0.0,0.0,0.0,0.0,0.0,0.0,0.0,0.0,0.0,0.0,0.0,0.0,0.0,0.0,0.0,0.0,0.0,0.0,0.0,0.0,0.0,0.0,0.0,0.0,0.0,0.0,0.0,0.0,0.0,0.0,0.0,0.0,0.0,0.0,0.0,0.0,0.0,0.0,0.0,0.0,0.0,0.0,0.0,0.0,0.0,0.0,0.0,0.0,0.0,0.0,0.0,0.0,0.0,0.0,0.0,0.0,0.0,0.0,0.0,0.0,0.0,0.0,0.0,0.0,0.0,0.0,0.0,0.0,0.0,0.0,0.0,0.0,0.0,0.0,0.0,0.0,0.0
0.0,0.0,0.0,0.0,0.0,0.0,0.0,0.0,0.0,0.0,0.0,0.0,0.0,0.0,0.0,0.0,0.0,0.0,0.0,0.0,0.0,0.0,0.0,0.0,0.0,0.0,0.0,0.0,0.0,0.0,0.0,0.0,0.0,0.0,0.0,0.0,0.0,0.0,0.0,0.0,0.0,0.0,0.0,0.0,0.0,0.0,0.0,0.0,0.0,0.0,0.0,0.0,0.0,0.0,0.0,0.0,0.0,0.0,0.0,0.0,0.0,0.0,0.0,0.0,0.0,0.0,0.0,0.0,0.0,0.0,0.0,0.0,0.0,0.0,0.0,0.0,0.0,0.0,0.0,0.0,0.0,0.0,0.0,0.0,0.0,0.0,0.0,0.0,0.0,0.0,0.0,0.0,0.0,0.0,0.0,0.0,0.0,0.0,0.0,0.0,0.0,0.0,0.0,0.0,0.0,0.0,0.0,0.0,0.0,0.0,0.0,0.0,0.0,0.0,0.0,0.0,0.0,0.0,0.0,0.0,0.0,0.0,0.0,0.0,0.0,0.0,0.0,0.0,0.0,0.0,0.0,0.0,0.0,0.0,0.0,0.0,0.0,0.0,0.0,0.0,0.0,0.0,0.0,0.0,0.0,0.0,0.0,0.0,0.0,0.0,0.0,0.0,0.0,0.0,0.0,0.0,876.5411813856117,12940.38783531976,596610.226328024,1452720.90140277,1636567.2326477366,1240330.9919888838,1318423.8336747284,316421.2149198154,135781.5497207184,305041.3520312673,664058.9917805544,297930.7599550699,67784.9213657266,291280.1375165698,610309.3763618177,150703.64840987144,6733.467549738545,2384231.0609369176,4062942.739523031,3183442.7829775224,783966.3356805153,12841.744237089599,0.0,0.0,0.0,0.0,0.0,0.0,0.0,0.0,0.0,0.0,0.0,0.0,0.0,0.0,0.0,0.0,0.0,0.0,0.0,0.0,0.0,0.0,0.0,0.0,0.0,0.0,0.0,0.0,0.0,0.0,0.0,0.0,0.0,0.0,0.0,0.0,0.0,0.0,0.0,0.0,0.0,0.0,0.0,0.0,0.0,0.0,0.0,0.0,0.0,0.0,0.0,0.0,0.0,0.0,0.0,0.0,0.0,0.0,0.0,0.0,0.0,0.0,0.0,0.0,0.0,0.0,0.0,0.0,0.0,0.0,0.0,0.0,0.0,0.0,0.0,0.0,0.0,0.0,0.0
0.0,0.0,0.0,0.0,0.0,0.0,0.0,0.0,0.0,0.0,0.0,0.0,0.0,0.0,0.0,0.0,0.0,0.0,0.0,0.0,0.0,0.0,0.0,0.0,0.0,0.0,0.0,0.0,0.0,0.0,0.0,0.0,0.0,0.0,0.0,0.0,0.0,0.0,0.0,0.0,0.0,0.0,0.0,0.0,0.0,0.0,0.0,0.0,0.0,0.0,0.0,0.0,0.0,0.0,0.0,0.0,0.0,0.0,0.0,0.0,0.0,0.0,0.0,0.0,0.0,0.0,0.0,0.0,0.0,0.0,0.0,0.0,0.0,0.0,0.0,0.0,0.0,0.0,0.0,0.0,0.0,0.0,0.0,0.0,0.0,0.0,0.0,0.0,0.0,0.0,0.0,0.0,0.0,0.0,0.0,0.0,0.0,0.0,0.0,0.0,0.0,0.0,0.0,0.0,0.0,0.0,0.0,0.0,0.0,0.0,0.0,0.0,0.0,0.0,0.0,0.0,0.0,0.0,0.0,0.0,0.0,0.0,0.0,0.0,0.0,0.0,0.0,0.0,0.0,0.0,0.0,0.0,0.0,0.0,0.0,0.0,0.0,0.0,0.0,0.0,0.0,0.0,0.0,0.0,0.0,0.0,0.0,0.0,0.0,0.0,0.0,0.0,0.0,0.0,0.0,0.0,0.0,0.0,55172.234921332434,741901.9323913875,2135362.775870804,3178068.3493989334,390229.4313078433,137966.6171995074,14921.391630325379,12199.504264454357,274438.00731672253,145103.90090615282,125364.40042602186,86999.66277125303,2065691.5912662568,2258992.3901833324,692616.1663629797,779025.2302448612,451397.868710398,30713.958546153048,0.0,0.0,0.0,0.0,0.0,0.0,0.0,0.0,0.0,0.0,0.0,0.0,0.0,0.0,0.0,0.0,0.0,0.0,0.0,0.0,0.0,0.0,0.0,0.0,0.0,0.0,0.0,0.0,0.0,0.0,0.0,0.0,0.0,0.0,0.0,0.0,0.0,0.0,0.0,0.0,0.0,0.0,0.0,0.0,0.0,0.0,0.0,0.0,0.0,0.0,0.0,0.0,0.0,0.0,0.0,0.0,0.0,0.0,0.0,0.0,0.0,0.0,0.0,0.0,0.0,0.0,0.0,0.0,0.0,0.0,0.0,0.0,0.0,0.0,0.0,0.0,0.0,0.0,0.0,0.0,0.0
0.0,0.0,0.0,0.0,0.0,0.0,0.0,0.0,0.0,0.0,0.0,0.0,0.0,0.0,0.0,0.0,0.0,0.0,0.0,0.0,0.0,0.0,0.0,0.0,0.0,0.0,0.0,0.0,0.0,0.0,0.0,0.0,0.0,0.0,0.0,0.0,0.0,0.0,0.0,0.0,0.0,0.0,0.0,0.0,0.0,0.0,0.0,0.0,0.0,0.0,0.0,0.0,0.0,0.0,0.0,0.0,0.0,0.0,0.0,0.0,0.0,0.0,0.0,0.0,0.0,0.0,0.0,0.0,0.0,0.0,0.0,0.0,0.0,0.0,0.0,0.0,0.0,0.0,0.0,0.0,0.0,0.0,0.0,0.0,0.0,0.0,0.0,0.0,0.0,0.0,0.0,0.0,0.0,0.0,0.0,0.0,0.0,0.0,0.0,0.0,0.0,0.0,0.0,0.0,0.0,0.0,0.0,0.0,0.0,0.0,0.0,0.0,0.0,0.0,0.0,0.0,0.0,0.0,0.0,0.0,0.0,0.0,0.0,0.0,0.0,0.0,0.0,0.0,0.0,0.0,0.0,0.0,0.0,0.0,0.0,0.0,0.0,0.0,0.0,0.0,0.0,0.0,0.0,0.0,0.0,0.0,0.0,0.0,0.0,0.0,0.0,0.0,0.0,0.0,0.0,0.0,0.0,0.0,0.0,197607.00048816297,1352511.373145355,984992.5894690938,149119.5997666369,125047.23854397677,7640.63114369363,13081.209570471092,22068.837939689784,92256.94867535497,214100.25571683372,57350.65711831345,3588.495860261512,0.0,0.0,0.0,0.0,0.0,0.0,0.0,0.0,0.0,0.0,0.0,0.0,0.0,0.0,0.0,0.0,0.0,0.0,0.0,0.0,0.0,0.0,0.0,0.0,0.0,0.0,0.0,0.0,0.0,0.0,0.0,0.0,0.0,0.0,0.0,0.0,0.0,0.0,0.0,0.0,0.0,0.0,0.0,0.0,0.0,0.0,0.0,0.0,0.0,0.0,0.0,0.0,0.0,0.0,0.0,0.0,0.0,0.0,0.0,0.0,0.0,0.0,0.0,0.0,0.0,0.0,0.0,0.0,0.0,0.0,0.0,0.0,0.0,0.0,0.0,0.0,0.0,0.0,0.0,0.0,0.0,0.0,0.0,0.0,0.0,0.0
0.0,0.0,0.0,0.0,0.0,0.0,0.0,0.0,0.0,0.0,0.0,0.0,0.0,0.0,0.0,0.0,0.0,0.0,0.0,0.0,0.0,0.0,0.0,0.0,0.0,0.0,0.0,0.0,0.0,0.0,0.0,0.0,0.0,0.0,0.0,0.0,0.0,0.0,0.0,0.0,0.0,0.0,0.0,0.0,0.0,0.0,0.0,0.0,0.0,0.0,0.0,0.0,0.0,0.0,0.0,0.0,0.0,0.0,0.0,0.0,0.0,0.0,0.0,0.0,0.0,0.0,0.0,0.0,0.0,0.0,0.0,0.0,0.0,0.0,0.0,0.0,0.0,0.0,0.0,0.0,0.0,0.0,0.0,0.0,0.0,0.0,0.0,0.0,0.0,0.0,0.0,0.0,0.0,0.0,0.0,0.0,0.0,0.0,0.0,0.0,0.0,0.0,0.0,0.0,0.0,0.0,0.0,0.0,0.0,0.0,0.0,0.0,0.0,0.0,0.0,0.0,0.0,0.0,0.0,0.0,0.0,0.0,0.0,0.0,0.0,0.0,0.0,0.0,0.0,0.0,0.0,0.0,0.0,0.0,0.0,0.0,0.0,0.0,0.0,0.0,0.0,0.0,0.0,0.0,0.0,0.0,0.0,0.0,0.0,0.0,0.0,0.0,0.0,0.0,0.0,0.0,0.0,0.0,0.0,0.0,96026.82663783638,759780.621739191,1175904.4861768493,72604.19973310927,56453.638155977605,168255.4449113545,274981.77171107545,15523.87118372215,10308.290498440416,0.0,0.0,0.0,0.0,0.0,0.0,0.0,0.0,0.0,0.0,0.0,0.0,0.0,0.0,0.0,0.0,0.0,0.0,0.0,0.0,0.0,0.0,0.0,0.0,0.0,0.0,0.0,0.0,0.0,0.0,0.0,0.0,0.0,0.0,0.0,0.0,0.0,0.0,0.0,0.0,0.0,0.0,0.0,0.0,0.0,0.0,0.0,0.0,0.0,0.0,0.0,0.0,0.0,0.0,0.0,0.0,0.0,0.0,0.0,0.0,0.0,0.0,0.0,0.0,0.0,0.0,0.0,0.0,0.0,0.0,0.0,0.0,0.0,0.0,0.0,0.0,0.0,0.0,0.0,0.0,0.0,0.0,0.0,0.0,0.0,0.0,0.0,0.0
0.0,0.0,0.0,0.0,0.0,0.0,0.0,0.0,0.0,0.0,0.0,0.0,0.0,0.0,0.0,0.0,0.0,0.0,0.0,0.0,0.0,0.0,0.0,0.0,0.0,0.0,0.0,0.0,0.0,0.0,0.0,0.0,0.0,0.0,0.0,0.0,0.0,0.0,0.0,0.0,0.0,0.0,0.0,0.0,0.0,0.0,0.0,0.0,0.0,0.0,0.0,0.0,0.0,0.0,0.0,0.0,0.0,0.0,0.0,0.0,0.0,0.0,0.0,0.0,0.0,0.0,0.0,0.0,0.0,0.0,0.0,0.0,0.0,0.0,0.0,0.0,0.0,0.0,0.0,0.0,0.0,0.0,0.0,0.0,0.0,0.0,0.0,0.0,0.0,0.0,0.0,0.0,0.0,0.0,0.0,0.0,0.0,0.0,0.0,0.0,0.0,0.0,0.0,0.0,0.0,0.0,0.0,0.0,0.0,0.0,0.0,0.0,0.0,0.0,0.0,0.0,0.0,0.0,0.0,0.0,0.0,0.0,0.0,0.0,0.0,0.0,0.0,0.0,0.0,0.0,0.0,0.0,0.0,0.0,0.0,0.0,0.0,0.0,0.0,0.0,0.0,0.0,0.0,0.0,0.0,0.0,0.0,0.0,0.0,0.0,0.0,0.0,0.0,0.0,0.0,0.0,0.0,0.0,0.0,0.0,0.0,427387.4802476024,770432.077657479,824826.9985566544,162802.64405650788,356396.0249544743,83152.07312039341,1740.4380048979274,1988.342094633248,0.0,0.0,0.0,0.0,0.0,0.0,0.0,0.0,0.0,0.0,0.0,0.0,0.0,0.0,0.0,0.0,0.0,0.0,0.0,0.0,0.0,0.0,0.0,0.0,0.0,0.0,0.0,0.0,0.0,0.0,0.0,0.0,0.0,0.0,0.0,0.0,0.0,0.0,0.0,0.0,0.0,0.0,0.0,0.0,0.0,0.0,0.0,0.0,0.0,0.0,0.0,0.0,0.0,0.0,0.0,0.0,0.0,0.0,0.0,0.0,0.0,0.0,0.0,0.0,0.0,0.0,0.0,0.0,0.0,0.0,0.0,0.0,0.0,0.0,0.0,0.0,0.0,0.0,0.0,0.0,0.0,0.0,0.0,0.0,0.0,0.0,0.0,0.0
0.0,0.0,0.0,0.0,0.0,0.0,0.0,0.0,0.0,0.0,0.0,0.0,0.0,0.0,0.0,0.0,0.0,0.0,0.0,0.0,0.0,0.0,0.0,0.0,0.0,0.0,0.0,0.0,0.0,0.0,0.0,0.0,0.0,0.0,0.0,0.0,0.0,0.0,0.0,0.0,0.0,0.0,0.0,0.0,0.0,0.0,0.0,0.0,0.0,0.0,0.0,0.0,0.0,0.0,0.0,0.0,0.0,0.0,0.0,0.0,0.0,0.0,0.0,0.0,0.0,0.0,0.0,0.0,0.0,0.0,0.0,0.0,0.0,0.0,0.0,0.0,0.0,0.0,0.0,0.0,0.0,0.0,0.0,0.0,0.0,0.0,0.0,0.0,0.0,0.0,0.0,0.0,0.0,0.0,0.0,0.0,0.0,0.0,0.0,0.0,0.0,0.0,0.0,0.0,0.0,0.0,0.0,0.0,0.0,0.0,0.0,0.0,0.0,0.0,0.0,0.0,0.0,0.0,0.0,0.0,0.0,0.0,0.0,0.0,0.0,0.0,0.0,0.0,0.0,0.0,0.0,0.0,0.0,0.0,0.0,0.0,0.0,0.0,0.0,0.0,0.0,0.0,0.0,0.0,0.0,0.0,0.0,0.0,0.0,0.0,0.0,0.0,0.0,0.0,0.0,0.0,0.0,0.0,0.0,0.0,0.0,0.0,222847.23580747022,700542.869188342,419478.5795975188,333273.5729262012,64259.97957795477,0.0,0.0,0.0,0.0,0.0,0.0,0.0,0.0,0.0,0.0,0.0,0.0,0.0,0.0,0.0,0.0,0.0,0.0,0.0,0.0,0.0,0.0,0.0,0.0,0.0,0.0,0.0,0.0,0.0,0.0,0.0,0.0,0.0,0.0,0.0,0.0,0.0,0.0,0.0,0.0,0.0,0.0,0.0,0.0,0.0,0.0,0.0,0.0,0.0,0.0,0.0,0.0,0.0,0.0,0.0,0.0,0.0,0.0,0.0,0.0,0.0,0.0,0.0,0.0,0.0,0.0,0.0,0.0,0.0,0.0,0.0,0.0,0.0,0.0,0.0,0.0,0.0,0.0,0.0,0.0,0.0,0.0,0.0,0.0,0.0,0.0,0.0,0.0,0.0,0.0
0.0,0.0,0.0,0.0,0.0,0.0,0.0,0.0,0.0,0.0,0.0,0.0,0.0,0.0,0.0,0.0,0.0,0.0,0.0,0.0,0.0,0.0,0.0,0.0,0.0,0.0,0.0,0.0,0.0,0.0,0.0,0.0,0.0,0.0,0.0,0.0,0.0,0.0,0.0,0.0,0.0,0.0,0.0,0.0,0.0,0.0,0.0,0.0,0.0,0.0,0.0,0.0,0.0,0.0,0.0,0.0,0.0,0.0,0.0,0.0,0.0,0.0,0.0,0.0,0.0,0.0,0.0,0.0,0.0,0.0,0.0,0.0,0.0,0.0,0.0,0.0,0.0,0.0,0.0,0.0,0.0,0.0,0.0,0.0,0.0,0.0,0.0,0.0,0.0,0.0,0.0,0.0,0.0,0.0,0.0,0.0,0.0,0.0,0.0,0.0,0.0,0.0,0.0,0.0,0.0,0.0,0.0,0.0,0.0,0.0,0.0,0.0,0.0,0.0,0.0,0.0,0.0,0.0,0.0,0.0,0.0,0.0,0.0,0.0,0.0,0.0,0.0,0.0,0.0,0.0,0.0,0.0,0.0,0.0,0.0,0.0,0.0,0.0,0.0,0.0,0.0,0.0,0.0,0.0,0.0,0.0,0.0,0.0,0.0,0.0,0.0,0.0,0.0,0.0,0.0,0.0,0.0,0.0,0.0,0.0,0.0,0.0,0.0,148478.80395065655,829010.3081358992,152067.61852554348,0.0,0.0,0.0,0.0,0.0,0.0,0.0,0.0,0.0,0.0,0.0,0.0,0.0,0.0,0.0,0.0,0.0,0.0,0.0,0.0,0.0,0.0,0.0,0.0,0.0,0.0,0.0,0.0,0.0,0.0,0.0,0.0,0.0,0.0,0.0,0.0,0.0,0.0,0.0,0.0,0.0,0.0,0.0,0.0,0.0,0.0,0.0,0.0,0.0,0.0,0.0,0.0,0.0,0.0,0.0,0.0,0.0,0.0,0.0,0.0,0.0,0.0,0.0,0.0,0.0,0.0,0.0,0.0,0.0,0.0,0.0,0.0,0.0,0.0,0.0,0.0,0.0,0.0,0.0,0.0,0.0,0.0,0.0,0.0,0.0,0.0,0.0,0.0,0.0,0.0,0.0
0.0,0.0,0.0,0.0,0.0,0.0,0.0,0.0,0.0,0.0,0.0,0.0,0.0,0.0,0.0,0.0,0.0,0.0,0.0,0.0,0.0,0.0,0.0,0.0,0.0,0.0,0.0,0.0,0.0,0.0,0.0,0.0,0.0,0.0,0.0,0.0,0.0,0.0,0.0,0.0,0.0,0.0,0.0,0.0,0.0,0.0,0.0,0.0,0.0,0.0,0.0,0.0,0.0,0.0,0.0,0.0,0.0,0.0,0.0,0.0,0.0,0.0,0.0,0.0,0.0,0.0,0.0,0.0,0.0,0.0,0.0,0.0,0.0,0.0,0.0,0.0,0.0,0.0,0.0,0.0,0.0,0.0,0.0,0.0,0.0,0.0,0.0,0.0,0.0,0.0,0.0,0.0,0.0,0.0,0.0,0.0,0.0,0.0,0.0,0.0,0.0,0.0,0.0,0.0,0.0,0.0,0.0,0.0,0.0,0.0,0.0,0.0,0.0,0.0,0.0,0.0,0.0,0.0,0.0,0.0,0.0,0.0,0.0,0.0,0.0,0.0,0.0,0.0,0.0,0.0,0.0,0.0,0.0,0.0,0.0,0.0,0.0,0.0,0.0,0.0,0.0,0.0,0.0,0.0,0.0,0.0,0.0,0.0,0.0,0.0,0.0,0.0,0.0,0.0,0.0,0.0,0.0,0.0,0.0,0.0,0.0,0.0,0.0,0.0,0.0,0.0,0.0,0.0,0.0,0.0,0.0,0.0,0.0,0.0,0.0,0.0,0.0,0.0,0.0,0.0,0.0,0.0,0.0,0.0,0.0,0.0,0.0,0.0,0.0,0.0,0.0,0.0,0.0,0.0,0.0,0.0,0.0,0.0,0.0,0.0,0.0,0.0,0.0,0.0,0.0,0.0,0.0,0.0,0.0,0.0,0.0,0.0,0.0,0.0,0.0,0.0,0.0,0.0,0.0,0.0,0.0,0.0,0.0,0.0,0.0,0.0,0.0,0.0,0.0,0.0,0.0,0.0,0.0,0.0,0.0,0.0,0.0,0.0,0.0,0.0,0.0,0.0,0.0,0.0,0.0,0.0,0.0,0.0,0.0,0.0,0.0,0.0,0.0,0.0,0.0,0.0,0.0
0.0,0.0,0.0,0.0,0.0,0.0,0.0,0.0,0.0,0.0,0.0,0.0,0.0,0.0,0.0,0.0,0.0,0.0,0.0,0.0,0.0,0.0,0.0,0.0,0.0,0.0,0.0,0.0,0.0,0.0,0.0,0.0,0.0,0.0,0.0,0.0,0.0,0.0,0.0,0.0,0.0,0.0,0.0,0.0,0.0,0.0,0.0,0.0,0.0,0.0,0.0,0.0,0.0,0.0,0.0,0.0,0.0,0.0,0.0,0.0,0.0,0.0,0.0,0.0,0.0,0.0,0.0,0.0,0.0,0.0,0.0,0.0,0.0,0.0,0.0,0.0,0.0,0.0,0.0,0.0,0.0,0.0,0.0,0.0,0.0,0.0,0.0,0.0,0.0,0.0,0.0,0.0,0.0,0.0,0.0,0.0,0.0,0.0,0.0,0.0,0.0,0.0,0.0,0.0,0.0,0.0,0.0,0.0,0.0,0.0,0.0,0.0,0.0,0.0,0.0,0.0,0.0,0.0,0.0,0.0,0.0,0.0,0.0,0.0,0.0,0.0,0.0,0.0,0.0,0.0,0.0,0.0,0.0,0.0,0.0,0.0,0.0,0.0,0.0,0.0,0.0,0.0,0.0,0.0,0.0,0.0,0.0,0.0,0.0,0.0,0.0,0.0,0.0,0.0,0.0,0.0,0.0,0.0,0.0,0.0,0.0,0.0,0.0,0.0,0.0,0.0,0.0,0.0,0.0,0.0,0.0,0.0,0.0,0.0,0.0,0.0,0.0,0.0,0.0,0.0,0.0,0.0,0.0,0.0,0.0,0.0,0.0,0.0,0.0,0.0,0.0,0.0,0.0,0.0,0.0,0.0,0.0,0.0,0.0,0.0,0.0,0.0,0.0,0.0,0.0,0.0,0.0,0.0,0.0,0.0,0.0,0.0,0.0,0.0,0.0,0.0,0.0,0.0,0.0,0.0,0.0,0.0,0.0,0.0,0.0,0.0,0.0,0.0,0.0,0.0,0.0,0.0,0.0,0.0,0.0,0.0,0.0,0.0,0.0,0.0,0.0,0.0,0.0,0.0,0.0,0.0,0.0,0.0,0.0,0.0,0.0,0.0,0.0,0.0,0.0,0.0,0.0
0.0,0.0,0.0,0.0,0.0,0.0,0.0,0.0,0.0,0.0,0.0,0.0,0.0,0.0,0.0,0.0,0.0,0.0,0.0,0.0,0.0,0.0,0.0,0.0,0.0,0.0,0.0,0.0,0.0,0.0,0.0,0.0,0.0,0.0,0.0,0.0,0.0,0.0,0.0,0.0,0.0,0.0,0.0,0.0,0.0,0.0,0.0,0.0,0.0,0.0,0.0,0.0,0.0,0.0,0.0,0.0,0.0,0.0,0.0,0.0,0.0,0.0,0.0,0.0,0.0,0.0,0.0,0.0,0.0,0.0,0.0,0.0,0.0,0.0,0.0,0.0,0.0,0.0,0.0,0.0,0.0,0.0,0.0,0.0,0.0,0.0,0.0,0.0,0.0,0.0,0.0,0.0,0.0,0.0,0.0,0.0,0.0,0.0,0.0,0.0,0.0,0.0,0.0,0.0,0.0,0.0,0.0,0.0,0.0,0.0,0.0,0.0,0.0,0.0,0.0,0.0,0.0,0.0,0.0,0.0,0.0,0.0,0.0,0.0,0.0,0.0,0.0,0.0,0.0,0.0,0.0,0.0,0.0,0.0,0.0,0.0,0.0,0.0,0.0,0.0,0.0,0.0,0.0,0.0,0.0,0.0,0.0,0.0,0.0,0.0,0.0,0.0,0.0,0.0,0.0,0.0,0.0,0.0,0.0,0.0,0.0,0.0,0.0,0.0,0.0,0.0,0.0,0.0,0.0,0.0,0.0,0.0,0.0,0.0,0.0,0.0,0.0,0.0,0.0,0.0,0.0,0.0,0.0,0.0,0.0,0.0,0.0,0.0,0.0,0.0,0.0,0.0,0.0,0.0,0.0,0.0,0.0,0.0,0.0,0.0,0.0,0.0,0.0,0.0,0.0,0.0,0.0,0.0,0.0,0.0,0.0,0.0,0.0,0.0,0.0,0.0,0.0,0.0,0.0,0.0,0.0,0.0,0.0,0.0,0.0,0.0,0.0,0.0,0.0,0.0,0.0,0.0,0.0,0.0,0.0,0.0,0.0,0.0,0.0,0.0,0.0,0.0,0.0,0.0,0.0,0.0,0.0,0.0,0.0,0.0,0.0,0.0,0.0,0.0,0.0,0.0,0.0
0.0,0.0,0.0,0.0,0.0,0.0,0.0,0.0,0.0,0.0,0.0,0.0,0.0,0.0,0.0,0.0,0.0,0.0,0.0,0.0,0.0,0.0,0.0,0.0,0.0,0.0,0.0,0.0,0.0,0.0,0.0,0.0,0.0,0.0,0.0,0.0,0.0,0.0,0.0,0.0,0.0,0.0,0.0,0.0,0.0,0.0,0.0,0.0,0.0,0.0,0.0,0.0,0.0,0.0,0.0,0.0,0.0,0.0,0.0,0.0,0.0,0.0,0.0,0.0,0.0,0.0,0.0,0.0,0.0,0.0,0.0,0.0,0.0,0.0,0.0,0.0,0.0,0.0,0.0,0.0,0.0,0.0,0.0,0.0,0.0,0.0,0.0,0.0,0.0,0.0,0.0,0.0,0.0,0.0,0.0,0.0,0.0,0.0,0.0,0.0,0.0,0.0,0.0,0.0,0.0,0.0,0.0,0.0,0.0,0.0,0.0,0.0,0.0,0.0,0.0,0.0,0.0,0.0,0.0,0.0,0.0,0.0,0.0,0.0,0.0,0.0,0.0,0.0,0.0,0.0,0.0,0.0,0.0,0.0,0.0,0.0,0.0,0.0,0.0,0.0,0.0,0.0,0.0,0.0,0.0,0.0,0.0,0.0,0.0,0.0,0.0,0.0,0.0,0.0,0.0,0.0,0.0,0.0,0.0,0.0,0.0,0.0,0.0,0.0,0.0,0.0,0.0,0.0,0.0,0.0,0.0,0.0,0.0,0.0,0.0,0.0,0.0,0.0,0.0,0.0,0.0,0.0,0.0,0.0,0.0,0.0,0.0,0.0,0.0,0.0,0.0,0.0,0.0,0.0,0.0,0.0,0.0,0.0,0.0,0.0,0.0,0.0,0.0,0.0,0.0,0.0,0.0,0.0,0.0,0.0,0.0,0.0,0.0,0.0,0.0,0.0,0.0,0.0,0.0,0.0,0.0,0.0,0.0,0.0,0.0,0.0,0.0,0.0,0.0,0.0,0.0,0.0,0.0,0.0,0.0,0.0,0.0,0.0,0.0,0.0,0.0,0.0,0.0,0.0,0.0,0.0,0.0,0.0,0.0,0.0,0.0,0.0,0.0,0.0,0.0,0.0,0.0
0.0,0.0,0.0,0.0,0.0,0.0,0.0,0.0,0.0,0.0,0.0,0.0,0.0,0.0,0.0,0.0,0.0,0.0,0.0,0.0,0.0,0.0,0.0,0.0,0.0,0.0,0.0,0.0,0.0,0.0,0.0,0.0,0.0,0.0,0.0,0.0,0.0,0.0,0.0,0.0,0.0,0.0,0.0,0.0,0.0,0.0,0.0,0.0,0.0,0.0,0.0,0.0,0.0,0.0,0.0,0.0,0.0,0.0,0.0,0.0,0.0,0.0,0.0,0.0,0.0,0.0,0.0,0.0,0.0,0.0,0.0,0.0,0.0,0.0,0.0,0.0,0.0,0.0,0.0,0.0,0.0,0.0,0.0,0.0,0.0,0.0,0.0,0.0,0.0,0.0,0.0,0.0,0.0,0.0,0.0,0.0,0.0,0.0,0.0,0.0,0.0,0.0,0.0,0.0,0.0,0.0,0.0,0.0,0.0,0.0,0.0,0.0,0.0,0.0,0.0,0.0,0.0,0.0,0.0,0.0,0.0,0.0,0.0,0.0,0.0,0.0,0.0,0.0,0.0,0.0,0.0,0.0,0.0,0.0,0.0,0.0,0.0,0.0,0.0,0.0,0.0,0.0,0.0,0.0,0.0,0.0,0.0,0.0,0.0,0.0,0.0,0.0,0.0,0.0,0.0,0.0,0.0,0.0,0.0,0.0,0.0,0.0,0.0,0.0,0.0,0.0,0.0,0.0,0.0,0.0,0.0,0.0,0.0,0.0,0.0,0.0,0.0,0.0,0.0,0.0,0.0,0.0,0.0,0.0,0.0,0.0,0.0,0.0,0.0,0.0,0.0,0.0,0.0,0.0,0.0,0.0,0.0,0.0,0.0,0.0,0.0,0.0,0.0,0.0,0.0,0.0,0.0,0.0,0.0,0.0,0.0,0.0,0.0,0.0,0.0,0.0,0.0,0.0,0.0,0.0,0.0,0.0,0.0,0.0,0.0,0.0,0.0,0.0,0.0,0.0,0.0,0.0,0.0,0.0,0.0,0.0,0.0,0.0,0.0,0.0,0.0,0.0,0.0,0.0,0.0,0.0,0.0,0.0,0.0,0.0,0.0,0.0,0.0,0.0,0.0,0.0,0.0
0.0,0.0,0.0,0.0,0.0,0.0,0.0,0.0,0.0,0.0,0.0,0.0,0.0,0.0,0.0,0.0,0.0,0.0,0.0,0.0,0.0,0.0,0.0,0.0,0.0,0.0,0.0,0.0,0.0,0.0,0.0,0.0,0.0,0.0,0.0,0.0,0.0,0.0,0.0,0.0,0.0,0.0,0.0,0.0,0.0,0.0,0.0,0.0,0.0,0.0,0.0,0.0,0.0,0.0,0.0,0.0,0.0,0.0,0.0,0.0,0.0,0.0,0.0,0.0,0.0,0.0,0.0,0.0,0.0,0.0,0.0,0.0,0.0,0.0,0.0,0.0,0.0,0.0,0.0,0.0,0.0,0.0,0.0,0.0,0.0,0.0,0.0,0.0,0.0,0.0,0.0,0.0,0.0,0.0,0.0,0.0,0.0,0.0,0.0,0.0,0.0,0.0,0.0,0.0,0.0,0.0,0.0,0.0,0.0,0.0,0.0,0.0,0.0,0.0,0.0,0.0,0.0,0.0,0.0,0.0,0.0,0.0,0.0,0.0,0.0,0.0,0.0,0.0,0.0,0.0,0.0,0.0,0.0,0.0,0.0,0.0,0.0,0.0,0.0,0.0,0.0,0.0,0.0,0.0,0.0,0.0,0.0,0.0,0.0,0.0,0.0,0.0,0.0,0.0,0.0,0.0,0.0,0.0,0.0,0.0,0.0,0.0,0.0,0.0,0.0,0.0,0.0,0.0,0.0,0.0,0.0,0.0,0.0,0.0,0.0,0.0,0.0,0.0,0.0,0.0,0.0,0.0,0.0,0.0,0.0,0.0,0.0,0.0,0.0,0.0,0.0,0.0,0.0,0.0,0.0,0.0,0.0,0.0,0.0,0.0,0.0,0.0,0.0,0.0,0.0,0.0,0.0,0.0,0.0,0.0,0.0,0.0,0.0,0.0,0.0,0.0,0.0,0.0,0.0,0.0,0.0,0.0,0.0,0.0,0.0,0.0,0.0,0.0,0.0,0.0,0.0,0.0,0.0,0.0,0.0,0.0,0.0,0.0,0.0,0.0,0.0,0.0,0.0,0.0,0.0,0.0,0.0,0.0,0.0,0.0,0.0,0.0,0.0,0.0,0.0,0.0,0.0
0.0,0.0,0.0,0.0,0.0,0.0,0.0,0.0,0.0,0.0,0.0,0.0,0.0,0.0,0.0,0.0,0.0,0.0,0.0,0.0,0.0,0.0,0.0,0.0,0.0,0.0,0.0,0.0,0.0,0.0,0.0,0.0,0.0,0.0,0.0,0.0,0.0,0.0,0.0,0.0,0.0,0.0,0.0,0.0,0.0,0.0,0.0,0.0,0.0,0.0,0.0,0.0,0.0,0.0,0.0,0.0,0.0,0.0,0.0,0.0,0.0,0.0,0.0,0.0,0.0,0.0,0.0,0.0,0.0,0.0,0.0,0.0,0.0,0.0,0.0,0.0,0.0,0.0,0.0,0.0,0.0,0.0,0.0,0.0,0.0,0.0,0.0,0.0,0.0,0.0,0.0,0.0,0.0,0.0,0.0,0.0,0.0,0.0,0.0,0.0,0.0,0.0,0.0,0.0,0.0,0.0,0.0,0.0,0.0,0.0,0.0,0.0,0.0,0.0,0.0,0.0,0.0,0.0,0.0,0.0,0.0,0.0,0.0,0.0,0.0,0.0,0.0,0.0,0.0,0.0,0.0,0.0,0.0,0.0,0.0,0.0,0.0,0.0,0.0,0.0,0.0,0.0,0.0,0.0,0.0,0.0,0.0,0.0,0.0,0.0,0.0,0.0,0.0,0.0,0.0,0.0,0.0,0.0,0.0,0.0,0.0,0.0,0.0,0.0,0.0,0.0,0.0,0.0,0.0,0.0,0.0,0.0,0.0,0.0,0.0,0.0,0.0,0.0,0.0,0.0,0.0,0.0,0.0,0.0,0.0,0.0,0.0,0.0,0.0,0.0,0.0,0.0,0.0,0.0,0.0,0.0,0.0,0.0,0.0,0.0,0.0,0.0,0.0,0.0,0.0,0.0,0.0,0.0,0.0,0.0,0.0,0.0,0.0,0.0,0.0,0.0,0.0,0.0,0.0,0.0,0.0,0.0,0.0,0.0,0.0,0.0,0.0,0.0,0.0,0.0,0.0,0.0,0.0,0.0,0.0,0.0,0.0,0.0,0.0,0.0,0.0,0.0,0.0,0.0,0.0,0.0,0.0,0.0,0.0,0.0,0.0,0.0,0.0,0.0,0.0,0.0,0.0
0.0,0.0,0.0,0.0,0.0,0.0,0.0,0.0,0.0,0.0,0.0,0.0,0.0,0.0,0.0,0.0,0.0,0.0,0.0,0.0,0.0,0.0,0.0,0.0,0.0,0.0,0.0,0.0,0.0,0.0,0.0,0.0,0.0,0.0,0.0,0.0,0.0,0.0,0.0,0.0,0.0,0.0,0.0,0.0,0.0,0.0,0.0,0.0,0.0,0.0,0.0,0.0,0.0,0.0,0.0,0.0,0.0,0.0,0.0,0.0,0.0,0.0,0.0,0.0,0.0,0.0,0.0,0.0,0.0,0.0,0.0,0.0,0.0,0.0,0.0,0.0,0.0,0.0,0.0,0.0,0.0,0.0,0.0,0.0,0.0,0.0,0.0,0.0,0.0,0.0,0.0,0.0,0.0,0.0,0.0,0.0,0.0,0.0,0.0,0.0,0.0,0.0,0.0,0.0,0.0,0.0,0.0,0.0,0.0,0.0,0.0,0.0,0.0,0.0,0.0,0.0,0.0,0.0,0.0,0.0,0.0,0.0,0.0,0.0,0.0,0.0,0.0,0.0,0.0,0.0,0.0,0.0,0.0,0.0,0.0,0.0,0.0,0.0,0.0,0.0,0.0,0.0,0.0,0.0,0.0,0.0,0.0,0.0,0.0,0.0,0.0,0.0,0.0,0.0,0.0,0.0,0.0,0.0,0.0,0.0,0.0,0.0,0.0,0.0,0.0,0.0,0.0,0.0,0.0,0.0,0.0,0.0,0.0,0.0,0.0,0.0,0.0,0.0,0.0,0.0,0.0,0.0,0.0,0.0,0.0,0.0,0.0,0.0,0.0,0.0,0.0,0.0,0.0,0.0,0.0,0.0,0.0,0.0,0.0,0.0,0.0,0.0,0.0,0.0,0.0,0.0,0.0,0.0,0.0,0.0,0.0,0.0,0.0,0.0,0.0,0.0,0.0,0.0,0.0,0.0,0.0,0.0,0.0,0.0,0.0,0.0,0.0,0.0,0.0,0.0,0.0,0.0,0.0,0.0,0.0,0.0,0.0,0.0,0.0,0.0,0.0,0.0,0.0,0.0,0.0,0.0,0.0,0.0,0.0,0.0,0.0,0.0,0.0,0.0,0.0,0.0,0.0
0.0,0.0,0.0,0.0,0.0,0.0,0.0,0.0,0.0,0.0,0.0,0.0,0.0,0.0,0.0,0.0,0.0,0.0,0.0,0.0,0.0,0.0,0.0,0.0,0.0,0.0,0.0,0.0,0.0,0.0,0.0,0.0,0.0,0.0,0.0,0.0,0.0,0.0,0.0,0.0,0.0,0.0,0.0,0.0,0.0,0.0,0.0,0.0,0.0,0.0,0.0,0.0,0.0,0.0,0.0,0.0,0.0,0.0,0.0,0.0,0.0,0.0,0.0,0.0,0.0,0.0,0.0,0.0,0.0,0.0,0.0,0.0,0.0,0.0,0.0,0.0,0.0,0.0,0.0,0.0,0.0,0.0,0.0,0.0,0.0,0.0,0.0,0.0,0.0,0.0,0.0,0.0,0.0,0.0,0.0,0.0,0.0,0.0,0.0,0.0,0.0,0.0,0.0,0.0,0.0,0.0,0.0,0.0,0.0,0.0,0.0,0.0,0.0,0.0,0.0,0.0,0.0,0.0,0.0,0.0,0.0,0.0,0.0,0.0,0.0,0.0,0.0,0.0,0.0,0.0,0.0,0.0,0.0,0.0,0.0,0.0,0.0,0.0,0.0,0.0,0.0,0.0,0.0,0.0,0.0,0.0,0.0,0.0,0.0,0.0,0.0,0.0,0.0,0.0,0.0,0.0,0.0,0.0,0.0,0.0,0.0,0.0,0.0,0.0,0.0,0.0,0.0,0.0,0.0,0.0,0.0,0.0,0.0,0.0,0.0,0.0,0.0,0.0,0.0,0.0,0.0,0.0,0.0,0.0,0.0,0.0,0.0,0.0,0.0,0.0,0.0,0.0,0.0,0.0,0.0,0.0,0.0,0.0,0.0,0.0,0.0,0.0,0.0,0.0,0.0,0.0,0.0,0.0,0.0,0.0,0.0,0.0,0.0,0.0,0.0,0.0,0.0,0.0,0.0,0.0,0.0,0.0,0.0,0.0,0.0,0.0,0.0,0.0,0.0,0.0,0.0,0.0,0.0,0.0,0.0,0.0,0.0,0.0,0.0,0.0,0.0,0.0,0.0,0.0,0.0,0.0,0.0,0.0,0.0,0.0,0.0,0.0,0.0,0.0,0.0,0.0,0.0
0.0,0.0,0.0,0.0,0.0,0.0,0.0,0.0,0.0,0.0,0.0,0.0,0.0,0.0,0.0,0.0,0.0,0.0,0.0,0.0,0.0,0.0,0.0,0.0,0.0,0.0,0.0,0.0,0.0,0.0,0.0,0.0,0.0,0.0,0.0,0.0,0.0,0.0,0.0,0.0,0.0,0.0,0.0,0.0,0.0,0.0,0.0,0.0,0.0,0.0,0.0,0.0,0.0,0.0,0.0,0.0,0.0,0.0,0.0,0.0,0.0,0.0,0.0,0.0,0.0,0.0,0.0,0.0,0.0,0.0,0.0,0.0,0.0,0.0,0.0,0.0,0.0,0.0,0.0,0.0,0.0,0.0,0.0,0.0,0.0,0.0,0.0,0.0,0.0,0.0,0.0,0.0,0.0,0.0,0.0,0.0,0.0,0.0,0.0,0.0,0.0,0.0,0.0,0.0,0.0,0.0,0.0,0.0,0.0,0.0,0.0,0.0,0.0,0.0,0.0,0.0,0.0,0.0,0.0,0.0,0.0,0.0,0.0,0.0,0.0,0.0,0.0,0.0,0.0,0.0,0.0,0.0,0.0,0.0,0.0,0.0,0.0,0.0,0.0,0.0,0.0,0.0,0.0,0.0,0.0,0.0,0.0,0.0,0.0,0.0,0.0,0.0,0.0,0.0,0.0,0.0,0.0,0.0,0.0,0.0,0.0,0.0,0.0,0.0,0.0,0.0,0.0,0.0,0.0,0.0,0.0,0.0,0.0,0.0,0.0,0.0,0.0,0.0,0.0,0.0,0.0,0.0,0.0,0.0,0.0,0.0,0.0,0.0,0.0,0.0,0.0,0.0,0.0,0.0,0.0,0.0,0.0,0.0,0.0,0.0,0.0,0.0,0.0,0.0,0.0,0.0,0.0,0.0,0.0,0.0,0.0,0.0,0.0,0.0,0.0,0.0,0.0,0.0,0.0,0.0,0.0,0.0,0.0,0.0,0.0,0.0,0.0,0.0,0.0,0.0,0.0,0.0,0.0,0.0,0.0,0.0,0.0,0.0,0.0,0.0,0.0,0.0,0.0,0.0,0.0,0.0,0.0,0.0,0.0,0.0,0.0,0.0,0.0,0.0,0.0,0.0,0.0
0.0,0.0,0.0,0.0,0.0,0.0,0.0,0.0,0.0,0.0,0.0,0.0,0.0,0.0,0.0,0.0,0.0,0.0,0.0,0.0,0.0,0.0,0.0,0.0,0.0,0.0,0.0,0.0,0.0,0.0,0.0,0.0,0.0,0.0,0.0,0.0,0.0,0.0,0.0,0.0,0.0,0.0,0.0,0.0,0.0,0.0,0.0,0.0,0.0,0.0,0.0,0.0,0.0,0.0,0.0,0.0,0.0,0.0,0.0,0.0,0.0,0.0,0.0,0.0,0.0,0.0,0.0,0.0,0.0,0.0,0.0,0.0,0.0,0.0,0.0,0.0,0.0,0.0,0.0,0.0,0.0,0.0,0.0,0.0,0.0,0.0,0.0,0.0,0.0,0.0,0.0,0.0,0.0,0.0,0.0,0.0,0.0,0.0,0.0,0.0,0.0,0.0,0.0,0.0,0.0,0.0,0.0,0.0,0.0,0.0,0.0,0.0,0.0,0.0,0.0,0.0,0.0,0.0,0.0,0.0,0.0,0.0,0.0,0.0,0.0,0.0,0.0,0.0,0.0,0.0,0.0,0.0,0.0,0.0,0.0,0.0,0.0,0.0,0.0,0.0,0.0,0.0,0.0,0.0,0.0,0.0,0.0,0.0,0.0,0.0,0.0,0.0,0.0,0.0,0.0,0.0,0.0,0.0,0.0,0.0,0.0,0.0,0.0,0.0,0.0,0.0,0.0,0.0,0.0,0.0,0.0,0.0,0.0,0.0,0.0,0.0,0.0,0.0,0.0,0.0,0.0,0.0,0.0,0.0,0.0,0.0,0.0,0.0,0.0,0.0,0.0,0.0,0.0,0.0,0.0,0.0,0.0,0.0,0.0,0.0,0.0,0.0,0.0,0.0,0.0,0.0,0.0,0.0,0.0,0.0,0.0,0.0,0.0,0.0,0.0,0.0,0.0,0.0,0.0,0.0,0.0,0.0,0.0,0.0,0.0,0.0,0.0,0.0,0.0,0.0,0.0,0.0,0.0,0.0,0.0,0.0,0.0,0.0,0.0,0.0,0.0,0.0,0.0,0.0,0.0,0.0,0.0,0.0,0.0,0.0,0.0,0.0,0.0,0.0,0.0,0.0,0.0
0.0,0.0,0.0,0.0,0.0,0.0,0.0,0.0,0.0,0.0,0.0,0.0,0.0,0.0,0.0,0.0,0.0,0.0,0.0,0.0,0.0,0.0,0.0,0.0,0.0,0.0,0.0,0.0,0.0,0.0,0.0,0.0,0.0,0.0,0.0,0.0,0.0,0.0,0.0,0.0,0.0,0.0,0.0,0.0,0.0,0.0,0.0,0.0,0.0,0.0,0.0,0.0,0.0,0.0,0.0,0.0,0.0,0.0,0.0,0.0,0.0,0.0,0.0,0.0,0.0,0.0,0.0,0.0,0.0,0.0,0.0,0.0,0.0,0.0,0.0,0.0,0.0,0.0,0.0,0.0,0.0,0.0,0.0,0.0,0.0,0.0,0.0,0.0,0.0,0.0,0.0,0.0,0.0,0.0,0.0,0.0,0.0,0.0,0.0,0.0,0.0,0.0,0.0,0.0,0.0,0.0,0.0,0.0,0.0,0.0,0.0,0.0,0.0,0.0,0.0,0.0,0.0,0.0,0.0,0.0,0.0,0.0,0.0,0.0,0.0,0.0,0.0,0.0,0.0,0.0,0.0,0.0,0.0,0.0,0.0,0.0,0.0,0.0,0.0,0.0,0.0,0.0,0.0,0.0,0.0,0.0,0.0,0.0,0.0,0.0,0.0,0.0,0.0,0.0,0.0,0.0,0.0,0.0,0.0,0.0,0.0,0.0,0.0,0.0,0.0,0.0,0.0,0.0,0.0,0.0,0.0,0.0,0.0,0.0,0.0,0.0,0.0,0.0,0.0,0.0,0.0,0.0,0.0,0.0,0.0,0.0,0.0,0.0,0.0,0.0,0.0,0.0,0.0,0.0,0.0,0.0,0.0,0.0,0.0,0.0,0.0,0.0,0.0,0.0,0.0,0.0,0.0,0.0,0.0,0.0,0.0,0.0,0.0,0.0,0.0,0.0,0.0,0.0,0.0,0.0,0.0,0.0,0.0,0.0,0.0,0.0,0.0,0.0,0.0,0.0,0.0,0.0,0.0,0.0,0.0,0.0,0.0,0.0,0.0,0.0,0.0,0.0,0.0,0.0,0.0,0.0,0.0,0.0,0.0,0.0,0.0,0.0,0.0,0.0,0.0,0.0,0.0
0.0,0.0,0.0,0.0,0.0,0.0,0.0,0.0,0.0,0.0,0.0,0.0,0.0,0.0,0.0,0.0,0.0,0.0,0.0,0.0,0.0,0.0,0.0,0.0,0.0,0.0,0.0,0.0,0.0,0.0,0.0,0.0,0.0,0.0,0.0,0.0,0.0,0.0,0.0,0.0,0.0,0.0,0.0,0.0,0.0,0.0,0.0,0.0,0.0,0.0,0.0,0.0,0.0,0.0,0.0,0.0,0.0,0.0,0.0,0.0,0.0,0.0,0.0,0.0,0.0,0.0,0.0,0.0,0.0,0.0,0.0,0.0,0.0,0.0,0.0,0.0,0.0,0.0,0.0,0.0,0.0,0.0,0.0,0.0,0.0,0.0,0.0,0.0,0.0,0.0,0.0,0.0,0.0,0.0,0.0,0.0,0.0,0.0,0.0,0.0,0.0,0.0,0.0,0.0,0.0,0.0,0.0,0.0,0.0,0.0,0.0,0.0,0.0,0.0,0.0,0.0,0.0,0.0,0.0,0.0,0.0,0.0,0.0,0.0,0.0,0.0,0.0,0.0,0.0,0.0,0.0,0.0,0.0,0.0,0.0,0.0,0.0,0.0,0.0,0.0,0.0,0.0,0.0,0.0,0.0,0.0,0.0,0.0,0.0,0.0,0.0,0.0,0.0,0.0,0.0,0.0,0.0,0.0,0.0,0.0,0.0,0.0,0.0,0.0,0.0,0.0,0.0,0.0,0.0,0.0,0.0,0.0,0.0,0.0,0.0,0.0,0.0,0.0,0.0,0.0,0.0,0.0,0.0,0.0,0.0,0.0,0.0,0.0,0.0,0.0,0.0,0.0,0.0,0.0,0.0,0.0,0.0,0.0,0.0,0.0,0.0,0.0,0.0,0.0,0.0,0.0,0.0,0.0,0.0,0.0,0.0,0.0,0.0,0.0,0.0,0.0,0.0,0.0,0.0,0.0,0.0,0.0,0.0,0.0,0.0,0.0,0.0,0.0,0.0,0.0,0.0,0.0,0.0,0.0,0.0,0.0,0.0,0.0,0.0,0.0,0.0,0.0,0.0,0.0,0.0,0.0,0.0,0.0,0.0,0.0,0.0,0.0,0.0,0.0,0.0,0.0,0.0
0.0,0.0,0.0,0.0,0.0,0.0,0.0,0.0,0.0,0.0,0.0,0.0,0.0,0.0,0.0,0.0,0.0,0.0,0.0,0.0,0.0,0.0,0.0,0.0,0.0,0.0,0.0,0.0,0.0,0.0,0.0,0.0,0.0,0.0,0.0,0.0,0.0,0.0,0.0,0.0,0.0,0.0,0.0,0.0,0.0,0.0,0.0,0.0,0.0,0.0,0.0,0.0,0.0,0.0,0.0,0.0,0.0,0.0,0.0,0.0,0.0,0.0,0.0,0.0,0.0,0.0,0.0,0.0,0.0,0.0,0.0,0.0,0.0,0.0,0.0,0.0,0.0,0.0,0.0,0.0,0.0,0.0,0.0,0.0,0.0,0.0,0.0,0.0,0.0,0.0,0.0,0.0,0.0,0.0,0.0,0.0,0.0,0.0,0.0,0.0,0.0,0.0,0.0,0.0,0.0,0.0,0.0,0.0,0.0,0.0,0.0,0.0,0.0,0.0,0.0,0.0,0.0,0.0,0.0,0.0,0.0,0.0,0.0,0.0,0.0,0.0,0.0,0.0,0.0,0.0,0.0,0.0,0.0,0.0,0.0,0.0,0.0,0.0,0.0,0.0,0.0,0.0,0.0,0.0,0.0,0.0,0.0,0.0,0.0,0.0,0.0,0.0,0.0,0.0,0.0,0.0,0.0,0.0,0.0,0.0,0.0,0.0,0.0,0.0,0.0,0.0,0.0,0.0,0.0,0.0,0.0,0.0,0.0,0.0,0.0,0.0,0.0,0.0,0.0,0.0,0.0,0.0,0.0,0.0,0.0,0.0,0.0,0.0,0.0,0.0,0.0,0.0,0.0,0.0,0.0,0.0,0.0,0.0,0.0,0.0,0.0,0.0,0.0,0.0,0.0,0.0,0.0,0.0,0.0,0.0,0.0,0.0,0.0,0.0,0.0,0.0,0.0,0.0,0.0,0.0,0.0,0.0,0.0,0.0,0.0,0.0,0.0,0.0,0.0,0.0,0.0,0.0,0.0,0.0,0.0,0.0,0.0,0.0,0.0,0.0,0.0,0.0,0.0,0.0,0.0,0.0,0.0,0.0,0.0,0.0,0.0,0.0,0.0,0.0,0.0,0.0,0.0
0.0,0.0,0.0,0.0,0.0,0.0,0.0,0.0,0.0,0.0,0.0,0.0,0.0,0.0,0.0,0.0,0.0,0.0,0.0,0.0,0.0,0.0,0.0,0.0,0.0,0.0,0.0,0.0,0.0,0.0,0.0,0.0,0.0,0.0,0.0,0.0,0.0,0.0,0.0,0.0,0.0,0.0,0.0,0.0,0.0,0.0,0.0,0.0,0.0,0.0,0.0,0.0,0.0,0.0,0.0,0.0,0.0,0.0,0.0,0.0,0.0,0.0,0.0,0.0,0.0,0.0,0.0,0.0,0.0,0.0,0.0,0.0,0.0,0.0,0.0,0.0,0.0,0.0,0.0,0.0,0.0,0.0,0.0,0.0,0.0,0.0,0.0,0.0,0.0,0.0,0.0,0.0,0.0,0.0,0.0,0.0,0.0,0.0,0.0,0.0,0.0,0.0,0.0,0.0,0.0,0.0,0.0,0.0,0.0,0.0,0.0,0.0,0.0,0.0,0.0,0.0,0.0,0.0,0.0,0.0,0.0,0.0,0.0,0.0,0.0,0.0,0.0,0.0,0.0,0.0,0.0,0.0,0.0,0.0,0.0,0.0,0.0,0.0,0.0,0.0,0.0,0.0,0.0,0.0,0.0,0.0,0.0,0.0,0.0,0.0,0.0,0.0,0.0,0.0,0.0,0.0,0.0,0.0,0.0,0.0,0.0,0.0,0.0,0.0,0.0,0.0,0.0,0.0,0.0,0.0,0.0,0.0,0.0,0.0,0.0,0.0,0.0,0.0,0.0,0.0,0.0,0.0,0.0,0.0,0.0,0.0,0.0,0.0,0.0,0.0,0.0,0.0,0.0,0.0,0.0,0.0,0.0,0.0,0.0,0.0,0.0,0.0,0.0,0.0,0.0,0.0,0.0,0.0,0.0,0.0,0.0,0.0,0.0,0.0,0.0,0.0,0.0,0.0,0.0,0.0,0.0,0.0,0.0,0.0,0.0,0.0,0.0,0.0,0.0,0.0,0.0,0.0,0.0,0.0,0.0,0.0,0.0,0.0,0.0,0.0,0.0,0.0,0.0,0.0,0.0,0.0,0.0,0.0,0.0,0.0,0.0,0.0,0.0,0.0,0.0,0.0,0.0
0.0,0.0,0.0,0.0,0.0,0.0,0.0,0.0,0.0,0.0,0.0,0.0,0.0,0.0,0.0,0.0,0.0,0.0,0.0,0.0,0.0,0.0,0.0,0.0,0.0,0.0,0.0,0.0,0.0,0.0,0.0,0.0,0.0,0.0,0.0,0.0,0.0,0.0,0.0,0.0,0.0,0.0,0.0,0.0,0.0,0.0,0.0,0.0,0.0,0.0,0.0,0.0,0.0,0.0,0.0,0.0,0.0,0.0,0.0,0.0,0.0,0.0,0.0,0.0,0.0,0.0,0.0,0.0,0.0,0.0,0.0,0.0,0.0,0.0,0.0,0.0,0.0,0.0,0.0,0.0,0.0,0.0,0.0,0.0,0.0,0.0,0.0,0.0,0.0,0.0,0.0,0.0,0.0,0.0,0.0,0.0,0.0,0.0,0.0,0.0,0.0,0.0,0.0,0.0,0.0,0.0,0.0,0.0,0.0,0.0,0.0,0.0,0.0,0.0,0.0,0.0,0.0,0.0,0.0,0.0,0.0,0.0,0.0,0.0,0.0,0.0,0.0,0.0,0.0,0.0,0.0,0.0,0.0,0.0,0.0,0.0,0.0,0.0,0.0,0.0,0.0,0.0,0.0,0.0,0.0,0.0,0.0,0.0,0.0,0.0,0.0,0.0,0.0,0.0,0.0,0.0,0.0,0.0,0.0,0.0,0.0,0.0,0.0,0.0,0.0,0.0,0.0,0.0,0.0,0.0,0.0,0.0,0.0,0.0,0.0,0.0,0.0,0.0,0.0,0.0,0.0,0.0,0.0,0.0,0.0,0.0,0.0,0.0,0.0,0.0,0.0,0.0,0.0,0.0,0.0,0.0,0.0,0.0,0.0,0.0,0.0,0.0,0.0,0.0,0.0,0.0,0.0,0.0,0.0,0.0,0.0,0.0,0.0,0.0,0.0,0.0,0.0,0.0,0.0,0.0,0.0,0.0,0.0,0.0,0.0,0.0,0.0,0.0,0.0,0.0,0.0,0.0,0.0,0.0,0.0,0.0,0.0,0.0,0.0,0.0,0.0,0.0,0.0,0.0,0.0,0.0,0.0,0.0,0.0,0.0,0.0,0.0,0.0,0.0,0.0,0.0,0.0
0.0,0.0,0.0,0.0,0.0,0.0,0.0,0.0,0.0,0.0,0.0,0.0,0.0,0.0,0.0,0.0,0.0,0.0,0.0,0.0,0.0,0.0,0.0,0.0,0.0,0.0,0.0,0.0,0.0,0.0,0.0,0.0,0.0,0.0,0.0,0.0,0.0,0.0,0.0,0.0,0.0,0.0,0.0,0.0,0.0,0.0,0.0,0.0,0.0,0.0,0.0,0.0,0.0,0.0,0.0,0.0,0.0,0.0,0.0,0.0,0.0,0.0,0.0,0.0,0.0,0.0,0.0,0.0,0.0,0.0,0.0,0.0,0.0,0.0,0.0,0.0,0.0,0.0,0.0,0.0,0.0,0.0,0.0,0.0,0.0,0.0,0.0,0.0,0.0,0.0,0.0,0.0,0.0,0.0,0.0,0.0,0.0,0.0,0.0,0.0,0.0,0.0,0.0,0.0,0.0,0.0,0.0,0.0,0.0,0.0,0.0,0.0,0.0,0.0,0.0,0.0,0.0,0.0,0.0,0.0,0.0,0.0,0.0,0.0,0.0,0.0,0.0,0.0,0.0,0.0,0.0,0.0,0.0,0.0,0.0,0.0,0.0,0.0,0.0,0.0,0.0,0.0,0.0,0.0,0.0,0.0,0.0,0.0,0.0,0.0,0.0,0.0,0.0,0.0,0.0,0.0,0.0,0.0,0.0,0.0,0.0,0.0,0.0,0.0,0.0,0.0,0.0,0.0,0.0,0.0,0.0,0.0,0.0,0.0,0.0,0.0,0.0,0.0,0.0,0.0,0.0,0.0,0.0,0.0,0.0,0.0,0.0,0.0,0.0,0.0,0.0,0.0,0.0,0.0,0.0,0.0,0.0,0.0,0.0,0.0,0.0,0.0,0.0,0.0,0.0,0.0,0.0,0.0,0.0,0.0,0.0,0.0,0.0,0.0,0.0,0.0,0.0,0.0,0.0,0.0,0.0,0.0,0.0,0.0,0.0,0.0,0.0,0.0,0.0,0.0,0.0,0.0,0.0,0.0,0.0,0.0,0.0,0.0,0.0,0.0,0.0,0.0,0.0,0.0,0.0,0.0,0.0,0.0,0.0,0.0,0.0,0.0,0.0,0.0,0.0,0.0,0.0
0.0,0.0,0.0,0.0,0.0,0.0,0.0,0.0,0.0,0.0,0.0,0.0,0.0,0.0,0.0,0.0,0.0,0.0,0.0,0.0,0.0,0.0,0.0,0.0,0.0,0.0,0.0,0.0,0.0,0.0,0.0,0.0,0.0,0.0,0.0,0.0,0.0,0.0,0.0,0.0,0.0,0.0,0.0,0.0,0.0,0.0,0.0,0.0,0.0,0.0,0.0,0.0,0.0,0.0,0.0,0.0,0.0,0.0,0.0,0.0,0.0,0.0,0.0,0.0,0.0,0.0,0.0,0.0,0.0,0.0,0.0,0.0,0.0,0.0,0.0,0.0,0.0,0.0,0.0,0.0,0.0,0.0,0.0,0.0,0.0,0.0,0.0,0.0,0.0,0.0,0.0,0.0,0.0,0.0,0.0,0.0,0.0,0.0,0.0,0.0,0.0,0.0,0.0,0.0,0.0,0.0,0.0,0.0,0.0,0.0,0.0,0.0,0.0,0.0,0.0,0.0,0.0,0.0,0.0,0.0,0.0,0.0,0.0,0.0,0.0,0.0,0.0,0.0,0.0,0.0,0.0,0.0,0.0,0.0,0.0,0.0,0.0,0.0,0.0,0.0,0.0,0.0,0.0,0.0,0.0,0.0,0.0,0.0,0.0,0.0,0.0,0.0,0.0,0.0,0.0,0.0,0.0,0.0,0.0,0.0,0.0,0.0,0.0,0.0,0.0,0.0,0.0,0.0,0.0,0.0,0.0,0.0,0.0,0.0,0.0,0.0,0.0,0.0,0.0,0.0,0.0,0.0,0.0,0.0,0.0,0.0,0.0,0.0,0.0,0.0,0.0,0.0,0.0,0.0,0.0,0.0,0.0,0.0,0.0,0.0,0.0,0.0,0.0,0.0,0.0,0.0,0.0,0.0,0.0,0.0,0.0,0.0,0.0,0.0,0.0,0.0,0.0,0.0,0.0,0.0,0.0,0.0,0.0,0.0,0.0,0.0,0.0,0.0,0.0,0.0,0.0,0.0,0.0,0.0,0.0,0.0,0.0,0.0,0.0,0.0,0.0,0.0,0.0,0.0,0.0,0.0,0.0,0.0,0.0,0.0,0.0,0.0,0.0,0.0,0.0,0.0,0.0
0.0,0.0,0.0,0.0,0.0,0.0,0.0,0.0,0.0,0.0,0.0,0.0,0.0,0.0,0.0,0.0,0.0,0.0,0.0,0.0,0.0,0.0,0.0,0.0,0.0,0.0,0.0,0.0,0.0,0.0,0.0,0.0,0.0,0.0,0.0,0.0,0.0,0.0,0.0,0.0,0.0,0.0,0.0,0.0,0.0,0.0,0.0,0.0,0.0,0.0,0.0,0.0,0.0,0.0,0.0,0.0,0.0,0.0,0.0,0.0,0.0,0.0,0.0,0.0,0.0,0.0,0.0,0.0,0.0,0.0,0.0,0.0,0.0,0.0,0.0,0.0,0.0,0.0,0.0,0.0,0.0,0.0,0.0,0.0,0.0,0.0,0.0,0.0,0.0,0.0,0.0,0.0,0.0,0.0,0.0,0.0,0.0,0.0,0.0,0.0,0.0,0.0,0.0,0.0,0.0,0.0,0.0,0.0,0.0,0.0,0.0,0.0,0.0,0.0,0.0,0.0,0.0,0.0,0.0,0.0,0.0,0.0,0.0,0.0,0.0,0.0,0.0,0.0,0.0,0.0,0.0,0.0,0.0,0.0,0.0,0.0,0.0,0.0,0.0,0.0,0.0,0.0,0.0,0.0,0.0,0.0,0.0,0.0,0.0,0.0,0.0,0.0,0.0,0.0,0.0,0.0,0.0,0.0,0.0,0.0,0.0,0.0,0.0,0.0,0.0,0.0,0.0,0.0,0.0,0.0,0.0,0.0,0.0,0.0,0.0,0.0,0.0,0.0,0.0,0.0,0.0,0.0,0.0,0.0,0.0,0.0,0.0,0.0,0.0,0.0,0.0,0.0,0.0,0.0,0.0,0.0,0.0,0.0,0.0,0.0,0.0,0.0,0.0,0.0,0.0,0.0,0.0,0.0,0.0,0.0,0.0,0.0,0.0,0.0,0.0,0.0,0.0,0.0,0.0,0.0,0.0,0.0,0.0,0.0,0.0,0.0,0.0,0.0,0.0,0.0,0.0,0.0,0.0,0.0,0.0,0.0,0.0,0.0,0.0,0.0,0.0,0.0,0.0,0.0,0.0,0.0,0.0,0.0,0.0,0.0,0.0,0.0,0.0,0.0,0.0,0.0,0.0
0.0,0.0,0.0,0.0,0.0,0.0,0.0,0.0,0.0,0.0,0.0,0.0,0.0,0.0,0.0,0.0,0.0,0.0,0.0,0.0,0.0,0.0,0.0,0.0,0.0,0.0,0.0,0.0,0.0,0.0,0.0,0.0,0.0,0.0,0.0,0.0,0.0,0.0,0.0,0.0,0.0,0.0,0.0,0.0,0.0,0.0,0.0,0.0,0.0,0.0,0.0,0.0,0.0,0.0,0.0,0.0,0.0,0.0,0.0,0.0,0.0,0.0,0.0,0.0,0.0,0.0,0.0,0.0,0.0,0.0,0.0,0.0,0.0,0.0,0.0,0.0,0.0,0.0,0.0,0.0,0.0,0.0,0.0,0.0,0.0,0.0,0.0,0.0,0.0,0.0,0.0,0.0,0.0,0.0,0.0,0.0,0.0,0.0,0.0,0.0,0.0,0.0,0.0,0.0,0.0,0.0,0.0,0.0,0.0,0.0,0.0,0.0,0.0,0.0,0.0,0.0,0.0,0.0,0.0,0.0,0.0,0.0,0.0,0.0,0.0,0.0,0.0,0.0,0.0,0.0,0.0,0.0,0.0,0.0,0.0,0.0,0.0,0.0,0.0,0.0,0.0,0.0,0.0,0.0,0.0,0.0,0.0,0.0,0.0,0.0,0.0,0.0,0.0,0.0,0.0,0.0,0.0,0.0,0.0,0.0,0.0,0.0,0.0,0.0,0.0,0.0,0.0,0.0,0.0,0.0,0.0,0.0,0.0,0.0,0.0,0.0,0.0,0.0,0.0,0.0,0.0,0.0,0.0,0.0,0.0,0.0,0.0,0.0,0.0,0.0,0.0,0.0,0.0,0.0,0.0,0.0,0.0,0.0,0.0,0.0,0.0,0.0,0.0,0.0,0.0,0.0,0.0,0.0,0.0,0.0,0.0,0.0,0.0,0.0,0.0,0.0,0.0,0.0,0.0,0.0,0.0,0.0,0.0,0.0,0.0,0.0,0.0,0.0,0.0,0.0,0.0,0.0,0.0,0.0,0.0,0.0,0.0,0.0,0.0,0.0,0.0,0.0,0.0,0.0,0.0,0.0,0.0,0.0,0.0,0.0,0.0,0.0,0.0,0.0,0.0,0.0,0.0
0.0,0.0,0.0,0.0,0.0,0.0,0.0,0.0,0.0,0.0,0.0,0.0,0.0,0.0,0.0,0.0,0.0,0.0,0.0,0.0,0.0,0.0,0.0,0.0,0.0,0.0,0.0,0.0,0.0,0.0,0.0,0.0,0.0,0.0,0.0,0.0,0.0,0.0,0.0,0.0,0.0,0.0,0.0,0.0,0.0,0.0,0.0,0.0,0.0,0.0,0.0,0.0,0.0,0.0,0.0,0.0,0.0,0.0,0.0,0.0,0.0,0.0,0.0,0.0,0.0,0.0,0.0,0.0,0.0,0.0,0.0,0.0,0.0,0.0,0.0,0.0,0.0,0.0,0.0,0.0,0.0,0.0,0.0,0.0,0.0,0.0,0.0,0.0,0.0,0.0,0.0,0.0,0.0,0.0,0.0,0.0,0.0,0.0,0.0,0.0,0.0,0.0,0.0,0.0,0.0,0.0,0.0,0.0,0.0,0.0,0.0,0.0,0.0,0.0,0.0,0.0,0.0,0.0,0.0,0.0,0.0,0.0,0.0,0.0,0.0,0.0,0.0,0.0,0.0,0.0,0.0,0.0,0.0,0.0,0.0,0.0,0.0,0.0,0.0,0.0,0.0,0.0,0.0,0.0,0.0,0.0,0.0,0.0,0.0,0.0,0.0,0.0,0.0,0.0,0.0,0.0,0.0,0.0,0.0,0.0,0.0,0.0,0.0,0.0,0.0,0.0,0.0,0.0,0.0,0.0,0.0,0.0,0.0,0.0,0.0,0.0,0.0,0.0,0.0,0.0,0.0,0.0,0.0,0.0,0.0,0.0,0.0,0.0,0.0,0.0,0.0,0.0,0.0,0.0,0.0,0.0,0.0,0.0,0.0,0.0,0.0,0.0,0.0,0.0,0.0,0.0,0.0,0.0,0.0,0.0,0.0,0.0,0.0,0.0,0.0,0.0,0.0,0.0,0.0,0.0,0.0,0.0,0.0,0.0,0.0,0.0,0.0,0.0,0.0,0.0,0.0,0.0,0.0,0.0,0.0,0.0,0.0,0.0,0.0,0.0,0.0,0.0,0.0,0.0,0.0,0.0,0.0,0.0,0.0,0.0,0.0,0.0,0.0,0.0,0.0,0.0,0.0
0.0,0.0,0.0,0.0,0.0,0.0,0.0,0.0,0.0,0.0,0.0,0.0,0.0,0.0,0.0,0.0,0.0,0.0,0.0,0.0,0.0,0.0,0.0,0.0,0.0,0.0,0.0,0.0,0.0,0.0,0.0,0.0,0.0,0.0,0.0,0.0,0.0,0.0,0.0,0.0,0.0,0.0,0.0,0.0,0.0,0.0,0.0,0.0,0.0,0.0,0.0,0.0,0.0,0.0,0.0,0.0,0.0,0.0,0.0,0.0,0.0,0.0,0.0,0.0,0.0,0.0,0.0,0.0,0.0,0.0,0.0,0.0,0.0,0.0,0.0,0.0,0.0,0.0,0.0,0.0,0.0,0.0,0.0,0.0,0.0,0.0,0.0,0.0,0.0,0.0,0.0,0.0,0.0,0.0,0.0,0.0,0.0,0.0,0.0,0.0,0.0,0.0,0.0,0.0,0.0,0.0,0.0,0.0,0.0,0.0,0.0,0.0,0.0,0.0,0.0,0.0,0.0,0.0,0.0,0.0,0.0,0.0,0.0,0.0,0.0,0.0,0.0,0.0,0.0,0.0,0.0,0.0,0.0,0.0,0.0,0.0,0.0,0.0,0.0,0.0,0.0,0.0,0.0,0.0,0.0,0.0,0.0,0.0,0.0,0.0,0.0,0.0,0.0,0.0,0.0,0.0,0.0,0.0,0.0,0.0,0.0,0.0,0.0,0.0,0.0,0.0,0.0,0.0,0.0,0.0,0.0,0.0,0.0,0.0,0.0,0.0,0.0,0.0,0.0,0.0,0.0,0.0,0.0,0.0,0.0,0.0,0.0,0.0,0.0,0.0,0.0,0.0,0.0,0.0,0.0,0.0,0.0,0.0,0.0,0.0,0.0,0.0,0.0,0.0,0.0,0.0,0.0,0.0,0.0,0.0,0.0,0.0,0.0,0.0,0.0,0.0,0.0,0.0,0.0,0.0,0.0,0.0,0.0,0.0,0.0,0.0,0.0,0.0,0.0,0.0,0.0,0.0,0.0,0.0,0.0,0.0,0.0,0.0,0.0,0.0,0.0,0.0,0.0,0.0,0.0,0.0,0.0,0.0,0.0,0.0,0.0,0.0,0.0,0.0,0.0,0.0,0.0
0.0,0.0,0.0,0.0,0.0,0.0,0.0,0.0,0.0,0.0,0.0,0.0,0.0,0.0,0.0,0.0,0.0,0.0,0.0,0.0,0.0,0.0,0.0,0.0,0.0,0.0,0.0,0.0,0.0,0.0,0.0,0.0,0.0,0.0,0.0,0.0,0.0,0.0,0.0,0.0,0.0,0.0,0.0,0.0,0.0,0.0,0.0,0.0,0.0,0.0,0.0,0.0,0.0,0.0,0.0,0.0,0.0,0.0,0.0,0.0,0.0,0.0,0.0,0.0,0.0,0.0,0.0,0.0,0.0,0.0,0.0,0.0,0.0,0.0,0.0,0.0,0.0,0.0,0.0,0.0,0.0,0.0,0.0,0.0,0.0,0.0,0.0,0.0,0.0,0.0,0.0,0.0,0.0,0.0,0.0,0.0,0.0,0.0,0.0,0.0,0.0,0.0,0.0,0.0,0.0,0.0,0.0,0.0,0.0,0.0,0.0,0.0,0.0,0.0,0.0,0.0,0.0,0.0,0.0,0.0,0.0,0.0,0.0,0.0,0.0,0.0,0.0,0.0,0.0,0.0,0.0,0.0,0.0,0.0,0.0,0.0,0.0,0.0,0.0,0.0,0.0,0.0,0.0,0.0,0.0,0.0,0.0,0.0,0.0,0.0,0.0,0.0,0.0,0.0,0.0,0.0,0.0,0.0,0.0,0.0,0.0,0.0,0.0,0.0,0.0,0.0,0.0,0.0,0.0,0.0,0.0,0.0,0.0,0.0,0.0,0.0,0.0,0.0,0.0,0.0,0.0,0.0,0.0,0.0,0.0,0.0,0.0,0.0,0.0,0.0,0.0,0.0,0.0,0.0,0.0,0.0,0.0,0.0,0.0,0.0,0.0,0.0,0.0,0.0,0.0,0.0,0.0,0.0,0.0,0.0,0.0,0.0,0.0,0.0,0.0,0.0,0.0,0.0,0.0,0.0,0.0,0.0,0.0,0.0,0.0,0.0,0.0,0.0,0.0,0.0,0.0,0.0,0.0,0.0,0.0,0.0,0.0,0.0,0.0,0.0,0.0,0.0,0.0,0.0,0.0,0.0,0.0,0.0,0.0,0.0,0.0,0.0,0.0,0.0,0.0,0.0,0.0
0.0,0.0,0.0,0.0,0.0,0.0,0.0,0.0,0.0,0.0,0.0,0.0,0.0,0.0,0.0,0.0,0.0,0.0,0.0,0.0,0.0,0.0,0.0,0.0,0.0,0.0,0.0,0.0,0.0,0.0,0.0,0.0,0.0,0.0,0.0,0.0,0.0,0.0,0.0,0.0,0.0,0.0,0.0,0.0,0.0,0.0,0.0,0.0,0.0,0.0,0.0,0.0,0.0,0.0,0.0,0.0,0.0,0.0,0.0,0.0,0.0,0.0,0.0,0.0,0.0,0.0,0.0,0.0,0.0,0.0,0.0,0.0,0.0,0.0,0.0,0.0,0.0,0.0,0.0,0.0,0.0,0.0,0.0,0.0,0.0,0.0,0.0,0.0,0.0,0.0,0.0,0.0,0.0,0.0,0.0,0.0,0.0,0.0,0.0,0.0,0.0,0.0,0.0,0.0,0.0,0.0,0.0,0.0,0.0,0.0,0.0,0.0,0.0,0.0,0.0,0.0,0.0,0.0,0.0,0.0,0.0,0.0,0.0,0.0,0.0,0.0,0.0,0.0,0.0,0.0,0.0,0.0,0.0,0.0,0.0,0.0,0.0,0.0,0.0,0.0,0.0,0.0,0.0,0.0,0.0,0.0,0.0,0.0,0.0,0.0,0.0,0.0,0.0,0.0,0.0,0.0,0.0,0.0,0.0,0.0,0.0,0.0,0.0,0.0,0.0,0.0,0.0,0.0,0.0,0.0,0.0,0.0,0.0,0.0,0.0,0.0,0.0,0.0,0.0,0.0,0.0,0.0,0.0,0.0,0.0,0.0,0.0,0.0,0.0,0.0,0.0,0.0,0.0,0.0,0.0,0.0,0.0,0.0,0.0,0.0,0.0,0.0,0.0,0.0,0.0,0.0,0.0,0.0,0.0,0.0,0.0,0.0,0.0,0.0,0.0,0.0,0.0,0.0,0.0,0.0,0.0,0.0,0.0,0.0,0.0,0.0,0.0,0.0,0.0,0.0,0.0,0.0,0.0,0.0,0.0,0.0,0.0,0.0,0.0,0.0,0.0,0.0,0.0,0.0,0.0,0.0,0.0,0.0,0.0,0.0,0.0,0.0,0.0,0.0,0.0,0.0,0.0
0.0,0.0,0.0,0.0,0.0,0.0,0.0,0.0,0.0,0.0,0.0,0.0,0.0,0.0,0.0,0.0,0.0,0.0,0.0,0.0,0.0,0.0,0.0,0.0,0.0,0.0,0.0,0.0,0.0,0.0,0.0,0.0,0.0,0.0,0.0,0.0,0.0,0.0,0.0,0.0,0.0,0.0,0.0,0.0,0.0,0.0,0.0,0.0,0.0,0.0,0.0,0.0,0.0,0.0,0.0,0.0,0.0,0.0,0.0,0.0,0.0,0.0,0.0,0.0,0.0,0.0,0.0,0.0,0.0,0.0,0.0,0.0,0.0,0.0,0.0,0.0,0.0,0.0,0.0,0.0,0.0,0.0,0.0,0.0,0.0,0.0,0.0,0.0,0.0,0.0,0.0,0.0,0.0,0.0,0.0,0.0,0.0,0.0,0.0,0.0,0.0,0.0,0.0,0.0,0.0,0.0,0.0,0.0,0.0,0.0,0.0,0.0,0.0,0.0,0.0,0.0,0.0,0.0,0.0,0.0,0.0,0.0,0.0,0.0,0.0,0.0,0.0,0.0,0.0,0.0,0.0,0.0,0.0,0.0,0.0,0.0,0.0,0.0,0.0,0.0,0.0,0.0,0.0,0.0,0.0,0.0,0.0,0.0,0.0,0.0,0.0,0.0,0.0,0.0,0.0,0.0,0.0,0.0,0.0,0.0,0.0,0.0,0.0,0.0,0.0,0.0,0.0,0.0,0.0,0.0,0.0,0.0,0.0,0.0,0.0,0.0,0.0,0.0,0.0,0.0,0.0,0.0,0.0,0.0,0.0,0.0,0.0,0.0,0.0,0.0,0.0,0.0,0.0,0.0,0.0,0.0,0.0,0.0,0.0,0.0,0.0,0.0,0.0,0.0,0.0,0.0,0.0,0.0,0.0,0.0,0.0,0.0,0.0,0.0,0.0,0.0,0.0,0.0,0.0,0.0,0.0,0.0,0.0,0.0,0.0,0.0,0.0,0.0,0.0,0.0,0.0,0.0,0.0,0.0,0.0,0.0,0.0,0.0,0.0,0.0,0.0,0.0,0.0,0.0,0.0,0.0,0.0,0.0,0.0,0.0,0.0,0.0,0.0,0.0,0.0,0.0,0.0
0.0,0.0,0.0,0.0,0.0,0.0,0.0,0.0,0.0,0.0,0.0,0.0,0.0,0.0,0.0,0.0,0.0,0.0,0.0,0.0,0.0,0.0,0.0,0.0,0.0,0.0,0.0,0.0,0.0,0.0,0.0,0.0,0.0,0.0,0.0,0.0,0.0,0.0,0.0,0.0,0.0,0.0,0.0,0.0,0.0,0.0,0.0,0.0,0.0,0.0,0.0,0.0,0.0,0.0,0.0,0.0,0.0,0.0,0.0,0.0,0.0,0.0,0.0,0.0,0.0,0.0,0.0,0.0,0.0,0.0,0.0,0.0,0.0,0.0,0.0,0.0,0.0,0.0,0.0,0.0,0.0,0.0,0.0,0.0,0.0,0.0,0.0,0.0,0.0,0.0,0.0,0.0,0.0,0.0,0.0,0.0,0.0,0.0,0.0,0.0,0.0,0.0,0.0,0.0,0.0,0.0,0.0,0.0,0.0,0.0,0.0,0.0,0.0,0.0,0.0,0.0,0.0,0.0,0.0,0.0,0.0,0.0,0.0,0.0,0.0,0.0,0.0,0.0,0.0,0.0,0.0,0.0,0.0,0.0,0.0,0.0,0.0,0.0,0.0,0.0,0.0,0.0,0.0,0.0,0.0,0.0,0.0,0.0,0.0,0.0,0.0,0.0,0.0,0.0,0.0,0.0,0.0,0.0,0.0,0.0,0.0,0.0,0.0,0.0,0.0,0.0,0.0,0.0,0.0,0.0,0.0,0.0,0.0,0.0,0.0,0.0,0.0,0.0,0.0,0.0,0.0,0.0,0.0,0.0,0.0,0.0,0.0,0.0,0.0,0.0,0.0,0.0,0.0,0.0,0.0,0.0,0.0,0.0,0.0,0.0,0.0,0.0,0.0,0.0,0.0,0.0,0.0,0.0,0.0,0.0,0.0,0.0,0.0,0.0,0.0,0.0,0.0,0.0,0.0,0.0,0.0,0.0,0.0,0.0,0.0,0.0,0.0,0.0,0.0,0.0,0.0,0.0,0.0,0.0,0.0,0.0,0.0,0.0,0.0,0.0,0.0,0.0,0.0,0.0,0.0,0.0,0.0,0.0,0.0,0.0,0.0,0.0,0.0,0.0,0.0,0.0,0.0
0.0,0.0,0.0,0.0,0.0,0.0,0.0,0.0,0.0,0.0,0.0,0.0,0.0,0.0,0.0,0.0,0.0,0.0,0.0,0.0,0.0,0.0,0.0,0.0,0.0,0.0,0.0,0.0,0.0,0.0,0.0,0.0,0.0,0.0,0.0,0.0,0.0,0.0,0.0,0.0,0.0,0.0,0.0,0.0,0.0,0.0,0.0,0.0,0.0,0.0,0.0,0.0,0.0,0.0,0.0,0.0,0.0,0.0,0.0,0.0,0.0,0.0,0.0,0.0,0.0,0.0,0.0,0.0,0.0,0.0,0.0,0.0,0.0,0.0,0.0,0.0,0.0,0.0,0.0,0.0,0.0,0.0,0.0,0.0,0.0,0.0,0.0,0.0,0.0,0.0,0.0,0.0,0.0,0.0,0.0,0.0,0.0,0.0,0.0,0.0,0.0,0.0,0.0,0.0,0.0,0.0,0.0,0.0,0.0,0.0,0.0,0.0,0.0,0.0,0.0,0.0,0.0,0.0,0.0,0.0,0.0,0.0,0.0,0.0,0.0,0.0,0.0,0.0,0.0,0.0,0.0,0.0,0.0,0.0,0.0,0.0,0.0,0.0,0.0,0.0,0.0,0.0,0.0,0.0,0.0,0.0,0.0,0.0,0.0,0.0,0.0,0.0,0.0,0.0,0.0,0.0,0.0,0.0,0.0,0.0,0.0,0.0,0.0,0.0,0.0,0.0,0.0,0.0,0.0,0.0,0.0,0.0,0.0,0.0,0.0,0.0,0.0,0.0,0.0,0.0,0.0,0.0,0.0,0.0,0.0,0.0,0.0,0.0,0.0,0.0,0.0,0.0,0.0,0.0,0.0,0.0,0.0,0.0,0.0,0.0,0.0,0.0,0.0,0.0,0.0,0.0,0.0,0.0,0.0,0.0,0.0,0.0,0.0,0.0,0.0,0.0,0.0,0.0,0.0,0.0,0.0,0.0,0.0,0.0,0.0,0.0,0.0,0.0,0.0,0.0,0.0,0.0,0.0,0.0,0.0,0.0,0.0,0.0,0.0,0.0,0.0,0.0,0.0,0.0,0.0,0.0,0.0,0.0,0.0,0.0,0.0,0.0,0.0,0.0,0.0,0.0,0.0
0.0,0.0,0.0,0.0,0.0,0.0,0.0,0.0,0.0,0.0,0.0,0.0,0.0,0.0,0.0,0.0,0.0,0.0,0.0,0.0,0.0,0.0,0.0,0.0,0.0,0.0,0.0,0.0,0.0,0.0,0.0,0.0,0.0,0.0,0.0,0.0,0.0,0.0,0.0,0.0,0.0,0.0,0.0,0.0,0.0,0.0,0.0,0.0,0.0,0.0,0.0,0.0,0.0,0.0,0.0,0.0,0.0,0.0,0.0,0.0,0.0,0.0,0.0,0.0,0.0,0.0,0.0,0.0,0.0,0.0,0.0,0.0,0.0,0.0,0.0,0.0,0.0,0.0,0.0,0.0,0.0,0.0,0.0,0.0,0.0,0.0,0.0,0.0,0.0,0.0,0.0,0.0,0.0,0.0,0.0,0.0,0.0,0.0,0.0,0.0,0.0,0.0,0.0,0.0,0.0,0.0,0.0,0.0,0.0,0.0,0.0,0.0,0.0,0.0,0.0,0.0,0.0,0.0,0.0,0.0,0.0,0.0,0.0,0.0,0.0,0.0,0.0,0.0,0.0,0.0,0.0,0.0,0.0,0.0,0.0,0.0,0.0,0.0,0.0,0.0,0.0,0.0,0.0,0.0,0.0,0.0,0.0,0.0,0.0,0.0,0.0,0.0,0.0,0.0,0.0,0.0,0.0,0.0,0.0,0.0,0.0,0.0,0.0,0.0,0.0,0.0,0.0,0.0,0.0,0.0,0.0,0.0,0.0,0.0,0.0,0.0,0.0,0.0,0.0,0.0,0.0,0.0,0.0,0.0,0.0,0.0,0.0,0.0,0.0,0.0,0.0,0.0,0.0,0.0,0.0,0.0,0.0,0.0,0.0,0.0,0.0,0.0,0.0,0.0,0.0,0.0,0.0,0.0,0.0,0.0,0.0,0.0,0.0,0.0,0.0,0.0,0.0,0.0,0.0,0.0,0.0,0.0,0.0,0.0,0.0,0.0,0.0,0.0,0.0,0.0,0.0,0.0,0.0,0.0,0.0,0.0,0.0,0.0,0.0,0.0,0.0,0.0,0.0,0.0,0.0,0.0,0.0,0.0,0.0,0.0,0.0,0.0,0.0,0.0,0.0,0.0,0.0
0.0,0.0,0.0,0.0,0.0,0.0,0.0,0.0,0.0,0.0,0.0,0.0,0.0,0.0,0.0,0.0,0.0,0.0,0.0,0.0,0.0,0.0,0.0,0.0,0.0,0.0,0.0,0.0,0.0,0.0,0.0,0.0,0.0,0.0,0.0,0.0,0.0,0.0,0.0,0.0,0.0,0.0,0.0,0.0,0.0,0.0,0.0,0.0,0.0,0.0,0.0,0.0,0.0,0.0,0.0,0.0,0.0,0.0,0.0,0.0,0.0,0.0,0.0,0.0,0.0,0.0,0.0,0.0,0.0,0.0,0.0,0.0,0.0,0.0,0.0,0.0,0.0,0.0,0.0,0.0,0.0,0.0,0.0,0.0,0.0,0.0,0.0,0.0,0.0,0.0,0.0,0.0,0.0,0.0,0.0,0.0,0.0,0.0,0.0,0.0,0.0,0.0,0.0,0.0,0.0,0.0,0.0,0.0,0.0,0.0,0.0,0.0,0.0,0.0,0.0,0.0,0.0,0.0,0.0,0.0,0.0,0.0,0.0,0.0,0.0,0.0,0.0,0.0,0.0,0.0,0.0,0.0,0.0,0.0,0.0,0.0,0.0,0.0,0.0,0.0,0.0,0.0,0.0,0.0,0.0,0.0,0.0,0.0,0.0,0.0,0.0,0.0,0.0,0.0,0.0,0.0,0.0,0.0,0.0,0.0,0.0,0.0,0.0,0.0,0.0,0.0,0.0,0.0,0.0,0.0,0.0,0.0,0.0,0.0,0.0,0.0,0.0,0.0,0.0,0.0,0.0,0.0,0.0,0.0,0.0,0.0,0.0,0.0,0.0,0.0,0.0,0.0,0.0,0.0,0.0,0.0,0.0,0.0,0.0,0.0,0.0,0.0,0.0,0.0,0.0,0.0,0.0,0.0,0.0,0.0,0.0,0.0,0.0,0.0,0.0,0.0,0.0,0.0,0.0,0.0,0.0,0.0,0.0,0.0,0.0,0.0,0.0,0.0,0.0,0.0,0.0,0.0,0.0,0.0,0.0,0.0,0.0,0.0,0.0,0.0,0.0,0.0,0.0,0.0,0.0,0.0,0.0,0.0,0.0,0.0,0.0,0.0,0.0,0.0,0.0,0.0,0.0
0.0,0.0,0.0,0.0,0.0,0.0,0.0,0.0,0.0,0.0,0.0,0.0,0.0,0.0,0.0,0.0,0.0,0.0,0.0,0.0,0.0,0.0,0.0,0.0,0.0,0.0,0.0,0.0,0.0,0.0,0.0,0.0,0.0,0.0,0.0,0.0,0.0,0.0,0.0,0.0,0.0,0.0,0.0,0.0,0.0,0.0,0.0,0.0,0.0,0.0,0.0,0.0,0.0,0.0,0.0,0.0,0.0,0.0,0.0,0.0,0.0,0.0,0.0,0.0,0.0,0.0,0.0,0.0,0.0,0.0,0.0,0.0,0.0,0.0,0.0,0.0,0.0,0.0,0.0,0.0,0.0,0.0,0.0,0.0,0.0,0.0,0.0,0.0,0.0,0.0,0.0,0.0,0.0,0.0,0.0,0.0,0.0,0.0,0.0,0.0,0.0,0.0,0.0,0.0,0.0,0.0,0.0,0.0,0.0,0.0,0.0,0.0,0.0,0.0,0.0,0.0,0.0,0.0,0.0,0.0,0.0,0.0,0.0,0.0,0.0,0.0,0.0,0.0,0.0,0.0,0.0,0.0,0.0,0.0,0.0,0.0,0.0,0.0,0.0,0.0,0.0,0.0,0.0,0.0,0.0,0.0,0.0,0.0,0.0,0.0,0.0,0.0,0.0,0.0,0.0,0.0,0.0,0.0,0.0,0.0,0.0,0.0,0.0,0.0,0.0,0.0,0.0,0.0,0.0,0.0,0.0,0.0,0.0,0.0,0.0,0.0,0.0,0.0,0.0,0.0,0.0,0.0,0.0,0.0,0.0,0.0,0.0,0.0,0.0,0.0,0.0,0.0,0.0,0.0,0.0,0.0,0.0,0.0,0.0,0.0,0.0,0.0,0.0,0.0,0.0,0.0,0.0,0.0,0.0,0.0,0.0,0.0,0.0,0.0,0.0,0.0,0.0,0.0,0.0,0.0,0.0,0.0,0.0,0.0,0.0,0.0,0.0,0.0,0.0,0.0,0.0,0.0,0.0,0.0,0.0,0.0,0.0,0.0,0.0,0.0,0.0,0.0,0.0,0.0,0.0,0.0,0.0,0.0,0.0,0.0,0.0,0.0,0.0,0.0,0.0,0.0,0.0
0.0,0.0,0.0,0.0,0.0,0.0,0.0,0.0,0.0,0.0,0.0,0.0,0.0,0.0,0.0,0.0,0.0,0.0,0.0,0.0,0.0,0.0,0.0,0.0,0.0,0.0,0.0,0.0,0.0,0.0,0.0,0.0,0.0,0.0,0.0,0.0,0.0,0.0,0.0,0.0,0.0,0.0,0.0,0.0,0.0,0.0,0.0,0.0,0.0,0.0,0.0,0.0,0.0,0.0,0.0,0.0,0.0,0.0,0.0,0.0,0.0,0.0,0.0,0.0,0.0,0.0,0.0,0.0,0.0,0.0,0.0,0.0,0.0,0.0,0.0,0.0,0.0,0.0,0.0,0.0,0.0,0.0,0.0,0.0,0.0,0.0,0.0,0.0,0.0,0.0,0.0,0.0,0.0,0.0,0.0,0.0,0.0,0.0,0.0,0.0,0.0,0.0,0.0,0.0,0.0,0.0,0.0,0.0,0.0,0.0,0.0,0.0,0.0,0.0,0.0,0.0,0.0,0.0,0.0,0.0,0.0,0.0,0.0,0.0,0.0,0.0,0.0,0.0,0.0,0.0,0.0,0.0,0.0,0.0,0.0,0.0,0.0,0.0,0.0,0.0,0.0,0.0,0.0,0.0,0.0,0.0,0.0,0.0,0.0,0.0,0.0,0.0,0.0,0.0,0.0,0.0,0.0,0.0,0.0,0.0,0.0,0.0,0.0,0.0,0.0,0.0,0.0,0.0,0.0,0.0,0.0,0.0,0.0,0.0,0.0,0.0,0.0,0.0,0.0,0.0,0.0,0.0,0.0,0.0,0.0,0.0,0.0,0.0,0.0,0.0,0.0,0.0,0.0,0.0,0.0,0.0,0.0,0.0,0.0,0.0,0.0,0.0,0.0,0.0,0.0,0.0,0.0,0.0,0.0,0.0,0.0,0.0,0.0,0.0,0.0,0.0,0.0,0.0,0.0,0.0,0.0,0.0,0.0,0.0,0.0,0.0,0.0,0.0,0.0,0.0,0.0,0.0,0.0,0.0,0.0,0.0,0.0,0.0,0.0,0.0,0.0,0.0,0.0,0.0,0.0,0.0,0.0,0.0,0.0,0.0,0.0,0.0,0.0,0.0,0.0,0.0,0.0
0.0,0.0,0.0,0.0,0.0,0.0,0.0,0.0,0.0,0.0,0.0,0.0,0.0,0.0,0.0,0.0,0.0,0.0,0.0,0.0,0.0,0.0,0.0,0.0,0.0,0.0,0.0,0.0,0.0,0.0,0.0,0.0,0.0,0.0,0.0,0.0,0.0,0.0,0.0,0.0,0.0,0.0,0.0,0.0,0.0,0.0,0.0,0.0,0.0,0.0,0.0,0.0,0.0,0.0,0.0,0.0,0.0,0.0,0.0,0.0,0.0,0.0,0.0,0.0,0.0,0.0,0.0,0.0,0.0,0.0,0.0,0.0,0.0,0.0,0.0,0.0,0.0,0.0,0.0,0.0,0.0,0.0,0.0,0.0,0.0,0.0,0.0,0.0,0.0,0.0,0.0,0.0,0.0,0.0,0.0,0.0,0.0,0.0,0.0,0.0,0.0,0.0,0.0,0.0,0.0,0.0,0.0,0.0,0.0,0.0,0.0,0.0,0.0,0.0,0.0,0.0,0.0,0.0,0.0,0.0,0.0,0.0,0.0,0.0,0.0,0.0,0.0,0.0,0.0,0.0,0.0,0.0,0.0,0.0,0.0,0.0,0.0,0.0,0.0,0.0,0.0,0.0,0.0,0.0,0.0,0.0,0.0,0.0,0.0,0.0,0.0,0.0,0.0,0.0,0.0,0.0,0.0,0.0,0.0,0.0,0.0,0.0,0.0,0.0,0.0,0.0,0.0,0.0,0.0,0.0,0.0,0.0,0.0,0.0,0.0,0.0,0.0,0.0,0.0,0.0,0.0,0.0,0.0,0.0,0.0,0.0,0.0,0.0,0.0,0.0,0.0,0.0,0.0,0.0,0.0,0.0,0.0,0.0,0.0,0.0,0.0,0.0,0.0,0.0,0.0,0.0,0.0,0.0,0.0,0.0,0.0,0.0,0.0,0.0,0.0,0.0,0.0,0.0,0.0,0.0,0.0,0.0,0.0,0.0,0.0,0.0,0.0,0.0,0.0,0.0,0.0,0.0,0.0,0.0,0.0,0.0,0.0,0.0,0.0,0.0,0.0,0.0,0.0,0.0,0.0,0.0,0.0,0.0,0.0,0.0,0.0,0.0,0.0,0.0,0.0,0.0,0.0
0.0,0.0,0.0,0.0,0.0,0.0,0.0,0.0,0.0,0.0,0.0,0.0,0.0,0.0,0.0,0.0,0.0,0.0,0.0,0.0,0.0,0.0,0.0,0.0,0.0,0.0,0.0,0.0,0.0,0.0,0.0,0.0,0.0,0.0,0.0,0.0,0.0,0.0,0.0,0.0,0.0,0.0,0.0,0.0,0.0,0.0,0.0,0.0,0.0,0.0,0.0,0.0,0.0,0.0,0.0,0.0,0.0,0.0,0.0,0.0,0.0,0.0,0.0,0.0,0.0,0.0,0.0,0.0,0.0,0.0,0.0,0.0,0.0,0.0,0.0,0.0,0.0,0.0,0.0,0.0,0.0,0.0,0.0,0.0,0.0,0.0,0.0,0.0,0.0,0.0,0.0,0.0,0.0,0.0,0.0,0.0,0.0,0.0,0.0,0.0,0.0,0.0,0.0,0.0,0.0,0.0,0.0,0.0,0.0,0.0,0.0,0.0,0.0,0.0,0.0,0.0,0.0,0.0,0.0,0.0,0.0,0.0,0.0,0.0,0.0,0.0,0.0,0.0,0.0,0.0,0.0,0.0,0.0,0.0,0.0,0.0,0.0,0.0,0.0,0.0,0.0,0.0,0.0,0.0,0.0,0.0,0.0,0.0,0.0,0.0,0.0,0.0,0.0,0.0,0.0,0.0,0.0,0.0,0.0,0.0,0.0,0.0,0.0,0.0,0.0,0.0,0.0,0.0,0.0,0.0,0.0,0.0,0.0,0.0,0.0,0.0,0.0,0.0,0.0,0.0,0.0,0.0,0.0,0.0,0.0,0.0,0.0,0.0,0.0,0.0,0.0,0.0,0.0,0.0,0.0,0.0,0.0,0.0,0.0,0.0,0.0,0.0,0.0,0.0,0.0,0.0,0.0,0.0,0.0,0.0,0.0,0.0,0.0,0.0,0.0,0.0,0.0,0.0,0.0,0.0,0.0,0.0,0.0,0.0,0.0,0.0,0.0,0.0,0.0,0.0,0.0,0.0,0.0,0.0,0.0,0.0,0.0,0.0,0.0,0.0,0.0,0.0,0.0,0.0,0.0,0.0,0.0,0.0,0.0,0.0,0.0,0.0,0.0,0.0,0.0,0.0,0.0
0.0,0.0,0.0,0.0,0.0,0.0,0.0,0.0,0.0,0.0,0.0,0.0,0.0,0.0,0.0,0.0,0.0,0.0,0.0,0.0,0.0,0.0,0.0,0.0,0.0,0.0,0.0,0.0,0.0,0.0,0.0,0.0,0.0,0.0,0.0,0.0,0.0,0.0,0.0,0.0,0.0,0.0,0.0,0.0,0.0,0.0,0.0,0.0,0.0,0.0,0.0,0.0,0.0,0.0,0.0,0.0,0.0,0.0,0.0,0.0,0.0,0.0,0.0,0.0,0.0,0.0,0.0,0.0,0.0,0.0,0.0,0.0,0.0,0.0,0.0,0.0,0.0,0.0,0.0,0.0,0.0,0.0,0.0,0.0,0.0,0.0,0.0,0.0,0.0,0.0,0.0,0.0,0.0,0.0,0.0,0.0,0.0,0.0,0.0,0.0,0.0,0.0,0.0,0.0,0.0,0.0,0.0,0.0,0.0,0.0,0.0,0.0,0.0,0.0,0.0,0.0,0.0,0.0,0.0,0.0,0.0,0.0,0.0,0.0,0.0,0.0,0.0,0.0,0.0,0.0,0.0,0.0,0.0,0.0,0.0,0.0,0.0,0.0,0.0,0.0,0.0,0.0,0.0,0.0,0.0,0.0,0.0,0.0,0.0,0.0,0.0,0.0,0.0,0.0,0.0,0.0,0.0,0.0,0.0,0.0,0.0,0.0,0.0,0.0,0.0,0.0,0.0,0.0,0.0,0.0,0.0,0.0,0.0,0.0,0.0,0.0,0.0,0.0,0.0,0.0,0.0,0.0,0.0,0.0,0.0,0.0,0.0,0.0,0.0,0.0,0.0,0.0,0.0,0.0,0.0,0.0,0.0,0.0,0.0,0.0,0.0,0.0,0.0,0.0,0.0,0.0,0.0,0.0,0.0,0.0,0.0,0.0,0.0,0.0,0.0,0.0,0.0,0.0,0.0,0.0,0.0,0.0,0.0,0.0,0.0,0.0,0.0,0.0,0.0,0.0,0.0,0.0,0.0,0.0,0.0,0.0,0.0,0.0,0.0,0.0,0.0,0.0,0.0,0.0,0.0,0.0,0.0,0.0,0.0,0.0,0.0,0.0,0.0,0.0,0.0,0.0,0.0
0.0,0.0,0.0,0.0,0.0,0.0,0.0,0.0,0.0,0.0,0.0,0.0,0.0,0.0,0.0,0.0,0.0,0.0,0.0,0.0,0.0,0.0,0.0,0.0,0.0,0.0,0.0,0.0,0.0,0.0,0.0,0.0,0.0,0.0,0.0,0.0,0.0,0.0,0.0,0.0,0.0,0.0,0.0,0.0,0.0,0.0,0.0,0.0,0.0,0.0,0.0,0.0,0.0,0.0,0.0,0.0,0.0,0.0,0.0,0.0,0.0,0.0,0.0,0.0,0.0,0.0,0.0,0.0,0.0,0.0,0.0,0.0,0.0,0.0,0.0,0.0,0.0,0.0,0.0,0.0,0.0,0.0,0.0,0.0,0.0,0.0,0.0,0.0,0.0,0.0,0.0,0.0,0.0,0.0,0.0,0.0,0.0,0.0,0.0,0.0,0.0,0.0,0.0,0.0,0.0,0.0,0.0,0.0,0.0,0.0,0.0,0.0,0.0,0.0,0.0,0.0,0.0,0.0,0.0,0.0,0.0,0.0,0.0,0.0,0.0,0.0,0.0,0.0,0.0,0.0,0.0,0.0,0.0,0.0,0.0,0.0,0.0,0.0,0.0,0.0,0.0,0.0,0.0,0.0,0.0,0.0,0.0,0.0,0.0,0.0,0.0,0.0,0.0,0.0,0.0,0.0,0.0,0.0,0.0,0.0,0.0,0.0,0.0,0.0,0.0,0.0,0.0,0.0,0.0,0.0,0.0,0.0,0.0,0.0,0.0,0.0,0.0,0.0,0.0,0.0,0.0,0.0,0.0,0.0,0.0,0.0,0.0,0.0,0.0,0.0,0.0,0.0,0.0,0.0,0.0,0.0,0.0,0.0,0.0,0.0,0.0,0.0,0.0,0.0,0.0,0.0,0.0,0.0,0.0,0.0,0.0,0.0,0.0,0.0,0.0,0.0,0.0,0.0,0.0,0.0,0.0,0.0,0.0,0.0,0.0,0.0,0.0,0.0,0.0,0.0,0.0,0.0,0.0,0.0,0.0,0.0,0.0,0.0,0.0,0.0,0.0,0.0,0.0,0.0,0.0,0.0,0.0,0.0,0.0,0.0,0.0,0.0,0.0,0.0,0.0,0.0,0.0
0.0,0.0,0.0,0.0,0.0,0.0,0.0,0.0,0.0,0.0,0.0,0.0,0.0,0.0,0.0,0.0,0.0,0.0,0.0,0.0,0.0,0.0,0.0,0.0,0.0,0.0,0.0,0.0,0.0,0.0,0.0,0.0,0.0,0.0,0.0,0.0,0.0,0.0,0.0,0.0,0.0,0.0,0.0,0.0,0.0,0.0,0.0,0.0,0.0,0.0,0.0,0.0,0.0,0.0,0.0,0.0,0.0,0.0,0.0,0.0,0.0,0.0,0.0,0.0,0.0,0.0,0.0,0.0,0.0,0.0,0.0,0.0,0.0,0.0,0.0,0.0,0.0,0.0,0.0,0.0,0.0,0.0,0.0,0.0,0.0,0.0,0.0,0.0,0.0,0.0,0.0,0.0,0.0,0.0,0.0,0.0,0.0,0.0,0.0,0.0,0.0,0.0,0.0,0.0,0.0,0.0,0.0,0.0,0.0,0.0,0.0,0.0,0.0,0.0,0.0,0.0,0.0,0.0,0.0,0.0,0.0,0.0,0.0,0.0,0.0,0.0,0.0,0.0,0.0,0.0,0.0,0.0,0.0,0.0,0.0,0.0,0.0,0.0,0.0,0.0,0.0,0.0,0.0,0.0,0.0,0.0,0.0,0.0,0.0,0.0,0.0,0.0,0.0,0.0,0.0,0.0,0.0,0.0,0.0,0.0,0.0,0.0,0.0,0.0,0.0,0.0,0.0,0.0,0.0,0.0,0.0,0.0,0.0,0.0,0.0,0.0,0.0,0.0,0.0,0.0,0.0,0.0,0.0,0.0,0.0,0.0,0.0,0.0,0.0,0.0,0.0,0.0,0.0,0.0,0.0,0.0,0.0,0.0,0.0,0.0,0.0,0.0,0.0,0.0,0.0,0.0,0.0,0.0,0.0,0.0,0.0,0.0,0.0,0.0,0.0,0.0,0.0,0.0,0.0,0.0,0.0,0.0,0.0,0.0,0.0,0.0,0.0,0.0,0.0,0.0,0.0,0.0,0.0,0.0,0.0,0.0,0.0,0.0,0.0,0.0,0.0,0.0,0.0,0.0,0.0,0.0,0.0,0.0,0.0,0.0,0.0,0.0,0.0,0.0,0.0,0.0,0.0
0.0,0.0,0.0,0.0,0.0,0.0,0.0,0.0,0.0,0.0,0.0,0.0,0.0,0.0,0.0,0.0,0.0,0.0,0.0,0.0,0.0,0.0,0.0,0.0,0.0,0.0,0.0,0.0,0.0,0.0,0.0,0.0,0.0,0.0,0.0,0.0,0.0,0.0,0.0,0.0,0.0,0.0,0.0,0.0,0.0,0.0,0.0,0.0,0.0,0.0,0.0,0.0,0.0,0.0,0.0,0.0,0.0,0.0,0.0,0.0,0.0,0.0,0.0,0.0,0.0,0.0,0.0,0.0,0.0,0.0,0.0,0.0,0.0,0.0,0.0,0.0,0.0,0.0,0.0,0.0,0.0,0.0,0.0,0.0,0.0,0.0,0.0,0.0,0.0,0.0,0.0,0.0,0.0,0.0,0.0,0.0,0.0,0.0,0.0,0.0,0.0,0.0,0.0,0.0,0.0,0.0,0.0,0.0,0.0,0.0,0.0,0.0,0.0,0.0,0.0,0.0,0.0,0.0,0.0,0.0,0.0,0.0,0.0,0.0,0.0,0.0,0.0,0.0,0.0,0.0,0.0,0.0,0.0,0.0,0.0,0.0,0.0,0.0,0.0,0.0,0.0,0.0,0.0,0.0,0.0,0.0,0.0,0.0,0.0,0.0,0.0,0.0,0.0,0.0,0.0,0.0,0.0,0.0,0.0,0.0,0.0,0.0,0.0,0.0,0.0,0.0,0.0,0.0,0.0,0.0,0.0,0.0,0.0,0.0,0.0,0.0,0.0,0.0,0.0,0.0,0.0,0.0,0.0,0.0,0.0,0.0,0.0,0.0,0.0,0.0,0.0,0.0,0.0,0.0,0.0,0.0,0.0,0.0,0.0,0.0,0.0,0.0,0.0,0.0,0.0,0.0,0.0,0.0,0.0,0.0,0.0,0.0,0.0,0.0,0.0,0.0,0.0,0.0,0.0,0.0,0.0,0.0,0.0,0.0,0.0,0.0,0.0,0.0,0.0,0.0,0.0,0.0,0.0,0.0,0.0,0.0,0.0,0.0,0.0,0.0,0.0,0.0,0.0,0.0,0.0,0.0,0.0,0.0,0.0,0.0,0.0,0.0,0.0,0.0,0.0,0.0,0.0
0.0,0.0,0.0,0.0,0.0,0.0,0.0,0.0,0.0,0.0,0.0,0.0,0.0,0.0,0.0,0.0,0.0,0.0,0.0,0.0,0.0,0.0,0.0,0.0,0.0,0.0,0.0,0.0,0.0,0.0,0.0,0.0,0.0,0.0,0.0,0.0,0.0,0.0,0.0,0.0,0.0,0.0,0.0,0.0,0.0,0.0,0.0,0.0,0.0,0.0,0.0,0.0,0.0,0.0,0.0,0.0,0.0,0.0,0.0,0.0,0.0,0.0,0.0,0.0,0.0,0.0,0.0,0.0,0.0,0.0,0.0,0.0,0.0,0.0,0.0,0.0,0.0,0.0,0.0,0.0,0.0,0.0,0.0,0.0,0.0,0.0,0.0,0.0,0.0,0.0,0.0,0.0,0.0,0.0,0.0,0.0,0.0,0.0,0.0,0.0,0.0,0.0,0.0,0.0,0.0,0.0,0.0,0.0,0.0,0.0,0.0,0.0,0.0,0.0,0.0,0.0,0.0,0.0,0.0,0.0,0.0,0.0,0.0,0.0,0.0,0.0,0.0,0.0,0.0,0.0,0.0,0.0,0.0,0.0,0.0,0.0,0.0,0.0,0.0,0.0,0.0,0.0,0.0,0.0,0.0,0.0,0.0,0.0,0.0,0.0,0.0,0.0,0.0,0.0,0.0,0.0,0.0,0.0,0.0,0.0,0.0,0.0,0.0,0.0,0.0,0.0,0.0,0.0,0.0,0.0,0.0,0.0,0.0,0.0,0.0,0.0,0.0,0.0,0.0,0.0,0.0,0.0,0.0,0.0,0.0,0.0,0.0,0.0,0.0,0.0,0.0,0.0,0.0,0.0,0.0,0.0,0.0,0.0,0.0,0.0,0.0,0.0,0.0,0.0,0.0,0.0,0.0,0.0,0.0,0.0,0.0,0.0,0.0,0.0,0.0,0.0,0.0,0.0,0.0,0.0,0.0,0.0,0.0,0.0,0.0,0.0,0.0,0.0,0.0,0.0,0.0,0.0,0.0,0.0,0.0,0.0,0.0,0.0,0.0,0.0,0.0,0.0,0.0,0.0,0.0,0.0,0.0,0.0,0.0,0.0,0.0,0.0,0.0,0.0,0.0,0.0,0.0
0.0,0.0,0.0,0.0,0.0,0.0,0.0,0.0,0.0,0.0,0.0,0.0,0.0,0.0,0.0,0.0,0.0,0.0,0.0,0.0,0.0,0.0,0.0,0.0,0.0,0.0,0.0,0.0,0.0,0.0,0.0,0.0,0.0,0.0,0.0,0.0,0.0,0.0,0.0,0.0,0.0,0.0,0.0,0.0,0.0,0.0,0.0,0.0,0.0,0.0,0.0,0.0,0.0,0.0,0.0,0.0,0.0,0.0,0.0,0.0,0.0,0.0,0.0,0.0,0.0,0.0,0.0,0.0,0.0,0.0,0.0,0.0,0.0,0.0,0.0,0.0,0.0,0.0,0.0,0.0,0.0,0.0,0.0,0.0,0.0,0.0,0.0,0.0,0.0,0.0,0.0,0.0,0.0,0.0,0.0,0.0,0.0,0.0,0.0,0.0,0.0,0.0,0.0,0.0,0.0,0.0,0.0,0.0,0.0,0.0,0.0,0.0,0.0,0.0,0.0,0.0,0.0,0.0,0.0,0.0,0.0,0.0,0.0,0.0,0.0,0.0,0.0,0.0,0.0,0.0,0.0,0.0,0.0,0.0,0.0,0.0,0.0,0.0,0.0,0.0,0.0,0.0,0.0,0.0,0.0,0.0,0.0,0.0,0.0,0.0,0.0,0.0,0.0,0.0,0.0,0.0,0.0,0.0,0.0,0.0,0.0,0.0,0.0,0.0,0.0,0.0,0.0,0.0,0.0,0.0,0.0,0.0,0.0,0.0,0.0,0.0,0.0,0.0,0.0,0.0,0.0,0.0,0.0,0.0,0.0,0.0,0.0,0.0,0.0,0.0,0.0,0.0,0.0,0.0,0.0,0.0,0.0,0.0,0.0,0.0,0.0,0.0,0.0,0.0,0.0,0.0,0.0,0.0,0.0,0.0,0.0,0.0,0.0,0.0,0.0,0.0,0.0,0.0,0.0,0.0,0.0,0.0,0.0,0.0,0.0,0.0,0.0,0.0,0.0,0.0,0.0,0.0,0.0,0.0,0.0,0.0,0.0,0.0,0.0,0.0,0.0,0.0,0.0,0.0,0.0,0.0,0.0,0.0,0.0,0.0,0.0,0.0,0.0,0.0,0.0,0.0,0.0
0.0,0.0,0.0,0.0,0.0,0.0,0.0,0.0,0.0,0.0,0.0,0.0,0.0,0.0,0.0,0.0,0.0,0.0,0.0,0.0,0.0,0.0,0.0,0.0,0.0,0.0,0.0,0.0,0.0,0.0,0.0,0.0,0.0,0.0,0.0,0.0,0.0,0.0,0.0,0.0,0.0,0.0,0.0,0.0,0.0,0.0,0.0,0.0,0.0,0.0,0.0,0.0,0.0,0.0,0.0,0.0,0.0,0.0,0.0,0.0,0.0,0.0,0.0,0.0,0.0,0.0,0.0,0.0,0.0,0.0,0.0,0.0,0.0,0.0,0.0,0.0,0.0,0.0,0.0,0.0,0.0,0.0,0.0,0.0,0.0,0.0,0.0,0.0,0.0,0.0,0.0,0.0,0.0,0.0,0.0,0.0,0.0,0.0,0.0,0.0,0.0,0.0,0.0,0.0,0.0,0.0,0.0,0.0,0.0,0.0,0.0,0.0,0.0,0.0,0.0,0.0,0.0,0.0,0.0,0.0,0.0,0.0,0.0,0.0,0.0,0.0,0.0,0.0,0.0,0.0,0.0,0.0,0.0,0.0,0.0,0.0,0.0,0.0,0.0,0.0,0.0,0.0,0.0,0.0,0.0,0.0,0.0,0.0,0.0,0.0,0.0,0.0,0.0,0.0,0.0,0.0,0.0,0.0,0.0,0.0,0.0,0.0,0.0,0.0,0.0,0.0,0.0,0.0,0.0,0.0,0.0,0.0,0.0,0.0,0.0,0.0,0.0,0.0,0.0,0.0,0.0,0.0,0.0,0.0,0.0,0.0,0.0,0.0,0.0,0.0,0.0,0.0,0.0,0.0,0.0,0.0,0.0,0.0,0.0,0.0,0.0,0.0,0.0,0.0,0.0,0.0,0.0,0.0,0.0,0.0,0.0,0.0,0.0,0.0,0.0,0.0,0.0,0.0,0.0,0.0,0.0,0.0,0.0,0.0,0.0,0.0,0.0,0.0,0.0,0.0,0.0,0.0,0.0,0.0,0.0,0.0,0.0,0.0,0.0,0.0,0.0,0.0,0.0,0.0,0.0,0.0,0.0,0.0,0.0,0.0,0.0,0.0,0.0,0.0,0.0,0.0,0.0
0.0,0.0,0.0,0.0,0.0,0.0,0.0,0.0,0.0,0.0,0.0,0.0,0.0,0.0,0.0,0.0,0.0,0.0,0.0,0.0,0.0,0.0,0.0,0.0,0.0,0.0,0.0,0.0,0.0,0.0,0.0,0.0,0.0,0.0,0.0,0.0,0.0,0.0,0.0,0.0,0.0,0.0,0.0,0.0,0.0,0.0,0.0,0.0,0.0,0.0,0.0,0.0,0.0,0.0,0.0,0.0,0.0,0.0,0.0,0.0,0.0,0.0,0.0,0.0,0.0,0.0,0.0,0.0,0.0,0.0,0.0,0.0,0.0,0.0,0.0,0.0,0.0,0.0,0.0,0.0,0.0,0.0,0.0,0.0,0.0,0.0,0.0,0.0,0.0,0.0,0.0,0.0,0.0,0.0,0.0,0.0,0.0,0.0,0.0,0.0,0.0,0.0,0.0,0.0,0.0,0.0,0.0,0.0,0.0,0.0,0.0,0.0,0.0,0.0,0.0,0.0,0.0,0.0,0.0,0.0,0.0,0.0,0.0,0.0,0.0,0.0,0.0,0.0,0.0,0.0,0.0,0.0,0.0,0.0,0.0,0.0,0.0,0.0,0.0,0.0,0.0,0.0,0.0,0.0,0.0,0.0,0.0,0.0,0.0,0.0,0.0,0.0,0.0,0.0,0.0,0.0,0.0,0.0,0.0,0.0,0.0,0.0,0.0,0.0,0.0,0.0,0.0,0.0,0.0,0.0,0.0,0.0,0.0,0.0,0.0,0.0,0.0,0.0,0.0,0.0,0.0,0.0,0.0,0.0,0.0,0.0,0.0,0.0,0.0,0.0,0.0,0.0,0.0,0.0,0.0,0.0,0.0,0.0,0.0,0.0,0.0,0.0,0.0,0.0,0.0,0.0,0.0,0.0,0.0,0.0,0.0,0.0,0.0,0.0,0.0,0.0,0.0,0.0,0.0,0.0,0.0,0.0,0.0,0.0,0.0,0.0,0.0,0.0,0.0,0.0,0.0,0.0,0.0,0.0,0.0,0.0,0.0,0.0,0.0,0.0,0.0,0.0,0.0,0.0,0.0,0.0,0.0,0.0,0.0,0.0,0.0,0.0,0.0,0.0,0.0,0.0,0.0
0.0,0.0,0.0,0.0,0.0,0.0,0.0,0.0,0.0,0.0,0.0,0.0,0.0,0.0,0.0,0.0,0.0,0.0,0.0,0.0,0.0,0.0,0.0,0.0,0.0,0.0,0.0,0.0,0.0,0.0,0.0,0.0,0.0,0.0,0.0,0.0,0.0,0.0,0.0,0.0,0.0,0.0,0.0,0.0,0.0,0.0,0.0,0.0,0.0,0.0,0.0,0.0,0.0,0.0,0.0,0.0,0.0,0.0,0.0,0.0,0.0,0.0,0.0,0.0,0.0,0.0,0.0,0.0,0.0,0.0,0.0,0.0,0.0,0.0,0.0,0.0,0.0,0.0,0.0,0.0,0.0,0.0,0.0,0.0,0.0,0.0,0.0,0.0,0.0,0.0,0.0,0.0,0.0,0.0,0.0,0.0,0.0,0.0,0.0,0.0,0.0,0.0,0.0,0.0,0.0,0.0,0.0,0.0,0.0,0.0,0.0,0.0,0.0,0.0,0.0,0.0,0.0,0.0,0.0,0.0,0.0,0.0,0.0,0.0,0.0,0.0,0.0,0.0,0.0,0.0,0.0,0.0,0.0,0.0,0.0,0.0,0.0,0.0,0.0,0.0,0.0,0.0,0.0,0.0,0.0,0.0,0.0,0.0,0.0,0.0,0.0,0.0,0.0,0.0,0.0,0.0,0.0,0.0,0.0,0.0,0.0,0.0,0.0,0.0,0.0,0.0,0.0,0.0,0.0,0.0,0.0,0.0,0.0,0.0,0.0,0.0,0.0,0.0,0.0,0.0,0.0,0.0,0.0,0.0,0.0,0.0,0.0,0.0,0.0,0.0,0.0,0.0,0.0,0.0,0.0,0.0,0.0,0.0,0.0,0.0,0.0,0.0,0.0,0.0,0.0,0.0,0.0,0.0,0.0,0.0,0.0,0.0,0.0,0.0,0.0,0.0,0.0,0.0,0.0,0.0,0.0,0.0,0.0,0.0,0.0,0.0,0.0,0.0,0.0,0.0,0.0,0.0,0.0,0.0,0.0,0.0,0.0,0.0,0.0,0.0,0.0,0.0,0.0,0.0,0.0,0.0,0.0,0.0,0.0,0.0,0.0,0.0,0.0,0.0,0.0,0.0,0.0
0.0,0.0,0.0,0.0,0.0,0.0,0.0,0.0,0.0,0.0,0.0,0.0,0.0,0.0,0.0,0.0,0.0,0.0,0.0,0.0,0.0,0.0,0.0,0.0,0.0,0.0,0.0,0.0,0.0,0.0,0.0,0.0,0.0,0.0,0.0,0.0,0.0,0.0,0.0,0.0,0.0,0.0,0.0,0.0,0.0,0.0,0.0,0.0,0.0,0.0,0.0,0.0,0.0,0.0,0.0,0.0,0.0,0.0,0.0,0.0,0.0,0.0,0.0,0.0,0.0,0.0,0.0,0.0,0.0,0.0,0.0,0.0,0.0,0.0,0.0,0.0,0.0,0.0,0.0,0.0,0.0,0.0,0.0,0.0,0.0,0.0,0.0,0.0,0.0,0.0,0.0,0.0,0.0,0.0,0.0,0.0,0.0,0.0,0.0,0.0,0.0,0.0,0.0,0.0,0.0,0.0,0.0,0.0,0.0,0.0,0.0,0.0,0.0,0.0,0.0,0.0,0.0,0.0,0.0,0.0,0.0,0.0,0.0,0.0,0.0,0.0,0.0,0.0,0.0,0.0,0.0,0.0,0.0,0.0,0.0,0.0,0.0,0.0,0.0,0.0,0.0,0.0,0.0,0.0,0.0,0.0,0.0,0.0,0.0,0.0,0.0,0.0,0.0,0.0,0.0,0.0,0.0,0.0,0.0,0.0,0.0,0.0,0.0,0.0,0.0,0.0,0.0,0.0,0.0,0.0,0.0,0.0,0.0,0.0,0.0,0.0,0.0,0.0,0.0,0.0,0.0,0.0,0.0,0.0,0.0,0.0,0.0,0.0,0.0,0.0,0.0,0.0,0.0,0.0,0.0,0.0,0.0,0.0,0.0,0.0,0.0,0.0,0.0,0.0,0.0,0.0,0.0,0.0,0.0,0.0,0.0,0.0,0.0,0.0,0.0,0.0,0.0,0.0,0.0,0.0,0.0,0.0,0.0,0.0,0.0,0.0,0.0,0.0,0.0,0.0,0.0,0.0,0.0,0.0,0.0,0.0,0.0,0.0,0.0,0.0,0.0,0.0,0.0,0.0,0.0,0.0,0.0,0.0,0.0,0.0,0.0,0.0,0.0,0.0,0.0,0.0,0.0
0.0,0.0,0.0,0.0,0.0,0.0,0.0,0.0,0.0,0.0,0.0,0.0,0.0,0.0,0.0,0.0,0.0,0.0,0.0,0.0,0.0,0.0,0.0,0.0,0.0,0.0,0.0,0.0,0.0,0.0,0.0,0.0,0.0,0.0,0.0,0.0,0.0,0.0,0.0,0.0,0.0,0.0,0.0,0.0,0.0,0.0,0.0,0.0,0.0,0.0,0.0,0.0,0.0,0.0,0.0,0.0,0.0,0.0,0.0,0.0,0.0,0.0,0.0,0.0,0.0,0.0,0.0,0.0,0.0,0.0,0.0,0.0,0.0,0.0,0.0,0.0,0.0,0.0,0.0,0.0,0.0,0.0,0.0,0.0,0.0,0.0,0.0,0.0,0.0,0.0,0.0,0.0,0.0,0.0,0.0,0.0,0.0,0.0,0.0,0.0,0.0,0.0,0.0,0.0,0.0,0.0,0.0,0.0,0.0,0.0,0.0,0.0,0.0,0.0,0.0,0.0,0.0,0.0,0.0,0.0,0.0,0.0,0.0,0.0,0.0,0.0,0.0,0.0,0.0,0.0,0.0,0.0,0.0,0.0,0.0,0.0,0.0,0.0,0.0,0.0,0.0,0.0,0.0,0.0,0.0,0.0,0.0,0.0,0.0,0.0,0.0,0.0,0.0,0.0,0.0,0.0,0.0,0.0,0.0,0.0,0.0,0.0,0.0,0.0,0.0,0.0,0.0,0.0,0.0,0.0,0.0,0.0,0.0,0.0,0.0,0.0,0.0,0.0,0.0,0.0,0.0,0.0,0.0,0.0,0.0,0.0,0.0,0.0,0.0,0.0,0.0,0.0,0.0,0.0,0.0,0.0,0.0,0.0,0.0,0.0,0.0,0.0,0.0,0.0,0.0,0.0,0.0,0.0,0.0,0.0,0.0,0.0,0.0,0.0,0.0,0.0,0.0,0.0,0.0,0.0,0.0,0.0,0.0,0.0,0.0,0.0,0.0,0.0,0.0,0.0,0.0,0.0,0.0,0.0,0.0,0.0,0.0,0.0,0.0,0.0,0.0,0.0,0.0,0.0,0.0,0.0,0.0,0.0,0.0,0.0,0.0,0.0,0.0,0.0,0.0,0.0,0.0
0.0,0.0,0.0,0.0,0.0,0.0,0.0,0.0,0.0,0.0,0.0,0.0,0.0,0.0,0.0,0.0,0.0,0.0,0.0,0.0,0.0,0.0,0.0,0.0,0.0,0.0,0.0,0.0,0.0,0.0,0.0,0.0,0.0,0.0,0.0,0.0,0.0,0.0,0.0,0.0,0.0,0.0,0.0,0.0,0.0,0.0,0.0,0.0,0.0,0.0,0.0,0.0,0.0,0.0,0.0,0.0,0.0,0.0,0.0,0.0,0.0,0.0,0.0,0.0,0.0,0.0,0.0,0.0,0.0,0.0,0.0,0.0,0.0,0.0,0.0,0.0,0.0,0.0,0.0,0.0,0.0,0.0,0.0,0.0,0.0,0.0,0.0,0.0,0.0,0.0,0.0,0.0,0.0,0.0,0.0,0.0,0.0,0.0,0.0,0.0,0.0,0.0,0.0,0.0,0.0,0.0,0.0,0.0,0.0,0.0,0.0,0.0,0.0,0.0,0.0,0.0,0.0,0.0,0.0,0.0,0.0,0.0,0.0,0.0,0.0,0.0,0.0,0.0,0.0,0.0,0.0,0.0,0.0,0.0,0.0,0.0,0.0,0.0,0.0,0.0,0.0,0.0,0.0,0.0,0.0,0.0,0.0,0.0,0.0,0.0,0.0,0.0,0.0,0.0,0.0,0.0,0.0,0.0,0.0,0.0,0.0,0.0,0.0,0.0,0.0,0.0,0.0,0.0,0.0,0.0,0.0,0.0,0.0,0.0,0.0,0.0,0.0,0.0,0.0,0.0,0.0,0.0,0.0,0.0,0.0,0.0,0.0,0.0,0.0,0.0,0.0,0.0,0.0,0.0,0.0,0.0,0.0,0.0,0.0,0.0,0.0,0.0,0.0,0.0,0.0,0.0,0.0,0.0,0.0,0.0,0.0,0.0,0.0,0.0,0.0,0.0,0.0,0.0,0.0,0.0,0.0,0.0,0.0,0.0,0.0,0.0,0.0,0.0,0.0,0.0,0.0,0.0,0.0,0.0,0.0,0.0,0.0,0.0,0.0,0.0,0.0,0.0,0.0,0.0,0.0,0.0,0.0,0.0,0.0,0.0,0.0,0.0,0.0,0.0,0.0,0.0,0.0
