0.0,0.0,0.0,0.0,0.0,0.0,0.0,0.0,0.0,0.0,0.0,0.0,0.0,0.0,0.0,0.0,0.0,0.0,0.0,0.0,0.0,0.0,0.0,0.0,0.0,0.0,0.0,0.0,0.0,0.0,0.0,0.0,0.0,0.0,0.0,0.0,0.0,0.0,0.0,0.0,0.0,0.0,0.0,0.0,0.0,0.0,0.0,0.0,0.0,0.0,0.0,0.0,0.0,0.0,0.0,0.0,0.0,0.0,0.0,0.0,0.0,0.0,0.0,0.0,0.0,0.0,0.0,0.0,0.0,0.0,0.0,0.0,0.0,0.0,0.0,0.0,0.0,0.0,0.0,0.0,0.0,0.0,0.0,0.0,0.0,0.0,0.0,0.0,0.0,0.0,0.0,0.0,0.0,0.0,0.0,0.0,0.0,0.0,0.0,0.0,0.0,0.0,0.0,0.0,0.0,0.0,0.0,0.0,0.0,0.0,0.0,0.0,0.0,0.0,0.0,0.0,0.0,0.0,0.0,0.0,0.0,0.0,0.0,0.0,0.0,0.0,0.0,0.0,0.0,0.0,0.0,0.0,0.0,0.0,0.0,0.0,0.0,0.0,0.0,0.0,0.0,0.0,0.0,0.0,0.0,0.0,0.0,0.0,0.0,0.0,0.0,0.0,0.0,0.0,0.0,0.0,0.0,0.0,0.0,0.0,0.0,0.0,0.0,0.0,0.0,0.0,0.0,0.0,0.0,0.0,0.0,0.0,0.0,0.0,0.0,0.0,0.0,0.0,0.0,0.0,0.0,0.0,0.0,0.0,0.0,0.0,0.0,0.0,0.0,0.0,0.0,0.0,0.0,0.0,0.0,0.0,0.0,0.0,0.0,0.0,0.0,0.0,0.0,0.0,0.0,0.0,0.0,0.0,0.0,0.0,0.0,0.0,0.0,0.0,0.0,0.0,0.0,0.0,0.0,0.0,0.0,0.0,0.0,0.0,0.0,0.0,0.0,0.0,0.0,0.0,0.0,0.0,0.0,0.0,0.0,0.0,0.0,0.0,0.0,0.0,0.0,0.0,0.0,0.0,0.0,0.0,0.0,0.0,0.0,0.0,0.0,0.0,0.0,0.0,0.0,0.0,0.0
0.0,0.0,0.0,0.0,0.0,0.0,0.0,0.0,0.0,0.0,0.0,0.0,0.0,0.0,0.0,0.0,0.0,0.0,0.0,0.0,0.0,0.0,0.0,0.0,0.0,0.0,0.0,0.0,0.0,0.0,0.0,0.0,0.0,0.0,0.0,0.0,0.0,0.0,0.0,0.0,0.0,0.0,0.0,0.0,0.0,0.0,0.0,0.0,0.0,0.0,0.0,0.0,0.0,0.0,0.0,0.0,0.0,0.0,0.0,0.0,0.0,0.0,0.0,0.0,0.0,0.0,0.0,0.0,0.0,0.0,0.0,0.0,0.0,0.0,0.0,0.0,0.0,0.0,0.0,0.0,0.0,0.0,0.0,0.0,0.0,0.0,0.0,0.0,0.0,0.0,0.0,0.0,0.0,0.0,0.0,0.0,0.0,0.0,0.0,0.0,0.0,0.0,0.0,0.0,0.0,0.0,0.0,0.0,0.0,0.0,0.0,0.0,0.0,0.0,0.0,0.0,0.0,0.0,0.0,0.0,0.0,0.0,0.0,0.0,0.0,0.0,0.0,0.0,0.0,0.0,0.0,0.0,0.0,0.0,0.0,0.0,0.0,0.0,0.0,0.0,0.0,0.0,0.0,0.0,0.0,0.0,0.0,0.0,0.0,0.0,0.0,0.0,0.0,0.0,0.0,0.0,0.0,0.0,0.0,0.0,0.0,0.0,0.0,0.0,0.0,0.0,0.0,0.0,0.0,0.0,0.0,0.0,0.0,0.0,0.0,0.0,0.0,0.0,0.0,0.0,0.0,0.0,0.0,0.0,0.0,0.0,0.0,0.0,0.0,0.0,0.0,0.0,0.0,0.0,0.0,0.0,0.0,0.0,0.0,0.0,0.0,0.0,0.0,0.0,0.0,0.0,0.0,0.0,0.0,0.0,0.0,0.0,0.0,0.0,0.0,0.0,0.0,0.0,0.0,0.0,0.0,0.0,0.0,0.0,0.0,0.0,0.0,0.0,0.0,0.0,0.0,0.0,0.0,0.0,0.0,0.0,0.0,0.0,0.0,0.0,0.0,0.0,0.0,0.0,0.0,0.0,0.0,0.0,0.0,0.0,0.0,0.0,0.0,0.0,0.0,0.0,0.0
0.0,0.0,0.0,0.0,0.0,0.0,0.0,0.0,0.0,0.0,0.0,0.0,0.0,0.0,0.0,0.0,0.0,0.0,0.0,0.0,0.0,0.0,0.0,0.0,0.0,0.0,0.0,0.0,0.0,0.0,0.0,0.0,0.0,0.0,0.0,0.0,0.0,0.0,0.0,0.0,0.0,0.0,0.0,0.0,0.0,0.0,0.0,0.0,0.0,0.0,0.0,0.0,0.0,0.0,0.0,0.0,0.0,0.0,0.0,0.0,0.0,0.0,0.0,0.0,0.0,0.0,0.0,0.0,0.0,0.0,0.0,0.0,0.0,0.0,0.0,0.0,0.0,0.0,0.0,0.0,0.0,0.0,0.0,0.0,0.0,0.0,0.0,0.0,0.0,0.0,0.0,0.0,0.0,0.0,0.0,0.0,0.0,0.0,0.0,0.0,0.0,0.0,0.0,0.0,0.0,0.0,0.0,0.0,0.0,0.0,0.0,0.0,0.0,0.0,0.0,0.0,0.0,0.0,0.0,0.0,0.0,0.0,0.0,0.0,0.0,0.0,0.0,0.0,0.0,0.0,0.0,0.0,0.0,0.0,0.0,0.0,0.0,0.0,0.0,0.0,0.0,0.0,0.0,0.0,0.0,0.0,0.0,0.0,0.0,0.0,0.0,0.0,0.0,0.0,0.0,0.0,0.0,0.0,0.0,0.0,0.0,0.0,0.0,0.0,0.0,0.0,0.0,0.0,0.0,0.0,0.0,0.0,0.0,0.0,0.0,0.0,0.0,0.0,0.0,0.0,0.0,0.0,0.0,0.0,0.0,0.0,0.0,0.0,0.0,0.0,0.0,0.0,0.0,0.0,0.0,0.0,0.0,0.0,0.0,0.0,0.0,0.0,0.0,0.0,0.0,0.0,0.0,0.0,0.0,0.0,0.0,0.0,0.0,0.0,0.0,0.0,0.0,0.0,0.0,0.0,0.0,0.0,0.0,0.0,0.0,0.0,0.0,0.0,0.0,0.0,0.0,0.0,0.0,0.0,0.0,0.0,0.0,0.0,0.0,0.0,0.0,0.0,0.0,0.0,0.0,0.0,0.0,0.0,0.0,0.0,0.0,0.0,0.0,0.0,0.0,0.0,0.0
0.0,0.0,0.0,0.0,0.0,0.0,0.0,0.0,0.0,0.0,0.0,0.0,0.0,0.0,0.0,0.0,0.0,0.0,0.0,0.0,0.0,0.0,0.0,0.0,0.0,0.0,0.0,0.0,0.0,0.0,0.0,0.0,0.0,0.0,0.0,0.0,0.0,0.0,0.0,0.0,0.0,0.0,0.0,0.0,0.0,0.0,0.0,0.0,0.0,0.0,0.0,0.0,0.0,0.0,0.0,0.0,0.0,0.0,0.0,0.0,0.0,0.0,0.0,0.0,0.0,0.0,0.0,0.0,0.0,0.0,0.0,0.0,0.0,0.0,0.0,0.0,0.0,0.0,0.0,0.0,0.0,0.0,0.0,0.0,0.0,0.0,0.0,0.0,0.0,0.0,0.0,0.0,0.0,0.0,0.0,0.0,0.0,0.0,0.0,0.0,0.0,0.0,0.0,0.0,0.0,0.0,0.0,0.0,0.0,0.0,0.0,0.0,0.0,0.0,0.0,0.0,0.0,0.0,0.0,0.0,0.0,0.0,0.0,0.0,0.0,0.0,0.0,0.0,0.0,0.0,0.0,0.0,0.0,0.0,0.0,0.0,0.0,0.0,0.0,0.0,0.0,0.0,0.0,0.0,0.0,0.0,0.0,0.0,0.0,0.0,0.0,0.0,0.0,0.0,0.0,0.0,0.0,0.0,0.0,0.0,0.0,0.0,0.0,0.0,0.0,0.0,0.0,0.0,0.0,0.0,0.0,0.0,0.0,0.0,0.0,0.0,0.0,0.0,0.0,0.0,0.0,0.0,0.0,0.0,0.0,0.0,0.0,0.0,0.0,0.0,0.0,0.0,0.0,0.0,0.0,0.0,0.0,0.0,0.0,0.0,0.0,0.0,0.0,0.0,0.0,0.0,0.0,0.0,0.0,0.0,0.0,0.0,0.0,0.0,0.0,0.0,0.0,0.0,0.0,0.0,0.0,0.0,0.0,0.0,0.0,0.0,0.0,0.0,0.0,0.0,0.0,0.0,0.0,0.0,0.0,0.0,0.0,0.0,0.0,0.0,0.0,0.0,0.0,0.0,0.0,0.0,0.0,0.0,0.0,0.0,0.0,0.0,0.0,0.0,0.0,0.0,0.0
0.0,0.0,0.0,0.0,0.0,0.0,0.0,0.0,0.0,0.0,0.0,0.0,0.0,0.0,0.0,0.0,0.0,0.0,0.0,0.0,0.0,0.0,0.0,0.0,0.0,0.0,0.0,0.0,0.0,0.0,0.0,0.0,0.0,0.0,0.0,0.0,0.0,0.0,0.0,0.0,0.0,0.0,0.0,0.0,0.0,0.0,0.0,0.0,0.0,0.0,0.0,0.0,0.0,0.0,0.0,0.0,0.0,0.0,0.0,0.0,0.0,0.0,0.0,0.0,0.0,0.0,0.0,0.0,0.0,0.0,0.0,0.0,0.0,0.0,0.0,0.0,0.0,0.0,0.0,0.0,0.0,0.0,0.0,0.0,0.0,0.0,0.0,0.0,0.0,0.0,0.0,0.0,0.0,0.0,0.0,0.0,0.0,0.0,0.0,0.0,0.0,0.0,0.0,0.0,0.0,0.0,0.0,0.0,0.0,0.0,0.0,0.0,0.0,0.0,0.0,0.0,0.0,0.0,0.0,0.0,0.0,0.0,0.0,0.0,0.0,0.0,0.0,0.0,0.0,0.0,0.0,0.0,0.0,0.0,0.0,0.0,0.0,0.0,0.0,0.0,0.0,0.0,0.0,0.0,0.0,0.0,0.0,0.0,0.0,0.0,0.0,0.0,0.0,0.0,0.0,0.0,0.0,0.0,0.0,0.0,0.0,0.0,0.0,0.0,0.0,0.0,0.0,0.0,0.0,0.0,0.0,0.0,0.0,0.0,0.0,0.0,0.0,0.0,0.0,0.0,0.0,0.0,0.0,0.0,0.0,0.0,0.0,0.0,0.0,0.0,0.0,0.0,0.0,0.0,0.0,0.0,0.0,0.0,0.0,0.0,0.0,0.0,0.0,0.0,0.0,0.0,0.0,0.0,0.0,0.0,0.0,0.0,0.0,0.0,0.0,0.0,0.0,0.0,0.0,0.0,0.0,0.0,0.0,0.0,0.0,0.0,0.0,0.0,0.0,0.0,0.0,0.0,0.0,0.0,0.0,0.0,0.0,0.0,0.0,0.0,0.0,0.0,0.0,0.0,0.0,0.0,0.0,0.0,0.0,0.0,0.0,0.0,0.0,0.0,0.0,0.0,0.0
0.0,0.0,0.0,0.0,0.0,0.0,0.0,0.0,0.0,0.0,0.0,0.0,0.0,0.0,0.0,0.0,0.0,0.0,0.0,0.0,0.0,0.0,0.0,0.0,0.0,0.0,0.0,0.0,0.0,0.0,0.0,0.0,0.0,0.0,0.0,0.0,0.0,0.0,0.0,0.0,0.0,0.0,0.0,0.0,0.0,0.0,0.0,0.0,0.0,0.0,0.0,0.0,0.0,0.0,0.0,0.0,0.0,0.0,0.0,0.0,0.0,0.0,0.0,0.0,0.0,0.0,0.0,0.0,0.0,0.0,0.0,0.0,0.0,0.0,0.0,0.0,0.0,0.0,0.0,0.0,0.0,0.0,0.0,0.0,0.0,0.0,0.0,0.0,0.0,0.0,0.0,0.0,0.0,0.0,0.0,0.0,0.0,0.0,0.0,0.0,0.0,0.0,0.0,0.0,0.0,0.0,0.0,0.0,0.0,0.0,0.0,0.0,0.0,0.0,0.0,0.0,0.0,0.0,0.0,0.0,0.0,0.0,0.0,0.0,0.0,0.0,0.0,0.0,0.0,0.0,0.0,0.0,0.0,0.0,0.0,0.0,0.0,0.0,0.0,0.0,0.0,0.0,0.0,0.0,0.0,0.0,0.0,0.0,0.0,0.0,0.0,0.0,0.0,0.0,0.0,0.0,0.0,0.0,0.0,0.0,0.0,0.0,0.0,0.0,0.0,0.0,0.0,0.0,0.0,0.0,0.0,0.0,0.0,0.0,0.0,0.0,0.0,0.0,0.0,0.0,0.0,0.0,0.0,0.0,0.0,0.0,0.0,0.0,0.0,0.0,0.0,0.0,0.0,0.0,0.0,0.0,0.0,0.0,0.0,0.0,0.0,0.0,0.0,0.0,0.0,0.0,0.0,0.0,0.0,0.0,0.0,0.0,0.0,0.0,0.0,0.0,0.0,0.0,0.0,0.0,0.0,0.0,0.0,0.0,0.0,0.0,0.0,0.0,0.0,0.0,0.0,0.0,0.0,0.0,0.0,0.0,0.0,0.0,0.0,0.0,0.0,0.0,0.0,0.0,0.0,0.0,0.0,0.0,0.0,0.0,0.0,0.0,0.0,0.0,0.0,0.0,0.0
0.0,0.0,0.0,0.0,0.0,0.0,0.0,0.0,0.0,0.0,0.0,0.0,0.0,0.0,0.0,0.0,0.0,0.0,0.0,0.0,0.0,0.0,0.0,0.0,0.0,0.0,0.0,0.0,0.0,0.0,0.0,0.0,0.0,0.0,0.0,0.0,0.0,0.0,0.0,0.0,0.0,0.0,0.0,0.0,0.0,0.0,0.0,0.0,0.0,0.0,0.0,0.0,0.0,0.0,0.0,0.0,0.0,0.0,0.0,0.0,0.0,0.0,0.0,0.0,0.0,0.0,0.0,0.0,0.0,0.0,0.0,0.0,0.0,0.0,0.0,0.0,0.0,0.0,0.0,0.0,0.0,0.0,0.0,0.0,0.0,0.0,0.0,0.0,0.0,0.0,0.0,0.0,0.0,0.0,0.0,0.0,0.0,0.0,0.0,0.0,0.0,0.0,0.0,0.0,0.0,0.0,0.0,0.0,0.0,0.0,0.0,0.0,0.0,0.0,0.0,0.0,0.0,0.0,0.0,0.0,0.0,0.0,0.0,0.0,0.0,0.0,0.0,0.0,0.0,0.0,0.0,0.0,0.0,0.0,0.0,0.0,0.0,0.0,0.0,0.0,0.0,0.0,0.0,0.0,0.0,0.0,0.0,0.0,0.0,0.0,0.0,0.0,0.0,0.0,0.0,0.0,0.0,0.0,0.0,0.0,0.0,0.0,0.0,0.0,0.0,0.0,0.0,0.0,0.0,0.0,0.0,0.0,0.0,0.0,0.0,0.0,0.0,0.0,0.0,0.0,0.0,0.0,0.0,0.0,0.0,0.0,0.0,0.0,0.0,0.0,0.0,0.0,0.0,0.0,0.0,0.0,0.0,0.0,0.0,0.0,0.0,0.0,0.0,0.0,0.0,0.0,0.0,0.0,0.0,0.0,0.0,0.0,0.0,0.0,0.0,0.0,0.0,0.0,0.0,0.0,0.0,0.0,0.0,0.0,0.0,0.0,0.0,0.0,0.0,0.0,0.0,0.0,0.0,0.0,0.0,0.0,0.0,0.0,0.0,0.0,0.0,0.0,0.0,0.0,0.0,0.0,0.0,0.0,0.0,0.0,0.0,0.0,0.0,0.0,0.0,0.0,0.0
0.0,0.0,0.0,0.0,0.0,0.0,0.0,0.0,0.0,0.0,0.0,0.0,0.0,0.0,0.0,0.0,0.0,0.0,0.0,0.0,0.0,0.0,0.0,0.0,0.0,0.0,0.0,0.0,0.0,0.0,0.0,0.0,0.0,0.0,0.0,0.0,0.0,0.0,0.0,0.0,0.0,0.0,0.0,0.0,0.0,0.0,0.0,0.0,0.0,0.0,0.0,0.0,0.0,0.0,0.0,0.0,0.0,0.0,0.0,0.0,0.0,0.0,0.0,0.0,0.0,0.0,0.0,0.0,0.0,0.0,0.0,0.0,0.0,0.0,0.0,0.0,0.0,0.0,0.0,0.0,0.0,0.0,0.0,0.0,0.0,0.0,0.0,0.0,0.0,0.0,0.0,0.0,0.0,0.0,0.0,0.0,0.0,0.0,0.0,0.0,0.0,0.0,0.0,0.0,0.0,0.0,0.0,0.0,0.0,0.0,0.0,0.0,0.0,0.0,0.0,0.0,0.0,0.0,0.0,0.0,0.0,0.0,0.0,0.0,0.0,0.0,0.0,0.0,0.0,0.0,0.0,0.0,0.0,0.0,0.0,0.0,0.0,0.0,0.0,0.0,0.0,0.0,0.0,0.0,0.0,0.0,0.0,0.0,0.0,0.0,0.0,0.0,0.0,0.0,0.0,0.0,0.0,0.0,0.0,0.0,0.0,0.0,0.0,0.0,0.0,0.0,0.0,0.0,0.0,0.0,0.0,0.0,0.0,0.0,0.0,0.0,0.0,0.0,0.0,0.0,0.0,0.0,0.0,0.0,0.0,0.0,0.0,0.0,0.0,0.0,0.0,0.0,0.0,0.0,0.0,0.0,0.0,0.0,0.0,0.0,0.0,0.0,0.0,0.0,0.0,0.0,0.0,0.0,0.0,0.0,0.0,0.0,0.0,0.0,0.0,0.0,0.0,0.0,0.0,0.0,0.0,0.0,0.0,0.0,0.0,0.0,0.0,0.0,0.0,0.0,0.0,0.0,0.0,0.0,0.0,0.0,0.0,0.0,0.0,0.0,0.0,0.0,0.0,0.0,0.0,0.0,0.0,0.0,0.0,0.0,0.0,0.0,0.0,0.0,0.0,0.0,0.0
0.0,0.0,0.0,0.0,0.0,0.0,0.0,0.0,0.0,0.0,0.0,0.0,0.0,0.0,0.0,0.0,0.0,0.0,0.0,0.0,0.0,0.0,0.0,0.0,0.0,0.0,0.0,0.0,0.0,0.0,0.0,0.0,0.0,0.0,0.0,0.0,0.0,0.0,0.0,0.0,0.0,0.0,0.0,0.0,0.0,0.0,0.0,0.0,0.0,0.0,0.0,0.0,0.0,0.0,0.0,0.0,0.0,0.0,0.0,0.0,0.0,0.0,0.0,0.0,0.0,0.0,0.0,0.0,0.0,0.0,0.0,0.0,0.0,0.0,0.0,0.0,0.0,0.0,0.0,0.0,0.0,0.0,0.0,0.0,0.0,0.0,0.0,0.0,0.0,0.0,0.0,0.0,0.0,0.0,0.0,0.0,0.0,0.0,0.0,0.0,0.0,0.0,0.0,0.0,0.0,0.0,0.0,0.0,0.0,0.0,0.0,0.0,0.0,0.0,0.0,0.0,0.0,0.0,0.0,0.0,0.0,0.0,0.0,0.0,0.0,0.0,0.0,0.0,0.0,0.0,0.0,0.0,0.0,0.0,0.0,0.0,0.0,0.0,0.0,0.0,0.0,0.0,0.0,0.0,0.0,0.0,0.0,0.0,0.0,0.0,0.0,0.0,0.0,0.0,0.0,0.0,0.0,0.0,0.0,0.0,0.0,0.0,0.0,0.0,0.0,0.0,0.0,0.0,0.0,0.0,0.0,0.0,0.0,0.0,0.0,0.0,0.0,0.0,0.0,0.0,0.0,0.0,0.0,0.0,0.0,0.0,0.0,0.0,0.0,0.0,0.0,0.0,0.0,0.0,0.0,0.0,0.0,0.0,0.0,0.0,0.0,0.0,0.0,0.0,0.0,0.0,0.0,0.0,0.0,0.0,0.0,0.0,0.0,0.0,0.0,0.0,0.0,0.0,0.0,0.0,0.0,0.0,0.0,0.0,0.0,0.0,0.0,0.0,0.0,0.0,0.0,0.0,0.0,0.0,0.0,0.0,0.0,0.0,0.0,0.0,0.0,0.0,0.0,0.0,0.0,0.0,0.0,0.0,0.0,0.0,0.0,0.0,0.0,0.0,0.0,0.0,0.0
0.0,0.0,0.0,0.0,0.0,0.0,0.0,0.0,0.0,0.0,0.0,0.0,0.0,0.0,0.0,0.0,0.0,0.0,0.0,0.0,0.0,0.0,0.0,0.0,0.0,0.0,0.0,0.0,0.0,0.0,0.0,0.0,0.0,0.0,0.0,0.0,0.0,0.0,0.0,0.0,0.0,0.0,0.0,0.0,0.0,0.0,0.0,0.0,0.0,0.0,0.0,0.0,0.0,0.0,0.0,0.0,0.0,0.0,0.0,0.0,0.0,0.0,0.0,0.0,0.0,0.0,0.0,0.0,0.0,0.0,0.0,0.0,0.0,0.0,0.0,0.0,0.0,0.0,0.0,0.0,0.0,0.0,0.0,0.0,0.0,0.0,0.0,0.0,0.0,0.0,0.0,0.0,0.0,0.0,0.0,0.0,0.0,0.0,0.0,0.0,0.0,0.0,0.0,0.0,0.0,0.0,0.0,0.0,0.0,0.0,0.0,0.0,0.0,0.0,0.0,0.0,0.0,0.0,0.0,0.0,0.0,0.0,0.0,0.0,0.0,0.0,0.0,0.0,0.0,0.0,0.0,0.0,0.0,0.0,0.0,0.0,0.0,0.0,0.0,0.0,0.0,0.0,0.0,0.0,0.0,0.0,0.0,0.0,0.0,0.0,0.0,0.0,0.0,0.0,0.0,0.0,0.0,0.0,0.0,0.0,0.0,0.0,0.0,0.0,0.0,0.0,0.0,0.0,0.0,0.0,0.0,0.0,0.0,0.0,0.0,0.0,0.0,0.0,0.0,0.0,0.0,0.0,0.0,0.0,0.0,0.0,0.0,0.0,0.0,0.0,0.0,0.0,0.0,0.0,0.0,0.0,0.0,0.0,0.0,0.0,0.0,0.0,0.0,0.0,0.0,0.0,0.0,0.0,0.0,0.0,0.0,0.0,0.0,0.0,0.0,0.0,0.0,0.0,0.0,0.0,0.0,0.0,0.0,0.0,0.0,0.0,0.0,0.0,0.0,0.0,0.0,0.0,0.0,0.0,0.0,0.0,0.0,0.0,0.0,0.0,0.0,0.0,0.0,0.0,0.0,0.0,0.0,0.0,0.0,0.0,0.0,0.0,0.0,0.0,0.0,0.0,0.0
0.0,0.0,0.0,0.0,0.0,0.0,0.0,0.0,0.0,0.0,0.0,0.0,0.0,0.0,0.0,0.0,0.0,0.0,0.0,0.0,0.0,0.0,0.0,0.0,0.0,0.0,0.0,0.0,0.0,0.0,0.0,0.0,0.0,0.0,0.0,0.0,0.0,0.0,0.0,0.0,0.0,0.0,0.0,0.0,0.0,0.0,0.0,0.0,0.0,0.0,0.0,0.0,0.0,0.0,0.0,0.0,0.0,0.0,0.0,0.0,0.0,0.0,0.0,0.0,0.0,0.0,0.0,0.0,0.0,0.0,0.0,0.0,0.0,0.0,0.0,0.0,0.0,0.0,0.0,0.0,0.0,0.0,0.0,0.0,0.0,0.0,0.0,0.0,0.0,0.0,0.0,0.0,0.0,0.0,0.0,0.0,0.0,0.0,0.0,0.0,0.0,0.0,0.0,0.0,0.0,0.0,0.0,0.0,0.0,0.0,0.0,0.0,0.0,0.0,0.0,0.0,0.0,0.0,0.0,0.0,0.0,0.0,0.0,0.0,0.0,0.0,0.0,0.0,0.0,0.0,0.0,0.0,0.0,0.0,0.0,0.0,0.0,0.0,0.0,0.0,0.0,0.0,0.0,0.0,0.0,0.0,0.0,0.0,0.0,0.0,0.0,0.0,0.0,0.0,0.0,0.0,0.0,0.0,0.0,0.0,0.0,0.0,0.0,0.0,0.0,0.0,0.0,0.0,0.0,0.0,0.0,0.0,0.0,0.0,0.0,0.0,0.0,0.0,0.0,0.0,0.0,0.0,0.0,0.0,0.0,0.0,0.0,0.0,0.0,0.0,0.0,0.0,0.0,0.0,0.0,0.0,0.0,0.0,0.0,0.0,0.0,0.0,0.0,0.0,0.0,0.0,0.0,0.0,0.0,0.0,0.0,0.0,0.0,0.0,0.0,0.0,0.0,0.0,0.0,0.0,0.0,0.0,0.0,0.0,0.0,0.0,0.0,0.0,0.0,0.0,0.0,0.0,0.0,0.0,0.0,0.0,0.0,0.0,0.0,0.0,0.0,0.0,0.0,0.0,0.0,0.0,0.0,0.0,0.0,0.0,0.0,0.0,0.0,0.0,0.0,0.0,0.0
0.0,0.0,0.0,0.0,0.0,0.0,0.0,0.0,0.0,0.0,0.0,0.0,0.0,0.0,0.0,0.0,0.0,0.0,0.0,0.0,0.0,0.0,0.0,0.0,0.0,0.0,0.0,0.0,0.0,0.0,0.0,0.0,0.0,0.0,0.0,0.0,0.0,0.0,0.0,0.0,0.0,0.0,0.0,0.0,0.0,0.0,0.0,0.0,0.0,0.0,0.0,0.0,0.0,0.0,0.0,0.0,0.0,0.0,0.0,0.0,0.0,0.0,0.0,0.0,0.0,0.0,0.0,0.0,0.0,0.0,0.0,0.0,0.0,0.0,0.0,0.0,0.0,0.0,0.0,0.0,0.0,0.0,0.0,0.0,0.0,0.0,0.0,0.0,0.0,0.0,0.0,0.0,0.0,0.0,0.0,0.0,0.0,0.0,0.0,0.0,0.0,0.0,0.0,0.0,0.0,0.0,0.0,0.0,0.0,0.0,0.0,0.0,0.0,0.0,0.0,0.0,0.0,0.0,0.0,0.0,0.0,0.0,0.0,0.0,0.0,0.0,0.0,0.0,0.0,0.0,0.0,0.0,0.0,0.0,0.0,0.0,0.0,0.0,0.0,0.0,0.0,0.0,0.0,0.0,0.0,0.0,0.0,0.0,0.0,0.0,0.0,0.0,0.0,0.0,0.0,0.0,0.0,0.0,0.0,0.0,0.0,0.0,0.0,0.0,0.0,0.0,0.0,0.0,0.0,0.0,0.0,0.0,0.0,0.0,0.0,0.0,0.0,0.0,0.0,0.0,0.0,0.0,0.0,0.0,0.0,0.0,0.0,0.0,0.0,0.0,0.0,0.0,0.0,0.0,0.0,0.0,0.0,0.0,0.0,0.0,0.0,0.0,0.0,0.0,0.0,0.0,0.0,0.0,0.0,0.0,0.0,0.0,0.0,0.0,0.0,0.0,0.0,0.0,0.0,0.0,0.0,0.0,0.0,0.0,0.0,0.0,0.0,0.0,0.0,0.0,0.0,0.0,0.0,0.0,0.0,0.0,0.0,0.0,0.0,0.0,0.0,0.0,0.0,0.0,0.0,0.0,0.0,0.0,0.0,0.0,0.0,0.0,0.0,0.0,0.0,0.0,0.0
0.0,0.0,0.0,0.0,0.0,0.0,0.0,0.0,0.0,0.0,0.0,0.0,0.0,0.0,0.0,0.0,0.0,0.0,0.0,0.0,0.0,0.0,0.0,0.0,0.0,0.0,0.0,0.0,0.0,0.0,0.0,0.0,0.0,0.0,0.0,0.0,0.0,0.0,0.0,0.0,0.0,0.0,0.0,0.0,0.0,0.0,0.0,0.0,0.0,0.0,0.0,0.0,0.0,0.0,0.0,0.0,0.0,0.0,0.0,0.0,0.0,0.0,0.0,0.0,0.0,0.0,0.0,0.0,0.0,0.0,0.0,0.0,0.0,0.0,0.0,0.0,0.0,0.0,0.0,0.0,0.0,0.0,0.0,0.0,0.0,0.0,0.0,0.0,0.0,0.0,0.0,0.0,0.0,0.0,0.0,0.0,0.0,0.0,0.0,0.0,0.0,0.0,0.0,0.0,0.0,0.0,0.0,0.0,0.0,0.0,0.0,0.0,0.0,0.0,0.0,0.0,0.0,0.0,0.0,0.0,0.0,0.0,0.0,0.0,0.0,0.0,0.0,0.0,0.0,0.0,0.0,0.0,0.0,0.0,0.0,0.0,0.0,0.0,0.0,0.0,0.0,0.0,0.0,0.0,0.0,0.0,0.0,0.0,0.0,0.0,0.0,0.0,0.0,0.0,0.0,0.0,0.0,0.0,0.0,0.0,0.0,0.0,0.0,0.0,0.0,0.0,0.0,0.0,0.0,0.0,0.0,0.0,0.0,0.0,0.0,0.0,0.0,0.0,0.0,0.0,0.0,0.0,0.0,0.0,0.0,0.0,0.0,0.0,0.0,0.0,0.0,0.0,0.0,0.0,0.0,0.0,0.0,0.0,0.0,0.0,0.0,0.0,0.0,0.0,0.0,0.0,0.0,0.0,0.0,0.0,0.0,0.0,0.0,0.0,0.0,0.0,0.0,0.0,0.0,0.0,0.0,0.0,0.0,0.0,0.0,0.0,0.0,0.0,0.0,0.0,0.0,0.0,0.0,0.0,0.0,0.0,0.0,0.0,0.0,0.0,0.0,0.0,0.0,0.0,0.0,0.0,0.0,0.0,0.0,0.0,0.0,0.0,0.0,0.0,0.0,0.0,0.0
0.0,0.0,0.0,0.0,0.0,0.0,0.0,0.0,0.0,0.0,0.0,0.0,0.0,0.0,0.0,0.0,0.0,0.0,0.0,0.0,0.0,0.0,0.0,0.0,0.0,0.0,0.0,0.0,0.0,0.0,0.0,0.0,0.0,0.0,0.0,0.0,0.0,0.0,0.0,0.0,0.0,0.0,0.0,0.0,0.0,0.0,0.0,0.0,0.0,0.0,0.0,0.0,0.0,0.0,0.0,0.0,0.0,0.0,0.0,0.0,0.0,0.0,0.0,0.0,0.0,0.0,0.0,0.0,0.0,0.0,0.0,0.0,0.0,0.0,0.0,0.0,0.0,0.0,0.0,0.0,0.0,0.0,0.0,0.0,0.0,0.0,0.0,0.0,0.0,0.0,0.0,0.0,0.0,0.0,0.0,0.0,0.0,0.0,0.0,0.0,0.0,0.0,0.0,0.0,0.0,0.0,0.0,0.0,0.0,0.0,0.0,0.0,0.0,0.0,0.0,0.0,0.0,0.0,0.0,0.0,0.0,0.0,0.0,0.0,0.0,0.0,0.0,0.0,0.0,0.0,0.0,0.0,0.0,0.0,0.0,0.0,0.0,0.0,0.0,0.0,0.0,0.0,0.0,0.0,0.0,0.0,0.0,0.0,0.0,0.0,0.0,0.0,0.0,0.0,0.0,0.0,0.0,0.0,0.0,0.0,0.0,0.0,0.0,0.0,0.0,0.0,0.0,0.0,0.0,0.0,0.0,0.0,0.0,0.0,0.0,0.0,0.0,0.0,0.0,0.0,0.0,0.0,0.0,0.0,0.0,0.0,0.0,0.0,0.0,0.0,0.0,0.0,0.0,0.0,0.0,0.0,0.0,0.0,0.0,0.0,0.0,0.0,0.0,0.0,0.0,0.0,0.0,0.0,0.0,0.0,0.0,0.0,0.0,0.0,0.0,0.0,0.0,0.0,0.0,0.0,0.0,0.0,0.0,0.0,0.0,0.0,0.0,0.0,0.0,0.0,0.0,0.0,0.0,0.0,0.0,0.0,0.0,0.0,0.0,0.0,0.0,0.0,0.0,0.0,0.0,0.0,0.0,0.0,0.0,0.0,0.0,0.0,0.0,0.0,0.0,0.0,0.0
0.0,0.0,0.0,0.0,0.0,0.0,0.0,0.0,0.0,0.0,0.0,0.0,0.0,0.0,0.0,0.0,0.0,0.0,0.0,0.0,0.0,0.0,0.0,0.0,0.0,0.0,0.0,0.0,0.0,0.0,0.0,0.0,0.0,0.0,0.0,0.0,0.0,0.0,0.0,0.0,0.0,0.0,0.0,0.0,0.0,0.0,0.0,0.0,0.0,0.0,0.0,0.0,0.0,0.0,0.0,0.0,0.0,0.0,0.0,0.0,0.0,0.0,0.0,0.0,0.0,0.0,0.0,0.0,0.0,0.0,0.0,0.0,0.0,0.0,0.0,0.0,0.0,0.0,0.0,0.0,0.0,0.0,0.0,0.0,0.0,0.0,0.0,0.0,0.0,0.0,0.0,0.0,0.0,0.0,0.0,0.0,0.0,0.0,0.0,0.0,0.0,0.0,0.0,0.0,0.0,0.0,0.0,0.0,0.0,0.0,0.0,0.0,0.0,0.0,0.0,0.0,0.0,0.0,0.0,0.0,0.0,0.0,0.0,0.0,0.0,0.0,0.0,0.0,0.0,0.0,0.0,0.0,0.0,0.0,0.0,0.0,0.0,0.0,0.0,0.0,0.0,0.0,0.0,0.0,0.0,0.0,0.0,0.0,0.0,0.0,0.0,0.0,0.0,0.0,0.0,0.0,0.0,0.0,0.0,0.0,0.0,0.0,0.0,0.0,0.0,0.0,0.0,0.0,0.0,0.0,0.0,0.0,0.0,0.0,0.0,0.0,0.0,0.0,0.0,0.0,0.0,0.0,0.0,0.0,0.0,0.0,0.0,0.0,0.0,0.0,0.0,0.0,0.0,0.0,0.0,0.0,0.0,0.0,0.0,0.0,0.0,0.0,0.0,0.0,0.0,0.0,0.0,0.0,0.0,0.0,0.0,0.0,0.0,0.0,0.0,0.0,0.0,0.0,0.0,0.0,0.0,0.0,0.0,0.0,0.0,0.0,0.0,0.0,0.0,0.0,0.0,0.0,0.0,0.0,0.0,0.0,0.0,0.0,0.0,0.0,0.0,0.0,0.0,0.0,0.0,0.0,0.0,0.0,0.0,0.0,0.0,0.0,0.0,0.0,0.0,0.0,0.0
0.0,0.0,0.0,0.0,0.0,0.0,0.0,0.0,0.0,0.0,0.0,0.0,0.0,0.0,0.0,0.0,0.0,0.0,0.0,0.0,0.0,0.0,0.0,0.0,0.0,0.0,0.0,0.0,0.0,0.0,0.0,0.0,0.0,0.0,0.0,0.0,0.0,0.0,0.0,0.0,0.0,0.0,0.0,0.0,0.0,0.0,0.0,0.0,0.0,0.0,0.0,0.0,0.0,0.0,0.0,0.0,0.0,0.0,0.0,0.0,0.0,0.0,0.0,0.0,0.0,0.0,0.0,0.0,0.0,0.0,0.0,0.0,0.0,0.0,0.0,0.0,0.0,0.0,0.0,0.0,0.0,0.0,0.0,0.0,0.0,0.0,0.0,0.0,0.0,0.0,0.0,0.0,0.0,0.0,0.0,0.0,0.0,0.0,0.0,0.0,0.0,0.0,0.0,0.0,0.0,0.0,0.0,0.0,0.0,0.0,0.0,0.0,0.0,0.0,0.0,0.0,0.0,0.0,0.0,0.0,0.0,0.0,0.0,0.0,0.0,0.0,0.0,0.0,0.0,0.0,0.0,0.0,0.0,0.0,0.0,0.0,0.0,0.0,0.0,0.0,0.0,0.0,0.0,0.0,0.0,0.0,0.0,0.0,0.0,0.0,0.0,0.0,0.0,0.0,0.0,0.0,0.0,0.0,0.0,0.0,0.0,0.0,0.0,0.0,0.0,0.0,0.0,0.0,0.0,0.0,0.0,0.0,0.0,0.0,0.0,0.0,0.0,0.0,0.0,0.0,0.0,0.0,0.0,0.0,0.0,0.0,0.0,0.0,0.0,0.0,0.0,0.0,0.0,0.0,0.0,0.0,0.0,0.0,0.0,0.0,0.0,0.0,0.0,0.0,0.0,0.0,0.0,0.0,0.0,0.0,0.0,0.0,0.0,0.0,0.0,0.0,0.0,0.0,0.0,0.0,0.0,0.0,0.0,0.0,0.0,0.0,0.0,0.0,0.0,0.0,0.0,0.0,0.0,0.0,0.0,0.0,0.0,0.0,0.0,0.0,0.0,0.0,0.0,0.0,0.0,0.0,0.0,0.0,0.0,0.0,0.0,0.0,0.0,0.0,0.0,0.0,0.0
0.0,0.0,0.0,0.0,0.0,0.0,0.0,0.0,0.0,0.0,0.0,0.0,0.0,0.0,0.0,0.0,0.0,0.0,0.0,0.0,0.0,0.0,0.0,0.0,0.0,0.0,0.0,0.0,0.0,0.0,0.0,0.0,0.0,0.0,0.0,0.0,0.0,0.0,0.0,0.0,0.0,0.0,0.0,0.0,0.0,0.0,0.0,0.0,0.0,0.0,0.0,0.0,0.0,0.0,0.0,0.0,0.0,0.0,0.0,0.0,0.0,0.0,0.0,0.0,0.0,0.0,0.0,0.0,0.0,0.0,0.0,0.0,0.0,0.0,0.0,0.0,0.0,0.0,0.0,0.0,0.0,0.0,0.0,0.0,0.0,0.0,0.0,0.0,0.0,0.0,0.0,0.0,0.0,0.0,0.0,0.0,0.0,0.0,0.0,0.0,0.0,0.0,0.0,0.0,0.0,0.0,0.0,0.0,0.0,0.0,0.0,0.0,0.0,0.0,0.0,0.0,0.0,0.0,0.0,0.0,0.0,0.0,0.0,0.0,0.0,0.0,0.0,0.0,0.0,0.0,0.0,0.0,0.0,0.0,0.0,0.0,0.0,0.0,0.0,0.0,0.0,0.0,0.0,0.0,0.0,0.0,0.0,0.0,0.0,0.0,0.0,0.0,0.0,0.0,0.0,0.0,0.0,0.0,0.0,0.0,0.0,0.0,0.0,0.0,0.0,0.0,0.0,0.0,0.0,0.0,0.0,0.0,0.0,0.0,0.0,0.0,0.0,0.0,0.0,0.0,0.0,0.0,0.0,0.0,0.0,0.0,0.0,0.0,0.0,0.0,0.0,0.0,0.0,0.0,0.0,0.0,0.0,0.0,0.0,0.0,0.0,0.0,0.0,0.0,0.0,0.0,0.0,0.0,0.0,0.0,0.0,0.0,0.0,0.0,0.0,0.0,0.0,0.0,0.0,0.0,0.0,0.0,0.0,0.0,0.0,0.0,0.0,0.0,0.0,0.0,0.0,0.0,0.0,0.0,0.0,0.0,0.0,0.0,0.0,0.0,0.0,0.0,0.0,0.0,0.0,0.0,0.0,0.0,0.0,0.0,0.0,0.0,0.0,0.0,0.0,0.0,0.0
0.0,0.0,0.0,0.0,0.0,0.0,0.0,0.0,0.0,0.0,0.0,0.0,0.0,0.0,0.0,0.0,0.0,0.0,0.0,0.0,0.0,0.0,0.0,0.0,0.0,0.0,0.0,0.0,0.0,0.0,0.0,0.0,0.0,0.0,0.0,0.0,0.0,0.0,0.0,0.0,0.0,0.0,0.0,0.0,0.0,0.0,0.0,0.0,0.0,0.0,0.0,0.0,0.0,0.0,0.0,0.0,0.0,0.0,0.0,0.0,0.0,0.0,0.0,0.0,0.0,0.0,0.0,0.0,0.0,0.0,0.0,0.0,0.0,0.0,0.0,0.0,0.0,0.0,0.0,0.0,0.0,0.0,0.0,0.0,0.0,0.0,0.0,0.0,0.0,0.0,0.0,0.0,0.0,0.0,0.0,0.0,0.0,0.0,0.0,0.0,0.0,0.0,0.0,0.0,0.0,0.0,0.0,0.0,0.0,0.0,0.0,0.0,0.0,0.0,0.0,0.0,0.0,0.0,0.0,0.0,0.0,0.0,0.0,0.0,0.0,0.0,0.0,0.0,0.0,0.0,0.0,0.0,0.0,0.0,0.0,0.0,0.0,0.0,0.0,0.0,0.0,0.0,0.0,0.0,0.0,0.0,0.0,0.0,0.0,0.0,0.0,0.0,0.0,0.0,0.0,0.0,0.0,0.0,0.0,0.0,0.0,0.0,0.0,0.0,0.0,0.0,0.0,0.0,0.0,0.0,0.0,0.0,0.0,0.0,0.0,0.0,0.0,0.0,0.0,0.0,0.0,0.0,0.0,0.0,0.0,0.0,0.0,0.0,0.0,0.0,0.0,0.0,0.0,0.0,0.0,0.0,0.0,0.0,0.0,0.0,0.0,0.0,0.0,0.0,0.0,0.0,0.0,0.0,0.0,0.0,0.0,0.0,0.0,0.0,0.0,0.0,0.0,0.0,0.0,0.0,0.0,0.0,0.0,0.0,0.0,0.0,0.0,0.0,0.0,0.0,0.0,0.0,0.0,0.0,0.0,0.0,0.0,0.0,0.0,0.0,0.0,0.0,0.0,0.0,0.0,0.0,0.0,0.0,0.0,0.0,0.0,0.0,0.0,0.0,0.0,0.0,0.0
0.0,0.0,0.0,0.0,0.0,0.0,0.0,0.0,0.0,0.0,0.0,0.0,0.0,0.0,0.0,0.0,0.0,0.0,0.0,0.0,0.0,0.0,0.0,0.0,0.0,0.0,0.0,0.0,0.0,0.0,0.0,0.0,0.0,0.0,0.0,0.0,0.0,0.0,0.0,0.0,0.0,0.0,0.0,0.0,0.0,0.0,0.0,0.0,0.0,0.0,0.0,0.0,0.0,0.0,0.0,0.0,0.0,0.0,0.0,0.0,0.0,0.0,0.0,0.0,0.0,0.0,0.0,0.0,0.0,0.0,0.0,0.0,0.0,0.0,0.0,0.0,0.0,0.0,0.0,0.0,0.0,0.0,0.0,0.0,0.0,0.0,0.0,0.0,0.0,0.0,0.0,0.0,0.0,0.0,0.0,0.0,0.0,0.0,0.0,0.0,0.0,0.0,0.0,0.0,0.0,0.0,0.0,0.0,0.0,0.0,0.0,0.0,0.0,0.0,0.0,0.0,0.0,0.0,0.0,0.0,0.0,0.0,0.0,0.0,0.0,0.0,0.0,0.0,0.0,0.0,0.0,0.0,0.0,0.0,0.0,0.0,0.0,0.0,0.0,0.0,0.0,0.0,0.0,0.0,0.0,0.0,0.0,0.0,0.0,0.0,0.0,0.0,0.0,0.0,0.0,0.0,0.0,0.0,0.0,0.0,0.0,0.0,0.0,0.0,0.0,0.0,0.0,0.0,0.0,0.0,0.0,0.0,0.0,0.0,0.0,0.0,0.0,0.0,0.0,0.0,0.0,0.0,0.0,0.0,0.0,0.0,0.0,0.0,0.0,0.0,0.0,0.0,0.0,0.0,0.0,0.0,0.0,0.0,0.0,0.0,0.0,0.0,0.0,0.0,0.0,0.0,0.0,0.0,0.0,0.0,0.0,0.0,0.0,0.0,0.0,0.0,0.0,0.0,0.0,0.0,0.0,0.0,0.0,0.0,0.0,0.0,0.0,0.0,0.0,0.0,0.0,0.0,0.0,0.0,0.0,0.0,0.0,0.0,0.0,0.0,0.0,0.0,0.0,0.0,0.0,0.0,0.0,0.0,0.0,0.0,0.0,0.0,0.0,0.0,0.0,0.0,0.0
0.0,0.0,0.0,0.0,0.0,0.0,0.0,0.0,0.0,0.0,0.0,0.0,0.0,0.0,0.0,0.0,0.0,0.0,0.0,0.0,0.0,0.0,0.0,0.0,0.0,0.0,0.0,0.0,0.0,0.0,0.0,0.0,0.0,0.0,0.0,0.0,0.0,0.0,0.0,0.0,0.0,0.0,0.0,0.0,0.0,0.0,0.0,0.0,0.0,0.0,0.0,0.0,0.0,0.0,0.0,0.0,0.0,0.0,0.0,0.0,0.0,0.0,0.0,0.0,0.0,0.0,0.0,0.0,0.0,0.0,0.0,0.0,0.0,0.0,0.0,0.0,0.0,0.0,0.0,0.0,0.0,0.0,0.0,0.0,0.0,0.0,0.0,0.0,0.0,0.0,0.0,0.0,0.0,0.0,0.0,0.0,0.0,0.0,0.0,0.0,0.0,0.0,0.0,0.0,0.0,0.0,0.0,0.0,0.0,0.0,0.0,0.0,0.0,0.0,0.0,0.0,0.0,0.0,0.0,0.0,0.0,0.0,0.0,0.0,0.0,0.0,0.0,0.0,0.0,0.0,0.0,0.0,0.0,0.0,0.0,0.0,0.0,0.0,0.0,0.0,0.0,0.0,0.0,0.0,0.0,0.0,0.0,0.0,0.0,0.0,0.0,0.0,0.0,0.0,0.0,0.0,0.0,0.0,0.0,0.0,0.0,0.0,0.0,0.0,0.0,0.0,0.0,0.0,0.0,0.0,0.0,0.0,0.0,0.0,0.0,0.0,0.0,0.0,0.0,0.0,0.0,0.0,0.0,0.0,0.0,0.0,0.0,0.0,0.0,0.0,0.0,0.0,0.0,0.0,0.0,0.0,0.0,0.0,0.0,0.0,0.0,0.0,0.0,0.0,0.0,0.0,0.0,0.0,0.0,0.0,0.0,0.0,0.0,0.0,0.0,0.0,0.0,0.0,0.0,0.0,0.0,0.0,0.0,0.0,0.0,0.0,0.0,0.0,0.0,0.0,0.0,0.0,0.0,0.0,0.0,0.0,0.0,0.0,0.0,0.0,0.0,0.0,0.0,0.0,0.0,0.0,0.0,0.0,0.0,0.0,0.0,0.0,0.0,0.0,0.0,0.0,0.0
0.0,0.0,0.0,0.0,0.0,0.0,0.0,0.0,0.0,0.0,0.0,0.0,0.0,0.0,0.0,0.0,0.0,0.0,0.0,0.0,0.0,0.0,0.0,0.0,0.0,0.0,0.0,0.0,0.0,0.0,0.0,0.0,0.0,0.0,0.0,0.0,0.0,0.0,0.0,0.0,0.0,0.0,0.0,0.0,0.0,0.0,0.0,0.0,0.0,0.0,0.0,0.0,0.0,0.0,0.0,0.0,0.0,0.0,0.0,0.0,0.0,0.0,0.0,0.0,0.0,0.0,0.0,0.0,0.0,0.0,0.0,0.0,0.0,0.0,0.0,0.0,0.0,0.0,0.0,0.0,0.0,0.0,0.0,0.0,0.0,0.0,0.0,0.0,0.0,0.0,0.0,0.0,0.0,0.0,0.0,0.0,0.0,0.0,0.0,0.0,0.0,0.0,0.0,0.0,0.0,0.0,0.0,0.0,0.0,0.0,0.0,0.0,0.0,0.0,0.0,0.0,0.0,0.0,0.0,0.0,0.0,0.0,0.0,0.0,0.0,0.0,0.0,0.0,0.0,0.0,0.0,0.0,0.0,0.0,0.0,0.0,0.0,0.0,0.0,0.0,0.0,0.0,0.0,0.0,0.0,0.0,0.0,0.0,0.0,0.0,0.0,0.0,0.0,0.0,0.0,0.0,0.0,0.0,0.0,0.0,0.0,0.0,0.0,0.0,0.0,0.0,0.0,0.0,0.0,0.0,0.0,0.0,0.0,0.0,0.0,0.0,0.0,0.0,0.0,0.0,0.0,0.0,0.0,0.0,0.0,0.0,0.0,0.0,0.0,0.0,0.0,0.0,0.0,0.0,0.0,0.0,0.0,0.0,0.0,0.0,0.0,0.0,0.0,0.0,0.0,0.0,0.0,0.0,0.0,0.0,0.0,0.0,0.0,0.0,0.0,0.0,0.0,0.0,0.0,0.0,0.0,0.0,0.0,0.0,0.0,0.0,0.0,0.0,0.0,0.0,0.0,0.0,0.0,0.0,0.0,0.0,0.0,0.0,0.0,0.0,0.0,0.0,0.0,0.0,0.0,0.0,0.0,0.0,0.0,0.0,0.0,0.0,0.0,0.0,0.0,0.0,0.0
0.0,0.0,0.0,0.0,0.0,0.0,0.0,0.0,0.0,0.0,0.0,0.0,0.0,0.0,0.0,0.0,0.0,0.0,0.0,0.0,0.0,0.0,0.0,0.0,0.0,0.0,0.0,0.0,0.0,0.0,0.0,0.0,0.0,0.0,0.0,0.0,0.0,0.0,0.0,0.0,0.0,0.0,0.0,0.0,0.0,0.0,0.0,0.0,0.0,0.0,0.0,0.0,0.0,0.0,0.0,0.0,0.0,0.0,0.0,0.0,0.0,0.0,0.0,0.0,0.0,0.0,0.0,0.0,0.0,0.0,0.0,0.0,0.0,0.0,0.0,0.0,0.0,0.0,0.0,0.0,0.0,0.0,0.0,0.0,0.0,0.0,0.0,0.0,0.0,0.0,0.0,0.0,0.0,0.0,0.0,0.0,0.0,0.0,0.0,0.0,0.0,0.0,0.0,0.0,0.0,0.0,0.0,0.0,0.0,0.0,0.0,0.0,0.0,0.0,0.0,0.0,0.0,0.0,0.0,0.0,0.0,0.0,0.0,0.0,0.0,0.0,0.0,0.0,0.0,0.0,0.0,0.0,0.0,0.0,0.0,0.0,0.0,0.0,0.0,0.0,0.0,0.0,0.0,0.0,0.0,0.0,0.0,0.0,0.0,0.0,0.0,0.0,0.0,0.0,0.0,0.0,0.0,0.0,0.0,0.0,0.0,0.0,0.0,0.0,0.0,0.0,0.0,0.0,0.0,0.0,0.0,0.0,0.0,0.0,0.0,0.0,0.0,0.0,0.0,0.0,0.0,0.0,0.0,0.0,0.0,0.0,0.0,0.0,0.0,0.0,0.0,0.0,0.0,0.0,0.0,0.0,0.0,0.0,0.0,0.0,0.0,0.0,0.0,0.0,0.0,0.0,0.0,0.0,0.0,0.0,0.0,0.0,0.0,0.0,0.0,0.0,0.0,0.0,0.0,0.0,0.0,0.0,0.0,0.0,0.0,0.0,0.0,0.0,0.0,0.0,0.0,0.0,0.0,0.0,0.0,0.0,0.0,0.0,0.0,0.0,0.0,0.0,0.0,0.0,0.0,0.0,0.0,0.0,0.0,0.0,0.0,0.0,0.0,0.0,0.0,0.0,0.0
0.0,0.0,0.0,0.0,0.0,0.0,0.0,0.0,0.0,0.0,0.0,0.0,0.0,0.0,0.0,0.0,0.0,0.0,0.0,0.0,0.0,0.0,0.0,0.0,0.0,0.0,0.0,0.0,0.0,0.0,0.0,0.0,0.0,0.0,0.0,0.0,0.0,0.0,0.0,0.0,0.0,0.0,0.0,0.0,0.0,0.0,0.0,0.0,0.0,0.0,0.0,0.0,0.0,0.0,0.0,0.0,0.0,0.0,0.0,0.0,0.0,0.0,0.0,0.0,0.0,0.0,0.0,0.0,0.0,0.0,0.0,0.0,0.0,0.0,0.0,0.0,0.0,0.0,0.0,0.0,0.0,0.0,0.0,0.0,0.0,0.0,0.0,0.0,0.0,0.0,0.0,0.0,0.0,0.0,0.0,0.0,0.0,0.0,0.0,0.0,0.0,0.0,0.0,0.0,0.0,0.0,0.0,0.0,0.0,0.0,0.0,0.0,0.0,0.0,0.0,0.0,0.0,0.0,0.0,0.0,0.0,0.0,0.0,0.0,0.0,0.0,0.0,0.0,0.0,0.0,0.0,0.0,0.0,0.0,0.0,0.0,0.0,0.0,0.0,0.0,0.0,0.0,0.0,0.0,0.0,0.0,0.0,0.0,0.0,0.0,0.0,0.0,0.0,0.0,0.0,0.0,0.0,0.0,0.0,0.0,0.0,0.0,0.0,0.0,0.0,0.0,0.0,0.0,0.0,0.0,0.0,0.0,0.0,0.0,0.0,0.0,0.0,0.0,0.0,0.0,0.0,0.0,0.0,0.0,0.0,0.0,0.0,0.0,0.0,0.0,0.0,0.0,0.0,0.0,0.0,0.0,0.0,0.0,0.0,0.0,0.0,0.0,0.0,0.0,0.0,0.0,0.0,0.0,0.0,0.0,0.0,0.0,0.0,0.0,0.0,0.0,0.0,0.0,0.0,0.0,0.0,0.0,0.0,0.0,0.0,0.0,0.0,0.0,0.0,0.0,0.0,0.0,0.0,0.0,0.0,0.0,0.0,0.0,0.0,0.0,0.0,0.0,0.0,0.0,0.0,0.0,0.0,0.0,0.0,0.0,0.0,0.0,0.0,0.0,0.0,0.0,0.0
0.0,0.0,0.0,0.0,0.0,0.0,0.0,0.0,0.0,0.0,0.0,0.0,0.0,0.0,0.0,0.0,0.0,0.0,0.0,0.0,0.0,0.0,0.0,0.0,0.0,0.0,0.0,0.0,0.0,0.0,0.0,0.0,0.0,0.0,0.0,0.0,0.0,0.0,0.0,0.0,0.0,0.0,0.0,0.0,0.0,0.0,0.0,0.0,0.0,0.0,0.0,0.0,0.0,0.0,0.0,0.0,0.0,0.0,0.0,0.0,0.0,0.0,0.0,0.0,0.0,0.0,0.0,0.0,0.0,0.0,0.0,0.0,0.0,0.0,0.0,0.0,0.0,0.0,0.0,0.0,0.0,0.0,0.0,0.0,0.0,0.0,0.0,0.0,0.0,0.0,0.0,0.0,0.0,0.0,0.0,0.0,0.0,0.0,0.0,0.0,0.0,0.0,0.0,0.0,0.0,0.0,0.0,0.0,0.0,0.0,0.0,0.0,0.0,0.0,0.0,0.0,0.0,0.0,0.0,0.0,0.0,0.0,0.0,0.0,0.0,0.0,0.0,0.0,0.0,0.0,0.0,0.0,0.0,0.0,0.0,0.0,0.0,0.0,0.0,0.0,0.0,0.0,0.0,0.0,0.0,0.0,0.0,0.0,0.0,0.0,0.0,0.0,0.0,0.0,0.0,0.0,0.0,0.0,0.0,0.0,0.0,0.0,0.0,0.0,0.0,0.0,0.0,0.0,0.0,0.0,0.0,0.0,0.0,0.0,0.0,0.0,0.0,0.0,0.0,0.0,0.0,0.0,0.0,0.0,0.0,0.0,0.0,0.0,0.0,0.0,0.0,0.0,0.0,0.0,0.0,0.0,0.0,0.0,0.0,0.0,0.0,0.0,0.0,0.0,0.0,0.0,0.0,0.0,0.0,0.0,0.0,0.0,0.0,0.0,0.0,0.0,0.0,0.0,0.0,0.0,0.0,0.0,0.0,0.0,0.0,0.0,0.0,0.0,0.0,0.0,0.0,0.0,0.0,0.0,0.0,0.0,0.0,0.0,0.0,0.0,0.0,0.0,0.0,0.0,0.0,0.0,0.0,0.0,0.0,0.0,0.0,0.0,0.0,0.0,0.0,0.0,0.0
0.0,0.0,0.0,0.0,0.0,0.0,0.0,0.0,0.0,0.0,0.0,0.0,0.0,0.0,0.0,0.0,0.0,0.0,0.0,0.0,0.0,0.0,0.0,0.0,0.0,0.0,0.0,0.0,0.0,0.0,0.0,0.0,0.0,0.0,0.0,0.0,0.0,0.0,0.0,0.0,0.0,0.0,0.0,0.0,0.0,0.0,0.0,0.0,0.0,0.0,0.0,0.0,0.0,0.0,0.0,0.0,0.0,0.0,0.0,0.0,0.0,0.0,0.0,0.0,0.0,0.0,0.0,0.0,0.0,0.0,0.0,0.0,0.0,0.0,0.0,0.0,0.0,0.0,0.0,0.0,0.0,0.0,0.0,0.0,0.0,0.0,0.0,0.0,0.0,0.0,0.0,0.0,0.0,0.0,0.0,0.0,0.0,0.0,0.0,0.0,0.0,0.0,0.0,0.0,0.0,0.0,0.0,0.0,0.0,0.0,0.0,0.0,0.0,0.0,0.0,0.0,0.0,0.0,0.0,0.0,0.0,0.0,0.0,0.0,0.0,0.0,0.0,0.0,0.0,0.0,0.0,0.0,0.0,0.0,0.0,0.0,0.0,0.0,0.0,0.0,0.0,0.0,0.0,0.0,0.0,0.0,0.0,0.0,0.0,0.0,0.0,0.0,0.0,0.0,0.0,0.0,0.0,0.0,0.0,0.0,0.0,0.0,0.0,0.0,0.0,0.0,0.0,0.0,0.0,0.0,0.0,0.0,0.0,0.0,0.0,0.0,0.0,0.0,0.0,0.0,0.0,0.0,0.0,0.0,0.0,0.0,0.0,0.0,0.0,0.0,0.0,0.0,0.0,0.0,0.0,0.0,0.0,0.0,0.0,0.0,0.0,0.0,0.0,0.0,0.0,0.0,0.0,0.0,0.0,0.0,0.0,0.0,0.0,0.0,0.0,0.0,0.0,0.0,0.0,0.0,0.0,0.0,0.0,0.0,0.0,0.0,0.0,0.0,0.0,0.0,0.0,0.0,0.0,0.0,0.0,0.0,0.0,0.0,0.0,0.0,0.0,0.0,0.0,0.0,0.0,0.0,0.0,0.0,0.0,0.0,0.0,0.0,0.0,0.0,0.0,0.0,0.0
0.0,0.0,0.0,0.0,0.0,0.0,0.0,0.0,0.0,0.0,0.0,0.0,0.0,0.0,0.0,0.0,0.0,0.0,0.0,0.0,0.0,0.0,0.0,0.0,0.0,0.0,0.0,0.0,0.0,0.0,0.0,0.0,0.0,0.0,0.0,0.0,0.0,0.0,0.0,0.0,0.0,0.0,0.0,0.0,0.0,0.0,0.0,0.0,0.0,0.0,0.0,0.0,0.0,0.0,0.0,0.0,0.0,0.0,0.0,0.0,0.0,0.0,0.0,0.0,0.0,0.0,0.0,0.0,0.0,0.0,0.0,0.0,0.0,0.0,0.0,0.0,0.0,0.0,0.0,0.0,0.0,0.0,0.0,0.0,0.0,0.0,0.0,0.0,0.0,0.0,0.0,0.0,0.0,0.0,0.0,0.0,0.0,0.0,0.0,0.0,0.0,0.0,0.0,0.0,0.0,0.0,0.0,0.0,0.0,0.0,0.0,0.0,0.0,0.0,0.0,0.0,0.0,0.0,0.0,0.0,0.0,0.0,0.0,0.0,0.0,0.0,0.0,0.0,0.0,0.0,0.0,0.0,0.0,0.0,0.0,0.0,0.0,0.0,0.0,0.0,0.0,0.0,0.0,0.0,0.0,0.0,0.0,0.0,0.0,0.0,0.0,0.0,0.0,0.0,0.0,0.0,0.0,0.0,0.0,0.0,0.0,0.0,0.0,0.0,0.0,0.0,0.0,0.0,0.0,0.0,0.0,0.0,0.0,0.0,0.0,0.0,0.0,0.0,0.0,0.0,0.0,0.0,0.0,0.0,0.0,0.0,0.0,0.0,0.0,0.0,0.0,0.0,0.0,0.0,0.0,0.0,0.0,0.0,0.0,0.0,0.0,0.0,0.0,0.0,0.0,0.0,0.0,0.0,0.0,0.0,0.0,0.0,0.0,0.0,0.0,0.0,0.0,0.0,0.0,0.0,0.0,0.0,0.0,0.0,0.0,0.0,0.0,0.0,0.0,0.0,0.0,0.0,0.0,0.0,0.0,0.0,0.0,0.0,0.0,0.0,0.0,0.0,0.0,0.0,0.0,0.0,0.0,0.0,0.0,0.0,0.0,0.0,0.0,0.0,0.0,0.0,0.0
0.0,0.0,0.0,0.0,0.0,0.0,0.0,0.0,0.0,0.0,0.0,0.0,0.0,0.0,0.0,0.0,0.0,0.0,0.0,0.0,0.0,0.0,0.0,0.0,0.0,0.0,0.0,0.0,0.0,0.0,0.0,0.0,0.0,0.0,0.0,0.0,0.0,0.0,0.0,0.0,0.0,0.0,0.0,0.0,0.0,0.0,0.0,0.0,0.0,0.0,0.0,0.0,0.0,0.0,0.0,0.0,0.0,0.0,0.0,0.0,0.0,0.0,0.0,0.0,0.0,0.0,0.0,0.0,0.0,0.0,0.0,0.0,0.0,0.0,0.0,0.0,0.0,0.0,0.0,0.0,0.0,0.0,0.0,0.0,0.0,0.0,0.0,0.0,0.0,0.0,0.0,0.0,0.0,0.0,0.0,0.0,0.0,0.0,0.0,0.0,0.0,0.0,0.0,0.0,0.0,0.0,0.0,0.0,0.0,0.0,0.0,0.0,0.0,0.0,0.0,0.0,0.0,0.0,0.0,0.0,0.0,0.0,0.0,0.0,0.0,0.0,0.0,0.0,0.0,0.0,0.0,0.0,0.0,0.0,0.0,0.0,0.0,0.0,0.0,0.0,0.0,0.0,0.0,0.0,0.0,0.0,0.0,0.0,0.0,0.0,0.0,0.0,0.0,0.0,0.0,0.0,0.0,0.0,0.0,0.0,0.0,0.0,0.0,0.0,0.0,0.0,0.0,0.0,0.0,0.0,0.0,0.0,0.0,0.0,0.0,0.0,0.0,0.0,0.0,0.0,0.0,0.0,0.0,0.0,0.0,0.0,0.0,0.0,0.0,0.0,0.0,0.0,0.0,0.0,0.0,0.0,0.0,0.0,0.0,0.0,0.0,0.0,0.0,0.0,0.0,0.0,0.0,0.0,0.0,0.0,0.0,0.0,0.0,0.0,0.0,0.0,0.0,0.0,0.0,0.0,0.0,0.0,0.0,0.0,0.0,0.0,0.0,0.0,0.0,0.0,0.0,0.0,0.0,0.0,0.0,0.0,0.0,0.0,0.0,0.0,0.0,0.0,0.0,0.0,0.0,0.0,0.0,0.0,0.0,0.0,0.0,0.0,0.0,0.0,0.0,0.0,0.0
0.0,0.0,0.0,0.0,0.0,0.0,0.0,0.0,0.0,0.0,0.0,0.0,0.0,0.0,0.0,0.0,0.0,0.0,0.0,0.0,0.0,0.0,0.0,0.0,0.0,0.0,0.0,0.0,0.0,0.0,0.0,0.0,0.0,0.0,0.0,0.0,0.0,0.0,0.0,0.0,0.0,0.0,0.0,0.0,0.0,0.0,0.0,0.0,0.0,0.0,0.0,0.0,0.0,0.0,0.0,0.0,0.0,0.0,0.0,0.0,0.0,0.0,0.0,0.0,0.0,0.0,0.0,0.0,0.0,0.0,0.0,0.0,0.0,0.0,0.0,0.0,0.0,0.0,0.0,0.0,0.0,0.0,0.0,0.0,0.0,0.0,0.0,0.0,0.0,0.0,0.0,0.0,0.0,0.0,0.0,0.0,0.0,0.0,0.0,0.0,0.0,0.0,0.0,0.0,0.0,0.0,0.0,0.0,0.0,0.0,0.0,0.0,0.0,0.0,0.0,0.0,0.0,0.0,0.0,0.0,0.0,0.0,0.0,0.0,0.0,0.0,0.0,0.0,0.0,0.0,0.0,0.0,0.0,0.0,0.0,0.0,0.0,0.0,0.0,0.0,0.0,0.0,0.0,0.0,0.0,0.0,0.0,0.0,0.0,0.0,0.0,0.0,0.0,0.0,0.0,0.0,0.0,0.0,0.0,0.0,0.0,0.0,0.0,0.0,0.0,0.0,0.0,0.0,0.0,0.0,0.0,0.0,0.0,0.0,0.0,0.0,0.0,0.0,0.0,0.0,0.0,0.0,0.0,0.0,0.0,0.0,0.0,0.0,0.0,0.0,0.0,0.0,0.0,0.0,0.0,0.0,0.0,0.0,0.0,0.0,0.0,0.0,0.0,0.0,0.0,0.0,0.0,0.0,0.0,0.0,0.0,0.0,0.0,0.0,0.0,0.0,0.0,0.0,0.0,0.0,0.0,0.0,0.0,0.0,0.0,0.0,0.0,0.0,0.0,0.0,0.0,0.0,0.0,0.0,0.0,0.0,0.0,0.0,0.0,0.0,0.0,0.0,0.0,0.0,0.0,0.0,0.0,0.0,0.0,0.0,0.0,0.0,0.0,0.0,0.0,0.0,0.0
0.0,0.0,0.0,0.0,0.0,0.0,0.0,0.0,0.0,0.0,0.0,0.0,0.0,0.0,0.0,0.0,0.0,0.0,0.0,0.0,0.0,0.0,0.0,0.0,0.0,0.0,0.0,0.0,0.0,0.0,0.0,0.0,0.0,0.0,0.0,0.0,0.0,0.0,0.0,0.0,0.0,0.0,0.0,0.0,0.0,0.0,0.0,0.0,0.0,0.0,0.0,0.0,0.0,0.0,0.0,0.0,0.0,0.0,0.0,0.0,0.0,0.0,0.0,0.0,0.0,0.0,0.0,0.0,0.0,0.0,0.0,0.0,0.0,0.0,0.0,0.0,0.0,0.0,0.0,0.0,0.0,0.0,0.0,0.0,0.0,0.0,0.0,0.0,0.0,0.0,0.0,0.0,0.0,0.0,0.0,0.0,0.0,0.0,0.0,0.0,0.0,0.0,0.0,0.0,0.0,0.0,0.0,0.0,0.0,0.0,0.0,0.0,0.0,0.0,0.0,0.0,0.0,0.0,0.0,0.0,0.0,0.0,0.0,0.0,0.0,0.0,0.0,0.0,0.0,0.0,0.0,0.0,0.0,0.0,0.0,0.0,0.0,0.0,0.0,0.0,0.0,0.0,0.0,0.0,0.0,0.0,0.0,0.0,0.0,0.0,0.0,0.0,0.0,0.0,0.0,0.0,0.0,0.0,0.0,0.0,0.0,0.0,0.0,0.0,0.0,0.0,0.0,0.0,0.0,0.0,0.0,0.0,0.0,0.0,0.0,0.0,0.0,0.0,0.0,0.0,0.0,0.0,0.0,0.0,0.0,0.0,0.0,0.0,0.0,0.0,0.0,0.0,0.0,0.0,0.0,0.0,0.0,0.0,0.0,0.0,0.0,0.0,0.0,0.0,0.0,0.0,0.0,0.0,0.0,0.0,0.0,0.0,0.0,0.0,0.0,0.0,0.0,0.0,0.0,0.0,0.0,0.0,0.0,0.0,0.0,0.0,0.0,0.0,0.0,0.0,0.0,0.0,0.0,0.0,0.0,0.0,0.0,0.0,0.0,0.0,0.0,0.0,0.0,0.0,0.0,0.0,0.0,0.0,0.0,0.0,0.0,0.0,0.0,0.0,0.0,0.0,0.0
0.0,0.0,0.0,0.0,0.0,0.0,0.0,0.0,0.0,0.0,0.0,0.0,0.0,0.0,0.0,0.0,0.0,0.0,0.0,0.0,0.0,0.0,0.0,0.0,0.0,0.0,0.0,0.0,0.0,0.0,0.0,0.0,0.0,0.0,0.0,0.0,0.0,0.0,0.0,0.0,0.0,0.0,0.0,0.0,0.0,0.0,0.0,0.0,0.0,0.0,0.0,0.0,0.0,0.0,0.0,0.0,0.0,0.0,0.0,0.0,0.0,0.0,0.0,0.0,0.0,0.0,0.0,0.0,0.0,0.0,0.0,0.0,0.0,0.0,0.0,0.0,0.0,0.0,0.0,0.0,0.0,0.0,0.0,0.0,0.0,0.0,0.0,0.0,0.0,0.0,0.0,0.0,0.0,0.0,0.0,0.0,0.0,0.0,0.0,0.0,0.0,0.0,0.0,0.0,0.0,0.0,0.0,0.0,0.0,0.0,0.0,0.0,0.0,0.0,0.0,0.0,0.0,0.0,0.0,0.0,0.0,0.0,0.0,0.0,0.0,0.0,0.0,0.0,0.0,0.0,0.0,0.0,0.0,0.0,0.0,0.0,0.0,0.0,0.0,0.0,0.0,0.0,0.0,0.0,0.0,0.0,0.0,0.0,0.0,0.0,0.0,0.0,0.0,0.0,0.0,0.0,0.0,0.0,0.0,0.0,0.0,0.0,0.0,0.0,0.0,0.0,0.0,0.0,0.0,0.0,0.0,0.0,0.0,0.0,0.0,0.0,0.0,0.0,0.0,0.0,0.0,0.0,0.0,0.0,0.0,0.0,0.0,0.0,0.0,0.0,0.0,0.0,0.0,0.0,0.0,0.0,0.0,0.0,0.0,0.0,0.0,0.0,0.0,0.0,0.0,0.0,0.0,0.0,0.0,0.0,0.0,0.0,0.0,0.0,0.0,0.0,0.0,0.0,0.0,0.0,0.0,0.0,0.0,0.0,0.0,0.0,0.0,0.0,0.0,0.0,0.0,0.0,0.0,0.0,0.0,0.0,0.0,0.0,0.0,0.0,0.0,0.0,0.0,0.0,0.0,0.0,0.0,0.0,0.0,0.0,0.0,0.0,0.0,0.0,0.0,0.0,0.0
0.0,0.0,0.0,0.0,0.0,0.0,0.0,0.0,0.0,0.0,0.0,0.0,0.0,0.0,0.0,0.0,0.0,0.0,0.0,0.0,0.0,0.0,0.0,0.0,0.0,0.0,0.0,0.0,0.0,0.0,0.0,0.0,0.0,0.0,0.0,0.0,0.0,0.0,0.0,0.0,0.0,0.0,0.0,0.0,0.0,0.0,0.0,0.0,0.0,0.0,0.0,0.0,0.0,0.0,0.0,0.0,0.0,0.0,0.0,0.0,0.0,0.0,0.0,0.0,0.0,0.0,0.0,0.0,0.0,0.0,0.0,0.0,0.0,0.0,0.0,0.0,0.0,0.0,0.0,0.0,0.0,0.0,0.0,0.0,0.0,0.0,0.0,0.0,0.0,0.0,0.0,0.0,0.0,0.0,0.0,0.0,0.0,0.0,0.0,0.0,0.0,0.0,0.0,0.0,0.0,0.0,0.0,0.0,0.0,0.0,0.0,0.0,0.0,0.0,0.0,0.0,0.0,0.0,0.0,0.0,0.0,0.0,0.0,0.0,0.0,0.0,0.0,0.0,0.0,0.0,0.0,0.0,0.0,0.0,0.0,0.0,0.0,0.0,0.0,0.0,0.0,0.0,0.0,0.0,0.0,0.0,0.0,0.0,0.0,0.0,0.0,0.0,0.0,0.0,0.0,0.0,0.0,0.0,0.0,0.0,0.0,0.0,0.0,0.0,0.0,0.0,0.0,0.0,0.0,0.0,0.0,0.0,0.0,0.0,0.0,0.0,0.0,0.0,0.0,0.0,0.0,0.0,0.0,0.0,0.0,0.0,0.0,0.0,0.0,0.0,0.0,0.0,0.0,0.0,0.0,0.0,0.0,0.0,0.0,0.0,0.0,0.0,0.0,0.0,0.0,0.0,0.0,0.0,0.0,0.0,0.0,0.0,0.0,0.0,0.0,0.0,0.0,0.0,0.0,0.0,0.0,0.0,0.0,0.0,0.0,0.0,0.0,0.0,0.0,0.0,0.0,0.0,0.0,0.0,0.0,0.0,0.0,0.0,0.0,0.0,0.0,0.0,0.0,0.0,0.0,0.0,0.0,0.0,0.0,0.0,0.0,0.0,0.0,0.0,0.0,0.0,0.0
0.0,0.0,0.0,0.0,0.0,0.0,0.0,0.0,0.0,0.0,0.0,0.0,0.0,0.0,0.0,0.0,0.0,0.0,0.0,0.0,0.0,0.0,0.0,0.0,0.0,0.0,0.0,0.0,0.0,0.0,0.0,0.0,0.0,0.0,0.0,0.0,0.0,0.0,0.0,0.0,0.0,0.0,0.0,0.0,0.0,0.0,0.0,0.0,0.0,0.0,0.0,0.0,0.0,0.0,0.0,0.0,0.0,0.0,0.0,0.0,0.0,0.0,0.0,0.0,0.0,0.0,0.0,0.0,0.0,0.0,0.0,0.0,0.0,0.0,0.0,0.0,0.0,0.0,0.0,0.0,0.0,0.0,0.0,0.0,0.0,0.0,0.0,0.0,0.0,0.0,0.0,0.0,0.0,0.0,0.0,0.0,0.0,0.0,0.0,0.0,0.0,0.0,0.0,0.0,0.0,0.0,0.0,0.0,0.0,0.0,0.0,0.0,0.0,0.0,0.0,0.0,0.0,0.0,0.0,0.0,0.0,0.0,0.0,0.0,0.0,0.0,0.0,0.0,0.0,0.0,0.0,0.0,0.0,0.0,0.0,0.0,0.0,0.0,0.0,0.0,0.0,0.0,0.0,0.0,0.0,0.0,0.0,0.0,0.0,0.0,0.0,0.0,0.0,0.0,0.0,0.0,0.0,0.0,0.0,0.0,0.0,0.0,0.0,0.0,0.0,0.0,0.0,0.0,0.0,0.0,0.0,0.0,0.0,0.0,0.0,0.0,0.0,0.0,0.0,0.0,0.0,0.0,0.0,0.0,0.0,0.0,0.0,0.0,0.0,0.0,0.0,0.0,0.0,0.0,0.0,0.0,0.0,0.0,0.0,0.0,0.0,0.0,0.0,0.0,0.0,0.0,0.0,0.0,0.0,0.0,0.0,0.0,0.0,0.0,0.0,0.0,0.0,0.0,0.0,0.0,0.0,0.0,0.0,0.0,0.0,0.0,0.0,0.0,0.0,0.0,0.0,0.0,0.0,0.0,0.0,0.0,0.0,0.0,0.0,0.0,0.0,0.0,0.0,0.0,0.0,0.0,0.0,0.0,0.0,0.0,0.0,0.0,0.0,0.0,0.0,0.0,0.0
0.0,0.0,0.0,0.0,0.0,0.0,0.0,0.0,0.0,0.0,0.0,0.0,0.0,0.0,0.0,0.0,0.0,0.0,0.0,0.0,0.0,0.0,0.0,0.0,0.0,0.0,0.0,0.0,0.0,0.0,0.0,0.0,0.0,0.0,0.0,0.0,0.0,0.0,0.0,0.0,0.0,0.0,0.0,0.0,0.0,0.0,0.0,0.0,0.0,0.0,0.0,0.0,0.0,0.0,0.0,0.0,0.0,0.0,0.0,0.0,0.0,0.0,0.0,0.0,0.0,0.0,0.0,0.0,0.0,0.0,0.0,0.0,0.0,0.0,0.0,0.0,0.0,0.0,0.0,0.0,0.0,0.0,0.0,0.0,0.0,0.0,0.0,0.0,0.0,0.0,0.0,0.0,0.0,0.0,0.0,0.0,0.0,0.0,0.0,0.0,0.0,0.0,0.0,0.0,0.0,0.0,0.0,0.0,0.0,0.0,0.0,0.0,0.0,0.0,0.0,0.0,0.0,0.0,0.0,0.0,0.0,0.0,0.0,0.0,0.0,0.0,0.0,0.0,0.0,0.0,0.0,0.0,0.0,0.0,0.0,0.0,0.0,0.0,0.0,0.0,0.0,0.0,0.0,0.0,0.0,0.0,0.0,0.0,0.0,0.0,0.0,0.0,0.0,0.0,0.0,0.0,0.0,0.0,0.0,0.0,0.0,0.0,0.0,0.0,0.0,0.0,0.0,0.0,0.0,0.0,0.0,0.0,0.0,0.0,0.0,0.0,0.0,0.0,0.0,0.0,0.0,0.0,0.0,0.0,0.0,0.0,0.0,0.0,0.0,0.0,0.0,0.0,0.0,0.0,0.0,0.0,0.0,0.0,0.0,0.0,0.0,0.0,0.0,0.0,0.0,0.0,0.0,0.0,0.0,0.0,0.0,0.0,0.0,0.0,0.0,0.0,0.0,0.0,0.0,0.0,0.0,0.0,0.0,0.0,0.0,0.0,0.0,0.0,0.0,0.0,0.0,0.0,0.0,0.0,0.0,0.0,0.0,0.0,0.0,0.0,0.0,0.0,0.0,0.0,0.0,0.0,0.0,0.0,0.0,0.0,0.0,0.0,0.0,0.0,0.0,0.0,0.0
0.0,0.0,0.0,0.0,0.0,0.0,0.0,0.0,0.0,0.0,0.0,0.0,0.0,0.0,0.0,0.0,0.0,0.0,0.0,0.0,0.0,0.0,0.0,0.0,0.0,0.0,0.0,0.0,0.0,0.0,0.0,0.0,0.0,0.0,0.0,0.0,0.0,0.0,0.0,0.0,0.0,0.0,0.0,0.0,0.0,0.0,0.0,0.0,0.0,0.0,0.0,0.0,0.0,0.0,0.0,0.0,0.0,0.0,0.0,0.0,0.0,0.0,0.0,0.0,0.0,0.0,0.0,0.0,0.0,0.0,0.0,0.0,0.0,0.0,0.0,0.0,0.0,0.0,0.0,0.0,0.0,0.0,0.0,0.0,0.0,0.0,0.0,0.0,0.0,0.0,0.0,0.0,0.0,0.0,0.0,0.0,0.0,0.0,0.0,0.0,0.0,0.0,0.0,0.0,0.0,0.0,0.0,0.0,0.0,0.0,0.0,0.0,0.0,0.0,0.0,0.0,0.0,0.0,0.0,0.0,0.0,0.0,0.0,0.0,0.0,0.0,0.0,0.0,0.0,0.0,0.0,0.0,0.0,0.0,0.0,0.0,0.0,0.0,0.0,0.0,0.0,0.0,0.0,0.0,0.0,0.0,0.0,0.0,0.0,0.0,0.0,0.0,0.0,0.0,0.0,0.0,0.0,0.0,0.0,0.0,0.0,0.0,0.0,0.0,0.0,0.0,0.0,0.0,0.0,0.0,0.0,0.0,0.0,0.0,0.0,0.0,0.0,0.0,0.0,0.0,0.0,0.0,0.0,0.0,0.0,0.0,0.0,0.0,0.0,0.0,0.0,0.0,0.0,0.0,0.0,0.0,0.0,0.0,0.0,0.0,0.0,0.0,0.0,0.0,0.0,0.0,0.0,0.0,0.0,0.0,0.0,0.0,0.0,0.0,0.0,0.0,0.0,0.0,0.0,0.0,0.0,0.0,0.0,0.0,0.0,0.0,0.0,0.0,0.0,0.0,0.0,0.0,0.0,0.0,0.0,0.0,0.0,0.0,0.0,0.0,0.0,0.0,0.0,0.0,0.0,0.0,0.0,0.0,0.0,0.0,0.0,0.0,0.0,0.0,0.0,0.0,0.0
0.0,0.0,0.0,0.0,0.0,0.0,0.0,0.0,0.0,0.0,0.0,0.0,0.0,0.0,0.0,0.0,0.0,0.0,0.0,0.0,0.0,0.0,0.0,0.0,0.0,0.0,0.0,0.0,0.0,0.0,0.0,0.0,0.0,0.0,0.0,0.0,0.0,0.0,0.0,0.0,0.0,0.0,0.0,0.0,0.0,0.0,0.0,0.0,0.0,0.0,0.0,0.0,0.0,0.0,0.0,0.0,0.0,0.0,0.0,0.0,0.0,0.0,0.0,0.0,0.0,0.0,0.0,0.0,0.0,0.0,0.0,0.0,0.0,0.0,0.0,0.0,0.0,0.0,0.0,0.0,0.0,0.0,0.0,0.0,0.0,0.0,0.0,0.0,0.0,0.0,0.0,0.0,0.0,0.0,0.0,0.0,0.0,0.0,0.0,0.0,0.0,0.0,0.0,0.0,0.0,0.0,0.0,0.0,0.0,0.0,0.0,0.0,0.0,0.0,0.0,0.0,0.0,0.0,0.0,0.0,0.0,0.0,0.0,0.0,0.0,0.0,0.0,0.0,0.0,0.0,0.0,0.0,0.0,0.0,0.0,0.0,0.0,0.0,0.0,0.0,0.0,0.0,0.0,0.0,0.0,0.0,0.0,0.0,0.0,0.0,0.0,0.0,0.0,0.0,0.0,0.0,0.0,0.0,0.0,0.0,0.0,0.0,0.0,0.0,0.0,0.0,0.0,0.0,0.0,0.0,0.0,0.0,0.0,0.0,0.0,0.0,0.0,0.0,0.0,0.0,0.0,0.0,0.0,0.0,0.0,0.0,0.0,0.0,0.0,0.0,0.0,0.0,0.0,0.0,0.0,0.0,0.0,0.0,0.0,0.0,0.0,0.0,0.0,0.0,0.0,0.0,0.0,0.0,0.0,0.0,0.0,0.0,0.0,0.0,0.0,0.0,0.0,0.0,0.0,0.0,0.0,0.0,0.0,0.0,0.0,0.0,0.0,0.0,0.0,0.0,0.0,0.0,0.0,0.0,0.0,0.0,0.0,0.0,0.0,0.0,0.0,0.0,0.0,0.0,0.0,0.0,0.0,0.0,0.0,0.0,0.0,0.0,0.0,0.0,0.0,0.0,0.0
0.0,0.0,0.0,0.0,0.0,0.0,0.0,0.0,0.0,0.0,0.0,0.0,0.0,0.0,0.0,0.0,0.0,0.0,0.0,0.0,0.0,0.0,0.0,0.0,0.0,0.0,0.0,0.0,0.0,0.0,0.0,0.0,0.0,0.0,0.0,0.0,0.0,0.0,0.0,0.0,0.0,0.0,0.0,0.0,0.0,0.0,0.0,0.0,0.0,0.0,0.0,0.0,0.0,0.0,0.0,0.0,0.0,0.0,0.0,0.0,0.0,0.0,0.0,0.0,0.0,0.0,0.0,0.0,0.0,0.0,0.0,0.0,0.0,0.0,0.0,0.0,0.0,0.0,0.0,0.0,0.0,0.0,0.0,0.0,0.0,0.0,0.0,0.0,0.0,0.0,0.0,0.0,0.0,0.0,0.0,0.0,0.0,0.0,0.0,0.0,0.0,0.0,0.0,0.0,0.0,0.0,0.0,0.0,0.0,0.0,0.0,0.0,0.0,0.0,0.0,0.0,0.0,0.0,0.0,0.0,0.0,0.0,0.0,0.0,0.0,0.0,0.0,0.0,0.0,0.0,0.0,0.0,0.0,0.0,0.0,0.0,0.0,0.0,0.0,0.0,0.0,0.0,0.0,0.0,0.0,0.0,0.0,0.0,0.0,0.0,0.0,0.0,0.0,0.0,0.0,0.0,0.0,0.0,0.0,0.0,0.0,0.0,0.0,0.0,0.0,0.0,0.0,0.0,0.0,0.0,0.0,0.0,0.0,0.0,0.0,0.0,0.0,0.0,0.0,0.0,0.0,0.0,0.0,0.0,0.0,0.0,0.0,0.0,0.0,0.0,0.0,0.0,0.0,0.0,0.0,0.0,0.0,0.0,0.0,0.0,0.0,0.0,0.0,0.0,0.0,0.0,0.0,0.0,0.0,0.0,0.0,0.0,0.0,0.0,0.0,0.0,0.0,0.0,0.0,0.0,0.0,0.0,0.0,0.0,0.0,0.0,0.0,0.0,0.0,0.0,0.0,0.0,0.0,0.0,0.0,0.0,0.0,0.0,0.0,0.0,0.0,0.0,0.0,0.0,0.0,0.0,0.0,0.0,0.0,0.0,0.0,0.0,0.0,0.0,0.0,0.0,0.0
0.0,0.0,0.0,0.0,0.0,0.0,0.0,0.0,0.0,0.0,0.0,0.0,0.0,0.0,0.0,0.0,0.0,0.0,0.0,0.0,0.0,0.0,0.0,0.0,0.0,0.0,0.0,0.0,0.0,0.0,0.0,0.0,0.0,0.0,0.0,0.0,0.0,0.0,0.0,0.0,0.0,0.0,0.0,0.0,0.0,0.0,0.0,0.0,0.0,0.0,0.0,0.0,0.0,0.0,0.0,0.0,0.0,0.0,0.0,0.0,0.0,0.0,0.0,0.0,0.0,0.0,0.0,0.0,0.0,0.0,0.0,0.0,0.0,0.0,0.0,0.0,0.0,0.0,0.0,0.0,0.0,0.0,0.0,0.0,0.0,0.0,0.0,0.0,0.0,0.0,0.0,0.0,0.0,0.0,0.0,0.0,0.0,0.0,0.0,0.0,0.0,0.0,0.0,0.0,0.0,0.0,0.0,0.0,0.0,0.0,0.0,0.0,0.0,0.0,0.0,0.0,0.0,0.0,0.0,0.0,0.0,0.0,0.0,0.0,0.0,0.0,0.0,0.0,0.0,0.0,0.0,0.0,0.0,0.0,0.0,0.0,0.0,0.0,0.0,0.0,0.0,0.0,0.0,0.0,0.0,0.0,0.0,0.0,0.0,0.0,0.0,0.0,0.0,0.0,0.0,0.0,0.0,0.0,0.0,0.0,0.0,0.0,0.0,0.0,0.0,0.0,0.0,0.0,0.0,0.0,0.0,0.0,0.0,0.0,0.0,0.0,0.0,0.0,0.0,0.0,0.0,0.0,0.0,0.0,0.0,0.0,0.0,0.0,0.0,0.0,0.0,0.0,0.0,0.0,0.0,0.0,0.0,0.0,0.0,0.0,0.0,0.0,0.0,0.0,0.0,0.0,0.0,0.0,0.0,0.0,0.0,0.0,0.0,0.0,0.0,0.0,0.0,0.0,0.0,0.0,0.0,0.0,0.0,0.0,0.0,0.0,0.0,0.0,0.0,0.0,0.0,0.0,0.0,0.0,0.0,0.0,0.0,0.0,0.0,0.0,0.0,0.0,0.0,0.0,0.0,0.0,0.0,0.0,0.0,0.0,0.0,0.0,0.0,0.0,0.0,0.0,0.0
0.0,0.0,0.0,0.0,0.0,0.0,0.0,0.0,0.0,0.0,0.0,0.0,0.0,0.0,0.0,0.0,0.0,0.0,0.0,0.0,0.0,0.0,0.0,0.0,0.0,0.0,0.0,0.0,0.0,0.0,0.0,0.0,0.0,0.0,0.0,0.0,0.0,0.0,0.0,0.0,0.0,0.0,0.0,0.0,0.0,0.0,0.0,0.0,0.0,0.0,0.0,0.0,0.0,0.0,0.0,0.0,0.0,0.0,0.0,0.0,0.0,0.0,0.0,0.0,0.0,0.0,0.0,0.0,0.0,0.0,0.0,0.0,0.0,0.0,0.0,0.0,0.0,0.0,0.0,0.0,0.0,0.0,0.0,0.0,0.0,0.0,0.0,0.0,0.0,0.0,0.0,0.0,0.0,0.0,0.0,0.0,0.0,0.0,0.0,0.0,0.0,0.0,0.0,0.0,0.0,0.0,0.0,0.0,0.0,0.0,0.0,0.0,0.0,0.0,0.0,0.0,0.0,0.0,0.0,0.0,0.0,0.0,0.0,0.0,0.0,0.0,0.0,0.0,0.0,0.0,0.0,0.0,0.0,0.0,0.0,0.0,0.0,0.0,0.0,0.0,0.0,0.0,0.0,0.0,0.0,0.0,0.0,0.0,0.0,0.0,0.0,0.0,0.0,0.0,0.0,0.0,0.0,0.0,0.0,0.0,0.0,0.0,0.0,0.0,0.0,0.0,0.0,0.0,0.0,0.0,0.0,0.0,0.0,0.0,0.0,0.0,0.0,0.0,0.0,0.0,0.0,0.0,0.0,0.0,0.0,0.0,0.0,0.0,0.0,0.0,0.0,0.0,0.0,0.0,0.0,0.0,0.0,0.0,0.0,0.0,0.0,0.0,0.0,0.0,0.0,0.0,0.0,0.0,0.0,0.0,0.0,0.0,0.0,0.0,0.0,0.0,0.0,0.0,0.0,0.0,0.0,0.0,0.0,0.0,0.0,0.0,0.0,0.0,0.0,0.0,0.0,0.0,0.0,0.0,0.0,0.0,0.0,0.0,0.0,0.0,0.0,0.0,0.0,0.0,0.0,0.0,0.0,0.0,0.0,0.0,0.0,0.0,0.0,0.0,0.0,0.0,0.0
0.0,0.0,0.0,0.0,0.0,0.0,0.0,0.0,0.0,0.0,0.0,0.0,0.0,0.0,0.0,0.0,0.0,0.0,0.0,0.0,0.0,0.0,0.0,0.0,0.0,0.0,0.0,0.0,0.0,0.0,0.0,0.0,0.0,0.0,0.0,0.0,0.0,0.0,0.0,0.0,0.0,0.0,0.0,0.0,0.0,0.0,0.0,0.0,0.0,0.0,0.0,0.0,0.0,0.0,0.0,0.0,0.0,0.0,0.0,0.0,0.0,0.0,0.0,0.0,0.0,0.0,0.0,0.0,0.0,0.0,0.0,0.0,0.0,0.0,0.0,0.0,0.0,0.0,0.0,0.0,0.0,0.0,0.0,0.0,0.0,0.0,0.0,0.0,0.0,0.0,0.0,0.0,0.0,0.0,0.0,0.0,0.0,0.0,0.0,0.0,0.0,0.0,0.0,0.0,0.0,0.0,0.0,0.0,0.0,0.0,0.0,0.0,0.0,0.0,0.0,0.0,0.0,0.0,0.0,0.0,0.0,0.0,0.0,0.0,0.0,0.0,0.0,0.0,0.0,0.0,0.0,0.0,0.0,0.0,0.0,0.0,0.0,0.0,0.0,0.0,0.0,0.0,0.0,0.0,0.0,0.0,0.0,0.0,0.0,0.0,0.0,0.0,0.0,0.0,0.0,0.0,0.0,0.0,0.0,0.0,0.0,0.0,0.0,0.0,0.0,0.0,0.0,0.0,0.0,0.0,0.0,0.0,0.0,0.0,0.0,0.0,0.0,0.0,0.0,0.0,0.0,0.0,0.0,0.0,0.0,0.0,0.0,0.0,0.0,0.0,0.0,0.0,0.0,0.0,0.0,0.0,0.0,0.0,0.0,0.0,0.0,0.0,0.0,0.0,0.0,0.0,0.0,0.0,0.0,0.0,0.0,0.0,0.0,0.0,0.0,0.0,0.0,0.0,0.0,0.0,0.0,0.0,0.0,0.0,0.0,0.0,0.0,0.0,0.0,0.0,0.0,0.0,0.0,0.0,0.0,0.0,0.0,0.0,0.0,0.0,0.0,0.0,0.0,0.0,0.0,0.0,0.0,0.0,0.0,0.0,0.0,0.0,0.0,0.0,0.0,0.0,0.0
0.0,0.0,0.0,0.0,0.0,0.0,0.0,0.0,0.0,0.0,0.0,0.0,0.0,0.0,0.0,0.0,0.0,0.0,0.0,0.0,0.0,0.0,0.0,0.0,0.0,0.0,0.0,0.0,0.0,0.0,0.0,0.0,0.0,0.0,0.0,0.0,0.0,0.0,0.0,0.0,0.0,0.0,0.0,0.0,0.0,0.0,0.0,0.0,0.0,0.0,0.0,0.0,0.0,0.0,0.0,0.0,0.0,0.0,0.0,0.0,0.0,0.0,0.0,0.0,0.0,0.0,0.0,0.0,0.0,0.0,0.0,0.0,0.0,0.0,0.0,0.0,0.0,0.0,0.0,0.0,0.0,0.0,0.0,0.0,0.0,0.0,0.0,0.0,0.0,0.0,0.0,0.0,0.0,0.0,0.0,0.0,0.0,0.0,0.0,0.0,0.0,0.0,0.0,0.0,0.0,0.0,0.0,0.0,0.0,0.0,0.0,0.0,0.0,0.0,0.0,0.0,0.0,0.0,0.0,0.0,0.0,0.0,0.0,0.0,0.0,0.0,0.0,0.0,0.0,0.0,0.0,0.0,0.0,0.0,0.0,0.0,0.0,0.0,0.0,0.0,0.0,0.0,0.0,0.0,0.0,0.0,0.0,0.0,0.0,0.0,0.0,0.0,0.0,0.0,0.0,0.0,0.0,0.0,0.0,0.0,0.0,0.0,0.0,0.0,0.0,0.0,0.0,0.0,0.0,0.0,0.0,0.0,0.0,0.0,0.0,0.0,0.0,0.0,0.0,0.0,0.0,0.0,0.0,0.0,0.0,0.0,0.0,0.0,0.0,0.0,0.0,0.0,0.0,0.0,0.0,0.0,0.0,0.0,0.0,0.0,0.0,0.0,0.0,0.0,0.0,0.0,0.0,0.0,0.0,0.0,0.0,0.0,0.0,0.0,0.0,0.0,0.0,0.0,0.0,0.0,0.0,0.0,0.0,0.0,0.0,0.0,0.0,0.0,0.0,0.0,0.0,0.0,0.0,0.0,0.0,0.0,0.0,0.0,0.0,0.0,0.0,0.0,0.0,0.0,0.0,0.0,0.0,0.0,0.0,0.0,0.0,0.0,0.0,0.0,0.0,0.0,0.0
0.0,0.0,0.0,0.0,0.0,0.0,0.0,0.0,0.0,0.0,0.0,0.0,0.0,0.0,0.0,0.0,0.0,0.0,0.0,0.0,0.0,0.0,0.0,0.0,0.0,0.0,0.0,0.0,0.0,0.0,0.0,0.0,0.0,0.0,0.0,0.0,0.0,0.0,0.0,0.0,0.0,0.0,0.0,0.0,0.0,0.0,0.0,0.0,0.0,0.0,0.0,0.0,0.0,0.0,0.0,0.0,0.0,0.0,0.0,0.0,0.0,0.0,0.0,0.0,0.0,0.0,0.0,0.0,0.0,0.0,0.0,0.0,0.0,0.0,0.0,0.0,0.0,0.0,0.0,0.0,0.0,0.0,0.0,0.0,0.0,0.0,0.0,0.0,0.0,0.0,0.0,0.0,0.0,0.0,0.0,0.0,0.0,0.0,0.0,0.0,0.0,0.0,0.0,0.0,0.0,0.0,0.0,0.0,0.0,0.0,0.0,0.0,0.0,0.0,0.0,0.0,0.0,0.0,0.0,0.0,0.0,0.0,0.0,0.0,0.0,0.0,0.0,0.0,0.0,0.0,0.0,0.0,0.0,0.0,0.0,0.0,0.0,0.0,0.0,0.0,0.0,0.0,0.0,0.0,0.0,0.0,0.0,0.0,0.0,0.0,0.0,0.0,0.0,0.0,0.0,0.0,0.0,0.0,0.0,0.0,0.0,0.0,0.0,0.0,0.0,0.0,0.0,0.0,0.0,0.0,0.0,0.0,0.0,0.0,0.0,0.0,0.0,0.0,0.0,0.0,0.0,0.0,0.0,0.0,0.0,0.0,0.0,0.0,0.0,0.0,0.0,0.0,0.0,0.0,0.0,0.0,0.0,0.0,0.0,0.0,0.0,0.0,0.0,0.0,0.0,0.0,0.0,0.0,0.0,0.0,0.0,0.0,0.0,0.0,0.0,0.0,0.0,0.0,0.0,0.0,0.0,0.0,0.0,0.0,0.0,0.0,0.0,0.0,0.0,0.0,0.0,0.0,0.0,0.0,0.0,0.0,0.0,0.0,0.0,0.0,0.0,0.0,0.0,0.0,0.0,0.0,0.0,0.0,0.0,0.0,0.0,0.0,0.0,0.0,0.0,0.0,0.0
0.0,0.0,0.0,0.0,0.0,0.0,0.0,0.0,0.0,0.0,0.0,0.0,0.0,0.0,0.0,0.0,0.0,0.0,0.0,0.0,0.0,0.0,0.0,0.0,0.0,0.0,0.0,0.0,0.0,0.0,0.0,0.0,0.0,0.0,0.0,0.0,0.0,0.0,0.0,0.0,0.0,0.0,0.0,0.0,0.0,0.0,0.0,0.0,0.0,0.0,0.0,0.0,0.0,0.0,0.0,0.0,0.0,0.0,0.0,0.0,0.0,0.0,0.0,0.0,0.0,0.0,0.0,0.0,0.0,0.0,0.0,0.0,0.0,0.0,0.0,0.0,0.0,0.0,0.0,0.0,0.0,0.0,0.0,0.0,0.0,0.0,0.0,0.0,0.0,0.0,0.0,0.0,0.0,0.0,0.0,0.0,0.0,0.0,0.0,0.0,0.0,0.0,0.0,0.0,0.0,0.0,0.0,0.0,0.0,0.0,0.0,0.0,0.0,0.0,0.0,0.0,0.0,0.0,0.0,0.0,0.0,0.0,0.0,0.0,0.0,0.0,0.0,0.0,0.0,0.0,0.0,0.0,0.0,0.0,0.0,0.0,0.0,0.0,0.0,0.0,0.0,0.0,0.0,0.0,0.0,0.0,0.0,0.0,0.0,0.0,0.0,0.0,0.0,0.0,0.0,0.0,0.0,0.0,0.0,0.0,0.0,0.0,0.0,0.0,0.0,0.0,0.0,0.0,0.0,0.0,0.0,0.0,0.0,0.0,0.0,0.0,0.0,0.0,0.0,0.0,0.0,0.0,0.0,0.0,0.0,0.0,0.0,0.0,0.0,0.0,0.0,0.0,0.0,0.0,0.0,0.0,0.0,0.0,0.0,0.0,0.0,0.0,0.0,0.0,0.0,0.0,0.0,0.0,0.0,0.0,0.0,0.0,0.0,0.0,0.0,0.0,0.0,0.0,0.0,0.0,0.0,0.0,0.0,0.0,0.0,0.0,0.0,0.0,0.0,0.0,0.0,0.0,0.0,0.0,0.0,0.0,0.0,0.0,0.0,0.0,0.0,0.0,0.0,0.0,0.0,0.0,0.0,0.0,0.0,0.0,0.0,0.0,0.0,0.0,0.0,0.0,0.0
0.0,0.0,0.0,0.0,0.0,0.0,0.0,0.0,0.0,0.0,0.0,0.0,0.0,0.0,0.0,0.0,0.0,0.0,0.0,0.0,0.0,0.0,0.0,0.0,0.0,0.0,0.0,0.0,0.0,0.0,0.0,0.0,0.0,0.0,0.0,0.0,0.0,0.0,0.0,0.0,0.0,0.0,0.0,0.0,0.0,0.0,0.0,0.0,0.0,0.0,0.0,0.0,0.0,0.0,0.0,0.0,0.0,0.0,0.0,0.0,0.0,0.0,0.0,0.0,0.0,0.0,0.0,0.0,0.0,0.0,0.0,0.0,0.0,0.0,0.0,0.0,0.0,0.0,0.0,0.0,0.0,0.0,0.0,0.0,0.0,0.0,0.0,0.0,0.0,0.0,0.0,0.0,0.0,0.0,0.0,0.0,0.0,0.0,0.0,0.0,0.0,0.0,0.0,0.0,0.0,0.0,0.0,0.0,0.0,0.0,0.0,0.0,0.0,0.0,0.0,0.0,0.0,0.0,0.0,0.0,0.0,0.0,0.0,0.0,0.0,0.0,0.0,0.0,0.0,0.0,0.0,0.0,0.0,0.0,0.0,0.0,0.0,0.0,0.0,0.0,0.0,0.0,0.0,0.0,0.0,0.0,0.0,0.0,0.0,0.0,0.0,0.0,0.0,0.0,0.0,0.0,0.0,0.0,0.0,0.0,0.0,0.0,0.0,0.0,0.0,0.0,0.0,0.0,0.0,0.0,0.0,0.0,0.0,0.0,0.0,0.0,0.0,0.0,0.0,0.0,0.0,0.0,0.0,0.0,0.0,0.0,0.0,0.0,0.0,0.0,0.0,0.0,0.0,0.0,0.0,0.0,0.0,0.0,0.0,0.0,0.0,0.0,0.0,0.0,0.0,0.0,0.0,0.0,0.0,0.0,0.0,0.0,0.0,0.0,0.0,0.0,0.0,0.0,0.0,0.0,0.0,0.0,0.0,0.0,0.0,0.0,0.0,0.0,0.0,0.0,0.0,0.0,0.0,0.0,0.0,0.0,0.0,0.0,0.0,0.0,0.0,0.0,0.0,0.0,0.0,0.0,0.0,0.0,0.0,0.0,0.0,0.0,0.0,0.0,0.0,0.0,0.0
0.0,0.0,0.0,0.0,0.0,0.0,0.0,0.0,0.0,0.0,0.0,0.0,0.0,0.0,0.0,0.0,0.0,0.0,0.0,0.0,0.0,0.0,0.0,0.0,0.0,0.0,0.0,0.0,0.0,0.0,0.0,0.0,0.0,0.0,0.0,0.0,0.0,0.0,0.0,0.0,0.0,0.0,0.0,0.0,0.0,0.0,0.0,0.0,0.0,0.0,0.0,0.0,0.0,0.0,0.0,0.0,0.0,0.0,0.0,0.0,0.0,0.0,0.0,0.0,0.0,0.0,0.0,0.0,0.0,0.0,0.0,0.0,0.0,0.0,0.0,0.0,0.0,0.0,0.0,0.0,0.0,0.0,0.0,0.0,0.0,0.0,0.0,0.0,0.0,0.0,0.0,0.0,0.0,0.0,0.0,0.0,0.0,0.0,0.0,0.0,0.0,0.0,0.0,0.0,0.0,0.0,0.0,0.0,0.0,0.0,0.0,0.0,0.0,0.0,0.0,0.0,0.0,0.0,0.0,0.0,0.0,0.0,0.0,0.0,0.0,0.0,0.0,0.0,0.0,0.0,0.0,0.0,0.0,0.0,0.0,0.0,0.0,0.0,0.0,0.0,0.0,0.0,0.0,0.0,0.0,0.0,0.0,0.0,0.0,0.0,0.0,0.0,0.0,0.0,0.0,0.0,0.0,0.0,0.0,0.0,0.0,0.0,0.0,0.0,0.0,0.0,0.0,0.0,0.0,0.0,0.0,0.0,0.0,0.0,0.0,0.0,0.0,0.0,0.0,0.0,0.0,0.0,0.0,0.0,0.0,0.0,0.0,0.0,0.0,0.0,0.0,0.0,0.0,0.0,0.0,0.0,0.0,0.0,0.0,0.0,0.0,0.0,0.0,0.0,0.0,0.0,0.0,0.0,0.0,0.0,0.0,0.0,0.0,0.0,0.0,0.0,0.0,0.0,0.0,0.0,0.0,0.0,0.0,0.0,0.0,0.0,0.0,0.0,0.0,0.0,0.0,0.0,0.0,0.0,0.0,0.0,0.0,0.0,0.0,0.0,0.0,0.0,0.0,0.0,0.0,0.0,0.0,0.0,0.0,0.0,0.0,0.0,0.0,0.0,0.0,0.0,0.0
0.0,0.0,0.0,0.0,0.0,0.0,0.0,0.0,0.0,0.0,0.0,0.0,0.0,0.0,0.0,0.0,0.0,0.0,0.0,0.0,0.0,0.0,0.0,0.0,0.0,0.0,0.0,0.0,0.0,0.0,0.0,0.0,0.0,0.0,0.0,0.0,0.0,0.0,0.0,0.0,0.0,0.0,0.0,0.0,0.0,0.0,0.0,0.0,0.0,0.0,0.0,0.0,0.0,0.0,0.0,0.0,0.0,0.0,0.0,0.0,0.0,0.0,0.0,0.0,0.0,0.0,0.0,0.0,0.0,0.0,0.0,0.0,0.0,0.0,0.0,0.0,0.0,0.0,0.0,0.0,0.0,0.0,0.0,0.0,0.0,0.0,0.0,0.0,0.0,0.0,0.0,0.0,0.0,0.0,0.0,0.0,0.0,0.0,0.0,0.0,0.0,0.0,0.0,0.0,0.0,0.0,0.0,0.0,0.0,0.0,0.0,0.0,0.0,0.0,0.0,0.0,0.0,0.0,0.0,0.0,0.0,0.0,0.0,0.0,0.0,0.0,0.0,0.0,0.0,0.0,0.0,0.0,0.0,0.0,0.0,0.0,0.0,0.0,0.0,0.0,0.0,0.0,0.0,0.0,0.0,0.0,0.0,0.0,0.0,0.0,0.0,0.0,0.0,0.0,0.0,0.0,0.0,0.0,0.0,0.0,0.0,0.0,0.0,0.0,0.0,0.0,0.0,0.0,0.0,0.0,0.0,0.0,0.0,0.0,0.0,0.0,0.0,0.0,0.0,0.0,0.0,0.0,0.0,0.0,0.0,0.0,0.0,0.0,0.0,0.0,0.0,0.0,0.0,0.0,0.0,0.0,0.0,0.0,0.0,0.0,0.0,0.0,0.0,0.0,0.0,0.0,0.0,0.0,0.0,0.0,0.0,0.0,0.0,0.0,0.0,0.0,0.0,0.0,0.0,0.0,0.0,0.0,0.0,0.0,0.0,0.0,0.0,0.0,0.0,0.0,0.0,0.0,0.0,0.0,0.0,0.0,0.0,0.0,0.0,0.0,0.0,0.0,0.0,0.0,0.0,0.0,0.0,0.0,0.0,0.0,0.0,0.0,0.0,0.0,0.0,0.0,0.0
0.0,0.0,0.0,0.0,0.0,0.0,0.0,0.0,0.0,0.0,0.0,0.0,0.0,0.0,0.0,0.0,0.0,0.0,0.0,0.0,0.0,0.0,0.0,0.0,0.0,0.0,0.0,0.0,0.0,0.0,0.0,0.0,0.0,0.0,0.0,0.0,0.0,0.0,0.0,0.0,0.0,0.0,0.0,0.0,0.0,0.0,0.0,0.0,0.0,0.0,0.0,0.0,0.0,0.0,0.0,0.0,0.0,0.0,0.0,0.0,0.0,0.0,0.0,0.0,0.0,0.0,0.0,0.0,0.0,0.0,0.0,0.0,0.0,0.0,0.0,0.0,0.0,0.0,0.0,0.0,0.0,0.0,0.0,0.0,0.0,0.0,0.0,0.0,0.0,0.0,0.0,0.0,0.0,0.0,0.0,0.0,0.0,0.0,0.0,0.0,0.0,0.0,0.0,0.0,0.0,0.0,0.0,0.0,0.0,0.0,0.0,0.0,0.0,0.0,0.0,0.0,0.0,0.0,0.0,0.0,0.0,0.0,0.0,0.0,0.0,0.0,0.0,0.0,0.0,0.0,0.0,0.0,0.0,0.0,0.0,0.0,0.0,0.0,0.0,0.0,0.0,0.0,0.0,0.0,0.0,0.0,0.0,0.0,0.0,0.0,0.0,0.0,0.0,0.0,0.0,0.0,0.0,0.0,0.0,0.0,0.0,0.0,0.0,0.0,0.0,0.0,0.0,0.0,0.0,0.0,0.0,0.0,0.0,0.0,0.0,0.0,0.0,0.0,0.0,0.0,0.0,0.0,0.0,0.0,0.0,0.0,0.0,0.0,0.0,0.0,0.0,0.0,0.0,0.0,0.0,0.0,0.0,0.0,0.0,0.0,0.0,0.0,0.0,0.0,0.0,0.0,0.0,0.0,0.0,0.0,0.0,0.0,0.0,0.0,0.0,0.0,0.0,0.0,0.0,0.0,0.0,0.0,0.0,0.0,0.0,0.0,0.0,0.0,0.0,0.0,0.0,0.0,0.0,0.0,0.0,0.0,0.0,0.0,0.0,0.0,0.0,0.0,0.0,0.0,0.0,0.0,0.0,0.0,0.0,0.0,0.0,0.0,0.0,0.0,0.0,0.0,0.0
0.0,0.0,0.0,0.0,0.0,0.0,0.0,0.0,0.0,0.0,0.0,0.0,0.0,0.0,0.0,0.0,0.0,0.0,0.0,0.0,0.0,0.0,0.0,0.0,0.0,0.0,0.0,0.0,0.0,0.0,0.0,0.0,0.0,0.0,0.0,0.0,0.0,0.0,0.0,0.0,0.0,0.0,0.0,0.0,0.0,0.0,0.0,0.0,0.0,0.0,0.0,0.0,0.0,0.0,0.0,0.0,0.0,0.0,0.0,0.0,0.0,0.0,0.0,0.0,0.0,0.0,0.0,0.0,0.0,0.0,0.0,0.0,0.0,0.0,0.0,0.0,0.0,0.0,0.0,0.0,0.0,0.0,0.0,0.0,0.0,0.0,0.0,0.0,0.0,0.0,0.0,0.0,0.0,0.0,0.0,0.0,0.0,0.0,0.0,0.0,0.0,0.0,0.0,0.0,0.0,0.0,0.0,0.0,0.0,0.0,0.0,0.0,0.0,0.0,0.0,0.0,0.0,0.0,0.0,0.0,0.0,0.0,0.0,0.0,0.0,0.0,0.0,0.0,0.0,0.0,0.0,0.0,0.0,0.0,0.0,0.0,0.0,0.0,0.0,0.0,0.0,0.0,0.0,0.0,0.0,0.0,0.0,0.0,0.0,0.0,0.0,0.0,0.0,0.0,0.0,0.0,0.0,0.0,0.0,0.0,0.0,0.0,0.0,0.0,0.0,0.0,0.0,0.0,0.0,0.0,0.0,0.0,0.0,0.0,0.0,0.0,0.0,0.0,0.0,0.0,0.0,0.0,0.0,0.0,0.0,0.0,0.0,0.0,0.0,0.0,0.0,0.0,0.0,0.0,0.0,0.0,0.0,0.0,0.0,0.0,0.0,0.0,0.0,0.0,0.0,0.0,0.0,0.0,0.0,0.0,0.0,0.0,0.0,0.0,0.0,0.0,0.0,0.0,0.0,0.0,0.0,0.0,0.0,0.0,0.0,0.0,0.0,0.0,0.0,0.0,0.0,0.0,0.0,0.0,0.0,0.0,0.0,0.0,0.0,0.0,0.0,0.0,0.0,0.0,0.0,0.0,0.0,0.0,0.0,0.0,0.0,0.0,0.0,0.0,0.0,0.0,0.0
0.0,0.0,0.0,0.0,0.0,0.0,0.0,0.0,0.0,0.0,0.0,0.0,0.0,0.0,0.0,0.0,0.0,0.0,0.0,0.0,0.0,0.0,0.0,0.0,0.0,0.0,0.0,0.0,0.0,0.0,0.0,0.0,0.0,0.0,0.0,0.0,0.0,0.0,0.0,0.0,0.0,0.0,0.0,0.0,0.0,0.0,0.0,0.0,0.0,0.0,0.0,0.0,0.0,0.0,0.0,0.0,0.0,0.0,0.0,0.0,0.0,0.0,0.0,0.0,0.0,0.0,0.0,0.0,0.0,0.0,0.0,0.0,0.0,0.0,0.0,0.0,0.0,0.0,0.0,0.0,0.0,0.0,0.0,0.0,0.0,0.0,0.0,0.0,0.0,0.0,0.0,0.0,0.0,0.0,0.0,0.0,0.0,0.0,0.0,0.0,0.0,0.0,0.0,0.0,0.0,0.0,0.0,0.0,0.0,0.0,0.0,0.0,0.0,0.0,0.0,0.0,0.0,0.0,0.0,0.0,0.0,0.0,0.0,0.0,0.0,0.0,0.0,0.0,0.0,0.0,0.0,0.0,0.0,0.0,0.0,0.0,0.0,0.0,0.0,0.0,0.0,0.0,0.0,0.0,0.0,0.0,0.0,0.0,0.0,0.0,0.0,0.0,0.0,0.0,0.0,0.0,0.0,0.0,0.0,0.0,0.0,0.0,0.0,0.0,0.0,0.0,0.0,0.0,0.0,0.0,0.0,0.0,0.0,0.0,0.0,0.0,0.0,0.0,0.0,0.0,0.0,0.0,0.0,0.0,0.0,0.0,0.0,0.0,0.0,0.0,0.0,0.0,0.0,0.0,0.0,0.0,0.0,0.0,0.0,0.0,0.0,0.0,0.0,0.0,0.0,0.0,0.0,0.0,0.0,0.0,0.0,0.0,0.0,0.0,0.0,0.0,0.0,0.0,0.0,0.0,0.0,0.0,0.0,0.0,0.0,0.0,0.0,0.0,0.0,0.0,0.0,0.0,0.0,0.0,0.0,0.0,0.0,0.0,0.0,0.0,0.0,0.0,0.0,0.0,0.0,0.0,0.0,0.0,0.0,0.0,0.0,0.0,0.0,0.0,0.0,0.0,0.0
0.0,0.0,0.0,0.0,0.0,0.0,0.0,0.0,0.0,0.0,0.0,0.0,0.0,0.0,0.0,0.0,0.0,0.0,0.0,0.0,0.0,0.0,0.0,0.0,0.0,0.0,0.0,0.0,0.0,0.0,0.0,0.0,0.0,0.0,0.0,0.0,0.0,0.0,0.0,0.0,0.0,0.0,0.0,0.0,0.0,0.0,0.0,0.0,0.0,0.0,0.0,0.0,0.0,0.0,0.0,0.0,0.0,0.0,0.0,0.0,0.0,0.0,0.0,0.0,0.0,0.0,0.0,0.0,0.0,0.0,0.0,0.0,0.0,0.0,0.0,0.0,0.0,0.0,0.0,0.0,0.0,0.0,0.0,0.0,0.0,0.0,0.0,0.0,0.0,0.0,0.0,0.0,0.0,0.0,0.0,0.0,0.0,0.0,0.0,0.0,0.0,0.0,0.0,0.0,0.0,0.0,0.0,0.0,0.0,0.0,0.0,0.0,0.0,0.0,0.0,0.0,0.0,0.0,0.0,0.0,0.0,0.0,0.0,0.0,0.0,0.0,0.0,0.0,0.0,0.0,0.0,0.0,0.0,0.0,0.0,0.0,0.0,0.0,0.0,0.0,0.0,0.0,0.0,0.0,0.0,0.0,0.0,0.0,0.0,0.0,0.0,0.0,0.0,0.0,0.0,0.0,0.0,0.0,0.0,0.0,0.0,0.0,0.0,0.0,0.0,0.0,0.0,0.0,0.0,0.0,0.0,0.0,0.0,0.0,0.0,0.0,0.0,0.0,0.0,0.0,0.0,0.0,0.0,0.0,0.0,0.0,0.0,0.0,0.0,0.0,0.0,0.0,0.0,0.0,0.0,0.0,0.0,0.0,0.0,0.0,0.0,0.0,0.0,0.0,0.0,0.0,0.0,0.0,0.0,0.0,0.0,0.0,0.0,0.0,0.0,0.0,0.0,0.0,0.0,0.0,0.0,0.0,0.0,0.0,0.0,0.0,0.0,0.0,0.0,0.0,0.0,0.0,0.0,0.0,0.0,0.0,0.0,0.0,0.0,0.0,0.0,0.0,0.0,0.0,0.0,0.0,0.0,0.0,0.0,0.0,0.0,0.0,0.0,0.0,0.0,0.0,0.0
0.0,0.0,0.0,0.0,0.0,0.0,0.0,0.0,0.0,0.0,0.0,0.0,0.0,0.0,0.0,0.0,0.0,0.0,0.0,0.0,0.0,0.0,0.0,0.0,0.0,0.0,0.0,0.0,0.0,0.0,0.0,0.0,0.0,0.0,0.0,0.0,0.0,0.0,0.0,0.0,0.0,0.0,0.0,0.0,0.0,0.0,0.0,0.0,0.0,0.0,0.0,0.0,0.0,0.0,0.0,0.0,0.0,0.0,0.0,0.0,0.0,0.0,0.0,0.0,0.0,0.0,0.0,0.0,0.0,0.0,0.0,0.0,0.0,0.0,0.0,0.0,0.0,0.0,0.0,0.0,0.0,0.0,0.0,0.0,0.0,0.0,0.0,0.0,0.0,0.0,0.0,0.0,0.0,0.0,0.0,0.0,0.0,0.0,0.0,0.0,0.0,0.0,0.0,0.0,0.0,0.0,0.0,0.0,0.0,0.0,0.0,0.0,0.0,0.0,0.0,0.0,0.0,0.0,0.0,0.0,0.0,0.0,0.0,0.0,0.0,0.0,0.0,0.0,0.0,0.0,0.0,0.0,0.0,0.0,0.0,0.0,0.0,0.0,0.0,0.0,0.0,0.0,0.0,0.0,0.0,0.0,0.0,0.0,0.0,0.0,0.0,0.0,0.0,0.0,0.0,0.0,0.0,0.0,0.0,0.0,0.0,0.0,0.0,0.0,0.0,0.0,0.0,0.0,0.0,0.0,0.0,0.0,0.0,0.0,0.0,0.0,0.0,0.0,0.0,0.0,0.0,0.0,0.0,0.0,0.0,0.0,0.0,0.0,0.0,0.0,0.0,0.0,0.0,0.0,0.0,0.0,0.0,0.0,0.0,0.0,0.0,0.0,0.0,0.0,0.0,0.0,0.0,0.0,0.0,0.0,0.0,0.0,0.0,0.0,0.0,0.0,0.0,0.0,0.0,0.0,0.0,0.0,0.0,0.0,0.0,0.0,0.0,0.0,0.0,0.0,0.0,0.0,0.0,0.0,0.0,0.0,0.0,0.0,0.0,0.0,0.0,0.0,0.0,0.0,0.0,0.0,0.0,0.0,0.0,0.0,0.0,0.0,0.0,0.0,0.0,0.0,0.0
0.0,0.0,0.0,0.0,0.0,0.0,0.0,0.0,0.0,0.0,0.0,0.0,0.0,0.0,0.0,0.0,0.0,0.0,0.0,0.0,0.0,0.0,0.0,0.0,0.0,0.0,0.0,0.0,0.0,0.0,0.0,0.0,0.0,0.0,0.0,0.0,0.0,0.0,0.0,0.0,0.0,0.0,0.0,0.0,0.0,0.0,0.0,0.0,0.0,0.0,0.0,0.0,0.0,0.0,0.0,0.0,0.0,0.0,0.0,0.0,0.0,0.0,0.0,0.0,0.0,0.0,0.0,0.0,0.0,0.0,0.0,0.0,0.0,0.0,0.0,0.0,0.0,0.0,0.0,0.0,0.0,0.0,0.0,0.0,0.0,0.0,0.0,0.0,0.0,0.0,0.0,0.0,0.0,0.0,0.0,0.0,0.0,0.0,0.0,0.0,0.0,0.0,0.0,0.0,0.0,0.0,0.0,0.0,0.0,0.0,0.0,0.0,0.0,0.0,0.0,0.0,0.0,0.0,0.0,0.0,0.0,0.0,0.0,0.0,0.0,0.0,0.0,0.0,0.0,0.0,0.0,0.0,0.0,0.0,0.0,0.0,0.0,0.0,0.0,0.0,0.0,0.0,0.0,0.0,0.0,0.0,0.0,0.0,0.0,0.0,0.0,0.0,0.0,0.0,0.0,0.0,0.0,0.0,0.0,0.0,0.0,0.0,0.0,0.0,0.0,0.0,0.0,0.0,0.0,0.0,0.0,0.0,0.0,0.0,0.0,0.0,0.0,0.0,0.0,0.0,0.0,0.0,0.0,0.0,0.0,0.0,0.0,0.0,0.0,0.0,0.0,0.0,0.0,0.0,0.0,0.0,0.0,0.0,0.0,0.0,0.0,0.0,0.0,0.0,0.0,0.0,0.0,0.0,0.0,0.0,0.0,0.0,0.0,0.0,0.0,0.0,0.0,0.0,0.0,0.0,0.0,0.0,0.0,0.0,0.0,0.0,0.0,0.0,0.0,0.0,0.0,0.0,0.0,0.0,0.0,0.0,0.0,0.0,0.0,0.0,0.0,0.0,0.0,0.0,0.0,0.0,0.0,0.0,0.0,0.0,0.0,0.0,0.0,0.0,0.0,0.0,0.0
0.0,0.0,0.0,0.0,0.0,0.0,0.0,0.0,0.0,0.0,0.0,0.0,0.0,0.0,0.0,0.0,0.0,0.0,0.0,0.0,0.0,0.0,0.0,0.0,0.0,0.0,0.0,0.0,0.0,0.0,0.0,0.0,0.0,0.0,0.0,0.0,0.0,0.0,0.0,0.0,0.0,0.0,0.0,0.0,0.0,0.0,0.0,0.0,0.0,0.0,0.0,0.0,0.0,0.0,0.0,0.0,0.0,0.0,0.0,0.0,0.0,0.0,0.0,0.0,0.0,0.0,0.0,0.0,0.0,0.0,0.0,0.0,0.0,0.0,0.0,0.0,0.0,0.0,0.0,0.0,0.0,0.0,0.0,0.0,0.0,0.0,0.0,0.0,0.0,0.0,0.0,0.0,0.0,0.0,0.0,0.0,0.0,0.0,0.0,0.0,0.0,0.0,0.0,0.0,0.0,0.0,0.0,0.0,0.0,0.0,0.0,0.0,0.0,0.0,0.0,0.0,0.0,0.0,0.0,0.0,0.0,0.0,0.0,0.0,0.0,0.0,0.0,0.0,0.0,0.0,0.0,0.0,0.0,0.0,0.0,0.0,0.0,0.0,0.0,0.0,0.0,0.0,0.0,0.0,0.0,0.0,0.0,0.0,0.0,0.0,0.0,0.0,0.0,0.0,0.0,0.0,0.0,0.0,0.0,0.0,0.0,0.0,0.0,0.0,0.0,0.0,0.0,0.0,0.0,0.0,0.0,0.0,0.0,0.0,0.0,0.0,0.0,0.0,0.0,0.0,0.0,0.0,0.0,0.0,0.0,0.0,0.0,0.0,0.0,0.0,0.0,0.0,0.0,0.0,0.0,0.0,0.0,0.0,0.0,0.0,0.0,0.0,0.0,0.0,0.0,0.0,0.0,0.0,0.0,0.0,0.0,0.0,0.0,0.0,0.0,0.0,0.0,0.0,0.0,0.0,0.0,0.0,0.0,0.0,0.0,0.0,0.0,0.0,0.0,0.0,0.0,0.0,0.0,0.0,0.0,0.0,0.0,0.0,0.0,0.0,0.0,0.0,0.0,0.0,0.0,0.0,0.0,0.0,0.0,0.0,0.0,0.0,0.0,0.0,0.0,0.0,0.0
0.0,0.0,0.0,0.0,0.0,0.0,0.0,0.0,0.0,0.0,0.0,0.0,0.0,0.0,0.0,0.0,0.0,0.0,0.0,0.0,0.0,0.0,0.0,0.0,0.0,0.0,0.0,0.0,0.0,0.0,0.0,0.0,0.0,0.0,0.0,0.0,0.0,0.0,0.0,0.0,0.0,0.0,0.0,0.0,0.0,0.0,0.0,0.0,0.0,0.0,0.0,0.0,0.0,0.0,0.0,0.0,0.0,0.0,0.0,0.0,0.0,0.0,0.0,0.0,0.0,0.0,0.0,0.0,0.0,0.0,0.0,0.0,0.0,0.0,0.0,0.0,0.0,0.0,0.0,0.0,0.0,0.0,0.0,0.0,0.0,0.0,0.0,0.0,0.0,0.0,0.0,0.0,0.0,0.0,0.0,0.0,0.0,0.0,0.0,0.0,0.0,0.0,0.0,0.0,0.0,0.0,0.0,0.0,0.0,0.0,0.0,0.0,0.0,0.0,0.0,0.0,0.0,0.0,0.0,0.0,0.0,0.0,0.0,0.0,0.0,0.0,0.0,0.0,0.0,0.0,0.0,0.0,0.0,0.0,0.0,0.0,0.0,0.0,0.0,0.0,0.0,0.0,0.0,0.0,0.0,0.0,0.0,0.0,0.0,0.0,0.0,0.0,0.0,0.0,0.0,0.0,0.0,0.0,0.0,0.0,0.0,0.0,0.0,0.0,0.0,0.0,0.0,0.0,0.0,0.0,0.0,0.0,0.0,0.0,0.0,0.0,0.0,0.0,0.0,0.0,0.0,0.0,0.0,0.0,0.0,0.0,0.0,0.0,0.0,0.0,0.0,0.0,0.0,0.0,0.0,0.0,0.0,0.0,0.0,0.0,0.0,0.0,0.0,0.0,0.0,0.0,0.0,0.0,0.0,0.0,0.0,0.0,0.0,0.0,0.0,0.0,0.0,0.0,0.0,0.0,0.0,0.0,0.0,0.0,0.0,0.0,0.0,0.0,0.0,0.0,0.0,0.0,0.0,0.0,0.0,0.0,0.0,0.0,0.0,0.0,0.0,0.0,0.0,0.0,0.0,0.0,0.0,0.0,0.0,0.0,0.0,0.0,0.0,0.0,0.0,0.0,0.0
0.0,0.0,0.0,0.0,0.0,0.0,0.0,0.0,0.0,0.0,0.0,0.0,0.0,0.0,0.0,0.0,0.0,0.0,0.0,0.0,0.0,0.0,0.0,0.0,0.0,0.0,0.0,0.0,0.0,0.0,0.0,0.0,0.0,0.0,0.0,0.0,0.0,0.0,0.0,0.0,0.0,0.0,0.0,0.0,0.0,0.0,0.0,0.0,0.0,0.0,0.0,0.0,0.0,0.0,0.0,0.0,0.0,0.0,0.0,0.0,0.0,0.0,0.0,0.0,0.0,0.0,0.0,0.0,0.0,0.0,0.0,0.0,0.0,0.0,0.0,0.0,0.0,0.0,0.0,0.0,0.0,0.0,0.0,0.0,0.0,0.0,0.0,0.0,0.0,0.0,0.0,0.0,0.0,0.0,0.0,0.0,0.0,0.0,0.0,0.0,0.0,0.0,0.0,0.0,0.0,0.0,0.0,0.0,0.0,0.0,0.0,0.0,0.0,0.0,0.0,0.0,0.0,0.0,0.0,0.0,0.0,0.0,0.0,0.0,0.0,0.0,0.0,0.0,0.0,0.0,0.0,0.0,0.0,0.0,0.0,0.0,0.0,0.0,0.0,0.0,0.0,0.0,0.0,0.0,0.0,0.0,0.0,0.0,0.0,0.0,0.0,0.0,0.0,0.0,0.0,0.0,0.0,0.0,0.0,0.0,0.0,0.0,0.0,0.0,0.0,0.0,0.0,0.0,0.0,0.0,0.0,0.0,0.0,0.0,0.0,0.0,0.0,0.0,0.0,0.0,0.0,0.0,0.0,0.0,0.0,0.0,0.0,0.0,0.0,0.0,0.0,0.0,0.0,0.0,0.0,0.0,0.0,0.0,0.0,0.0,0.0,0.0,0.0,0.0,0.0,0.0,0.0,0.0,0.0,0.0,0.0,0.0,0.0,0.0,0.0,0.0,0.0,0.0,0.0,0.0,0.0,0.0,0.0,0.0,0.0,0.0,0.0,0.0,0.0,0.0,0.0,0.0,0.0,0.0,0.0,0.0,0.0,0.0,0.0,0.0,0.0,0.0,0.0,0.0,0.0,0.0,0.0,0.0,0.0,0.0,0.0,0.0,0.0,0.0,0.0,0.0,0.0
0.0,0.0,0.0,0.0,0.0,0.0,0.0,0.0,0.0,0.0,0.0,0.0,0.0,0.0,0.0,0.0,0.0,0.0,0.0,0.0,0.0,0.0,0.0,0.0,0.0,0.0,0.0,0.0,0.0,0.0,0.0,0.0,0.0,0.0,0.0,0.0,0.0,0.0,0.0,0.0,0.0,0.0,0.0,0.0,0.0,0.0,0.0,0.0,0.0,0.0,0.0,0.0,0.0,0.0,0.0,0.0,0.0,0.0,0.0,0.0,0.0,0.0,0.0,0.0,0.0,0.0,0.0,0.0,0.0,0.0,0.0,0.0,0.0,0.0,0.0,0.0,0.0,0.0,0.0,0.0,0.0,0.0,0.0,0.0,0.0,0.0,0.0,0.0,0.0,0.0,0.0,0.0,0.0,0.0,0.0,0.0,0.0,0.0,0.0,0.0,0.0,0.0,0.0,0.0,0.0,0.0,0.0,0.0,0.0,0.0,0.0,0.0,0.0,0.0,0.0,0.0,0.0,0.0,0.0,0.0,0.0,0.0,0.0,0.0,0.0,0.0,0.0,0.0,0.0,0.0,0.0,0.0,0.0,0.0,0.0,0.0,0.0,0.0,0.0,0.0,0.0,0.0,0.0,0.0,0.0,0.0,0.0,0.0,0.0,0.0,0.0,0.0,0.0,0.0,0.0,0.0,0.0,0.0,0.0,0.0,0.0,0.0,0.0,0.0,0.0,0.0,0.0,0.0,0.0,0.0,0.0,0.0,0.0,0.0,0.0,0.0,0.0,0.0,0.0,0.0,0.0,0.0,0.0,0.0,0.0,0.0,0.0,0.0,0.0,0.0,0.0,0.0,0.0,0.0,0.0,0.0,0.0,0.0,0.0,0.0,0.0,0.0,0.0,0.0,0.0,0.0,0.0,0.0,0.0,0.0,0.0,0.0,0.0,0.0,0.0,0.0,0.0,0.0,0.0,0.0,0.0,0.0,0.0,0.0,0.0,0.0,0.0,0.0,0.0,0.0,0.0,0.0,0.0,0.0,0.0,0.0,0.0,0.0,0.0,0.0,0.0,0.0,0.0,0.0,0.0,0.0,0.0,0.0,0.0,0.0,0.0,0.0,0.0,0.0,0.0,0.0,0.0
0.0,0.0,0.0,0.0,0.0,0.0,0.0,0.0,0.0,0.0,0.0,0.0,0.0,0.0,0.0,0.0,0.0,0.0,0.0,0.0,0.0,0.0,0.0,0.0,0.0,0.0,0.0,0.0,0.0,0.0,0.0,0.0,0.0,0.0,0.0,0.0,0.0,0.0,0.0,0.0,0.0,0.0,0.0,0.0,0.0,0.0,0.0,0.0,0.0,0.0,0.0,0.0,0.0,0.0,0.0,0.0,0.0,0.0,0.0,0.0,0.0,0.0,0.0,0.0,0.0,0.0,0.0,0.0,0.0,0.0,0.0,0.0,0.0,0.0,0.0,0.0,0.0,0.0,0.0,0.0,0.0,0.0,0.0,0.0,0.0,0.0,0.0,0.0,0.0,0.0,0.0,0.0,0.0,0.0,0.0,0.0,0.0,0.0,0.0,0.0,0.0,0.0,0.0,0.0,0.0,0.0,0.0,0.0,0.0,0.0,0.0,0.0,0.0,0.0,0.0,0.0,0.0,0.0,0.0,0.0,0.0,0.0,0.0,0.0,0.0,0.0,0.0,0.0,0.0,0.0,0.0,0.0,0.0,0.0,0.0,0.0,0.0,0.0,0.0,0.0,0.0,0.0,0.0,0.0,0.0,0.0,0.0,0.0,0.0,0.0,0.0,0.0,0.0,0.0,0.0,0.0,0.0,0.0,0.0,0.0,0.0,0.0,0.0,0.0,0.0,0.0,0.0,0.0,0.0,0.0,0.0,0.0,0.0,0.0,0.0,0.0,0.0,0.0,0.0,0.0,0.0,0.0,0.0,0.0,0.0,0.0,0.0,0.0,0.0,0.0,0.0,0.0,0.0,0.0,0.0,0.0,0.0,0.0,0.0,0.0,0.0,0.0,0.0,0.0,0.0,0.0,0.0,0.0,0.0,0.0,0.0,0.0,0.0,0.0,0.0,0.0,0.0,0.0,0.0,0.0,0.0,0.0,0.0,0.0,0.0,0.0,0.0,0.0,0.0,0.0,0.0,0.0,0.0,0.0,0.0,0.0,0.0,0.0,0.0,0.0,0.0,0.0,0.0,0.0,0.0,0.0,0.0,0.0,0.0,0.0,0.0,0.0,0.0,0.0,0.0,0.0,0.0
0.0,0.0,0.0,0.0,0.0,0.0,0.0,0.0,0.0,0.0,0.0,0.0,0.0,0.0,0.0,0.0,0.0,0.0,0.0,0.0,0.0,0.0,0.0,0.0,0.0,0.0,0.0,0.0,0.0,0.0,0.0,0.0,0.0,0.0,0.0,0.0,0.0,0.0,0.0,0.0,0.0,0.0,0.0,0.0,0.0,0.0,0.0,0.0,0.0,0.0,0.0,0.0,0.0,0.0,0.0,0.0,0.0,0.0,0.0,0.0,0.0,0.0,0.0,0.0,0.0,0.0,0.0,0.0,0.0,0.0,0.0,0.0,0.0,0.0,0.0,0.0,0.0,0.0,0.0,0.0,0.0,0.0,0.0,0.0,0.0,0.0,0.0,0.0,0.0,0.0,0.0,0.0,0.0,0.0,0.0,0.0,0.0,0.0,0.0,0.0,0.0,0.0,0.0,0.0,0.0,0.0,0.0,0.0,0.0,0.0,0.0,0.0,0.0,0.0,0.0,0.0,0.0,0.0,0.0,0.0,0.0,0.0,0.0,0.0,0.0,0.0,0.0,0.0,0.0,0.0,0.0,0.0,0.0,0.0,0.0,0.0,0.0,0.0,0.0,0.0,0.0,0.0,0.0,0.0,0.0,0.0,0.0,0.0,0.0,0.0,0.0,0.0,0.0,0.0,0.0,0.0,0.0,0.0,0.0,0.0,0.0,0.0,0.0,0.0,0.0,0.0,0.0,0.0,0.0,0.0,0.0,0.0,0.0,0.0,0.0,0.0,0.0,0.0,0.0,0.0,0.0,0.0,0.0,0.0,0.0,0.0,0.0,0.0,0.0,0.0,0.0,0.0,0.0,0.0,0.0,0.0,0.0,0.0,0.0,0.0,0.0,0.0,0.0,0.0,0.0,0.0,0.0,0.0,0.0,0.0,0.0,0.0,0.0,0.0,0.0,0.0,0.0,0.0,0.0,0.0,0.0,0.0,0.0,0.0,0.0,0.0,0.0,0.0,0.0,0.0,0.0,0.0,0.0,0.0,0.0,0.0,0.0,0.0,0.0,0.0,0.0,0.0,0.0,0.0,0.0,0.0,0.0,0.0,0.0,0.0,0.0,0.0,0.0,0.0,0.0,0.0,0.0
0.0,0.0,0.0,0.0,0.0,0.0,0.0,0.0,0.0,0.0,0.0,0.0,0.0,0.0,0.0,0.0,0.0,0.0,0.0,0.0,0.0,0.0,0.0,0.0,0.0,0.0,0.0,0.0,0.0,0.0,0.0,0.0,0.0,0.0,0.0,0.0,0.0,0.0,0.0,0.0,0.0,0.0,0.0,0.0,0.0,0.0,0.0,0.0,0.0,0.0,0.0,0.0,0.0,0.0,0.0,0.0,0.0,0.0,0.0,0.0,0.0,0.0,0.0,0.0,0.0,0.0,0.0,0.0,0.0,0.0,0.0,0.0,0.0,0.0,0.0,0.0,0.0,0.0,0.0,0.0,0.0,0.0,0.0,0.0,0.0,0.0,0.0,0.0,0.0,0.0,0.0,0.0,0.0,0.0,0.0,0.0,0.0,0.0,0.0,0.0,0.0,0.0,0.0,0.0,0.0,0.0,0.0,0.0,0.0,0.0,0.0,0.0,0.0,0.0,0.0,0.0,0.0,0.0,0.0,0.0,0.0,0.0,0.0,0.0,0.0,0.0,0.0,0.0,0.0,0.0,0.0,0.0,0.0,0.0,0.0,0.0,0.0,0.0,0.0,0.0,0.0,0.0,0.0,0.0,0.0,0.0,0.0,0.0,0.0,0.0,0.0,0.0,0.0,0.0,0.0,0.0,0.0,0.0,0.0,0.0,0.0,0.0,0.0,0.0,0.0,0.0,0.0,0.0,0.0,0.0,0.0,0.0,0.0,0.0,0.0,0.0,0.0,0.0,0.0,0.0,0.0,0.0,0.0,0.0,0.0,0.0,0.0,0.0,0.0,0.0,0.0,0.0,0.0,0.0,0.0,0.0,0.0,0.0,0.0,0.0,0.0,0.0,0.0,0.0,0.0,0.0,0.0,0.0,0.0,0.0,0.0,0.0,0.0,0.0,0.0,0.0,0.0,0.0,0.0,0.0,0.0,0.0,0.0,0.0,0.0,0.0,0.0,0.0,0.0,0.0,0.0,0.0,0.0,0.0,0.0,0.0,0.0,0.0,0.0,0.0,0.0,0.0,0.0,0.0,0.0,0.0,0.0,0.0,0.0,0.0,0.0,0.0,0.0,0.0,0.0,0.0,0.0
0.0,0.0,0.0,0.0,0.0,0.0,0.0,0.0,0.0,0.0,0.0,0.0,0.0,0.0,0.0,0.0,0.0,0.0,0.0,0.0,0.0,0.0,0.0,0.0,0.0,0.0,0.0,0.0,0.0,0.0,0.0,0.0,0.0,0.0,0.0,0.0,0.0,0.0,0.0,0.0,0.0,0.0,0.0,0.0,0.0,0.0,0.0,0.0,0.0,0.0,0.0,0.0,0.0,0.0,0.0,0.0,0.0,0.0,0.0,0.0,0.0,0.0,0.0,0.0,0.0,0.0,0.0,0.0,0.0,0.0,0.0,0.0,0.0,0.0,0.0,0.0,0.0,0.0,0.0,0.0,0.0,0.0,0.0,0.0,0.0,0.0,0.0,0.0,0.0,0.0,0.0,0.0,0.0,0.0,0.0,0.0,0.0,0.0,0.0,0.0,0.0,0.0,0.0,0.0,0.0,0.0,0.0,0.0,0.0,0.0,0.0,0.0,0.0,0.0,0.0,0.0,0.0,0.0,0.0,0.0,0.0,0.0,0.0,0.0,0.0,0.0,0.0,0.0,0.0,0.0,0.0,0.0,0.0,0.0,0.0,0.0,0.0,0.0,0.0,0.0,0.0,0.0,0.0,0.0,0.0,0.0,0.0,0.0,0.0,0.0,0.0,0.0,0.0,0.0,0.0,0.0,0.0,0.0,0.0,0.0,0.0,0.0,0.0,0.0,0.0,0.0,0.0,0.0,0.0,0.0,0.0,0.0,0.0,0.0,0.0,0.0,0.0,0.0,0.0,0.0,0.0,0.0,0.0,0.0,0.0,0.0,0.0,0.0,0.0,0.0,0.0,0.0,0.0,0.0,0.0,0.0,0.0,0.0,0.0,0.0,0.0,0.0,0.0,0.0,0.0,0.0,0.0,0.0,0.0,0.0,0.0,0.0,0.0,0.0,0.0,0.0,0.0,0.0,0.0,0.0,0.0,0.0,0.0,0.0,0.0,0.0,0.0,0.0,0.0,0.0,0.0,0.0,0.0,0.0,0.0,0.0,0.0,0.0,0.0,0.0,0.0,0.0,0.0,0.0,0.0,0.0,0.0,0.0,0.0,0.0,0.0,0.0,0.0,0.0,0.0,0.0,0.0
0.0,0.0,0.0,0.0,0.0,0.0,0.0,0.0,0.0,0.0,0.0,0.0,0.0,0.0,0.0,0.0,0.0,0.0,0.0,0.0,0.0,0.0,0.0,0.0,0.0,0.0,0.0,0.0,0.0,0.0,0.0,0.0,0.0,0.0,0.0,0.0,0.0,0.0,0.0,0.0,0.0,0.0,0.0,0.0,0.0,0.0,0.0,0.0,0.0,0.0,0.0,0.0,0.0,0.0,0.0,0.0,0.0,0.0,0.0,0.0,0.0,0.0,0.0,0.0,0.0,0.0,0.0,0.0,0.0,0.0,0.0,0.0,0.0,0.0,0.0,0.0,0.0,0.0,0.0,0.0,0.0,0.0,0.0,0.0,0.0,0.0,0.0,0.0,0.0,0.0,0.0,0.0,0.0,0.0,0.0,0.0,0.0,0.0,0.0,0.0,0.0,0.0,0.0,0.0,0.0,0.0,0.0,0.0,0.0,0.0,0.0,0.0,0.0,0.0,0.0,0.0,0.0,0.0,0.0,0.0,0.0,0.0,0.0,0.0,0.0,0.0,0.0,0.0,0.0,0.0,0.0,0.0,0.0,0.0,0.0,0.0,0.0,0.0,0.0,0.0,0.0,0.0,0.0,0.0,0.0,0.0,0.0,0.0,0.0,0.0,0.0,0.0,0.0,0.0,0.0,0.0,0.0,0.0,0.0,0.0,0.0,0.0,0.0,0.0,0.0,0.0,0.0,0.0,0.0,0.0,0.0,0.0,0.0,0.0,0.0,0.0,0.0,0.0,0.0,0.0,0.0,0.0,0.0,0.0,0.0,0.0,0.0,0.0,0.0,0.0,0.0,0.0,0.0,0.0,0.0,0.0,0.0,0.0,0.0,0.0,0.0,0.0,0.0,0.0,0.0,0.0,0.0,0.0,0.0,0.0,0.0,0.0,0.0,0.0,0.0,0.0,0.0,0.0,0.0,0.0,0.0,0.0,0.0,0.0,0.0,0.0,0.0,0.0,0.0,0.0,0.0,0.0,0.0,0.0,0.0,0.0,0.0,0.0,0.0,0.0,0.0,0.0,0.0,0.0,0.0,0.0,0.0,0.0,0.0,0.0,0.0,0.0,0.0,0.0,0.0,0.0,0.0
0.0,0.0,0.0,0.0,0.0,0.0,0.0,0.0,0.0,0.0,0.0,0.0,0.0,0.0,0.0,0.0,0.0,0.0,0.0,0.0,0.0,0.0,0.0,0.0,0.0,0.0,0.0,0.0,0.0,0.0,0.0,0.0,0.0,0.0,0.0,0.0,0.0,0.0,0.0,0.0,0.0,0.0,0.0,0.0,0.0,0.0,0.0,0.0,0.0,0.0,0.0,0.0,0.0,0.0,0.0,0.0,0.0,0.0,0.0,0.0,0.0,0.0,0.0,0.0,0.0,0.0,0.0,0.0,0.0,0.0,0.0,0.0,0.0,0.0,0.0,0.0,0.0,0.0,0.0,0.0,0.0,0.0,0.0,0.0,0.0,0.0,0.0,0.0,0.0,0.0,0.0,0.0,0.0,0.0,0.0,0.0,0.0,0.0,0.0,0.0,0.0,0.0,0.0,0.0,0.0,0.0,0.0,0.0,0.0,0.0,0.0,0.0,0.0,0.0,0.0,0.0,0.0,0.0,0.0,0.0,0.0,0.0,0.0,0.0,0.0,0.0,0.0,0.0,0.0,0.0,0.0,0.0,0.0,0.0,0.0,0.0,0.0,0.0,0.0,0.0,0.0,0.0,0.0,0.0,0.0,0.0,0.0,0.0,0.0,0.0,0.0,0.0,0.0,0.0,0.0,0.0,0.0,0.0,0.0,0.0,0.0,0.0,0.0,0.0,0.0,0.0,0.0,0.0,0.0,0.0,0.0,0.0,0.0,0.0,0.0,0.0,0.0,0.0,0.0,0.0,0.0,0.0,0.0,0.0,0.0,0.0,0.0,0.0,0.0,0.0,0.0,0.0,0.0,0.0,0.0,0.0,0.0,0.0,0.0,0.0,0.0,0.0,0.0,0.0,0.0,0.0,0.0,0.0,0.0,0.0,0.0,0.0,0.0,0.0,0.0,0.0,0.0,0.0,0.0,0.0,0.0,0.0,0.0,0.0,0.0,0.0,0.0,0.0,0.0,0.0,0.0,0.0,0.0,0.0,0.0,0.0,0.0,0.0,0.0,0.0,0.0,0.0,0.0,0.0,0.0,0.0,0.0,0.0,0.0,0.0,0.0,0.0,0.0,0.0,0.0,0.0,0.0
0.0,0.0,0.0,0.0,0.0,0.0,0.0,0.0,0.0,0.0,0.0,0.0,0.0,0.0,0.0,0.0,0.0,0.0,0.0,0.0,0.0,0.0,0.0,0.0,0.0,0.0,0.0,0.0,0.0,0.0,0.0,0.0,0.0,0.0,0.0,0.0,0.0,0.0,0.0,0.0,0.0,0.0,0.0,0.0,0.0,0.0,0.0,0.0,0.0,0.0,0.0,0.0,0.0,0.0,0.0,0.0,0.0,0.0,0.0,0.0,0.0,0.0,0.0,0.0,0.0,0.0,0.0,0.0,0.0,0.0,0.0,0.0,0.0,0.0,0.0,0.0,0.0,0.0,0.0,0.0,0.0,0.0,0.0,0.0,0.0,0.0,0.0,0.0,0.0,0.0,0.0,0.0,0.0,0.0,0.0,0.0,0.0,0.0,0.0,0.0,0.0,0.0,0.0,0.0,0.0,0.0,0.0,0.0,0.0,0.0,0.0,0.0,0.0,0.0,0.0,0.0,0.0,0.0,0.0,0.0,0.0,0.0,0.0,0.0,0.0,0.0,0.0,0.0,0.0,0.0,0.0,0.0,0.0,0.0,0.0,0.0,0.0,0.0,0.0,0.0,0.0,0.0,0.0,0.0,0.0,0.0,0.0,0.0,0.0,0.0,0.0,0.0,0.0,0.0,0.0,0.0,0.0,0.0,0.0,0.0,0.0,0.0,0.0,0.0,0.0,0.0,0.0,0.0,0.0,0.0,0.0,0.0,0.0,0.0,0.0,0.0,0.0,0.0,0.0,0.0,0.0,0.0,0.0,0.0,0.0,0.0,0.0,0.0,0.0,0.0,0.0,0.0,0.0,0.0,0.0,0.0,0.0,0.0,0.0,0.0,0.0,0.0,0.0,0.0,0.0,0.0,0.0,0.0,0.0,0.0,0.0,0.0,0.0,0.0,0.0,0.0,0.0,0.0,0.0,0.0,0.0,0.0,0.0,0.0,0.0,0.0,0.0,0.0,0.0,0.0,0.0,0.0,0.0,0.0,0.0,0.0,0.0,0.0,0.0,0.0,0.0,0.0,0.0,0.0,0.0,0.0,0.0,0.0,0.0,0.0,0.0,0.0,0.0,0.0,0.0,0.0,0.0
0.0,0.0,0.0,0.0,0.0,0.0,0.0,0.0,0.0,0.0,0.0,0.0,0.0,0.0,0.0,0.0,0.0,0.0,0.0,0.0,0.0,0.0,0.0,0.0,0.0,0.0,0.0,0.0,0.0,0.0,0.0,0.0,0.0,0.0,0.0,0.0,0.0,0.0,0.0,0.0,0.0,0.0,0.0,0.0,0.0,0.0,0.0,0.0,0.0,0.0,0.0,0.0,0.0,0.0,0.0,0.0,0.0,0.0,0.0,0.0,0.0,0.0,0.0,0.0,0.0,0.0,0.0,0.0,0.0,0.0,0.0,0.0,0.0,0.0,0.0,0.0,0.0,0.0,0.0,0.0,0.0,0.0,0.0,0.0,0.0,0.0,0.0,0.0,0.0,0.0,0.0,0.0,0.0,0.0,0.0,0.0,0.0,0.0,0.0,0.0,0.0,0.0,0.0,0.0,0.0,0.0,0.0,0.0,0.0,0.0,0.0,0.0,0.0,0.0,0.0,0.0,0.0,0.0,0.0,0.0,0.0,0.0,0.0,0.0,0.0,0.0,0.0,0.0,0.0,0.0,0.0,0.0,0.0,0.0,0.0,0.0,0.0,0.0,0.0,0.0,0.0,0.0,0.0,0.0,0.0,0.0,0.0,0.0,0.0,0.0,0.0,0.0,0.0,0.0,0.0,0.0,0.0,0.0,0.0,0.0,0.0,0.0,0.0,0.0,0.0,0.0,0.0,0.0,0.0,0.0,0.0,0.0,0.0,0.0,0.0,0.0,0.0,0.0,0.0,0.0,0.0,0.0,0.0,0.0,0.0,0.0,0.0,0.0,0.0,0.0,0.0,0.0,0.0,0.0,0.0,0.0,0.0,0.0,0.0,0.0,0.0,0.0,0.0,0.0,0.0,0.0,0.0,0.0,0.0,0.0,0.0,0.0,0.0,0.0,0.0,0.0,0.0,0.0,0.0,0.0,0.0,0.0,0.0,0.0,0.0,0.0,0.0,0.0,0.0,0.0,0.0,0.0,0.0,0.0,0.0,0.0,0.0,0.0,0.0,0.0,0.0,0.0,0.0,0.0,0.0,0.0,0.0,0.0,0.0,0.0,0.0,0.0,0.0,0.0,0.0,0.0,0.0
0.0,0.0,0.0,0.0,0.0,0.0,0.0,0.0,0.0,0.0,0.0,0.0,0.0,0.0,0.0,0.0,0.0,0.0,0.0,0.0,0.0,0.0,0.0,0.0,0.0,0.0,0.0,0.0,0.0,0.0,0.0,0.0,0.0,0.0,0.0,0.0,0.0,0.0,0.0,0.0,0.0,0.0,0.0,0.0,0.0,0.0,0.0,0.0,0.0,0.0,0.0,0.0,0.0,0.0,0.0,0.0,0.0,0.0,0.0,0.0,0.0,0.0,0.0,0.0,0.0,0.0,0.0,0.0,0.0,0.0,0.0,0.0,0.0,0.0,0.0,0.0,0.0,0.0,0.0,0.0,0.0,0.0,0.0,0.0,0.0,0.0,0.0,0.0,0.0,0.0,0.0,0.0,0.0,0.0,0.0,0.0,0.0,0.0,0.0,0.0,0.0,0.0,0.0,0.0,0.0,0.0,0.0,0.0,0.0,0.0,0.0,0.0,0.0,0.0,0.0,0.0,0.0,0.0,0.0,0.0,0.0,0.0,0.0,0.0,0.0,0.0,0.0,0.0,0.0,0.0,0.0,0.0,0.0,0.0,0.0,0.0,0.0,0.0,0.0,0.0,0.0,0.0,0.0,0.0,0.0,0.0,0.0,0.0,0.0,0.0,0.0,0.0,0.0,0.0,0.0,0.0,0.0,0.0,0.0,0.0,0.0,0.0,0.0,0.0,0.0,0.0,0.0,0.0,0.0,0.0,0.0,0.0,0.0,0.0,0.0,0.0,0.0,0.0,0.0,0.0,0.0,0.0,0.0,0.0,0.0,0.0,0.0,0.0,0.0,0.0,0.0,0.0,0.0,0.0,0.0,0.0,0.0,0.0,0.0,0.0,0.0,0.0,0.0,0.0,0.0,0.0,0.0,0.0,0.0,0.0,0.0,0.0,0.0,0.0,0.0,0.0,0.0,0.0,0.0,0.0,0.0,0.0,0.0,0.0,0.0,0.0,0.0,0.0,0.0,0.0,0.0,0.0,0.0,0.0,0.0,0.0,0.0,0.0,0.0,0.0,0.0,0.0,0.0,0.0,0.0,0.0,0.0,0.0,0.0,0.0,0.0,0.0,0.0,0.0,0.0,0.0,0.0
0.0,0.0,0.0,0.0,0.0,0.0,0.0,0.0,0.0,0.0,0.0,0.0,0.0,0.0,0.0,0.0,0.0,0.0,0.0,0.0,0.0,0.0,0.0,0.0,0.0,0.0,0.0,0.0,0.0,0.0,0.0,0.0,0.0,0.0,0.0,0.0,0.0,0.0,0.0,0.0,0.0,0.0,0.0,0.0,0.0,0.0,0.0,0.0,0.0,0.0,0.0,0.0,0.0,0.0,0.0,0.0,0.0,0.0,0.0,0.0,0.0,0.0,0.0,0.0,0.0,0.0,0.0,0.0,0.0,0.0,0.0,0.0,0.0,0.0,0.0,0.0,0.0,0.0,0.0,0.0,0.0,0.0,0.0,0.0,0.0,0.0,0.0,0.0,0.0,0.0,0.0,0.0,0.0,0.0,0.0,0.0,0.0,0.0,0.0,0.0,0.0,0.0,0.0,0.0,0.0,0.0,0.0,0.0,0.0,0.0,0.0,0.0,0.0,0.0,0.0,0.0,0.0,0.0,0.0,0.0,0.0,0.0,0.0,0.0,0.0,0.0,0.0,0.0,0.0,0.0,0.0,0.0,0.0,0.0,0.0,0.0,0.0,0.0,0.0,0.0,0.0,0.0,0.0,0.0,0.0,0.0,0.0,0.0,0.0,0.0,0.0,0.0,0.0,0.0,0.0,0.0,0.0,0.0,0.0,0.0,0.0,0.0,0.0,0.0,0.0,0.0,0.0,0.0,0.0,0.0,0.0,0.0,0.0,0.0,0.0,0.0,0.0,0.0,0.0,0.0,0.0,0.0,0.0,0.0,0.0,0.0,0.0,0.0,0.0,0.0,0.0,0.0,0.0,0.0,0.0,0.0,0.0,0.0,0.0,0.0,0.0,0.0,0.0,0.0,0.0,0.0,0.0,0.0,0.0,0.0,0.0,0.0,0.0,0.0,0.0,0.0,0.0,0.0,0.0,0.0,0.0,0.0,0.0,0.0,0.0,0.0,0.0,0.0,0.0,0.0,0.0,0.0,0.0,0.0,0.0,0.0,0.0,0.0,0.0,0.0,0.0,0.0,0.0,0.0,0.0,0.0,0.0,0.0,0.0,0.0,0.0,0.0,0.0,0.0,0.0,0.0,0.0
0.0,0.0,0.0,0.0,0.0,0.0,0.0,0.0,0.0,0.0,0.0,0.0,0.0,0.0,0.0,0.0,0.0,0.0,0.0,0.0,0.0,0.0,0.0,0.0,0.0,0.0,0.0,0.0,0.0,0.0,0.0,0.0,0.0,0.0,0.0,0.0,0.0,0.0,0.0,0.0,0.0,0.0,0.0,0.0,0.0,0.0,0.0,0.0,0.0,0.0,0.0,0.0,0.0,0.0,0.0,0.0,0.0,0.0,0.0,0.0,0.0,0.0,0.0,0.0,0.0,0.0,0.0,0.0,0.0,0.0,0.0,0.0,0.0,0.0,0.0,0.0,0.0,0.0,0.0,0.0,0.0,0.0,0.0,0.0,0.0,0.0,0.0,0.0,0.0,0.0,0.0,0.0,0.0,0.0,0.0,0.0,0.0,0.0,0.0,0.0,0.0,0.0,0.0,0.0,0.0,0.0,0.0,0.0,0.0,0.0,0.0,0.0,0.0,0.0,0.0,0.0,0.0,0.0,0.0,0.0,0.0,0.0,0.0,0.0,0.0,0.0,0.0,0.0,0.0,0.0,0.0,0.0,0.0,0.0,0.0,0.0,0.0,0.0,0.0,0.0,0.0,0.0,0.0,0.0,0.0,0.0,0.0,0.0,0.0,0.0,0.0,0.0,0.0,0.0,0.0,0.0,0.0,0.0,0.0,0.0,0.0,0.0,0.0,0.0,0.0,0.0,0.0,0.0,0.0,0.0,0.0,0.0,0.0,0.0,0.0,0.0,0.0,0.0,0.0,0.0,0.0,0.0,0.0,0.0,0.0,0.0,0.0,0.0,0.0,0.0,0.0,0.0,0.0,0.0,0.0,0.0,0.0,0.0,0.0,0.0,0.0,0.0,0.0,0.0,0.0,0.0,0.0,0.0,0.0,0.0,0.0,0.0,0.0,0.0,0.0,0.0,0.0,0.0,0.0,0.0,0.0,0.0,0.0,0.0,0.0,0.0,0.0,0.0,0.0,0.0,0.0,0.0,0.0,0.0,0.0,0.0,0.0,0.0,0.0,0.0,0.0,0.0,0.0,0.0,0.0,0.0,0.0,0.0,0.0,0.0,0.0,0.0,0.0,0.0,0.0,0.0,0.0
0.0,0.0,0.0,0.0,0.0,0.0,0.0,0.0,0.0,0.0,0.0,0.0,0.0,0.0,0.0,0.0,0.0,0.0,0.0,0.0,0.0,0.0,0.0,0.0,0.0,0.0,0.0,0.0,0.0,0.0,0.0,0.0,0.0,0.0,0.0,0.0,0.0,0.0,0.0,0.0,0.0,0.0,0.0,0.0,0.0,0.0,0.0,0.0,0.0,0.0,0.0,0.0,0.0,0.0,0.0,0.0,0.0,0.0,0.0,0.0,0.0,0.0,0.0,0.0,0.0,0.0,0.0,0.0,0.0,0.0,0.0,0.0,0.0,0.0,0.0,0.0,0.0,0.0,0.0,0.0,0.0,0.0,0.0,0.0,0.0,0.0,0.0,0.0,0.0,0.0,0.0,0.0,0.0,0.0,0.0,0.0,0.0,0.0,0.0,0.0,0.0,0.0,0.0,0.0,0.0,0.0,0.0,0.0,0.0,0.0,0.0,0.0,0.0,0.0,0.0,0.0,0.0,0.0,0.0,0.0,0.0,0.0,0.0,0.0,0.0,0.0,0.0,0.0,0.0,0.0,0.0,0.0,0.0,0.0,0.0,0.0,0.0,0.0,0.0,0.0,0.0,0.0,0.0,0.0,0.0,0.0,0.0,0.0,0.0,0.0,0.0,0.0,0.0,0.0,0.0,0.0,0.0,0.0,0.0,0.0,0.0,0.0,0.0,0.0,0.0,0.0,0.0,0.0,0.0,0.0,0.0,0.0,0.0,0.0,0.0,0.0,0.0,0.0,0.0,0.0,0.0,0.0,0.0,0.0,0.0,0.0,0.0,0.0,0.0,0.0,0.0,0.0,0.0,0.0,0.0,0.0,0.0,0.0,0.0,0.0,0.0,0.0,0.0,0.0,0.0,0.0,0.0,0.0,0.0,0.0,0.0,0.0,0.0,0.0,0.0,0.0,0.0,0.0,0.0,0.0,0.0,0.0,0.0,0.0,0.0,0.0,0.0,0.0,0.0,0.0,0.0,0.0,0.0,0.0,0.0,0.0,0.0,0.0,0.0,0.0,0.0,0.0,0.0,0.0,0.0,0.0,0.0,0.0,0.0,0.0,0.0,0.0,0.0,0.0,0.0,0.0,0.0
0.0,0.0,0.0,0.0,0.0,0.0,0.0,0.0,0.0,0.0,0.0,0.0,0.0,0.0,0.0,0.0,0.0,0.0,0.0,0.0,0.0,0.0,0.0,0.0,0.0,0.0,0.0,0.0,0.0,0.0,0.0,0.0,0.0,0.0,0.0,0.0,0.0,0.0,0.0,0.0,0.0,0.0,0.0,0.0,0.0,0.0,0.0,0.0,0.0,0.0,0.0,0.0,0.0,0.0,0.0,0.0,0.0,0.0,0.0,0.0,0.0,0.0,0.0,0.0,0.0,0.0,0.0,0.0,0.0,0.0,0.0,0.0,0.0,0.0,0.0,0.0,0.0,0.0,0.0,0.0,0.0,0.0,0.0,0.0,0.0,0.0,0.0,0.0,0.0,0.0,0.0,0.0,0.0,0.0,0.0,0.0,0.0,0.0,0.0,0.0,0.0,0.0,0.0,0.0,0.0,0.0,0.0,0.0,0.0,0.0,0.0,0.0,0.0,0.0,0.0,0.0,0.0,0.0,0.0,0.0,0.0,0.0,0.0,0.0,0.0,0.0,0.0,0.0,0.0,0.0,0.0,0.0,0.0,0.0,0.0,0.0,0.0,0.0,0.0,0.0,0.0,0.0,0.0,0.0,0.0,0.0,0.0,0.0,0.0,0.0,0.0,0.0,0.0,0.0,0.0,0.0,0.0,0.0,0.0,0.0,0.0,0.0,0.0,0.0,0.0,0.0,0.0,0.0,0.0,0.0,0.0,0.0,0.0,0.0,0.0,0.0,0.0,0.0,0.0,0.0,0.0,0.0,0.0,0.0,0.0,0.0,0.0,0.0,0.0,0.0,0.0,0.0,0.0,0.0,0.0,0.0,0.0,0.0,0.0,0.0,0.0,0.0,0.0,0.0,0.0,0.0,0.0,0.0,0.0,0.0,0.0,0.0,0.0,0.0,0.0,0.0,0.0,0.0,0.0,0.0,0.0,0.0,0.0,0.0,0.0,0.0,0.0,0.0,0.0,0.0,0.0,0.0,0.0,0.0,0.0,0.0,0.0,0.0,0.0,0.0,0.0,0.0,0.0,0.0,0.0,0.0,0.0,0.0,0.0,0.0,0.0,0.0,0.0,0.0,0.0,0.0,0.0
0.0,0.0,0.0,0.0,0.0,0.0,0.0,0.0,0.0,0.0,0.0,0.0,0.0,0.0,0.0,0.0,0.0,0.0,0.0,0.0,0.0,0.0,0.0,0.0,0.0,0.0,0.0,0.0,0.0,0.0,0.0,0.0,0.0,0.0,0.0,0.0,0.0,0.0,0.0,0.0,0.0,0.0,0.0,0.0,0.0,0.0,0.0,0.0,0.0,0.0,0.0,0.0,0.0,0.0,0.0,0.0,0.0,0.0,0.0,0.0,0.0,0.0,0.0,0.0,0.0,0.0,0.0,0.0,0.0,0.0,0.0,0.0,0.0,0.0,0.0,0.0,0.0,0.0,0.0,0.0,0.0,0.0,0.0,0.0,0.0,0.0,0.0,0.0,0.0,0.0,0.0,0.0,0.0,0.0,0.0,0.0,0.0,0.0,0.0,0.0,0.0,0.0,0.0,0.0,0.0,0.0,0.0,0.0,0.0,0.0,0.0,0.0,0.0,0.0,0.0,0.0,0.0,0.0,0.0,0.0,0.0,0.0,0.0,0.0,0.0,0.0,0.0,0.0,0.0,0.0,0.0,0.0,0.0,0.0,0.0,0.0,0.0,0.0,0.0,0.0,0.0,0.0,0.0,0.0,0.0,0.0,0.0,0.0,0.0,0.0,0.0,0.0,0.0,0.0,0.0,0.0,0.0,0.0,0.0,0.0,0.0,0.0,0.0,0.0,0.0,0.0,0.0,0.0,0.0,0.0,0.0,0.0,0.0,0.0,0.0,0.0,0.0,0.0,0.0,0.0,0.0,0.0,0.0,0.0,0.0,0.0,0.0,0.0,0.0,0.0,0.0,0.0,0.0,0.0,0.0,0.0,0.0,0.0,0.0,0.0,0.0,0.0,0.0,0.0,0.0,0.0,0.0,0.0,0.0,0.0,0.0,0.0,0.0,0.0,0.0,0.0,0.0,0.0,0.0,0.0,0.0,0.0,0.0,0.0,0.0,0.0,0.0,0.0,0.0,0.0,0.0,0.0,0.0,0.0,0.0,0.0,0.0,0.0,0.0,0.0,0.0,0.0,0.0,0.0,0.0,0.0,0.0,0.0,0.0,0.0,0.0,0.0,0.0,0.0,0.0,0.0,0.0
0.0,0.0,0.0,0.0,0.0,0.0,0.0,0.0,0.0,0.0,0.0,0.0,0.0,0.0,0.0,0.0,0.0,0.0,0.0,0.0,0.0,0.0,0.0,0.0,0.0,0.0,0.0,0.0,0.0,0.0,0.0,0.0,0.0,0.0,0.0,0.0,0.0,0.0,0.0,0.0,0.0,0.0,0.0,0.0,0.0,0.0,0.0,0.0,0.0,0.0,0.0,0.0,0.0,0.0,0.0,0.0,0.0,0.0,0.0,0.0,0.0,0.0,0.0,0.0,0.0,0.0,0.0,0.0,0.0,0.0,0.0,0.0,0.0,0.0,0.0,0.0,0.0,0.0,0.0,0.0,0.0,0.0,0.0,0.0,0.0,0.0,0.0,0.0,0.0,0.0,0.0,0.0,0.0,0.0,0.0,0.0,0.0,0.0,0.0,0.0,0.0,0.0,0.0,0.0,0.0,0.0,0.0,0.0,0.0,0.0,0.0,0.0,0.0,0.0,0.0,0.0,0.0,0.0,0.0,0.0,0.0,0.0,0.0,0.0,0.0,0.0,0.0,0.0,0.0,0.0,0.0,0.0,0.0,0.0,0.0,0.0,0.0,0.0,0.0,0.0,0.0,0.0,0.0,0.0,0.0,0.0,0.0,0.0,0.0,0.0,0.0,0.0,0.0,0.0,0.0,0.0,0.0,0.0,0.0,0.0,0.0,0.0,0.0,0.0,0.0,0.0,0.0,0.0,0.0,0.0,0.0,0.0,0.0,0.0,0.0,0.0,0.0,0.0,0.0,0.0,0.0,0.0,0.0,0.0,0.0,0.0,0.0,0.0,0.0,0.0,0.0,0.0,0.0,0.0,0.0,0.0,0.0,0.0,0.0,0.0,0.0,0.0,0.0,0.0,0.0,0.0,0.0,0.0,0.0,0.0,0.0,0.0,0.0,0.0,0.0,0.0,0.0,0.0,0.0,0.0,0.0,0.0,0.0,0.0,0.0,0.0,0.0,0.0,0.0,0.0,0.0,0.0,0.0,0.0,0.0,0.0,0.0,0.0,0.0,0.0,0.0,0.0,0.0,0.0,0.0,0.0,0.0,0.0,0.0,0.0,0.0,0.0,0.0,0.0,0.0,0.0,0.0
0.0,0.0,0.0,0.0,0.0,0.0,0.0,0.0,0.0,0.0,0.0,0.0,0.0,0.0,0.0,0.0,0.0,0.0,0.0,0.0,0.0,0.0,0.0,0.0,0.0,0.0,0.0,0.0,0.0,0.0,0.0,0.0,0.0,0.0,0.0,0.0,0.0,0.0,0.0,0.0,0.0,0.0,0.0,0.0,0.0,0.0,0.0,0.0,0.0,0.0,0.0,0.0,0.0,0.0,0.0,0.0,0.0,0.0,0.0,0.0,0.0,0.0,0.0,0.0,0.0,0.0,0.0,0.0,0.0,0.0,0.0,0.0,0.0,0.0,0.0,0.0,0.0,0.0,0.0,0.0,0.0,0.0,0.0,0.0,0.0,0.0,0.0,0.0,0.0,0.0,0.0,0.0,0.0,0.0,0.0,0.0,0.0,0.0,0.0,0.0,0.0,0.0,0.0,0.0,0.0,0.0,0.0,0.0,0.0,0.0,0.0,0.0,0.0,0.0,0.0,0.0,0.0,0.0,0.0,0.0,0.0,0.0,0.0,0.0,0.0,0.0,0.0,0.0,0.0,0.0,0.0,0.0,0.0,0.0,0.0,0.0,0.0,0.0,0.0,0.0,0.0,0.0,0.0,0.0,0.0,0.0,0.0,0.0,0.0,0.0,0.0,0.0,0.0,0.0,0.0,0.0,0.0,0.0,0.0,0.0,0.0,0.0,0.0,0.0,0.0,0.0,0.0,0.0,0.0,0.0,0.0,0.0,0.0,0.0,0.0,0.0,0.0,0.0,0.0,0.0,0.0,0.0,0.0,0.0,0.0,0.0,0.0,0.0,0.0,0.0,0.0,0.0,0.0,0.0,0.0,0.0,0.0,0.0,0.0,0.0,0.0,0.0,0.0,0.0,0.0,0.0,0.0,0.0,0.0,0.0,0.0,0.0,0.0,0.0,0.0,0.0,0.0,0.0,0.0,0.0,0.0,0.0,0.0,0.0,0.0,0.0,0.0,0.0,0.0,0.0,0.0,0.0,0.0,0.0,0.0,0.0,0.0,0.0,0.0,0.0,0.0,0.0,0.0,0.0,0.0,0.0,0.0,0.0,0.0,0.0,0.0,0.0,0.0,0.0,0.0,0.0,0.0
0.0,0.0,0.0,0.0,0.0,0.0,0.0,0.0,0.0,0.0,0.0,0.0,0.0,0.0,0.0,0.0,0.0,0.0,0.0,0.0,0.0,0.0,0.0,0.0,0.0,0.0,0.0,0.0,0.0,0.0,0.0,0.0,0.0,0.0,0.0,0.0,0.0,0.0,0.0,0.0,0.0,0.0,0.0,0.0,0.0,0.0,0.0,0.0,0.0,0.0,0.0,0.0,0.0,0.0,0.0,0.0,0.0,0.0,0.0,0.0,0.0,0.0,0.0,0.0,0.0,0.0,0.0,0.0,0.0,0.0,0.0,0.0,0.0,0.0,0.0,0.0,0.0,0.0,0.0,0.0,0.0,0.0,0.0,0.0,0.0,0.0,0.0,0.0,0.0,0.0,0.0,0.0,0.0,0.0,0.0,0.0,0.0,0.0,0.0,0.0,0.0,0.0,0.0,0.0,0.0,0.0,0.0,0.0,0.0,0.0,0.0,0.0,0.0,0.0,0.0,0.0,0.0,0.0,0.0,0.0,0.0,0.0,0.0,0.0,0.0,0.0,0.0,0.0,0.0,0.0,0.0,0.0,0.0,0.0,0.0,0.0,0.0,0.0,0.0,0.0,0.0,0.0,0.0,0.0,0.0,0.0,0.0,0.0,0.0,0.0,0.0,0.0,0.0,0.0,0.0,0.0,0.0,0.0,0.0,0.0,0.0,0.0,0.0,0.0,0.0,0.0,0.0,0.0,0.0,0.0,0.0,0.0,0.0,0.0,0.0,0.0,0.0,0.0,0.0,0.0,0.0,0.0,0.0,0.0,0.0,0.0,0.0,0.0,0.0,0.0,0.0,0.0,0.0,0.0,0.0,0.0,0.0,0.0,0.0,0.0,0.0,0.0,0.0,0.0,0.0,0.0,0.0,0.0,0.0,0.0,0.0,0.0,0.0,0.0,0.0,0.0,0.0,0.0,0.0,0.0,0.0,0.0,0.0,0.0,0.0,0.0,0.0,0.0,0.0,0.0,0.0,0.0,0.0,0.0,0.0,0.0,0.0,0.0,0.0,0.0,0.0,0.0,0.0,0.0,0.0,0.0,0.0,0.0,0.0,0.0,0.0,0.0,0.0,0.0,0.0,0.0,0.0
0.0,0.0,0.0,0.0,0.0,0.0,0.0,0.0,0.0,0.0,0.0,0.0,0.0,0.0,0.0,0.0,0.0,0.0,0.0,0.0,0.0,0.0,0.0,0.0,0.0,0.0,0.0,0.0,0.0,0.0,0.0,0.0,0.0,0.0,0.0,0.0,0.0,0.0,0.0,0.0,0.0,0.0,0.0,0.0,0.0,0.0,0.0,0.0,0.0,0.0,0.0,0.0,0.0,0.0,0.0,0.0,0.0,0.0,0.0,0.0,0.0,0.0,0.0,0.0,0.0,0.0,0.0,0.0,0.0,0.0,0.0,0.0,0.0,0.0,0.0,0.0,0.0,0.0,0.0,0.0,0.0,0.0,0.0,0.0,0.0,0.0,0.0,0.0,0.0,0.0,0.0,0.0,0.0,0.0,0.0,0.0,0.0,0.0,0.0,0.0,0.0,0.0,0.0,0.0,0.0,0.0,0.0,0.0,0.0,0.0,0.0,0.0,0.0,0.0,0.0,0.0,0.0,0.0,0.0,0.0,0.0,0.0,0.0,0.0,0.0,0.0,0.0,0.0,0.0,0.0,0.0,0.0,0.0,0.0,0.0,0.0,0.0,0.0,0.0,0.0,0.0,0.0,0.0,0.0,0.0,0.0,0.0,0.0,0.0,0.0,0.0,0.0,0.0,0.0,0.0,0.0,0.0,0.0,0.0,0.0,0.0,0.0,0.0,0.0,0.0,0.0,0.0,0.0,0.0,0.0,0.0,0.0,0.0,0.0,0.0,0.0,0.0,0.0,0.0,0.0,0.0,0.0,0.0,0.0,0.0,0.0,0.0,0.0,0.0,0.0,0.0,0.0,0.0,0.0,0.0,0.0,0.0,0.0,0.0,0.0,0.0,0.0,0.0,0.0,0.0,0.0,0.0,0.0,0.0,0.0,0.0,0.0,0.0,0.0,0.0,0.0,0.0,0.0,0.0,0.0,0.0,0.0,0.0,0.0,0.0,0.0,0.0,0.0,0.0,0.0,0.0,0.0,0.0,0.0,0.0,0.0,0.0,0.0,0.0,0.0,0.0,0.0,0.0,0.0,0.0,0.0,0.0,0.0,0.0,0.0,0.0,0.0,0.0,0.0,0.0,0.0,0.0
0.0,0.0,0.0,0.0,0.0,0.0,0.0,0.0,0.0,0.0,0.0,0.0,0.0,0.0,0.0,0.0,0.0,0.0,0.0,0.0,0.0,0.0,0.0,0.0,0.0,0.0,0.0,0.0,0.0,0.0,0.0,0.0,0.0,0.0,0.0,0.0,0.0,0.0,0.0,0.0,0.0,0.0,0.0,0.0,0.0,0.0,0.0,0.0,0.0,0.0,0.0,0.0,0.0,0.0,0.0,0.0,0.0,0.0,0.0,0.0,0.0,0.0,0.0,0.0,0.0,0.0,0.0,0.0,0.0,0.0,0.0,0.0,0.0,0.0,0.0,0.0,0.0,0.0,0.0,0.0,0.0,0.0,0.0,0.0,0.0,0.0,0.0,0.0,0.0,0.0,0.0,0.0,0.0,0.0,0.0,0.0,0.0,0.0,0.0,0.0,0.0,0.0,0.0,0.0,0.0,0.0,0.0,0.0,0.0,0.0,0.0,0.0,0.0,0.0,0.0,0.0,0.0,0.0,0.0,0.0,0.0,0.0,0.0,0.0,0.0,0.0,0.0,0.0,0.0,0.0,0.0,0.0,0.0,0.0,0.0,0.0,0.0,0.0,0.0,0.0,0.0,0.0,0.0,0.0,0.0,0.0,0.0,0.0,0.0,0.0,0.0,0.0,0.0,0.0,0.0,0.0,0.0,0.0,0.0,0.0,0.0,0.0,0.0,0.0,0.0,0.0,0.0,0.0,0.0,0.0,0.0,0.0,0.0,0.0,0.0,0.0,0.0,0.0,0.0,0.0,0.0,0.0,0.0,0.0,0.0,0.0,0.0,0.0,0.0,0.0,0.0,0.0,0.0,0.0,0.0,0.0,0.0,0.0,0.0,0.0,0.0,0.0,0.0,0.0,0.0,0.0,0.0,0.0,0.0,0.0,0.0,0.0,0.0,0.0,0.0,0.0,0.0,0.0,0.0,0.0,0.0,0.0,0.0,0.0,0.0,0.0,0.0,0.0,0.0,0.0,0.0,0.0,0.0,0.0,0.0,0.0,0.0,0.0,0.0,0.0,0.0,0.0,0.0,0.0,0.0,0.0,0.0,0.0,0.0,0.0,0.0,0.0,0.0,0.0,0.0,0.0,0.0
0.0,0.0,0.0,0.0,0.0,0.0,0.0,0.0,0.0,0.0,0.0,0.0,0.0,0.0,0.0,0.0,0.0,0.0,0.0,0.0,0.0,0.0,0.0,0.0,0.0,0.0,0.0,0.0,0.0,0.0,0.0,0.0,0.0,0.0,0.0,0.0,0.0,0.0,0.0,0.0,0.0,0.0,0.0,0.0,0.0,0.0,0.0,0.0,0.0,0.0,0.0,0.0,0.0,0.0,0.0,0.0,0.0,0.0,0.0,0.0,0.0,0.0,0.0,0.0,0.0,0.0,0.0,0.0,0.0,0.0,0.0,0.0,0.0,0.0,0.0,0.0,0.0,0.0,0.0,0.0,0.0,0.0,0.0,0.0,0.0,0.0,0.0,0.0,0.0,0.0,0.0,0.0,0.0,0.0,0.0,0.0,0.0,0.0,0.0,0.0,0.0,0.0,0.0,0.0,0.0,0.0,0.0,0.0,0.0,0.0,0.0,0.0,0.0,0.0,0.0,0.0,0.0,0.0,0.0,0.0,0.0,0.0,0.0,0.0,0.0,0.0,0.0,0.0,0.0,0.0,0.0,0.0,0.0,0.0,0.0,0.0,0.0,0.0,0.0,0.0,0.0,0.0,0.0,0.0,0.0,0.0,0.0,0.0,0.0,0.0,0.0,0.0,0.0,0.0,0.0,0.0,0.0,0.0,0.0,0.0,0.0,0.0,0.0,0.0,0.0,0.0,0.0,0.0,0.0,0.0,0.0,0.0,0.0,0.0,0.0,0.0,0.0,0.0,0.0,0.0,0.0,0.0,0.0,0.0,0.0,0.0,0.0,0.0,0.0,0.0,0.0,0.0,0.0,0.0,0.0,0.0,0.0,0.0,0.0,0.0,0.0,0.0,0.0,0.0,0.0,0.0,0.0,0.0,0.0,0.0,0.0,0.0,0.0,0.0,0.0,0.0,0.0,0.0,0.0,0.0,0.0,0.0,0.0,0.0,0.0,0.0,0.0,0.0,0.0,0.0,0.0,0.0,0.0,0.0,0.0,0.0,0.0,0.0,0.0,0.0,0.0,0.0,0.0,0.0,0.0,0.0,0.0,0.0,0.0,0.0,0.0,0.0,0.0,0.0,0.0,0.0,0.0
0.0,0.0,0.0,0.0,0.0,0.0,0.0,0.0,0.0,0.0,0.0,0.0,0.0,0.0,0.0,0.0,0.0,0.0,0.0,0.0,0.0,0.0,0.0,0.0,0.0,0.0,0.0,0.0,0.0,0.0,0.0,0.0,0.0,0.0,0.0,0.0,0.0,0.0,0.0,0.0,0.0,0.0,0.0,0.0,0.0,0.0,0.0,0.0,0.0,0.0,0.0,0.0,0.0,0.0,0.0,0.0,0.0,0.0,0.0,0.0,0.0,0.0,0.0,0.0,0.0,0.0,0.0,0.0,0.0,0.0,0.0,0.0,0.0,0.0,0.0,0.0,0.0,0.0,0.0,0.0,0.0,0.0,0.0,0.0,0.0,0.0,0.0,0.0,0.0,0.0,0.0,0.0,0.0,0.0,0.0,0.0,0.0,0.0,0.0,0.0,0.0,0.0,0.0,0.0,0.0,0.0,0.0,0.0,0.0,0.0,0.0,0.0,0.0,0.0,0.0,0.0,0.0,0.0,0.0,0.0,0.0,0.0,0.0,0.0,0.0,0.0,0.0,0.0,0.0,0.0,0.0,0.0,0.0,0.0,0.0,0.0,0.0,0.0,0.0,0.0,0.0,0.0,0.0,0.0,0.0,0.0,0.0,0.0,0.0,0.0,0.0,0.0,0.0,0.0,0.0,0.0,0.0,0.0,0.0,0.0,0.0,0.0,0.0,0.0,0.0,0.0,0.0,0.0,0.0,0.0,0.0,0.0,0.0,0.0,0.0,0.0,0.0,0.0,0.0,0.0,0.0,0.0,0.0,0.0,0.0,0.0,0.0,0.0,0.0,0.0,0.0,0.0,0.0,0.0,0.0,0.0,0.0,0.0,0.0,0.0,0.0,0.0,0.0,0.0,0.0,0.0,0.0,0.0,0.0,0.0,0.0,0.0,0.0,0.0,0.0,0.0,0.0,0.0,0.0,0.0,0.0,0.0,0.0,0.0,0.0,0.0,0.0,0.0,0.0,0.0,0.0,0.0,0.0,0.0,0.0,0.0,0.0,0.0,0.0,0.0,0.0,0.0,0.0,0.0,0.0,0.0,0.0,0.0,0.0,0.0,0.0,0.0,0.0,0.0,0.0,0.0,0.0
0.0,0.0,0.0,0.0,0.0,0.0,0.0,0.0,0.0,0.0,0.0,0.0,0.0,0.0,0.0,0.0,0.0,0.0,0.0,0.0,0.0,0.0,0.0,0.0,0.0,0.0,0.0,0.0,0.0,0.0,0.0,0.0,0.0,0.0,0.0,0.0,0.0,0.0,0.0,0.0,0.0,0.0,0.0,0.0,0.0,0.0,0.0,0.0,0.0,0.0,0.0,0.0,0.0,0.0,0.0,0.0,0.0,0.0,0.0,0.0,0.0,0.0,0.0,0.0,0.0,0.0,0.0,0.0,0.0,0.0,0.0,0.0,0.0,0.0,0.0,0.0,0.0,0.0,0.0,0.0,0.0,0.0,0.0,0.0,0.0,0.0,0.0,0.0,0.0,0.0,0.0,0.0,0.0,0.0,0.0,0.0,0.0,0.0,0.0,0.0,0.0,0.0,0.0,0.0,0.0,0.0,0.0,0.0,0.0,0.0,0.0,0.0,0.0,0.0,0.0,0.0,0.0,0.0,0.0,0.0,0.0,0.0,0.0,0.0,0.0,0.0,0.0,0.0,0.0,0.0,0.0,0.0,0.0,0.0,0.0,0.0,0.0,0.0,0.0,0.0,0.0,0.0,0.0,0.0,0.0,0.0,0.0,0.0,0.0,0.0,0.0,0.0,0.0,0.0,0.0,0.0,0.0,0.0,0.0,0.0,0.0,0.0,0.0,0.0,0.0,0.0,0.0,0.0,0.0,0.0,0.0,0.0,0.0,0.0,0.0,0.0,0.0,0.0,0.0,0.0,0.0,0.0,0.0,0.0,0.0,0.0,0.0,0.0,0.0,0.0,0.0,0.0,0.0,0.0,0.0,0.0,0.0,0.0,0.0,0.0,0.0,0.0,0.0,0.0,0.0,0.0,0.0,0.0,0.0,0.0,0.0,0.0,0.0,0.0,0.0,0.0,0.0,0.0,0.0,0.0,0.0,0.0,0.0,0.0,0.0,0.0,0.0,0.0,0.0,0.0,0.0,0.0,0.0,0.0,0.0,0.0,0.0,0.0,0.0,0.0,0.0,0.0,0.0,0.0,0.0,0.0,0.0,0.0,0.0,0.0,0.0,0.0,0.0,0.0,0.0,0.0,0.0
0.0,0.0,0.0,0.0,0.0,0.0,0.0,0.0,0.0,0.0,0.0,0.0,0.0,0.0,0.0,0.0,0.0,0.0,0.0,0.0,0.0,0.0,0.0,0.0,0.0,0.0,0.0,0.0,0.0,0.0,0.0,0.0,0.0,0.0,0.0,0.0,0.0,0.0,0.0,0.0,0.0,0.0,0.0,0.0,0.0,0.0,0.0,0.0,0.0,0.0,0.0,0.0,0.0,0.0,0.0,0.0,0.0,0.0,0.0,0.0,0.0,0.0,0.0,0.0,0.0,0.0,0.0,0.0,0.0,0.0,0.0,0.0,0.0,0.0,0.0,0.0,0.0,0.0,0.0,0.0,0.0,0.0,0.0,0.0,0.0,0.0,0.0,0.0,0.0,0.0,0.0,0.0,0.0,0.0,0.0,0.0,0.0,0.0,0.0,0.0,0.0,0.0,0.0,0.0,0.0,0.0,0.0,0.0,0.0,0.0,0.0,0.0,0.0,0.0,0.0,0.0,0.0,0.0,0.0,0.0,0.0,0.0,0.0,0.0,0.0,0.0,0.0,0.0,0.0,0.0,0.0,0.0,0.0,0.0,0.0,0.0,0.0,0.0,0.0,0.0,0.0,0.0,0.0,0.0,0.0,0.0,0.0,0.0,0.0,0.0,0.0,0.0,0.0,0.0,0.0,0.0,0.0,0.0,0.0,0.0,0.0,0.0,0.0,0.0,0.0,0.0,0.0,0.0,0.0,0.0,0.0,0.0,0.0,0.0,0.0,0.0,0.0,0.0,0.0,0.0,0.0,0.0,0.0,0.0,0.0,0.0,0.0,0.0,0.0,0.0,0.0,0.0,0.0,0.0,0.0,0.0,0.0,0.0,0.0,0.0,0.0,0.0,0.0,0.0,0.0,0.0,0.0,0.0,0.0,0.0,0.0,0.0,0.0,0.0,0.0,0.0,0.0,0.0,0.0,0.0,0.0,0.0,0.0,0.0,0.0,0.0,0.0,0.0,0.0,0.0,0.0,0.0,0.0,0.0,0.0,0.0,0.0,0.0,0.0,0.0,0.0,0.0,0.0,0.0,0.0,0.0,0.0,0.0,0.0,0.0,0.0,0.0,0.0,0.0,0.0,0.0,0.0
0.0,0.0,0.0,0.0,0.0,0.0,0.0,0.0,0.0,0.0,0.0,0.0,0.0,0.0,0.0,0.0,0.0,0.0,0.0,0.0,0.0,0.0,0.0,0.0,0.0,0.0,0.0,0.0,0.0,0.0,0.0,0.0,0.0,0.0,0.0,0.0,0.0,0.0,0.0,0.0,0.0,0.0,0.0,0.0,0.0,0.0,0.0,0.0,0.0,0.0,0.0,0.0,0.0,0.0,0.0,0.0,0.0,0.0,0.0,0.0,0.0,0.0,0.0,0.0,0.0,0.0,0.0,0.0,0.0,0.0,0.0,0.0,0.0,0.0,0.0,0.0,0.0,0.0,0.0,0.0,0.0,0.0,0.0,0.0,0.0,0.0,0.0,0.0,0.0,0.0,0.0,0.0,0.0,0.0,0.0,0.0,0.0,0.0,0.0,0.0,0.0,0.0,0.0,0.0,0.0,0.0,0.0,0.0,0.0,0.0,0.0,0.0,0.0,0.0,0.0,0.0,0.0,0.0,0.0,0.0,0.0,0.0,0.0,0.0,0.0,0.0,0.0,0.0,0.0,0.0,0.0,0.0,0.0,0.0,0.0,0.0,0.0,0.0,0.0,0.0,0.0,0.0,0.0,0.0,0.0,0.0,0.0,0.0,0.0,0.0,0.0,0.0,0.0,0.0,0.0,0.0,0.0,0.0,0.0,0.0,0.0,0.0,0.0,0.0,0.0,0.0,0.0,0.0,0.0,0.0,0.0,0.0,0.0,0.0,0.0,0.0,0.0,0.0,0.0,0.0,0.0,0.0,0.0,0.0,0.0,0.0,0.0,0.0,0.0,0.0,0.0,0.0,0.0,0.0,0.0,0.0,0.0,0.0,0.0,0.0,0.0,0.0,0.0,0.0,0.0,0.0,0.0,0.0,0.0,0.0,0.0,0.0,0.0,0.0,0.0,0.0,0.0,0.0,0.0,0.0,0.0,0.0,0.0,0.0,0.0,0.0,0.0,0.0,0.0,0.0,0.0,0.0,0.0,0.0,0.0,0.0,0.0,0.0,0.0,0.0,0.0,0.0,0.0,0.0,0.0,0.0,0.0,0.0,0.0,0.0,0.0,0.0,0.0,0.0,0.0,0.0,0.0
0.0,0.0,0.0,0.0,0.0,0.0,0.0,0.0,0.0,0.0,0.0,0.0,0.0,0.0,0.0,0.0,0.0,0.0,0.0,0.0,0.0,0.0,0.0,0.0,0.0,0.0,0.0,0.0,0.0,0.0,0.0,0.0,0.0,0.0,0.0,0.0,0.0,0.0,0.0,0.0,0.0,0.0,0.0,0.0,0.0,0.0,0.0,0.0,0.0,0.0,0.0,0.0,0.0,0.0,0.0,0.0,0.0,0.0,0.0,0.0,0.0,0.0,0.0,0.0,0.0,0.0,0.0,0.0,0.0,0.0,0.0,0.0,0.0,0.0,0.0,0.0,0.0,0.0,0.0,0.0,0.0,0.0,0.0,0.0,0.0,0.0,0.0,0.0,0.0,0.0,0.0,0.0,0.0,0.0,0.0,0.0,0.0,0.0,0.0,0.0,0.0,0.0,0.0,0.0,0.0,0.0,0.0,0.0,0.0,0.0,0.0,0.0,0.0,0.0,0.0,0.0,0.0,0.0,0.0,0.0,0.0,0.0,0.0,0.0,0.0,0.0,0.0,0.0,0.0,0.0,0.0,0.0,0.0,0.0,0.0,0.0,0.0,0.0,0.0,0.0,0.0,0.0,0.0,0.0,0.0,0.0,0.0,0.0,0.0,0.0,0.0,0.0,0.0,0.0,0.0,0.0,0.0,0.0,0.0,0.0,0.0,0.0,0.0,0.0,0.0,0.0,0.0,0.0,0.0,0.0,0.0,0.0,0.0,0.0,0.0,0.0,0.0,0.0,0.0,0.0,0.0,0.0,0.0,0.0,0.0,0.0,0.0,0.0,0.0,0.0,0.0,0.0,0.0,0.0,0.0,0.0,0.0,0.0,0.0,0.0,0.0,0.0,0.0,0.0,0.0,0.0,0.0,0.0,0.0,0.0,0.0,0.0,0.0,0.0,0.0,0.0,0.0,0.0,0.0,0.0,0.0,0.0,0.0,0.0,0.0,0.0,0.0,0.0,0.0,0.0,0.0,0.0,0.0,0.0,0.0,0.0,0.0,0.0,0.0,0.0,0.0,0.0,0.0,0.0,0.0,0.0,0.0,0.0,0.0,0.0,0.0,0.0,0.0,0.0,0.0,0.0,0.0
0.0,0.0,0.0,0.0,0.0,0.0,0.0,0.0,0.0,0.0,0.0,0.0,0.0,0.0,0.0,0.0,0.0,0.0,0.0,0.0,0.0,0.0,0.0,0.0,0.0,0.0,0.0,0.0,0.0,0.0,0.0,0.0,0.0,0.0,0.0,0.0,0.0,0.0,0.0,0.0,0.0,0.0,0.0,0.0,0.0,0.0,0.0,0.0,0.0,0.0,0.0,0.0,0.0,0.0,0.0,0.0,0.0,0.0,0.0,0.0,0.0,0.0,0.0,0.0,0.0,0.0,0.0,0.0,0.0,0.0,0.0,0.0,0.0,0.0,0.0,0.0,0.0,0.0,0.0,0.0,0.0,0.0,0.0,0.0,0.0,0.0,0.0,0.0,0.0,0.0,0.0,0.0,0.0,0.0,0.0,0.0,0.0,0.0,0.0,0.0,0.0,0.0,0.0,0.0,0.0,0.0,0.0,0.0,0.0,0.0,0.0,0.0,0.0,0.0,0.0,0.0,0.0,0.0,0.0,0.0,0.0,0.0,0.0,0.0,0.0,0.0,0.0,0.0,0.0,0.0,0.0,0.0,0.0,0.0,0.0,0.0,0.0,0.0,0.0,0.0,0.0,0.0,0.0,0.0,0.0,0.0,0.0,0.0,0.0,0.0,0.0,0.0,0.0,0.0,0.0,0.0,0.0,0.0,0.0,0.0,0.0,0.0,0.0,0.0,0.0,0.0,0.0,0.0,0.0,0.0,0.0,0.0,0.0,0.0,0.0,0.0,0.0,0.0,0.0,0.0,0.0,0.0,0.0,0.0,0.0,0.0,0.0,0.0,0.0,0.0,0.0,0.0,0.0,0.0,0.0,0.0,0.0,0.0,0.0,0.0,0.0,0.0,0.0,0.0,0.0,0.0,0.0,0.0,0.0,0.0,0.0,0.0,0.0,0.0,0.0,0.0,0.0,0.0,0.0,0.0,0.0,0.0,0.0,0.0,0.0,0.0,0.0,0.0,0.0,0.0,0.0,0.0,0.0,0.0,0.0,0.0,0.0,0.0,0.0,0.0,0.0,0.0,0.0,0.0,0.0,0.0,0.0,0.0,0.0,0.0,0.0,0.0,0.0,0.0,0.0,0.0,0.0
0.0,0.0,0.0,0.0,0.0,0.0,0.0,0.0,0.0,0.0,0.0,0.0,0.0,0.0,0.0,0.0,0.0,0.0,0.0,0.0,0.0,0.0,0.0,0.0,0.0,0.0,0.0,0.0,0.0,0.0,0.0,0.0,0.0,0.0,0.0,0.0,0.0,0.0,0.0,0.0,0.0,0.0,0.0,0.0,0.0,0.0,0.0,0.0,0.0,0.0,0.0,0.0,0.0,0.0,0.0,0.0,0.0,0.0,0.0,0.0,0.0,0.0,0.0,0.0,0.0,0.0,0.0,0.0,0.0,0.0,0.0,0.0,0.0,0.0,0.0,0.0,0.0,0.0,0.0,0.0,0.0,0.0,0.0,0.0,0.0,0.0,0.0,0.0,0.0,0.0,0.0,0.0,0.0,0.0,0.0,0.0,0.0,0.0,0.0,0.0,0.0,0.0,0.0,0.0,0.0,0.0,0.0,0.0,0.0,0.0,0.0,0.0,0.0,0.0,0.0,0.0,0.0,0.0,0.0,0.0,0.0,0.0,0.0,0.0,0.0,0.0,0.0,0.0,0.0,0.0,0.0,0.0,0.0,0.0,0.0,0.0,0.0,0.0,0.0,0.0,0.0,0.0,0.0,0.0,0.0,0.0,0.0,0.0,0.0,0.0,0.0,0.0,0.0,0.0,0.0,0.0,0.0,0.0,0.0,0.0,0.0,0.0,0.0,0.0,0.0,0.0,0.0,0.0,0.0,0.0,0.0,0.0,0.0,0.0,0.0,0.0,0.0,0.0,0.0,0.0,0.0,0.0,0.0,0.0,0.0,0.0,0.0,0.0,0.0,0.0,0.0,0.0,0.0,0.0,0.0,0.0,0.0,0.0,0.0,0.0,0.0,0.0,0.0,0.0,0.0,0.0,0.0,0.0,0.0,0.0,0.0,0.0,0.0,0.0,0.0,0.0,0.0,0.0,0.0,0.0,0.0,0.0,0.0,0.0,0.0,0.0,0.0,0.0,0.0,0.0,0.0,0.0,0.0,0.0,0.0,0.0,0.0,0.0,0.0,0.0,0.0,0.0,0.0,0.0,0.0,0.0,0.0,0.0,0.0,0.0,0.0,0.0,0.0,0.0,0.0,0.0,0.0
0.0,0.0,0.0,0.0,0.0,0.0,0.0,0.0,0.0,0.0,0.0,0.0,0.0,0.0,0.0,0.0,0.0,0.0,0.0,0.0,0.0,0.0,0.0,0.0,0.0,0.0,0.0,0.0,0.0,0.0,0.0,0.0,0.0,0.0,0.0,0.0,0.0,0.0,0.0,0.0,0.0,0.0,0.0,0.0,0.0,0.0,0.0,0.0,0.0,0.0,0.0,0.0,0.0,0.0,0.0,0.0,0.0,0.0,0.0,0.0,0.0,0.0,0.0,0.0,0.0,0.0,0.0,0.0,0.0,0.0,0.0,0.0,0.0,0.0,0.0,0.0,0.0,0.0,0.0,0.0,0.0,0.0,0.0,0.0,0.0,0.0,0.0,0.0,0.0,0.0,0.0,0.0,0.0,0.0,0.0,0.0,0.0,0.0,0.0,0.0,0.0,0.0,0.0,0.0,0.0,0.0,0.0,0.0,0.0,0.0,0.0,0.0,0.0,0.0,0.0,0.0,0.0,0.0,0.0,0.0,0.0,0.0,0.0,0.0,0.0,0.0,0.0,0.0,0.0,0.0,0.0,0.0,0.0,0.0,0.0,0.0,0.0,0.0,0.0,286.3,146.2,2115.1,1.3,0.0,0.0,0.0,0.0,0.0,0.0,0.0,0.0,0.0,0.0,0.0,0.0,0.0,0.0,0.0,0.0,0.0,0.0,0.0,0.0,0.0,0.0,0.0,0.0,0.0,0.0,0.0,0.0,0.0,0.0,0.0,0.0,0.0,0.0,0.0,0.0,0.0,0.0,0.0,0.0,0.0,0.0,0.0,0.0,0.0,0.0,0.0,0.0,0.0,0.0,0.0,0.0,0.0,0.0,0.0,0.0,0.0,0.0,0.0,0.0,0.0,0.0,0.0,0.0,0.0,0.0,0.0,0.0,0.0,0.0,0.0,0.0,0.0,0.0,0.0,0.0,0.0,0.0,0.0,0.0,0.0,0.0,0.0,0.0,0.0,0.0,0.0,0.0,0.0,0.0,0.0,0.0,0.0,0.0,0.0,0.0,0.0,0.0,0.0,0.0,0.0,0.0,0.0,0.0,0.0,0.0,0.0,0.0,0.0,0.0,0.0,0.0,0.0,0.0
0.0,0.0,0.0,0.0,0.0,0.0,0.0,0.0,0.0,0.0,0.0,0.0,0.0,0.0,0.0,0.0,0.0,0.0,0.0,0.0,0.0,0.0,0.0,0.0,0.0,0.0,0.0,0.0,0.0,0.0,0.0,0.0,0.0,0.0,0.0,0.0,0.0,0.0,0.0,0.0,0.0,0.0,0.0,0.0,0.0,0.0,0.0,0.0,0.0,0.0,0.0,0.0,0.0,0.0,0.0,0.0,0.0,0.0,0.0,0.0,0.0,0.0,0.0,0.0,0.0,0.0,0.0,0.0,0.0,0.0,0.0,0.0,0.0,0.0,0.0,0.0,0.0,0.0,0.0,0.0,0.0,0.0,0.0,0.0,0.0,0.0,0.0,0.0,0.0,0.0,0.0,0.0,0.0,0.0,0.0,0.0,0.0,0.0,0.0,0.0,0.0,0.0,0.0,0.0,0.0,0.0,0.0,0.0,0.0,0.0,0.0,0.0,0.0,0.0,0.0,0.0,0.0,0.0,0.0,0.0,0.0,0.0,0.0,0.0,0.0,0.0,0.0,0.0,0.0,0.0,1652.3,1847.6,540.6,3025.5,15500.3,558.6,10.5,89.7,2000.6,402.4,5364.9,17854.4,53768.0,508.0,0.0,0.0,0.0,0.0,0.0,0.0,0.0,0.0,0.0,0.0,0.0,0.0,0.0,0.0,0.0,0.0,0.0,0.0,0.0,0.0,0.0,0.0,0.0,0.0,0.0,0.0,0.0,0.0,0.0,0.0,0.0,0.0,0.0,0.0,0.0,0.0,0.0,0.0,0.0,0.0,0.0,0.0,0.0,0.0,0.0,0.0,0.0,0.0,0.0,0.0,0.0,0.0,0.0,0.0,0.0,0.0,0.0,0.0,0.0,0.0,0.0,0.0,0.0,0.0,0.0,0.0,0.0,0.0,0.0,0.0,0.0,0.0,0.0,0.0,0.0,0.0,0.0,0.0,0.0,0.0,0.0,0.0,0.0,0.0,0.0,0.0,0.0,0.0,0.0,0.0,0.0,0.0,0.0,0.0,0.0,0.0,0.0,0.0,0.0,0.0,0.0,0.0,0.0,0.0,0.0,0.0,0.0,0.0,0.0,0.0,0.0,0.0,0.0
0.0,0.0,0.0,0.0,0.0,0.0,0.0,0.0,0.0,0.0,0.0,0.0,0.0,0.0,0.0,0.0,0.0,0.0,0.0,0.0,0.0,0.0,0.0,0.0,0.0,0.0,0.0,0.0,0.0,0.0,0.0,0.0,0.0,0.0,0.0,0.0,0.0,0.0,0.0,0.0,0.0,0.0,0.0,0.0,0.0,0.0,0.0,0.0,0.0,0.0,0.0,0.0,0.0,0.0,0.0,0.0,0.0,0.0,0.0,0.0,0.0,0.0,0.0,0.0,0.0,0.0,0.0,0.0,0.0,0.0,0.0,0.0,0.0,0.0,0.0,0.0,0.0,0.0,0.0,0.0,0.0,0.0,0.0,0.0,0.0,0.0,0.0,0.0,0.0,0.0,0.0,0.0,0.0,0.0,0.0,0.0,0.0,0.0,0.0,0.0,0.0,0.0,0.0,0.0,0.0,0.0,0.0,0.0,0.0,0.0,0.0,0.0,0.0,0.0,0.0,0.0,0.0,0.0,0.0,0.0,0.0,0.0,0.0,0.0,0.0,0.0,0.0,0.0,0.0,647.1,1333.8,1468.0,1358.1,725.3,261.6,518.5,601.3,509.5,3610.4,2083.3,1031.3,172.3,10338.0,29568.6,1952.4,395.9,736.8,10881.6,8519.9,12833.0,788.3,3844.0,1269.3,2106.7,484.1,0.0,0.0,0.0,0.0,0.0,0.0,0.0,0.0,0.0,0.0,0.0,0.0,0.0,0.0,0.0,0.0,0.0,0.0,0.0,0.0,0.0,0.0,0.0,0.0,0.0,0.0,0.0,0.0,0.0,0.0,0.0,0.0,0.0,0.0,0.0,0.0,0.0,0.0,0.0,0.0,0.0,0.0,0.0,0.0,0.0,0.0,0.0,0.0,0.0,0.0,0.0,0.0,0.0,0.0,0.0,0.0,0.0,0.0,0.0,0.0,0.0,0.0,0.0,0.0,0.0,0.0,0.0,0.0,0.0,0.0,0.0,0.0,0.0,0.0,0.0,0.0,0.0,0.0,0.0,0.0,0.0,0.0,0.0,0.0,0.0,0.0,0.0,0.0,0.0,0.0,0.0,0.0,0.0,0.0,0.0,0.0,0.0,0.0,0.0,0.0,0.0,0.0
0.0,0.0,0.0,0.0,0.0,0.0,0.0,0.0,0.0,0.0,0.0,0.0,0.0,0.0,0.0,0.0,0.0,0.0,0.0,0.0,0.0,0.0,0.0,0.0,0.0,0.0,0.0,0.0,0.0,0.0,0.0,0.0,0.0,0.0,0.0,0.0,0.0,0.0,0.0,0.0,0.0,0.0,0.0,0.0,0.0,0.0,0.0,0.0,0.0,0.0,0.0,0.0,0.0,0.0,0.0,0.0,0.0,0.0,0.0,0.0,0.0,0.0,0.0,0.0,0.0,0.0,0.0,0.0,0.0,0.0,0.0,0.0,0.0,0.0,0.0,0.0,0.0,0.0,0.0,0.0,0.0,0.0,0.0,0.0,0.0,0.0,0.0,0.0,0.0,0.0,0.0,0.0,0.0,0.0,0.0,0.0,0.0,0.0,0.0,0.0,0.0,0.0,0.0,0.0,0.0,0.0,0.0,0.0,0.0,0.0,0.0,0.0,0.0,0.0,0.0,0.0,0.0,0.0,0.0,0.0,0.0,0.0,0.0,0.0,0.0,9.6,406.6,2127.4,9533.8,760.9,257.4,1209.9,29890.8,4483.4,11370.2,1889.0,613.0,224.4,600.1,330.1,312.1,5.5,688.7,1657.5,337.0,112.9,625.3,253.3,7432.3,1041.4,93.3,5.4,215.8,81.8,459.8,6183.7,806.5,1.9,0.0,0.0,0.0,0.0,0.0,0.0,0.0,0.0,0.0,0.0,0.0,0.0,0.0,0.0,0.0,0.0,0.0,0.0,0.0,0.0,0.0,0.0,0.0,0.0,0.0,0.0,0.0,0.0,0.0,0.0,0.0,0.0,0.0,0.0,0.0,0.0,0.0,0.0,0.0,0.0,0.0,0.0,0.0,0.0,0.0,0.0,0.0,0.0,0.0,0.0,0.0,0.0,0.0,0.0,0.0,0.0,0.0,0.0,0.0,0.0,0.0,0.0,0.0,0.0,0.0,0.0,0.0,0.0,0.0,0.0,0.0,0.0,0.0,0.0,0.0,0.0,0.0,0.0,0.0,0.0,0.0,0.0,0.0,0.0,0.0,0.0,0.0,0.0,0.0,0.0,0.0,0.0,0.0,0.0,0.0,0.0,0.0,0.0,0.0
0.0,0.0,0.0,0.0,0.0,0.0,0.0,0.0,0.0,0.0,0.0,0.0,0.0,0.0,0.0,0.0,0.0,0.0,0.0,0.0,0.0,0.0,0.0,0.0,0.0,0.0,0.0,0.0,0.0,0.0,0.0,0.0,0.0,0.0,0.0,0.0,0.0,0.0,0.0,0.0,0.0,0.0,0.0,0.0,0.0,0.0,0.0,0.0,0.0,0.0,0.0,0.0,0.0,0.0,0.0,0.0,0.0,0.0,0.0,0.0,0.0,0.0,0.0,0.0,0.0,0.0,0.0,0.0,0.0,0.0,0.0,0.0,0.0,0.0,0.0,0.0,0.0,0.0,0.0,0.0,0.0,0.0,0.0,0.0,0.0,0.0,0.0,0.0,0.0,0.0,0.0,0.0,0.0,0.0,0.0,0.0,0.0,0.0,0.0,0.0,0.0,0.0,0.0,0.0,0.0,0.0,0.0,0.0,0.0,0.0,0.0,0.0,0.0,0.0,0.0,0.0,0.0,0.0,0.0,0.0,0.0,3.3,4141.0,2608.2,106.1,6141.9,6025.0,41148.2,102111.2,17555.8,11242.3,10364.4,2691.1,3898.3,137.0,179.1,2216.7,46.0,232.4,204.6,352.4,195.8,1905.6,2115.7,605.5,19.8,0.0,4.4,189.9,30.3,0.6,1.2,94.5,47.4,1267.8,9391.5,13215.4,26274.2,1345.5,0.0,0.0,0.0,0.0,0.0,0.0,0.0,0.0,0.0,0.0,0.0,0.0,0.0,0.0,0.0,0.0,0.0,0.0,0.0,0.0,0.0,0.0,0.0,0.0,0.0,0.0,0.0,0.0,0.0,0.0,0.0,0.0,0.0,0.0,0.0,0.0,0.0,0.0,0.0,0.0,0.0,0.0,0.0,0.0,0.0,0.0,0.0,0.0,0.0,0.0,0.0,0.0,0.0,0.0,0.0,0.0,0.0,0.0,0.0,0.0,0.0,0.0,0.0,0.0,0.0,0.0,0.0,0.0,0.0,0.0,0.0,0.0,0.0,0.0,0.0,0.0,0.0,0.0,0.0,0.0,0.0,0.0,0.0,0.0,0.0,0.0,0.0,0.0,0.0,0.0,0.0,0.0,0.0,0.0,0.0,0.0,0.0,0.0
0.0,0.0,0.0,0.0,0.0,0.0,0.0,0.0,0.0,0.0,0.0,0.0,0.0,0.0,0.0,0.0,0.0,0.0,0.0,0.0,0.0,0.0,0.0,0.0,0.0,0.0,0.0,0.0,0.0,0.0,0.0,0.0,0.0,0.0,0.0,0.0,0.0,0.0,0.0,0.0,0.0,0.0,0.0,0.0,0.0,0.0,0.0,0.0,0.0,0.0,0.0,0.0,0.0,0.0,0.0,0.0,0.0,0.0,0.0,0.0,0.0,0.0,0.0,0.0,0.0,0.0,0.0,0.0,0.0,0.0,0.0,0.0,0.0,0.0,0.0,0.0,0.0,0.0,0.0,0.0,0.0,0.0,0.0,0.0,0.0,0.0,0.0,0.0,0.0,0.0,0.0,0.0,0.0,0.0,0.0,0.0,0.0,0.0,0.0,0.0,0.0,0.0,0.0,0.0,0.0,0.0,0.0,0.0,0.0,0.0,0.0,0.0,0.0,0.0,0.0,0.0,0.0,0.0,0.0,756.5,1459.5,6979.3,213876.0,399321.2,756609.7,170271.3,66990.7,134396.0,153274.3,3509.7,12651.3,15175.0,7056.2,23.2,46.2,3.3,79.4,2.3,4.3,332.6,2329.8,200.0,43.1,14.6,70.1,201.8,46.7,14.7,257.1,7465.6,1646.3,26.7,0.2,3.9,202.7,333.7,487.3,854.2,6533.6,1459.3,13152.2,0.5,0.0,0.0,0.0,0.0,0.0,0.0,0.0,0.0,0.0,0.0,0.0,0.0,0.0,0.0,0.0,0.0,0.0,0.0,0.0,0.0,0.0,0.0,0.0,0.0,0.0,0.0,0.0,0.0,0.0,0.0,0.0,0.0,0.0,0.0,0.0,0.0,0.0,0.0,0.0,0.0,0.0,0.0,0.0,0.0,0.0,0.0,0.0,0.0,0.0,0.0,0.0,0.0,0.0,0.0,0.0,0.0,0.0,0.0,0.0,0.0,0.0,0.0,0.0,0.0,0.0,0.0,0.0,0.0,0.0,0.0,0.0,0.0,0.0,0.0,0.0,0.0,0.0,0.0,0.0,0.0,0.0,0.0,0.0,0.0,0.0,0.0,0.0,0.0,0.0,0.0,0.0,0.0,0.0,0.0,0.0
0.0,0.0,0.0,0.0,0.0,0.0,0.0,0.0,0.0,0.0,0.0,0.0,0.0,0.0,0.0,0.0,0.0,0.0,0.0,0.0,0.0,0.0,0.0,0.0,0.0,0.0,0.0,0.0,0.0,0.0,0.0,0.0,0.0,0.0,0.0,0.0,0.0,0.0,0.0,0.0,0.0,0.0,0.0,0.0,0.0,0.0,0.0,0.0,0.0,0.0,0.0,0.0,0.0,0.0,0.0,0.0,0.0,0.0,0.0,0.0,0.0,0.0,0.0,0.0,0.0,0.0,0.0,0.0,0.0,0.0,0.0,0.0,0.0,0.0,0.0,0.0,0.0,0.0,0.0,0.0,0.0,0.0,0.0,0.0,0.0,0.0,0.0,0.0,0.0,0.0,0.0,0.0,0.0,0.0,0.0,0.0,0.0,0.0,0.0,0.0,0.0,0.0,0.0,0.0,0.0,0.0,0.0,0.0,0.0,0.0,0.0,0.0,0.0,0.0,25.1,768.1,6267.9,93650.5,0.0,146887.8,53567.5,476475.9,316548.1,303941.7,619760.9,328885.1,76774.8,82323.6,13631.6,2167.1,12025.4,8129.8,265.5,315.7,158.5,46.6,0.8,6.1,82.9,91.0,1711.2,4402.5,18.1,61.3,74.6,7.6,11.1,1364.9,65.1,972.7,12601.7,16504.8,463.0,15.8,1806.0,206.4,0.0,78.0,473.1,185.0,1628.0,328.1,6213.8,3186.2,9298.5,0.0,0.0,0.0,0.0,0.0,0.0,0.0,0.0,0.0,0.0,0.0,0.0,0.0,0.0,0.0,0.0,0.0,0.0,0.0,0.0,0.0,0.0,0.0,0.0,0.0,0.0,0.0,0.0,0.0,0.0,0.0,0.0,0.0,0.0,0.0,0.0,0.0,0.0,0.0,0.0,0.0,0.0,0.0,0.0,0.0,0.0,0.0,0.0,0.0,0.0,0.0,0.0,0.0,0.0,0.0,0.0,0.0,0.0,0.0,0.0,0.0,0.0,0.0,0.0,0.0,0.0,0.0,0.0,0.0,0.0,0.0,0.0,0.0,0.0,0.0,0.0,0.0,0.0,0.0,0.0,0.0,0.0,0.0,0.0,0.0,0.0,0.0,0.0,0.0,0.0,0.0,0.0
0.0,0.0,0.0,0.0,0.0,0.0,0.0,0.0,0.0,0.0,0.0,0.0,0.0,0.0,0.0,0.0,0.0,0.0,0.0,0.0,0.0,0.0,0.0,0.0,0.0,0.0,0.0,0.0,0.0,0.0,0.0,0.0,0.0,0.0,0.0,0.0,0.0,0.0,0.0,0.0,0.0,0.0,0.0,0.0,0.0,0.0,0.0,0.0,0.0,0.0,0.0,0.0,0.0,0.0,0.0,0.0,0.0,0.0,0.0,0.0,0.0,0.0,0.0,0.0,0.0,0.0,0.0,0.0,0.0,0.0,0.0,0.0,0.0,0.0,0.0,0.0,0.0,0.0,0.0,0.0,0.0,0.0,0.0,0.0,0.0,0.0,0.0,0.0,0.0,0.0,0.0,0.0,0.0,0.0,0.0,0.0,0.0,0.0,0.0,0.0,0.0,0.0,0.0,0.0,0.0,0.0,0.0,0.0,0.0,0.0,0.0,0.0,24.6,155.1,344.2,430.2,7725.9,189167.9,60153.5,65551.4,216163.9,921326.9,232743.8,368866.4,285379.8,177456.2,124979.5,12465.7,1278.5,674.7,249.3,168.3,143.3,92.5,454.5,197.5,406.5,93.4,84.9,438.8,1372.1,806.2,108.8,24.6,918.6,1658.1,592.0,328.0,285.2,3004.9,14418.2,39513.7,3896.7,8211.7,10815.8,44445.5,1983.1,634.8,580.5,28.5,877.3,319.7,678.0,3374.5,6361.0,8708.8,7688.7,638.7,0.0,0.0,0.0,0.0,0.0,0.0,0.0,0.0,0.0,0.0,0.0,0.0,0.0,0.0,0.0,0.0,0.0,0.0,0.0,0.0,0.0,0.0,0.0,0.0,0.0,0.0,0.0,0.0,0.0,0.0,0.0,0.0,0.0,0.0,0.0,0.0,0.0,0.0,0.0,0.0,0.0,0.0,0.0,0.0,0.0,0.0,0.0,0.0,0.0,0.0,0.0,0.0,0.0,0.0,0.0,0.0,0.0,0.0,0.0,0.0,0.0,0.0,0.0,0.0,0.0,0.0,0.0,0.0,0.0,0.0,0.0,0.0,0.0,0.0,0.0,0.0,0.0,0.0,0.0,0.0,0.0,0.0,0.0,0.0,0.0,0.0,0.0,0.0,0.0
0.0,0.0,0.0,0.0,0.0,0.0,0.0,0.0,0.0,0.0,0.0,0.0,0.0,0.0,0.0,0.0,0.0,0.0,0.0,0.0,0.0,0.0,0.0,0.0,0.0,0.0,0.0,0.0,0.0,0.0,0.0,0.0,0.0,0.0,0.0,0.0,0.0,0.0,0.0,0.0,0.0,0.0,0.0,0.0,0.0,0.0,0.0,0.0,0.0,0.0,0.0,0.0,0.0,0.0,0.0,0.0,0.0,0.0,0.0,0.0,0.0,0.0,0.0,0.0,0.0,0.0,0.0,0.0,0.0,0.0,0.0,0.0,0.0,0.0,0.0,0.0,0.0,0.0,0.0,0.0,0.0,0.0,0.0,0.0,0.0,0.0,0.0,0.0,0.0,0.0,0.0,0.0,0.0,0.0,0.0,0.0,0.0,0.0,0.0,0.0,0.0,0.0,0.0,0.0,0.0,0.0,0.0,0.0,0.0,0.0,3841.3,526.6,82.6,453.0,146.9,16664.4,20935.3,1397.1,12442.6,81154.7,33003.2,744.4,926.4,87284.3,189315.9,69908.9,41417.9,94490.4,14672.2,1296.0,6360.0,14317.8,1702.0,8726.8,8264.4,7578.5,3098.6,8227.2,10600.5,55001.5,3503.6,82.7,314.3,169.9,169.0,1502.4,614.3,263.6,64.7,45002.4,45548.5,3166.6,160.5,1210.5,5169.7,5899.1,12879.0,4246.6,699.5,2916.6,7137.7,576.9,1027.5,1027.4,187.5,329.2,853.0,3108.8,12180.6,4832.0,2739.1,6102.0,13.6,2536.9,0.0,0.0,0.0,0.0,0.0,0.0,0.0,0.0,0.3,714.4,14.9,5.7,16.9,0.0,0.0,7.5,3.1,0.0,0.0,0.0,0.0,0.0,0.0,0.0,0.0,0.0,0.0,0.0,0.0,0.0,0.0,0.0,0.0,0.0,0.0,0.0,0.0,0.0,0.0,0.0,0.0,0.0,0.0,0.0,0.0,0.0,0.0,0.0,0.0,0.0,0.0,0.0,0.0,0.0,0.0,0.0,0.0,0.0,0.0,0.0,0.0,0.0,0.0,0.0,0.0,0.0,0.0,0.0,0.0,0.0,0.0,0.0,0.0,0.0,0.0,0.0,0.0,0.0,0.0,0.0,0.0,0.0,0.0
0.0,0.0,0.0,0.0,0.0,0.0,0.0,0.0,0.0,0.0,0.0,0.0,0.0,0.0,0.0,0.0,0.0,0.0,0.0,0.0,0.0,0.0,0.0,0.0,0.0,0.0,0.0,0.0,0.0,0.0,0.0,0.0,0.0,0.0,0.0,0.0,0.0,0.0,0.0,0.0,0.0,0.0,0.0,0.0,0.0,0.0,0.0,0.0,0.0,0.0,0.0,0.0,0.0,0.0,0.0,0.0,0.0,0.0,0.0,0.0,0.0,0.0,0.0,0.0,0.0,0.0,0.0,0.0,0.0,0.0,0.0,0.0,0.0,0.0,0.0,0.0,0.0,0.0,0.0,0.0,0.0,0.0,0.0,0.0,0.0,0.0,0.0,0.0,0.0,0.0,0.0,0.0,0.0,0.0,0.0,0.0,0.0,0.0,0.0,0.0,0.0,0.0,0.0,0.0,0.0,0.0,0.0,0.0,1.7,25938.6,5832.3,723.0,726.7,791.3,16006.3,17299.5,133.7,787.1,42148.3,506.9,37.4,166.2,15242.5,96523.8,21838.9,11626.7,2216.1,19470.6,133718.6,3571.6,847.9,3411.4,839.7,980.8,4850.0,4349.4,20059.3,22650.3,17863.6,70267.6,19530.0,1032.2,275.6,810.7,5797.0,1684.3,11468.2,537.4,2853.5,48800.4,53104.4,8258.0,344.0,219.6,38.3,3075.1,160.9,1254.4,15776.1,84881.7,61449.9,9032.3,46268.8,21373.5,4545.3,4543.0,4102.4,124.1,791.5,49.8,708.1,4300.3,20504.6,2308.1,5514.5,948.3,3552.1,8510.9,1412.8,1234.5,345.7,125.8,232.2,5633.5,283.5,150.0,1433.5,0.0,182.4,2.7,13.0,25712.7,1202.8,4525.4,35463.9,3.2,0.0,0.0,0.0,0.0,0.0,0.0,0.0,0.0,0.0,0.0,0.0,0.0,0.0,0.0,0.0,0.0,0.0,0.0,0.0,0.0,0.0,0.0,0.0,0.0,0.0,0.0,0.0,0.0,0.0,0.0,0.0,0.0,0.0,0.0,0.0,0.0,0.0,0.0,0.0,0.0,0.0,0.0,0.0,0.0,0.0,0.0,0.0,0.0,0.0,0.0,0.0,0.0,0.0,0.0,0.0,0.0,0.0,0.0,0.0,0.0,0.0
0.0,0.0,0.0,0.0,0.0,0.0,0.0,0.0,0.0,0.0,0.0,0.0,0.0,0.0,0.0,0.0,0.0,0.0,0.0,0.0,0.0,0.0,0.0,0.0,0.0,0.0,0.0,0.0,0.0,0.0,0.0,0.0,0.0,0.0,0.0,0.0,0.0,0.0,0.0,0.0,0.0,0.0,0.0,0.0,0.0,0.0,0.0,0.0,0.0,0.0,0.0,0.0,0.0,0.0,0.0,0.0,0.0,0.0,0.0,0.0,0.0,0.0,0.0,0.0,0.0,0.0,0.0,0.0,0.0,0.0,0.0,0.0,0.0,0.0,0.0,0.0,0.0,0.0,0.0,0.0,0.0,0.0,0.0,0.0,0.0,0.0,0.0,0.0,0.0,0.0,0.0,0.0,0.0,0.0,0.0,0.0,0.0,0.0,0.0,0.0,0.0,0.0,0.0,0.0,43.3,55416.7,2682.0,20576.1,79629.2,45362.0,46012.6,18655.2,208.9,741.4,52.3,104.9,169.0,22.6,8.6,2175.1,679.0,26363.0,6838.0,150720.5,383780.5,109533.3,114428.1,622868.5,203091.6,2280.3,75121.0,86841.7,17186.0,1632.0,108770.9,4486.5,5.8,128.9,1927.1,1654.3,1247.1,0.4,66.1,8456.2,822.8,2318.5,298.6,726.0,412.8,242.9,548.8,1279.7,191.4,8.0,12.2,147.0,0.0,989.5,5486.3,103725.4,50908.3,8155.2,16776.7,59390.2,31442.1,21066.5,25985.0,1443.8,144.3,164.9,752.5,126.9,3595.5,1417.2,542.5,6603.7,1052.0,31917.9,1070.6,249.2,195.7,70.1,77.4,99.1,324.1,1727.5,5.2,256.7,21.8,18.5,7.1,3513.0,4228.7,1280.0,6717.3,595.3,0.1,0.0,0.0,0.0,0.0,0.0,0.0,0.0,0.0,0.0,0.0,0.0,0.0,0.0,0.0,0.0,0.0,0.0,0.0,0.0,0.0,0.0,0.0,0.0,0.0,0.0,0.0,0.0,0.0,0.0,0.0,0.0,0.0,0.0,0.0,0.0,0.0,0.0,0.0,0.0,0.0,0.0,0.0,0.0,0.0,0.0,0.0,0.0,0.0,0.0,0.0,0.0,0.0,0.0,0.0,0.0,0.0,0.0,0.0,0.0,0.0
0.0,0.0,0.0,0.0,0.0,0.0,0.0,0.0,0.0,0.0,0.0,0.0,0.0,0.0,0.0,0.0,0.0,0.0,0.0,0.0,0.0,0.0,0.0,0.0,0.0,0.0,0.0,0.0,0.0,0.0,0.0,0.0,0.0,0.0,0.0,0.0,0.0,0.0,0.0,0.0,0.0,0.0,0.0,0.0,0.0,0.0,0.0,0.0,0.0,0.0,0.0,0.0,0.0,0.0,0.0,0.0,0.0,0.0,0.0,0.0,0.0,0.0,0.0,0.0,0.0,0.0,0.0,0.0,0.0,0.0,0.0,0.0,0.0,0.0,0.0,0.0,0.0,0.0,0.0,0.0,0.0,0.0,0.0,0.0,0.0,0.0,0.0,0.0,0.0,0.0,0.0,0.0,0.0,0.0,0.0,0.0,0.0,0.0,0.0,0.0,0.0,4.1,0.0,0.0,646.3,3749.4,44348.0,108912.2,1330.1,3123.4,17358.0,5463.5,235.4,109.5,78.5,28.9,40.9,255.5,40717.9,5485.8,29637.1,26501.8,372568.1,19132.1,16845.1,18240.4,17344.5,203239.8,641410.5,83290.6,9378.8,9808.8,21293.5,28884.5,37737.4,7401.1,37.4,173.9,2406.0,752.2,1083.7,367.9,35.4,63.2,8.7,8.3,417.5,40.9,6.1,32.5,0.7,17.0,343.6,0.2,96.9,22.6,2.1,135.3,499.0,5332.4,2074.4,11948.5,29700.8,14682.3,149446.7,127625.7,40880.1,14514.2,44724.2,3746.8,3445.7,1803.1,3565.3,294.7,419.2,393.9,366.4,11204.4,632.9,153.3,402.8,140.3,148.6,37.4,62.6,233.6,25.7,1.2,1792.9,24.4,22.5,36718.7,247.8,580.2,14144.2,2839.2,0.0,0.0,0.0,0.0,0.0,0.0,0.0,0.0,0.0,0.0,0.0,0.0,0.0,0.0,0.0,0.0,0.0,0.0,0.0,0.0,0.0,0.0,0.0,0.0,0.0,0.0,0.0,0.0,0.0,0.0,0.0,0.0,0.0,0.0,0.0,0.0,0.0,0.0,0.0,0.0,0.0,0.0,0.0,0.0,0.0,0.0,0.0,0.0,0.0,0.0,0.0,0.0,0.0,0.0,0.0,0.0,0.0,0.0,0.0,0.0,0.0
0.0,0.0,0.0,0.0,0.0,0.0,0.0,0.0,0.0,0.0,0.0,0.0,0.0,0.0,0.0,0.0,0.0,0.0,0.0,0.0,0.0,0.0,0.0,0.0,0.0,0.0,0.0,0.0,0.0,0.0,0.0,0.0,0.0,0.0,0.0,0.0,0.0,0.0,0.0,0.0,0.0,0.0,0.0,0.0,0.0,0.0,0.0,0.0,0.0,0.0,0.0,0.0,0.0,0.0,0.0,0.0,0.0,0.0,0.0,0.0,0.0,0.0,0.0,0.0,0.0,0.0,0.0,0.0,0.0,0.0,0.0,0.0,0.0,0.0,0.0,0.0,0.0,0.0,0.0,0.0,0.0,0.0,0.0,0.0,0.0,0.0,0.0,0.0,0.0,0.0,0.0,0.0,0.0,0.0,0.0,0.0,0.0,0.0,0.0,0.0,0.0,1.7,0.0,390.3,11029.2,9498.6,182.5,113.2,34.7,141.4,1599.5,86.1,107.5,13876.9,44.6,46.1,582.8,726.8,11410.1,797.8,38638.4,91567.4,59725.8,5032.9,10220.0,7349.9,9788.7,35779.1,137044.6,79136.9,21406.5,18121.2,5411.7,1619.4,114.1,14.9,22.2,48.4,10.7,118.2,4037.5,1191.2,9.5,0.3,12.0,94.3,272.1,2133.5,2528.2,244.3,211.2,31.4,26.6,14.6,62.5,2.0,0.0,4546.0,59.7,552.8,818.5,4874.7,1320.1,4937.3,18119.4,25326.9,63922.4,301826.8,231656.1,10130.1,2067.6,23877.6,7945.9,496.7,2253.3,1291.9,3396.6,12053.9,1021.3,10.2,1.2,6.8,28.5,2064.7,913.4,14455.6,84.1,1637.0,3871.1,4255.7,70038.1,7094.0,227.5,56.2,1751.7,12.7,0.0,0.0,0.0,0.0,0.0,0.0,0.0,0.0,0.0,0.0,0.0,0.0,0.0,0.0,0.0,0.0,0.0,0.0,0.0,0.0,0.0,0.0,0.0,0.0,0.0,0.0,0.0,0.0,0.0,0.0,0.0,0.0,0.0,0.0,0.0,0.0,0.0,0.0,0.0,0.0,0.0,0.0,0.0,0.0,0.0,0.0,0.0,0.0,0.0,0.0,0.0,0.0,0.0,0.0,0.0,0.0,0.0,0.0,0.0,0.0,0.0
0.0,0.0,0.0,0.0,0.0,0.0,0.0,0.0,0.0,0.0,0.0,0.0,0.0,0.0,0.0,0.0,0.0,0.0,0.0,0.0,0.0,0.0,0.0,0.0,0.0,0.0,0.0,0.0,0.0,0.0,0.0,0.0,0.0,0.0,0.0,0.0,0.0,0.0,0.0,0.0,0.0,0.0,0.0,0.0,0.0,0.0,0.0,0.0,0.0,0.0,0.0,0.0,0.0,0.0,0.0,0.0,0.0,0.0,0.0,0.0,0.0,0.0,0.0,0.0,0.0,0.0,0.0,0.0,0.0,0.0,0.0,0.0,0.0,0.0,0.0,0.0,0.0,0.0,0.0,0.0,0.0,0.0,0.0,0.0,0.0,0.0,0.0,0.0,0.0,0.0,0.0,0.0,0.0,0.0,0.0,0.0,21.2,34.8,0.0,0.0,0.0,4.2,0.0,139779.1,1063.6,116.2,21.9,32.3,367.4,96.8,131.9,12.4,17884.2,7345.1,817.2,1650.6,2990.4,21204.6,2220.2,40990.0,127554.5,1573.7,611.1,8896.4,5302.0,7452.2,17870.7,20377.8,37185.1,19495.9,21181.0,32633.7,1219.1,147.5,32.4,522.8,1511.5,2013.9,1.9,73.6,192.1,2175.7,318.7,0.0,0.0,8.4,148.6,2920.9,46966.5,272.5,2850.3,120.8,29.7,2.7,4.8,9.1,3.4,0.0,0.2,756.4,87.0,21.8,0.0,4303.1,498.5,19563.6,80333.3,584221.5,337430.8,54515.6,36723.1,46178.6,23823.7,9565.9,23687.4,38095.6,13045.8,14472.3,18448.3,2637.0,13.9,0.0,280.7,29105.7,734.3,59619.8,11727.5,39635.3,16908.0,22544.7,28736.8,3072.4,3078.7,1952.1,48.5,44.1,0.0,0.0,0.0,0.0,0.0,0.0,0.0,0.0,0.0,0.0,0.0,0.0,0.0,0.0,0.0,0.0,0.0,0.0,0.0,0.0,0.0,0.0,0.0,0.0,0.0,0.0,0.0,0.0,0.0,0.0,0.0,0.0,0.0,0.0,0.0,0.0,0.0,0.0,0.0,0.0,0.0,0.0,0.0,0.0,0.0,0.0,0.0,0.0,0.0,0.0,0.0,0.0,0.0,0.0,0.0,0.0,0.0,0.0,0.0,0.0,0.0
0.0,0.0,0.0,0.0,0.0,0.0,0.0,0.0,0.0,0.0,0.0,0.0,0.0,0.0,0.0,0.0,0.0,0.0,0.0,0.0,0.0,0.0,0.0,0.0,0.0,0.0,0.0,0.0,0.0,0.0,0.0,0.0,0.0,0.0,0.0,0.0,0.0,0.0,0.0,0.0,0.0,0.0,0.0,0.0,0.0,0.0,0.0,0.0,0.0,0.0,0.0,0.0,0.0,0.0,0.0,0.0,0.0,0.0,0.0,0.0,0.0,0.0,0.0,0.0,0.0,0.0,0.0,0.0,0.0,0.0,0.0,0.0,0.6,11.3,0.0,0.0,0.0,0.0,0.0,0.0,0.0,0.0,0.0,0.0,0.0,0.0,0.0,0.0,0.0,0.0,0.0,0.0,0.0,0.0,0.0,0.0,3.2,0.2,0.0,0.0,0.0,1.3,50.1,64587.3,0.6,12.9,674.4,0.0,88.6,10.3,262.1,74.9,1834.9,8002.5,1080.7,6135.6,21997.6,41108.3,30246.8,9718.8,163.0,1970.0,1713.6,25257.1,9826.9,3890.4,10079.3,11515.0,12322.2,975.1,1863.3,510.5,430.9,8.5,4395.5,1659.2,1602.7,1822.4,0.0,0.1,176.2,836.6,313.8,0.0,40.9,95.1,3288.9,1573.0,1402.8,682.9,227.2,6.2,14.0,141.8,164.9,439.5,1.8,1.3,1.1,220.9,9.5,0.1,395.6,39.1,0.5,2168.8,30435.6,282067.2,250406.4,63370.4,6870.3,228.2,2080.2,5366.4,6529.0,7891.2,148152.1,60770.1,17381.2,5739.2,901.2,9.8,6695.4,22987.2,0.0,244593.8,49639.0,10887.3,7969.1,22.5,1.3,14456.3,6105.7,2.7,3.2,0.4,0.0,0.0,0.0,0.0,0.0,0.0,0.0,0.0,0.0,0.0,0.0,0.0,0.0,0.0,0.0,0.0,0.0,0.0,0.0,0.0,0.0,0.0,0.0,0.0,0.0,0.0,0.0,0.0,0.0,0.0,0.0,0.0,0.0,0.0,0.0,0.0,0.0,0.0,0.0,0.0,0.0,0.0,0.0,0.0,0.0,0.0,0.0,0.0,0.0,0.0,0.0,0.0,0.0,0.0,0.0,0.0,0.0,0.0,0.0,0.0,0.0
0.0,0.0,0.0,0.0,0.0,0.0,0.0,0.0,0.0,0.0,0.0,0.0,0.0,0.0,0.0,0.0,0.0,0.0,0.0,0.0,0.0,0.0,0.0,0.0,0.0,0.0,0.0,0.0,0.0,0.0,0.0,0.0,0.0,0.0,0.0,0.0,0.0,0.0,0.0,0.0,0.0,0.0,0.0,0.0,0.0,0.0,0.0,0.0,0.0,0.0,0.0,0.0,0.0,0.0,0.0,0.0,0.0,0.0,0.0,0.0,0.0,0.0,0.0,0.0,0.0,0.0,0.0,0.0,0.0,0.0,0.0,0.0,37.3,60.9,2.5,0.0,0.0,0.0,0.0,0.0,0.0,0.0,0.0,0.0,0.0,0.0,0.0,0.0,0.0,0.0,0.0,0.0,0.0,0.0,0.0,0.0,0.0,0.0,0.0,0.0,0.0,24045.1,43435.9,13151.7,40.8,198.9,356.9,19589.4,2454.3,349.6,3006.5,2.6,39.6,44560.9,20182.0,16399.7,260443.3,72910.1,9610.1,245.3,4275.3,720.1,4735.3,17290.8,1610.1,4634.7,31.0,154.2,49.4,0.0,3.3,202.4,231.4,2156.7,632.5,149.8,107.2,1507.1,186.4,0.7,6.9,557.7,162.4,28.4,0.0,0.3,20.6,384.4,344.7,465.9,11.8,9.6,7.4,0.1,0.0,1479.4,3134.4,52.6,5.2,0.6,22.9,7.3,26.7,45.6,22.3,349.9,7372.4,5023.4,10182.0,938.7,1730.6,33.2,99.5,3592.4,794.2,15573.3,41428.9,93285.4,53642.9,47913.7,31282.0,2062.7,4573.3,4786.9,0.0,6475.7,2499.0,2305.7,411.2,77250.2,34719.7,4365.0,57.6,2.8,9.6,0.0,0.0,0.0,0.0,0.0,0.0,0.0,0.0,0.0,0.0,0.0,0.0,0.0,0.0,0.0,0.0,0.0,0.0,0.0,0.0,0.0,0.0,0.0,0.0,0.0,0.0,0.0,0.0,0.0,0.0,0.0,0.0,0.0,0.0,0.0,0.0,0.0,0.0,0.0,0.0,0.0,0.0,0.0,0.0,0.0,0.0,0.0,0.0,0.0,0.0,0.0,0.0,0.0,0.0,0.0,0.0,0.0,0.0,0.0,0.0,0.0,0.0
0.0,0.0,0.0,0.0,0.0,0.0,0.0,0.0,0.0,0.0,0.0,0.0,0.0,0.0,0.0,0.0,0.0,0.0,0.0,0.0,0.0,0.0,0.0,0.0,0.0,0.0,0.0,0.0,0.0,0.0,0.0,0.0,0.0,0.0,0.0,0.0,0.0,0.0,0.0,0.0,0.0,0.0,0.0,0.0,0.0,0.0,0.0,0.0,0.0,0.0,0.0,0.0,0.0,0.0,0.0,0.0,0.0,0.0,0.0,0.0,0.0,0.0,0.0,0.0,0.0,0.0,0.0,0.0,0.0,0.0,0.0,0.0,0.0,0.0,0.0,0.0,0.0,0.0,0.0,0.0,0.0,0.0,0.0,0.0,0.0,0.0,0.0,0.0,0.0,0.0,0.0,0.0,0.0,0.0,0.0,0.0,0.0,0.0,0.0,0.0,164.1,214422.3,184672.3,19788.2,91.8,2765.4,1684.2,4592.2,3967.1,33828.9,812.2,2312.0,31054.0,25294.2,63879.7,75405.9,461399.0,23583.2,10868.7,6519.6,6674.9,1280.2,179.8,2.8,407.2,79.5,113.6,225.5,195.6,4046.8,9202.1,6019.3,726.4,3079.7,338.7,191.5,4604.3,20452.1,62.7,80.4,57.4,21.1,369.5,518.9,0.2,0.0,0.0,5.7,433.5,120.0,16.3,0.7,10.1,9.9,7.6,430.0,8338.8,9172.7,1663.2,4416.5,4930.0,71.2,4.0,0.3,0.0,170.3,4316.2,126.5,5360.3,51.3,39.9,1.6,48.7,2904.6,938.6,11219.8,148605.8,407727.1,79407.9,89634.6,99097.2,20262.6,13522.5,29869.0,19645.5,3007.8,5197.4,25.3,65476.8,636376.8,708915.1,2953.9,16605.2,4005.6,19.7,0.0,0.0,0.0,0.0,0.0,0.0,0.0,0.0,0.0,0.0,0.0,0.0,0.0,0.0,0.0,0.0,0.0,0.0,0.0,0.0,0.0,0.0,0.0,0.0,0.0,0.0,0.0,0.0,0.0,0.0,0.0,0.0,0.0,0.0,0.0,0.0,0.0,0.0,0.0,0.0,0.0,0.0,0.0,0.0,0.0,0.0,0.0,0.0,0.0,0.0,0.0,0.0,0.0,0.0,0.0,0.0,0.0,0.0,0.0,0.0,0.0,0.0
0.0,0.0,0.0,0.0,0.0,0.0,0.0,0.0,0.0,0.0,0.0,0.0,0.0,0.0,0.0,0.0,0.0,0.0,0.0,0.0,0.0,0.0,0.0,0.0,0.0,0.0,0.0,0.0,0.0,0.0,0.0,0.0,0.0,0.0,0.0,0.0,0.0,0.0,0.0,0.0,0.0,0.0,0.0,0.0,0.0,0.0,0.0,0.0,0.0,0.0,0.0,0.0,0.0,0.0,0.0,0.0,0.0,0.0,0.0,0.0,0.0,0.0,0.0,0.0,0.0,0.0,0.0,0.0,0.0,0.0,0.0,0.0,0.0,0.0,0.0,0.0,0.0,0.0,0.0,0.0,0.0,0.0,0.0,0.0,0.0,0.0,0.0,0.0,0.0,0.0,0.0,0.0,0.0,0.0,3.3,1.5,0.0,0.0,0.0,0.0,9400.8,203372.8,58859.9,371.3,240.4,5963.6,590.2,184030.4,173351.0,25411.8,83845.9,18296.6,41559.4,189962.0,29866.5,69491.1,19650.5,8021.7,4699.0,11865.5,967.2,1389.9,9.8,1.5,10.2,0.4,18.4,633.2,38567.2,1498.2,23470.2,7151.9,545.1,1253.3,728.4,1593.2,380.9,380.2,6.9,45.4,69.2,114.3,332.6,4400.4,0.7,0.0,13.4,28.8,17.2,0.0,13.4,5.2,97.8,208.3,119.1,0.4,1.4,988.3,121569.2,14365.6,5048.8,304.2,437.8,249.9,30.1,3.6,1072.7,2380.8,3573.6,32.4,0.0,0.0,245.1,1575.2,1034.4,156.3,48063.2,174784.5,415756.7,509635.8,586022.3,146447.9,17084.4,20848.9,18881.8,20378.8,20686.2,35181.5,224631.9,691924.9,143667.4,9.8,86.0,320.0,77.3,0.0,0.0,0.0,0.0,0.0,0.0,0.0,0.0,0.0,0.0,0.0,0.0,0.0,0.0,0.0,0.0,0.0,0.0,0.0,0.0,0.0,0.0,0.0,0.0,0.0,0.0,0.0,0.0,0.0,0.0,0.0,0.0,0.0,0.0,0.0,0.0,0.0,0.0,0.0,0.0,0.0,0.0,0.0,0.0,0.0,0.0,0.0,0.0,0.0,0.0,0.0,0.0,0.0,0.0,0.0,0.0,0.0,0.0,0.0,0.0,0.0,0.0
0.0,0.0,0.0,0.0,0.0,0.0,0.0,0.0,0.0,0.0,0.0,0.0,0.0,0.0,0.0,0.0,0.0,0.0,0.0,0.0,0.0,0.0,0.0,0.0,0.0,0.0,0.0,0.0,0.0,0.0,0.0,0.0,0.0,0.0,0.0,0.0,0.0,0.0,0.0,0.0,0.0,0.0,0.0,0.0,0.0,0.0,0.0,0.0,0.0,0.0,0.0,0.0,0.0,0.0,0.0,0.0,0.0,0.0,0.0,0.0,0.0,0.0,0.0,0.0,0.0,0.0,0.0,0.0,0.0,0.0,0.0,0.0,0.0,0.0,0.0,0.0,0.0,0.0,0.0,0.0,0.0,0.0,0.0,0.0,0.0,0.0,0.0,0.0,0.0,0.0,0.0,0.0,0.0,0.7,0.6,0.0,152.4,120.5,0.0,0.0,41475.7,424468.8,75759.6,2878.1,166.6,1822.5,567.5,70465.9,254214.0,258.4,3691.9,52952.5,70162.5,45866.7,25841.4,8392.4,1424.8,2424.6,552.2,73.9,31.7,3.2,1.4,0.5,35.8,14.2,172.6,1280.3,32040.7,67950.0,27034.9,256224.6,59171.0,1729.7,57.1,1020.2,14.1,9.2,11.1,40.0,4.1,33.6,31.9,395.8,100.6,15.4,399.6,548.4,1.1,19.8,276.4,45.6,126.1,903.9,43.4,0.0,14.9,177.3,2294.2,35430.2,5163.9,14351.6,3797.8,282.4,302.2,766.8,165.5,7489.9,20566.0,1173.9,7.2,0.0,47.4,1294.6,71.0,9.0,501.7,29816.8,69484.6,227000.4,224963.7,284900.8,119918.2,24709.7,74534.3,15498.3,104233.0,45351.9,60336.1,115730.9,1099.2,65.5,0.1,0.7,3.4,0.0,0.0,0.0,0.0,0.0,0.0,0.0,0.0,0.0,0.0,0.0,0.0,0.0,0.0,0.0,0.0,0.0,0.0,0.0,0.0,0.0,0.0,0.0,0.0,0.0,0.0,0.0,0.0,0.0,0.0,0.0,0.0,0.0,0.0,0.0,0.0,0.0,0.0,0.0,0.0,0.0,0.0,0.0,0.0,0.0,0.0,0.0,0.0,0.0,0.0,0.0,0.0,0.0,0.0,0.0,0.0,0.0,0.0,0.0,0.0,0.0,0.0
0.0,0.0,0.0,0.0,0.0,0.0,0.0,0.0,0.0,0.0,0.0,0.0,0.0,0.0,0.0,0.0,0.0,0.0,0.0,0.0,0.0,0.0,0.0,0.0,0.0,0.0,0.0,0.0,0.0,0.0,0.0,0.0,0.0,0.0,0.0,0.0,0.0,0.0,0.0,0.0,0.0,0.0,0.0,0.0,0.0,0.0,0.0,0.0,0.0,0.0,0.0,0.0,0.0,0.0,0.0,0.0,0.0,0.0,0.0,0.0,0.0,0.0,0.0,0.0,0.0,0.0,0.0,0.0,0.0,0.0,0.0,0.0,0.0,0.0,0.0,0.0,0.0,0.0,0.0,0.0,0.0,0.0,0.0,0.0,0.0,0.0,0.0,0.0,0.0,0.0,0.0,0.0,0.0,0.0,0.0,0.0,3814.8,8.4,195337.9,918119.7,1378204.4,1045863.2,238799.0,15858.9,1472.6,28.9,17921.8,752.7,433.6,490.0,286.9,2605.1,4066.2,2208.3,905.7,1344.3,23.4,14.9,26.9,0.9,0.0,5.6,9.7,38.5,608.6,709.6,897.6,3538.6,127.4,4440.4,19579.7,80723.4,67663.1,986.5,33.2,11.6,1.5,2.4,5.9,11.6,11.1,33.1,186.3,727.1,102.3,435.7,165.3,4062.3,62.2,30.0,82.9,5.2,20.1,422.8,69.3,1.7,22.5,144.9,2143.1,15667.2,882.1,318.2,261.1,18.7,513.0,416.6,1321.5,21987.9,1410.4,462.0,2.6,0.8,27.2,90.4,35.9,76.0,329.6,1.3,22948.4,10988.6,16236.1,16491.0,16960.8,5420.5,2524.3,1596.3,2897.6,10297.5,175053.4,6636.1,10.8,0.0,0.0,116.1,0.0,0.0,0.0,0.0,0.0,0.0,0.0,0.0,0.0,0.0,0.0,0.0,0.0,0.0,0.0,0.0,0.0,0.0,0.0,0.0,0.0,0.0,0.0,0.0,0.0,0.0,0.0,0.0,0.0,0.0,0.0,0.0,0.0,0.0,0.0,0.0,0.0,0.0,0.0,0.0,0.0,0.0,0.0,0.0,0.0,0.0,0.0,0.0,0.0,0.0,0.0,0.0,0.0,0.0,0.0,0.0,0.0,0.0,0.0,0.0,0.0,0.0,0.0
0.0,0.0,0.0,0.0,0.0,0.0,0.0,0.0,0.0,0.0,0.0,0.0,0.0,0.0,0.0,0.0,0.0,0.0,0.0,0.0,0.0,0.0,0.0,0.0,0.0,0.0,0.0,0.0,0.0,0.0,0.0,0.0,0.0,0.0,0.0,0.0,0.0,0.0,0.0,0.0,0.0,0.0,0.0,0.0,0.0,0.0,0.0,0.0,0.0,0.0,0.0,0.0,0.0,0.0,0.0,0.0,0.0,0.0,0.0,0.0,0.0,0.0,0.0,0.0,0.0,0.0,0.0,0.0,0.0,0.0,0.0,0.0,0.0,0.0,0.0,0.0,0.0,0.0,0.0,0.0,0.0,0.0,0.0,0.0,0.0,0.0,0.0,0.0,0.0,0.0,0.0,0.0,0.0,0.0,0.0,0.0,0.0,4796.4,494795.8,1550204.4,1599427.0,263119.5,9097.4,49145.2,3809.4,481.3,24620.1,712.7,1982.9,10392.8,475.9,189.4,382.2,20.5,79.8,12.5,4.0,0.4,7.2,10.7,8910.0,682.9,392.1,85.6,62.4,19.3,100.7,2610.8,4385.8,34.9,4368.3,278.1,451.0,376.2,5.6,0.5,7.0,4.5,1.7,0.0,2.4,0.0,5.8,11.9,9.4,15.8,38.2,3.9,8.5,1.5,0.0,1.0,9.6,24.4,0.4,1.8,30.0,21.2,339.4,453.1,103.9,42.0,136.3,60.2,56.7,208.7,125.5,929.2,833.8,131.9,0.0,0.0,33.2,41.7,34.9,7.9,7.2,394.2,69.6,314.1,5783.4,153.5,1001.8,1240.7,3751.8,110.6,50.2,1623.4,92588.3,1540.0,3.6,0.8,49.2,8.9,0.0,0.0,0.0,0.0,0.0,0.0,0.0,0.0,0.0,0.0,0.0,0.0,0.0,0.0,0.0,0.0,0.0,0.0,0.0,0.0,0.0,0.0,0.0,0.0,0.0,0.0,0.0,0.0,0.0,0.0,0.0,0.0,0.0,0.0,0.0,0.0,0.0,0.0,0.0,0.0,0.0,0.0,0.0,0.0,0.0,0.0,0.0,0.0,0.0,0.0,0.0,0.0,0.0,0.0,0.0,0.0,0.0,0.0,0.0,0.0,0.0,0.0,0.0
0.0,0.0,0.0,0.0,0.0,0.0,0.0,0.0,0.0,0.0,0.0,0.0,0.0,0.0,0.0,0.0,0.0,0.0,0.0,0.0,0.0,0.0,0.0,0.0,0.0,0.0,0.0,0.0,0.0,0.0,0.0,0.0,0.0,0.0,0.0,0.0,0.0,0.0,0.0,0.0,0.0,0.0,0.0,0.0,0.0,0.0,0.0,0.0,0.0,0.0,0.0,0.0,0.0,0.0,0.0,0.0,0.0,0.0,0.0,0.0,0.0,0.0,0.0,0.0,0.0,0.0,0.0,0.0,0.0,0.0,0.0,0.0,0.0,0.0,0.0,0.0,0.0,0.0,0.0,0.0,0.0,0.0,0.0,0.0,0.0,0.0,0.0,0.0,0.0,0.0,0.0,0.0,0.0,0.0,0.0,0.0,0.0,261548.7,1284014.8,888854.3,715293.0,18700.4,35969.4,252778.2,31469.9,6086.2,404.4,69.4,467.6,5831.7,7.2,0.1,0.0,0.0,10.9,0.0,0.0,19.5,345.8,774.0,1085.3,1.9,0.2,0.6,1.8,8.8,0.0,180.5,4983.6,20.4,6831.1,28559.5,1133.7,447.7,0.3,2.8,11.2,513.8,1.0,4.8,0.0,0.0,0.1,3.3,1.6,4.8,55.8,65.7,17.5,3.1,0.0,5.3,10.4,1.7,1.2,13.3,21.6,20.8,10.3,25.4,62.8,22.0,119.1,12.6,45.2,63.3,829.7,590.9,5695.4,158.8,10.3,174.2,718.4,202.1,557.6,99.9,2197.8,140.8,14.4,344.4,17.5,13.8,54.4,1563.7,1102.5,51.7,0.3,128.9,12732.1,4405.0,23.1,10.9,14.3,6.2,0.0,0.0,0.0,0.0,0.0,0.0,0.0,0.0,0.0,0.0,0.0,0.0,0.0,0.0,0.0,0.0,0.0,0.0,0.0,0.0,0.0,0.0,0.0,0.0,0.0,0.0,0.0,0.0,0.0,0.0,0.0,0.0,0.0,0.0,0.0,0.0,0.0,0.0,0.0,0.0,0.0,0.0,0.0,0.0,0.0,0.0,0.0,0.0,0.0,0.0,0.0,0.0,0.0,0.0,0.0,0.0,0.0,0.0,0.0,0.0,0.0,0.0,0.0
0.0,0.0,0.0,0.0,0.0,0.0,0.0,0.0,0.0,0.0,0.0,0.0,0.0,0.0,0.0,0.0,0.0,0.0,0.0,0.0,0.0,0.0,0.0,0.0,0.0,0.0,0.0,0.0,0.0,0.0,0.0,0.0,0.0,0.0,0.0,0.0,0.0,0.0,0.0,0.0,0.0,0.0,0.0,0.0,0.0,0.0,0.0,0.0,0.0,0.0,0.0,0.0,0.0,0.0,0.0,0.0,0.0,0.0,0.0,0.0,0.0,0.0,0.0,0.0,0.0,0.0,0.0,0.0,0.0,0.0,0.0,0.0,0.0,0.0,0.0,0.0,0.0,0.0,0.0,0.0,0.0,0.0,0.0,0.0,0.0,0.0,0.0,0.0,0.0,0.0,0.0,0.0,0.0,0.0,0.0,685.0,131201.6,473207.8,243058.6,456874.7,359704.8,320.3,10942.1,13458.1,2906.9,6806.9,8159.6,43.6,30.3,223.0,22.7,25.4,1.4,0.9,3.3,116.6,60.2,1076.7,11770.1,531.4,64.4,273.4,1.5,1.1,11.5,3196.3,272.8,563.8,61.7,109.0,9310.0,1157.1,4.9,0.0,0.0,0.0,0.2,0.6,4.3,24.3,0.6,0.2,0.0,0.0,0.0,0.0,0.0,0.7,2.4,0.0,0.0,0.0,2.9,0.1,0.0,1.6,6.9,43.7,18.4,0.0,211.7,43.5,291.8,164.2,64.9,35.7,60.5,76.6,396.9,30.6,116.0,4068.0,17853.7,7140.1,230.8,825.2,6377.0,67.8,1.0,36.0,15.6,6.5,20.2,0.9,201.3,44.6,0.3,33.3,31.9,6483.5,9.7,11.3,10.9,4.3,0.0,0.0,0.0,0.0,0.0,0.0,0.0,0.0,0.0,0.0,0.0,0.0,0.0,0.0,0.0,0.0,0.0,0.0,0.0,0.0,0.0,0.0,0.0,0.0,0.0,0.0,0.0,0.0,0.0,0.0,0.0,0.0,0.0,0.0,0.0,0.0,0.0,0.0,0.0,0.0,0.0,0.0,0.0,0.0,0.0,0.0,0.0,0.0,0.0,0.0,0.0,0.0,0.0,0.0,0.0,0.0,0.0,0.0,0.0,0.0,0.0,0.0,0.0
0.0,0.0,0.0,0.0,0.0,0.0,0.0,0.0,0.0,0.0,0.0,0.0,0.0,0.0,0.0,0.0,0.0,0.0,0.0,0.0,0.0,0.0,0.0,0.0,0.0,0.0,0.0,0.0,0.0,0.0,0.0,0.0,0.0,0.0,0.0,0.0,0.0,0.0,0.0,0.0,0.0,0.0,0.0,0.0,0.0,0.0,0.0,0.0,0.0,0.0,0.0,0.0,0.0,0.0,0.0,0.0,0.0,0.0,0.0,0.0,0.0,0.0,0.0,0.0,0.0,0.0,0.0,0.0,0.0,0.0,0.0,0.0,0.0,0.0,0.0,0.0,0.0,0.0,0.0,0.0,0.0,0.0,0.0,0.0,0.0,0.0,0.0,0.0,0.0,0.0,21985.1,9230.9,291999.9,156892.5,236694.4,143835.1,2855.3,63361.8,254775.7,602038.5,337391.9,18311.1,11893.3,305.3,366.2,3358.6,2999.7,7.7,4166.2,838.1,13.1,21.1,305.8,14.9,2059.4,563.0,8.0,754.9,7.8,536.7,74.6,29.9,4.8,0.7,1.4,3.0,4.9,29.3,133.7,78.1,13553.0,409.0,0.1,0.0,0.0,0.0,0.0,0.0,0.0,0.0,0.7,6.5,0.0,0.0,0.0,0.0,0.0,0.0,0.0,1.7,0.0,0.0,1.4,13.5,31.6,2.6,3.2,42.3,25.5,20.4,13.9,66.2,48.3,121.0,737.0,64.7,154.5,756.9,237.0,24.2,3368.9,24502.9,127673.1,9926.9,29023.7,3019.0,415.4,607.4,4107.5,589.4,59.3,23.0,10.0,0.1,0.0,49.1,0.5,8.7,141.7,1282.4,382.3,69.8,486.3,126.3,0.0,0.0,0.0,0.0,0.0,0.0,0.0,0.0,0.0,0.0,0.0,0.0,0.0,0.0,0.0,0.0,0.0,0.0,0.0,0.0,0.0,0.0,0.0,0.0,0.0,0.0,0.0,0.0,0.0,0.0,0.0,0.0,0.0,0.0,0.0,0.0,0.0,0.0,0.0,0.0,0.0,0.0,0.0,0.0,0.0,0.0,0.0,0.0,0.0,0.0,0.0,0.0,0.0,0.0,0.0,0.0,0.0,0.0,0.0,0.0,0.0,0.0,0.0
0.0,0.0,0.0,0.0,0.0,0.0,0.0,0.0,0.0,0.0,0.0,0.0,0.0,0.0,0.0,0.0,0.0,0.0,0.0,0.0,0.0,0.0,0.0,0.0,0.0,0.0,0.0,0.0,0.0,0.0,0.0,0.0,0.0,0.0,0.0,0.0,0.0,0.0,0.0,0.0,0.0,0.0,0.0,0.0,0.0,0.0,0.0,0.0,0.0,0.0,0.0,0.0,0.0,0.0,0.0,0.0,0.0,0.0,0.0,0.0,0.0,0.0,0.0,0.0,0.0,0.0,0.0,0.0,0.0,0.0,0.0,0.0,0.0,0.0,0.0,0.0,0.0,0.0,0.0,0.0,0.0,0.0,0.0,0.0,0.0,0.0,0.0,30.5,3095.8,19324.7,1043604.8,901141.2,912016.0,332775.8,351573.9,81415.3,263500.7,269086.4,425931.8,544600.2,307436.9,119400.9,155678.4,6338.6,20.5,28.3,1.2,451.6,37983.4,1.2,0.0,1.0,8.0,66.8,0.5,0.1,0.4,10.8,26.2,167.7,122.5,17.3,0.0,1.3,45.1,0.2,1.2,0.9,0.0,0.0,85.6,23.8,0.0,101.5,77.6,0.0,0.0,0.0,0.5,2.7,1.6,3.4,1.1,6.8,0.1,0.0,0.0,0.0,1.9,10.7,0.5,0.0,15.6,15.2,18.3,2.1,0.8,20.9,20.9,56.6,36.9,252.5,68.9,44.9,111.9,196.7,77.6,60.8,40.6,967.5,9579.1,8287.8,1976.8,49.5,4664.6,1132.5,3036.5,23357.3,2802.3,1393.0,25.2,29.5,102.0,24.5,0.7,0.0,0.9,7.3,3.7,5.9,2.4,2.9,37.5,4.2,0.0,0.0,0.0,0.0,0.0,0.0,0.0,0.0,0.0,0.0,0.0,0.0,0.0,0.0,0.0,0.0,0.0,0.0,0.0,0.0,0.0,0.0,0.0,0.0,0.0,0.0,0.0,0.0,0.0,0.0,0.0,0.0,0.0,0.0,0.0,0.0,0.0,0.0,0.0,0.0,0.0,0.0,0.0,0.0,0.0,0.0,0.0,0.0,0.0,0.0,0.0,0.0,0.0,0.0,0.0,0.0,0.0,0.0,0.0,0.0,0.0,0.0,0.0
0.0,0.0,0.0,0.0,0.0,0.0,0.0,0.0,0.0,0.0,0.0,0.0,0.0,0.0,0.0,0.0,0.0,0.0,0.0,0.0,0.0,0.0,0.0,0.0,0.0,0.0,0.0,0.0,0.0,0.0,0.0,0.0,0.0,0.0,0.0,0.0,0.0,0.0,0.0,0.0,0.0,0.0,0.0,0.0,0.0,0.0,0.0,0.0,0.0,0.0,0.0,0.0,0.0,0.0,0.0,0.0,0.0,0.0,0.0,0.0,0.0,0.0,0.0,0.0,0.0,0.0,0.0,0.0,0.0,0.0,0.0,0.0,0.0,0.0,0.0,0.0,0.0,0.0,0.0,0.0,0.0,0.0,0.0,0.0,21.9,2103.5,128079.4,268741.0,4746.7,2792.1,409686.2,34362.1,199346.3,41463.6,10205.2,10164.1,32197.9,223428.8,75693.2,186242.2,31976.5,74768.1,46493.1,2175.8,1348.8,7.6,0.0,0.0,282.8,1874.4,0.7,0.9,49.0,0.0,0.0,0.0,0.0,1.1,22.2,5.3,0.0,2.2,0.0,0.7,141.3,0.0,10.8,0.7,0.0,0.2,0.0,0.0,0.0,5.1,4552.0,11.2,0.0,0.0,0.0,5.2,2.5,6.7,13.2,10.1,4.9,14.0,5.7,2.5,27.1,21.5,0.3,3.4,51.6,1106.8,62.3,9.2,13.5,20.4,21.0,226.7,46.3,290.7,7.0,78.1,1509.2,715.9,20.5,4029.8,170.1,18563.3,34191.6,228.8,8669.5,939.5,196.0,101.9,8208.8,53388.8,2869.6,554.7,80.6,0.9,35.0,94.7,143.8,1.6,0.0,60.1,2.9,130.6,127.8,51.3,84.8,0.0,0.0,0.0,0.0,0.0,0.0,0.0,0.0,0.0,0.0,0.0,0.0,0.0,0.0,0.0,0.0,0.0,0.0,0.0,0.0,0.0,0.0,0.0,0.0,0.0,0.0,0.0,0.0,0.0,0.0,0.0,0.0,0.0,0.0,0.0,0.0,0.0,0.0,0.0,0.0,0.0,0.0,0.0,0.0,0.0,0.0,0.0,0.0,0.0,0.0,0.0,0.0,0.0,0.0,0.0,0.0,0.0,0.0,0.0,0.0,0.0,0.0,0.0,0.0
0.0,0.0,0.0,0.0,0.0,0.0,0.0,0.0,0.0,0.0,0.0,0.0,0.0,0.0,0.0,0.0,0.0,0.0,0.0,0.0,0.0,0.0,0.0,0.0,0.0,0.0,0.0,0.0,0.0,0.0,0.0,0.0,0.0,0.0,0.0,0.0,0.0,0.0,0.0,0.0,0.0,0.0,0.0,0.0,0.0,0.0,0.0,0.0,0.0,0.0,0.0,0.0,0.0,0.0,0.0,0.0,0.0,0.0,0.0,0.0,0.0,0.0,0.0,0.0,0.0,0.0,0.0,0.0,0.0,0.0,0.0,0.0,0.0,0.0,0.0,0.0,0.0,0.0,0.0,1.2,0.0,1261.0,6303.2,2695.4,1508.9,2040.1,9080.1,4280.8,4624.5,2479.0,57835.4,47954.4,7888.8,6578.8,1171.6,1660.0,6846.4,27756.0,58760.8,2473.4,20103.3,6736.4,422.9,4907.4,31808.0,4.6,0.0,0.0,0.0,6.4,2.4,1.8,3.2,0.7,0.5,1.0,0.1,2.0,3.2,0.0,83.8,0.0,0.0,0.0,0.0,0.0,354.8,2.7,0.1,15.8,4.3,1.0,0.0,0.0,0.8,286.5,187.8,0.0,0.0,11.6,6.7,9.3,59.3,6.5,71.4,29.3,25.6,8.8,0.3,2.9,33.5,14.8,45.6,2121.8,2223.4,4.2,3.6,44.6,881.5,116.8,59.3,29.8,14.6,66.2,139.3,93.2,148.3,4283.7,231.4,4486.0,1049.2,27.8,897.9,806.2,2066.1,10629.1,186.0,104.8,1851.5,10248.6,673.7,562.3,2291.4,1647.7,42.4,0.0,1.0,26.0,92.0,3228.8,223.8,58.0,56.6,0.0,0.0,0.0,0.0,0.0,0.0,0.0,0.0,0.0,0.0,0.0,0.0,0.0,0.0,0.0,0.0,0.0,0.0,0.0,0.0,0.0,0.0,0.0,0.0,0.0,0.0,0.0,0.0,0.0,0.0,0.0,0.0,0.0,0.0,0.0,0.0,0.0,0.0,0.0,0.0,0.0,0.0,0.0,0.0,0.0,0.0,0.0,0.0,0.0,0.0,0.0,0.0,0.0,0.0,0.0,0.0,0.0,0.0,0.0,0.0,0.0,0.0,0.0,0.0
0.0,0.0,0.0,0.0,0.0,0.0,0.0,0.0,0.0,0.0,0.0,0.0,0.0,0.0,0.0,0.0,0.0,0.0,0.0,0.0,0.0,0.0,0.0,0.0,0.0,0.0,0.0,0.0,0.0,0.0,0.0,0.0,0.0,0.0,0.0,0.0,0.0,0.0,0.0,0.0,0.0,0.0,0.0,0.0,0.0,0.0,0.0,0.0,0.0,0.0,0.0,0.0,0.0,0.0,0.0,0.0,0.0,0.0,0.0,0.0,0.0,0.0,0.0,0.0,0.0,0.0,0.0,0.0,0.0,0.0,0.0,0.0,0.0,0.0,0.0,0.0,4.2,11.8,7228.0,40173.8,35539.1,16443.5,4565.6,4549.9,132.8,13.5,780.4,5332.3,87.6,639.6,8473.3,4734.7,622.8,462.8,1787.9,226.0,4382.0,57888.0,27828.3,3191.4,897.4,403.4,9.9,2720.8,466.2,50.1,0.0,0.0,0.0,0.0,3.5,11.3,11.3,14.5,0.3,1.8,0.4,3.8,1.1,1.4,0.0,0.0,0.0,98.6,0.3,1.4,12.8,1.2,3.0,15.9,25.4,4.2,0.7,0.0,2.1,62.3,102.3,79.1,2.2,0.0,4.7,2.5,60.2,79.2,3.2,7.0,3.3,6.6,6.7,12.6,39.2,66.6,192.9,316.0,104.1,9.0,6.7,251.3,3202.9,16.9,209.9,66.5,23.0,5.0,32.7,31.2,4671.4,33570.6,516.3,68875.6,2713.8,4.2,82.1,4496.6,562.2,9419.0,230.7,114.4,124.7,748.8,4245.9,302.6,525.9,39.9,1.4,0.0,2.1,5.5,185.2,264.6,188.3,54.5,8.1,0.0,0.0,0.0,0.0,0.0,0.0,0.0,0.0,0.0,0.0,0.0,0.0,0.0,0.0,0.0,0.0,0.0,0.0,0.0,0.0,0.0,0.0,0.0,0.0,0.0,0.0,0.0,0.0,0.0,0.0,0.0,0.0,0.0,0.0,0.0,0.0,0.0,0.0,0.0,0.0,0.0,0.0,0.0,0.0,0.0,0.0,0.0,0.0,0.0,0.0,0.0,0.0,0.0,0.0,0.0,0.0,0.0,0.0,0.0,0.0,0.0,0.0,0.0,0.0
0.0,0.0,0.0,0.0,0.0,0.0,0.0,0.0,0.0,0.0,0.0,0.0,0.0,0.0,0.0,0.0,0.0,0.0,0.0,0.0,0.0,0.0,0.0,0.0,0.0,0.0,0.0,0.0,0.0,0.0,0.0,0.0,0.0,0.0,0.0,0.0,0.0,0.0,0.0,0.0,0.0,0.0,0.0,0.0,0.0,0.0,0.0,0.0,0.0,0.0,0.0,0.0,0.0,0.0,0.0,0.0,0.0,0.0,0.0,0.0,0.0,0.0,0.0,0.0,55.9,348.1,218.6,0.0,0.0,0.0,0.0,0.0,0.0,0.0,76.6,180.4,234.2,281.4,1187.3,569.5,822.6,48.6,121.8,66.2,104.4,895.6,461.5,165.3,91.8,326.9,4760.3,394.7,87.6,369.5,2391.6,19.2,47914.6,230689.3,34838.3,32131.3,2476.3,0.1,1.6,1945.2,260.0,10224.5,0.0,0.0,0.0,0.0,0.0,2.3,98.0,75.2,10.6,0.1,4.6,24.7,0.0,210.0,0.0,3217.4,58.9,46.7,9.3,6.1,115.0,43.6,2.4,5.9,1.2,1.2,3.5,4.7,0.0,2.5,75.0,3446.0,2154.9,73.4,11.1,11.4,3.4,5.1,8.8,0.0,6.1,2.2,0.8,5.0,10.7,31.2,27.5,47.3,35.0,69.5,6.2,5.7,1007.0,23.2,20.1,2.1,211.2,42.9,838.2,163.6,206.0,199.9,10233.8,209305.9,4171.1,3645.9,10219.6,1658.0,39514.1,4841.5,5137.6,210.5,47.6,758.1,4154.3,2348.7,2211.1,328.7,4.1,8.3,67.1,1056.6,483.3,48.7,100.6,19.9,5.2,0.0,0.0,0.0,0.0,0.0,0.0,0.0,0.0,0.0,0.0,0.0,0.0,0.0,0.0,0.0,0.0,0.0,0.0,0.0,0.0,0.0,0.0,0.0,0.0,0.0,0.0,0.0,0.0,0.0,0.0,0.0,0.0,0.0,0.0,0.0,0.0,0.0,0.0,0.0,0.0,0.0,0.0,0.0,0.0,0.0,0.0,0.0,0.0,0.0,0.0,0.0,0.0,0.0,0.0,0.0,0.0,0.0,0.0,0.0,0.0,0.0,0.0,0.0,0.0
0.0,0.0,0.0,0.0,0.0,0.0,0.0,0.0,0.0,0.0,0.0,0.0,0.0,0.0,0.0,0.0,0.0,0.0,0.0,0.0,0.0,0.0,0.0,0.0,0.0,0.0,0.0,0.0,0.0,0.0,0.0,0.0,0.0,0.0,0.0,0.0,0.0,0.0,0.0,0.0,0.0,0.0,0.0,0.0,0.0,0.0,0.0,0.0,0.0,0.0,0.0,0.0,0.0,0.0,0.0,0.0,0.0,0.0,0.0,0.0,0.0,0.0,0.0,2.0,309.6,653.8,1163.0,117.2,0.0,0.0,0.0,0.0,0.0,41.8,222.0,228.6,239.1,249.5,140.7,48.8,40.0,40.7,21.5,314.1,4326.1,243.3,63.7,45.7,36.7,13.1,86.9,443.2,0.0,48.6,3857.6,6956.2,113498.7,59946.5,40.0,11450.6,768.9,0.0,3.6,1.8,10.4,0.0,0.0,0.0,0.0,0.0,0.0,16.8,271.0,70.3,1084.0,230.3,0.0,0.0,0.0,0.0,0.0,17.1,5.2,15.0,49.3,1802.6,54.3,34.5,15.7,15.8,2.9,0.0,72.1,9.9,1.9,4.0,3.4,72.5,9199.9,750.8,61.0,283.6,70.4,34.7,18.0,11.8,5.5,1.9,0.4,3.4,3.4,6.0,8.1,8.0,49.0,21.4,0.0,0.7,6.3,24.1,27.3,0.0,8.5,14.6,1232.9,21545.2,410.8,145.5,660.7,3086.6,900.7,2238.7,5901.1,4917.6,3263.2,1080.3,454.2,1019.7,98.3,21.2,55.4,147.3,10964.8,2924.7,1221.7,231.6,6522.7,4077.8,977.2,7993.9,6254.5,103.8,1.3,0.0,0.0,0.0,0.0,0.0,0.0,0.0,0.0,0.0,0.0,0.0,0.0,0.0,0.0,0.0,0.0,0.0,0.0,0.0,0.0,0.0,0.0,0.0,0.0,0.0,0.0,0.0,0.0,0.0,0.0,0.0,0.0,0.0,0.0,0.0,0.0,0.0,0.0,0.0,0.0,0.0,0.0,0.0,0.0,0.0,0.0,0.0,0.0,0.0,0.0,0.0,0.0,0.0,0.0,0.0,0.0,0.0,0.0,0.0,0.0,0.0,0.0,0.0,0.0
0.0,0.0,0.0,0.0,0.0,0.0,0.0,0.0,0.0,0.0,0.0,0.0,0.0,0.0,0.0,0.0,0.0,0.0,0.0,0.0,0.0,0.0,0.0,0.0,0.0,0.0,0.0,0.0,0.0,0.0,0.0,0.0,0.0,0.0,0.0,0.0,0.0,0.0,0.0,0.0,0.0,0.0,0.0,0.0,0.0,0.0,0.0,0.0,0.0,0.0,0.0,0.0,0.0,0.0,0.0,0.0,0.0,0.0,0.0,0.0,0.0,0.0,1.3,3233.0,0.6,0.0,0.0,0.0,0.0,0.0,0.0,0.0,1.3,48.3,144.2,180.8,238.8,249.4,232.3,66.3,8.6,19.5,34.3,316.7,48.8,52.1,3.1,4.8,10.8,1.3,3541.3,9136.2,52.7,36.6,1018.0,5041.4,70.9,0.0,107.0,28791.8,31.8,0.0,7.6,1.8,15.7,0.0,0.0,0.0,102.1,31.2,1.0,118.6,1626.7,21.3,0.0,11.2,0.0,0.0,0.0,0.0,0.0,0.0,0.0,0.5,27.1,9.4,11.2,80.2,98.4,192.2,1.6,0.0,14.1,9.3,0.4,1.1,0.3,154.1,38.2,14.1,116.7,81.4,0.8,357.6,193.3,4.8,0.0,0.2,13.5,1.2,0.0,3.3,3.5,0.7,68.4,12.2,0.0,7.3,160.1,251.3,90.9,0.5,25.0,63.4,153.1,500.6,2863.3,1990.5,303.1,842.9,156.8,6083.8,791.3,87.7,314.3,236.1,153.0,580.1,212.5,3881.8,108.7,269.0,182.0,590.7,1924.5,5017.7,5685.2,2954.5,36357.5,10563.7,67395.9,16969.5,0.0,0.0,0.0,0.0,0.0,0.0,0.0,0.0,0.0,0.0,0.0,0.0,0.0,0.0,0.0,0.0,0.0,0.0,0.0,0.0,0.0,0.0,0.0,0.0,0.0,0.0,0.0,0.0,0.0,0.0,0.0,0.0,0.0,0.0,0.0,0.0,0.0,0.0,0.0,0.0,0.0,0.0,0.0,0.0,0.0,0.0,0.0,0.0,0.0,0.0,0.0,0.0,0.0,0.0,0.0,0.0,0.0,0.0,0.0,0.0,0.0,0.0,0.0,0.0,0.0
0.0,0.0,0.0,0.0,0.0,0.0,0.0,0.0,0.0,0.0,0.0,0.0,0.0,0.0,0.0,0.0,0.0,0.0,0.0,0.0,0.0,0.0,0.0,0.0,0.0,0.0,0.0,0.0,0.0,0.0,0.0,0.0,0.0,0.0,0.0,0.0,0.0,0.0,0.0,0.0,0.0,0.0,0.0,0.0,0.0,0.0,0.0,0.0,0.0,0.0,0.0,0.0,0.0,0.0,0.0,0.0,0.0,0.0,0.0,0.0,0.1,2.7,3.7,5.1,0.0,0.0,0.0,0.0,0.0,0.0,0.0,0.5,3.3,16.4,32.0,33.7,221.7,227.7,171.8,47.9,9.8,70.5,86.1,80.2,79.0,69.0,1.1,52.4,462.8,2957.1,797941.7,84866.3,33408.5,6394.4,843.4,219.7,79.2,6.8,98.7,592.1,0.5,1.1,2.6,0.0,0.5,855.4,3.5,0.0,50.7,6.8,4801.7,126.1,142.6,7.4,0.0,0.0,0.0,0.0,0.0,0.0,2.0,27.5,2.0,0.2,2.6,9.5,7.7,3.2,0.3,3.0,7.1,0.0,1.4,2.1,44.8,388.6,60.6,2.2,14.4,1.8,0.1,6.3,0.0,0.0,0.0,0.0,0.0,1.5,55.1,45.7,0.0,0.2,0.5,0.0,4.8,21.2,10.1,42.2,76.9,226.8,1464.4,316.6,117.1,16363.5,66.9,197.9,763.5,61682.9,644.2,451.5,54.5,477.2,129.9,794.3,218.7,1082.2,83.0,1040.6,200.6,676.3,1163.6,130.0,219.4,448.3,276.4,578.2,219.7,75.2,85.5,83.1,15878.9,93070.0,0.0,0.0,0.0,0.0,0.0,0.0,0.0,0.0,0.0,0.0,0.0,0.0,0.0,0.0,0.0,0.0,0.0,0.0,0.0,0.0,0.0,0.0,0.0,0.0,0.0,0.0,0.0,0.0,0.0,0.0,0.0,0.0,0.0,0.0,0.0,0.0,0.0,0.0,0.0,0.0,0.0,0.0,0.0,0.0,0.0,0.0,0.0,0.0,0.0,0.0,0.0,0.0,0.0,0.0,0.0,0.0,0.0,0.0,0.0,0.0,0.0,0.0,0.0,0.0,0.0
0.0,0.0,0.0,0.0,0.0,0.0,0.0,0.0,0.0,0.0,0.0,0.0,0.0,0.0,0.0,0.0,0.0,0.0,0.0,0.0,0.0,0.0,0.0,0.0,0.0,0.0,0.0,0.0,0.0,0.0,0.0,0.0,0.0,0.0,0.0,0.0,0.0,0.0,0.0,0.0,0.0,0.0,0.0,0.0,0.0,0.0,0.0,0.0,0.0,0.0,0.0,0.0,0.0,0.0,0.0,0.0,0.0,0.0,0.0,57.2,606.1,1.4,12.2,38.9,0.0,0.0,0.0,0.0,0.0,0.0,1.5,4.1,4.6,26.2,33.5,53.1,137.5,86.7,68.7,52.1,31.1,142.4,92.8,53.9,60.9,54.2,679.0,2880.6,25368.5,20361.6,126208.0,9447.0,361.4,5136.4,170.9,0.0,244.4,4.6,2.7,6.3,2.6,17.3,2.1,17.3,0.0,1.3,1.7,2.8,0.5,5097.7,35708.5,2236.6,0.9,0.0,0.0,0.0,0.0,0.0,0.0,0.0,1.0,5.8,3.7,3.5,0.0,0.0,0.0,0.1,3.2,1.3,1.9,8.5,0.0,8.8,69.1,4343.8,51.0,31.2,11.7,5.2,1.7,2.2,0.0,0.0,0.0,0.0,0.0,0.0,12.2,50.2,9.0,1.1,1.2,0.5,217.6,29.0,13.8,9.0,31.3,4545.4,5528.0,658.7,3619.3,964.8,3558.1,86.7,38.5,641.7,1934.2,186.2,179.2,308.9,78.6,1186.9,1125.8,138.1,79.3,433.5,224.0,190.8,229.8,25.0,165.6,2280.3,421.3,1160.4,347.8,58.6,233.1,130.3,291.9,143.4,0.0,0.0,0.0,0.0,0.0,0.0,0.0,0.0,0.0,0.0,0.0,0.0,0.0,0.0,0.0,0.0,0.0,0.0,0.0,0.0,0.0,0.0,0.0,0.0,0.0,0.0,0.0,0.0,0.0,0.0,0.0,0.0,0.0,0.0,0.0,0.0,0.0,0.0,0.0,0.0,0.0,0.0,0.0,0.0,0.0,0.0,0.0,0.0,0.0,0.0,0.0,0.0,0.0,0.0,0.0,0.0,0.0,0.0,0.0,0.0,0.0,0.0,0.0,0.0,0.0
0.0,0.0,0.0,0.0,0.0,0.0,0.0,0.0,0.0,0.0,0.0,0.0,0.0,0.0,0.0,0.0,0.0,0.0,0.0,0.0,0.0,0.0,0.0,0.0,0.0,0.0,0.0,0.0,0.0,0.0,0.0,0.0,0.0,0.0,0.0,0.0,0.0,0.0,0.0,0.0,0.0,0.0,0.0,0.0,0.0,0.0,0.0,0.0,0.0,0.0,0.0,0.0,0.0,0.0,0.0,0.0,0.0,0.0,2.9,105.9,564.4,399.8,125.9,81.1,41.2,0.0,0.0,0.0,10.6,2.7,6.5,19.8,23.7,32.9,31.4,27.7,18.4,19.4,54.7,64.6,129.1,19591.1,68.6,0.8,0.7,0.0,602.4,18457.0,36428.9,34324.9,6063.2,0.0,7.2,0.0,0.1,0.0,49.5,4.6,5.0,4.3,2.5,9.1,1.0,4.7,9.2,9.2,33.1,203.2,2710.5,3.7,418.0,160.7,1128.4,0.0,0.0,0.0,0.0,0.0,0.0,0.0,0.0,6.6,5.6,0.0,0.0,0.0,0.0,3.5,3.9,2.1,6.9,4.2,0.0,11.1,536.5,76.4,7.2,0.3,4.1,34.9,0.0,0.0,0.0,0.0,0.0,1.6,4.6,17.5,33.7,264.7,14.7,19.5,3.1,29.7,1113.7,938.2,360.2,31.2,100.8,71.5,154.5,99.2,124.3,286.7,178.9,83.9,0.0,11.2,421.5,2977.7,69.1,92.7,62.4,67.3,120.4,157.1,2483.3,381.0,1049.4,196.0,211.9,37.1,37.1,857.3,911.4,1759.8,63.6,25.1,36.5,33.1,6.3,37.7,0.0,0.0,0.0,0.0,0.0,0.0,0.0,0.0,0.0,0.0,0.0,0.0,0.0,0.0,0.0,0.0,0.0,0.0,0.0,0.0,0.0,0.0,0.0,0.0,0.0,0.0,0.0,0.0,0.0,0.0,0.0,0.0,0.0,0.0,0.0,0.0,0.0,0.0,0.0,0.0,0.0,0.0,0.0,0.0,0.0,0.0,0.0,0.0,0.0,0.0,0.0,0.0,0.0,0.0,0.0,0.0,0.0,0.0,0.0,0.0,0.0,0.0,0.0,0.0,0.0
0.0,0.0,0.0,0.0,0.0,0.0,0.0,0.0,0.0,0.0,0.0,0.0,0.0,0.0,0.0,0.0,0.0,0.0,0.0,0.0,0.0,0.0,0.0,0.0,0.0,0.0,0.0,0.0,0.0,0.0,0.0,0.0,0.0,0.0,0.0,0.0,0.0,0.0,0.0,0.0,0.0,0.0,0.0,0.0,0.0,0.0,0.0,0.0,0.0,0.0,0.0,0.0,0.0,0.0,0.0,0.0,0.0,0.0,154.2,267.6,185.4,296.9,129.1,191.9,15821.7,153.3,97.3,13.9,51.1,45.4,53.2,53.0,16.0,11.8,14.6,0.6,0.0,0.0,0.0,0.0,0.0,0.0,0.0,0.0,0.0,1.6,24.0,660.0,114755.1,133238.6,18110.8,24.0,5.8,4.3,6.7,4500.0,0.0,0.2,25.5,2.4,0.0,2.1,3.0,2.9,15.6,12.3,466.1,266.5,215.7,702.9,465.9,7045.5,260.4,0.0,0.0,0.0,0.5,0.0,83.5,0.0,0.0,9.8,0.4,0.0,0.0,0.0,0.0,3.2,0.0,49.1,9.3,8.7,7.0,4.1,17.4,83.4,7.0,0.0,0.1,0.4,0.1,0.0,0.0,0.0,0.0,0.0,0.9,6.7,30.2,19.0,16.2,36.0,5808.5,4245.5,6153.3,6328.9,600.9,438.7,20.5,435.7,47.2,4.8,98.6,536.5,1212.5,5.4,20.5,0.3,68.6,1384.0,104.7,524.7,142.1,115.1,671.5,290.8,689.1,769.6,715.9,465.4,1090.1,920.5,473.4,144.1,114.2,6445.0,69.8,27.3,28.2,32.5,6.2,0.2,0.0,0.0,0.0,0.0,0.0,0.0,0.0,0.0,0.0,0.0,0.0,0.0,0.0,0.0,0.0,0.0,0.0,0.0,0.0,0.0,0.0,0.0,0.0,0.0,0.0,0.0,0.0,0.0,0.0,0.0,0.0,0.0,0.0,0.0,0.0,0.0,0.0,0.0,0.0,0.0,0.0,0.0,0.0,0.0,0.0,0.0,0.0,0.0,0.0,0.0,0.0,0.0,0.0,0.0,0.0,0.0,0.0,0.0,0.0,0.0,0.0,0.0,0.0,0.0,0.0
0.0,0.0,0.0,0.0,0.0,0.0,0.0,0.0,0.0,0.0,0.0,0.0,0.0,0.0,0.0,0.0,0.0,0.0,0.0,0.0,0.0,0.0,0.0,0.0,0.0,0.0,0.0,0.0,0.0,0.0,0.0,0.0,0.0,0.0,0.0,0.0,0.0,0.0,0.0,0.0,0.0,0.0,0.0,0.0,0.0,0.0,0.0,0.0,0.0,0.0,0.0,0.0,0.0,0.0,0.0,0.0,0.8,741.9,881.6,247.2,778.7,715.9,572.0,252.1,69.1,199.3,138.3,41.5,62.2,64.9,60.5,26.7,0.9,0.5,0.0,0.0,0.0,0.0,0.0,0.0,0.0,0.0,0.0,0.0,4947.1,3.1,2.8,2.4,207.3,30201.5,120705.4,1.8,3.7,160.9,384.8,7385.2,4.6,0.0,0.0,0.0,0.0,0.0,17.8,0.7,14.8,6.9,2.6,119.0,166671.9,781247.9,414955.5,68.1,1.4,0.0,0.0,0.1,12.9,0.0,0.0,0.1,5.4,1.0,1.6,3.2,0.0,205.1,0.0,28.0,755.6,549.4,156.2,12.6,7.2,21.7,28.5,2509.4,8.7,29.5,2.3,15.6,6.1,19.6,1.8,0.0,0.0,0.0,0.0,0.0,9.7,27.6,412.3,3011.3,59831.6,13101.6,6908.5,29567.9,7970.5,94.6,1.4,213.9,779.5,48.9,1602.4,2735.2,44.3,12.0,110.1,50.3,41.5,481.2,134.9,380.4,614.5,869.5,382.8,7277.3,13066.4,2646.5,1836.1,1492.3,1606.6,5636.2,8197.0,1291.2,416.0,1399.0,32.2,44.3,30.8,53.9,86.0,4.1,0.0,0.0,0.0,0.0,0.0,0.0,0.0,0.0,0.0,0.0,0.0,0.0,0.0,0.0,0.0,0.0,0.0,0.0,0.0,0.0,0.0,0.0,0.0,0.0,0.0,0.0,0.0,0.0,0.0,0.0,0.0,0.0,0.0,0.0,0.0,0.0,0.0,0.0,0.0,0.0,0.0,0.0,0.0,0.0,0.0,0.0,0.0,0.0,0.0,0.0,0.0,0.0,0.0,0.0,0.0,0.0,0.0,0.0,0.0,0.0,0.0,0.0,0.0,0.0,0.0
0.0,0.0,0.0,0.0,0.0,0.0,0.0,0.0,0.0,0.0,0.0,0.0,0.0,0.0,0.0,0.0,0.0,0.0,0.0,0.0,0.0,0.0,0.0,0.0,0.0,0.0,0.0,0.0,0.0,0.0,0.0,0.0,0.0,0.0,0.0,0.0,0.0,0.0,0.0,0.0,0.0,0.0,0.0,0.0,0.0,0.0,0.0,0.0,0.0,0.0,0.0,0.0,0.0,0.0,0.0,0.0,0.0,411.3,11.6,432.3,576.8,753.4,716.9,756.9,62.0,6.7,15.5,43.4,50.6,75.6,73.6,61.5,5.2,0.0,0.0,0.0,0.0,0.0,0.0,0.0,0.0,0.0,0.0,0.7,2.5,2.5,1.6,7.0,4.5,22055.3,29379.3,1688.2,4.5,0.0,1200.3,21470.1,134.0,3.8,0.7,0.0,0.0,0.0,1.6,35.5,448.0,764.9,6.4,3.5,248275.4,805080.3,188907.9,0.0,0.0,0.1,0.5,11.0,800.2,135.0,0.0,0.1,4.5,0.0,0.1,3.7,44.6,2.2,0.0,0.0,2.4,0.0,13.6,0.2,0.1,0.0,0.5,170.8,227.2,9.2,19.5,56.9,35.8,18.4,1016.2,348.1,12.0,0.0,0.1,2.8,86.2,129.0,1597.8,39670.6,191615.9,26183.4,2422.4,149.3,120.2,1054.9,138.4,41.0,92.3,8.8,21.5,26.3,6.2,0.3,50.6,328.5,18224.1,1002.8,31339.5,5524.9,668.7,1112.2,758.1,14901.7,217841.8,22874.9,8566.6,3393.0,4647.1,1281.2,951.0,885.4,1237.3,4190.8,43.9,50.2,286.8,362.9,119.6,0.0,0.0,0.0,0.0,0.0,0.0,0.0,0.0,0.0,0.0,0.0,0.0,0.0,0.0,0.0,0.0,0.0,0.0,0.0,0.0,0.0,0.0,0.0,0.0,0.0,0.0,0.0,0.0,0.0,0.0,0.0,0.0,0.0,0.0,0.0,0.0,0.0,0.0,0.0,0.0,0.0,0.0,0.0,0.0,0.0,0.0,0.0,0.0,0.0,0.0,0.0,0.0,0.0,0.0,0.0,0.0,0.0,0.0,0.0,0.0,0.0,0.0,0.0,0.0,0.0,0.0
0.0,0.0,0.0,0.0,0.0,0.0,0.0,0.0,0.0,0.0,0.0,0.0,0.0,0.0,0.0,0.0,0.0,0.0,0.0,0.0,0.0,0.0,0.0,0.0,0.0,0.0,0.0,0.0,0.0,0.0,0.0,0.0,0.0,0.0,0.0,0.0,0.0,0.0,0.0,0.0,0.0,0.0,0.0,0.0,0.0,0.0,0.0,0.0,0.0,0.0,0.0,0.0,0.0,0.0,0.0,0.0,0.0,23.5,2.1,283.1,623.5,2802.3,6854.0,499.7,8.1,8.7,13.9,61.9,66.3,54.1,43.5,19.9,0.0,0.0,0.0,0.0,0.0,0.0,0.0,0.0,0.0,0.0,0.0,1.9,4.0,2.4,2.5,5.0,0.0,4188.4,477.7,5.0,2.3,1.1,26.7,676.5,275.4,2009.3,936.0,15.6,38.1,4972.8,19112.4,65316.0,175.7,38.6,25.3,29.3,20735.7,631.1,0.0,13.2,24.0,0.8,0.4,6.4,650.2,33.4,0.3,0.0,0.0,1.1,1.5,0.0,0.0,0.0,0.0,4.2,0.0,0.0,4.1,0.0,29.7,46.6,189.2,9244.6,22854.3,54.2,12.4,27.1,58.1,19.5,32.6,0.3,13.4,0.0,0.0,52.8,1058.7,63.8,12.3,53842.1,318167.2,2593.3,4559.6,85.7,56.3,311.6,1621.3,132.8,40.7,13.3,44.0,38.4,28.5,2.4,5.1,406.1,34904.1,6201.9,27882.2,3330.5,1283.9,1523.4,2078.2,5111.3,168488.2,33813.5,10591.0,1565.2,738.3,276.3,1330.0,201.9,1832.2,13239.0,13403.7,1269.3,324.7,25.5,171.3,0.0,0.0,0.0,0.0,0.0,0.0,0.0,0.0,0.0,0.0,0.0,0.0,0.0,0.0,0.0,0.0,0.0,0.0,0.0,0.0,0.0,0.0,0.0,0.0,0.0,0.0,0.0,0.0,0.0,0.0,0.0,0.0,0.0,0.0,0.0,0.0,0.0,0.0,0.0,0.0,0.0,0.0,0.0,0.0,0.0,0.0,0.0,0.0,0.0,0.0,0.0,0.0,0.0,0.0,0.0,0.0,0.0,0.0,0.0,0.0,0.0,0.0,0.0,0.0,0.0,0.0
0.0,0.0,0.0,0.0,0.0,0.0,0.0,0.0,0.0,0.0,0.0,0.0,0.0,0.0,0.0,0.0,0.0,0.0,0.0,0.0,0.0,0.0,0.0,0.0,0.0,0.0,0.0,0.0,0.0,0.0,0.0,0.0,0.0,0.0,0.0,0.0,0.0,0.0,0.0,0.0,0.0,0.0,0.0,0.0,0.0,0.0,0.0,0.0,0.0,0.0,0.0,0.0,0.0,0.0,0.0,11.3,91.4,301.9,173.4,394.6,826.8,753.6,495.1,24.8,28.8,8.6,40.1,70.6,45.6,4.4,0.0,0.0,0.0,0.0,0.0,0.0,0.0,0.0,0.0,0.0,0.0,0.0,0.0,3.1,2.1,1.7,1.9,0.9,0.0,1264.7,516.4,0.0,2.4,1.2,113.3,3755.5,0.4,430.0,7380.9,46564.3,23838.5,82.7,220.2,7114.1,127.6,94.5,223.2,4.8,5.8,20.4,10.2,82.2,1459.6,4.5,0.9,0.0,0.3,0.1,0.0,0.0,0.0,0.9,21.5,0.4,445.4,88.4,0.0,1.0,3.2,0.0,0.0,0.0,4.0,55.0,46.6,4606.7,942.2,65.8,2.8,12.2,1.0,0.4,0.0,0.8,7.6,0.9,26.7,426.8,3202.0,121.1,324.0,21404.4,41932.3,1071.9,627.9,87.1,68.3,14.8,88.7,780.4,1138.8,277.0,526.6,28.5,19.4,18.1,58.1,624.1,1027.4,2218.1,2263.4,2470.8,548.1,705.5,2592.8,2062.2,66092.9,1821.2,2653.8,7610.0,737.5,276.4,131.8,768.4,193.4,1933.2,821.9,4085.8,1101.8,441.6,49.3,0.0,0.0,0.0,0.0,0.0,0.0,0.0,0.0,0.0,0.0,0.0,0.0,0.0,0.0,0.0,0.0,0.0,0.0,0.0,0.0,0.0,0.0,0.0,0.0,0.0,0.0,0.0,0.0,0.0,0.0,0.0,0.0,0.0,0.0,0.0,0.0,0.0,0.0,0.0,0.0,0.0,0.0,0.0,0.0,0.0,0.0,0.0,0.0,0.0,0.0,0.0,0.0,0.0,0.0,0.0,0.0,0.0,0.0,0.0,0.0,0.0,0.0,0.0,0.0,0.0,0.0
0.0,0.0,0.0,0.0,0.0,0.0,0.0,0.0,0.0,0.0,0.0,0.0,0.0,0.0,0.0,0.0,0.0,0.0,0.0,0.0,0.0,0.0,0.0,0.0,0.0,0.0,0.0,0.0,0.0,0.0,0.0,0.0,0.0,0.0,0.0,0.0,0.0,0.0,0.0,0.0,0.0,0.0,0.0,0.0,0.0,0.0,0.0,0.0,0.0,0.0,0.0,0.0,0.0,0.0,27.3,76.0,87.2,101.7,571.5,662.5,588.2,276.5,193.1,20.6,57.0,14.6,7.2,31.0,6.3,0.0,0.0,0.0,0.0,0.0,0.0,0.0,0.0,0.0,0.0,0.0,0.0,32.2,89376.6,17.4,0.3,0.9,1.2,0.0,0.0,7.7,370.0,0.0,0.0,1.2,4.8,978.5,1086.8,19.0,721.8,4.3,101.3,706.3,2030.2,7959.5,4333.6,937.7,1927.5,9.5,82.2,0.1,175.7,9759.1,368.9,0.0,4.6,5.5,82.4,1394.5,0.7,0.0,1.2,0.8,0.0,7.5,7.3,12.6,6538.5,1480.1,10.4,7.1,5.0,0.0,3.1,7.7,56.1,115.5,127.9,112.0,5.9,10.8,0.0,28.5,10.3,0.0,0.0,1.2,7.3,197.8,4261.1,13779.8,192.2,14.9,344.4,1405.7,788.1,1020.4,670.0,2256.6,2296.1,7093.8,230.7,33.7,502.9,277.3,489.1,296.9,2494.2,766.8,891.8,1315.1,1287.9,217.9,349.4,3766.5,2227.1,2849.2,88439.8,21755.9,5514.1,4792.1,740.5,608.0,17.2,28.0,59.4,541.6,269.9,14394.8,429.7,167.7,845.9,0.0,0.0,0.0,0.0,0.0,0.0,0.0,0.0,0.0,0.0,0.0,0.0,0.0,0.0,0.0,0.0,0.0,0.0,0.0,0.0,0.0,0.0,0.0,0.0,0.0,0.0,0.0,0.0,0.0,0.0,0.0,0.0,0.0,0.0,0.0,0.0,0.0,0.0,0.0,0.0,0.0,0.0,0.0,0.0,0.0,0.0,0.0,0.0,0.0,0.0,0.0,0.0,0.0,0.0,0.0,0.0,0.0,0.0,0.0,0.0,0.0,0.0,0.0,0.0,0.0,0.0
0.0,0.0,0.0,0.0,0.0,0.0,0.0,0.0,0.0,0.0,0.0,0.0,0.0,0.0,0.0,0.0,0.0,0.0,0.0,0.0,0.0,0.0,0.0,0.0,0.0,0.0,0.0,0.0,0.0,0.0,0.0,0.0,0.0,0.0,0.0,0.0,0.0,0.0,0.0,0.0,0.0,0.0,0.0,0.0,0.0,17.7,6.5,0.0,0.0,0.0,0.0,0.0,0.0,47.4,385.6,225.1,91.2,91.5,81.8,148.9,86.3,80.2,33.8,16.3,37.4,12.3,0.9,0.0,0.0,0.0,0.0,0.0,0.0,0.0,0.0,0.0,0.0,0.0,0.0,0.0,0.0,89.9,173.4,79.1,4.8,18.4,1.6,0.0,0.0,0.0,513.1,20.1,0.0,0.0,28.4,506.4,1.4,1.3,2.7,0.6,99.5,96.7,83.6,38745.6,20620.5,93.1,112.6,923.4,685.5,0.1,0.0,5.4,1405.4,0.0,1.2,1.5,14.1,314.1,1353.4,1290.2,43.8,60.4,0.0,5.2,1.1,17.7,22.9,1486.7,26.0,21.6,24.3,12.3,1.5,0.0,0.0,50.5,146.8,1447.1,11.6,10.7,3.8,6.9,53.5,4.5,0.0,0.0,0.0,537.2,82.0,65.0,18.2,85.0,2.8,4.2,69.6,9.8,0.6,0.1,0.1,3.3,1.1,9.0,7.1,3.6,49.4,5152.2,1189.8,1167.0,4749.1,674.3,147.3,381.9,1003.4,753.0,246.3,1161.8,107.6,2526.3,3578.6,18234.5,613.9,31.5,12.9,0.3,266.0,4.3,1.6,1869.7,467.9,399.2,11.5,0.0,0.0,0.0,0.0,0.0,0.0,0.0,0.0,0.0,0.0,0.0,0.0,0.0,0.0,0.0,0.0,0.0,0.0,0.0,0.0,0.0,0.0,0.0,0.0,0.0,0.0,0.0,0.0,0.0,0.0,0.0,0.0,0.0,0.0,0.0,0.0,0.0,0.0,0.0,0.0,0.0,0.0,0.0,0.0,0.0,0.0,0.0,0.0,0.0,0.0,0.0,0.0,0.0,0.0,0.0,0.0,0.0,0.0,0.0,0.0,0.0,0.0,0.0,0.0,0.0,0.0
0.0,0.0,0.0,0.0,0.0,0.0,0.0,0.0,0.0,0.0,0.0,0.0,0.0,0.0,0.0,0.0,0.0,0.0,0.0,0.0,0.0,0.0,0.0,0.0,0.0,0.0,0.0,0.0,0.0,0.0,0.0,0.0,0.0,0.0,0.0,0.0,0.0,0.0,0.0,0.0,0.0,0.0,0.0,0.0,23.9,6684.0,268.5,134.4,7.2,0.0,0.0,0.0,59.3,151.1,276.0,261.8,79.0,83.8,121.8,83.7,85.5,43.3,0.0,0.0,0.0,0.0,0.0,0.0,0.0,0.0,0.0,0.0,0.0,0.0,0.0,2.2,0.0,523.3,1780.8,1907.8,89.0,17.1,1.3,22.6,13.6,17.7,0.0,0.0,0.0,29.1,155.4,218.4,0.0,0.0,17.5,2135.3,0.0,0.8,29.1,24.1,206.9,31.9,154.0,1174.0,2584.5,91.6,0.0,1.2,2.1,0.1,3.7,15.7,25872.7,1.2,0.0,6.3,9.3,5.0,144.0,124.6,33.3,12.1,0.6,2.4,31.4,9.6,15.0,13.3,1.9,10.6,11.5,16.5,11.8,0.0,0.0,2.3,39.0,51.0,16.5,3.1,14.1,5.0,9.4,30.2,15.5,8.5,0.0,1455.9,248.8,8.5,50.7,60.0,4.6,0.3,122.5,9.0,0.0,0.0,0.0,2.2,8.5,8.1,0.6,0.6,5.0,656.6,2604.4,2926.8,896.9,50.8,3.9,0.0,2.2,126.8,4317.2,2032.8,0.0,0.4,323.1,3112.5,3754.7,2132.1,135.3,1218.3,9679.3,206.9,170.3,362.2,854.9,1244.1,38.5,0.0,0.0,0.0,0.0,0.0,0.0,0.0,0.0,0.0,0.0,0.0,0.0,0.0,0.0,0.0,0.0,0.0,0.0,0.0,0.0,0.0,0.0,0.0,0.0,0.0,0.0,0.0,0.0,0.0,0.0,0.0,0.0,0.0,0.0,0.0,0.0,0.0,0.0,0.0,0.0,0.0,0.0,0.0,0.0,0.0,0.0,0.0,0.0,0.0,0.0,0.0,0.0,0.0,0.0,0.0,0.0,0.0,0.0,0.0,0.0,0.0,0.0,0.0,0.0,0.0,0.0
0.0,0.0,0.0,0.0,0.0,0.0,0.0,0.0,0.0,0.0,0.0,0.0,0.0,0.0,0.0,0.0,0.0,0.0,0.0,0.0,0.0,0.0,0.0,0.0,0.0,0.0,0.0,0.0,0.0,0.0,0.0,0.0,0.0,0.0,0.0,0.0,0.0,0.0,0.0,0.0,0.0,0.0,0.0,87.0,28.7,315.8,471.7,866.5,698.9,205.0,190.8,354.0,622.4,200.6,65.3,61.5,82.6,170.1,523.0,14696.6,55.2,0.9,0.0,0.0,0.0,0.0,0.0,0.0,0.0,0.0,0.0,0.0,0.3,2875.6,4.3,114.1,30.8,183.3,9360.9,2110.0,217.1,1.2,2.3,23.5,752.9,37.5,0.0,0.0,0.0,0.0,17.7,14.1,42.4,394.0,23.3,25.8,33.9,0.6,11.8,15.2,11.1,35.6,64.7,152.1,263.6,73.7,0.0,0.4,0.1,0.0,0.0,0.0,228.6,288.0,14.4,125.4,8.1,5.3,33.4,16.2,1.1,0.0,0.0,7.5,175.4,56.5,3.4,3.9,0.0,0.0,0.0,0.9,0.7,0.0,0.0,2.3,34.9,63.0,7.6,0.0,30.0,1282.9,8.7,11.4,362.9,3462.2,2900.8,994.7,32.9,99.1,10.8,5.7,34.0,1.8,4.3,16.0,0.1,0.1,1.6,41.3,2.8,5.7,25.4,3.5,54.1,4.0,103.2,9.5,554.8,40.4,0.0,0.0,5.2,58.1,3728.1,392.1,0.8,702.7,1475.3,204.2,248.0,5369.3,2838.0,679.4,1305.5,65.2,50.5,10.9,15.3,22.9,0.0,0.0,0.0,0.0,0.0,0.0,0.0,0.0,0.0,0.0,0.0,0.0,0.0,0.0,0.0,0.0,0.0,0.0,0.0,0.0,0.0,0.0,0.0,0.0,0.0,0.0,0.0,0.0,0.0,0.0,0.0,0.0,0.0,0.0,0.0,0.0,0.0,0.0,0.0,0.0,0.0,0.0,0.0,0.0,0.0,0.0,0.0,0.0,0.0,0.0,0.0,0.0,0.0,0.0,0.0,0.0,0.0,0.0,0.0,0.0,0.0,0.0,0.0,0.0,0.0,0.0,0.0
0.0,0.0,0.0,0.0,0.0,0.0,0.0,0.0,0.0,0.0,0.0,0.0,0.0,0.0,0.0,0.0,0.0,0.0,0.0,0.0,0.0,0.0,0.0,0.0,0.0,0.0,0.0,0.0,0.0,0.0,0.0,0.0,0.0,0.0,0.0,0.0,0.0,0.0,0.0,0.0,0.0,0.0,3.4,104.4,83.4,468.7,12617.7,3102.1,9528.6,610.5,195.1,218.2,156.4,150.9,173.1,62.7,174.2,4670.4,1472.9,31.2,0.0,0.0,0.0,0.0,0.0,0.0,0.0,0.0,0.0,0.0,55.5,86.1,92.3,0.1,1.4,3.3,89.9,313.5,2812.9,2000.1,63.9,11.3,116.4,535.8,21495.7,19.9,16.1,3728.2,0.0,0.0,357.1,87.5,83.9,730.6,22.2,88.6,1474.8,4.6,13.5,2595.4,4.2,3.4,32.3,108.0,62.4,1532.1,0.2,1.3,0.0,0.0,0.0,0.0,0.0,100457.2,35790.1,3292.8,2954.7,937.9,38.1,4.5,0.0,0.0,0.0,1.9,38.8,87.2,11.9,13.2,3.8,65.3,20.6,0.0,0.0,0.0,0.0,7.0,9.7,11.0,4.6,1.9,0.0,0.0,12.9,518.8,2760.1,15778.3,6177.7,6873.3,4.0,738.5,145.2,0.2,25.1,7.3,107.6,18.4,0.8,0.1,0.4,0.3,0.1,0.0,2.9,15.1,286.4,0.7,13.6,0.0,0.0,0.0,0.0,0.0,0.0,10.9,725.5,74.9,183.1,736.6,213.1,766.9,2050.2,546.0,188.6,156.2,237.2,88.2,203.9,15.4,26.7,21.6,0.0,0.0,0.0,0.0,0.0,0.0,0.0,0.0,0.0,0.0,0.0,0.0,0.0,0.0,0.0,0.0,0.0,0.0,0.0,0.0,0.0,0.0,0.0,0.0,0.0,0.0,0.0,0.0,0.0,0.0,0.0,0.0,0.0,0.0,0.0,0.0,0.0,0.0,0.0,0.0,0.0,0.0,0.0,0.0,0.0,0.0,0.0,0.0,0.0,0.0,0.0,0.0,0.0,0.0,0.0,0.0,0.0,0.0,0.0,0.0,0.0,0.0,0.0,0.0,0.0,0.0,0.0
0.0,0.0,0.0,0.0,0.0,0.0,0.0,0.0,0.0,0.0,0.0,0.0,0.0,0.0,0.0,0.0,0.0,0.0,0.0,0.0,0.0,0.0,0.0,0.0,0.0,0.0,0.0,0.0,0.0,0.0,0.0,0.0,0.0,0.0,0.0,0.0,0.0,0.0,0.0,0.0,0.0,0.0,25.5,219.1,380.8,688.9,37821.6,1027.6,457.1,242.8,344.1,238.5,194.0,205.2,194.6,34.1,27.2,692.5,5.0,0.0,0.0,0.0,0.0,0.0,0.0,0.0,0.0,133.8,190.7,252.4,215.0,32.1,1.7,0.1,2.4,4.2,478.5,2213.1,2432.5,13.6,22.5,5.7,8.0,718.4,261.8,198.9,291.6,27.2,0.0,1.3,2885.0,140.6,2977.7,6705.5,3.4,202.9,1576.6,1701.5,142.0,33.8,35.0,18.8,108.4,374.1,236.0,3.8,2.1,1.2,1.1,0.5,0.0,0.0,0.0,7573.4,26112.4,280.9,310.4,304.3,11.8,8.4,0.0,0.0,0.0,0.0,0.0,0.0,8.3,2.3,34.1,42.2,125.6,6.9,0.0,0.0,6558.4,22.0,104.3,151.2,18.5,0.1,0.2,3.5,0.3,100.5,15448.9,56483.5,15842.5,3281.3,59.8,140.7,54.9,111.7,106.9,18.4,17.5,15.3,1.1,0.0,0.5,0.5,0.1,0.0,0.0,1.2,1.2,0.0,0.0,0.0,0.0,0.0,0.0,0.0,8.7,256.2,1665.5,1039.8,952.8,76.0,145.7,8152.9,214.1,44.0,192.8,0.0,108.3,327.0,2250.6,7876.3,50.3,33.3,0.0,0.0,0.0,0.0,0.0,0.0,0.0,0.0,0.0,0.0,0.0,0.0,0.0,0.0,0.0,0.0,0.0,0.0,0.0,0.0,0.0,0.0,0.0,0.0,0.0,0.0,0.0,0.0,0.0,0.0,0.0,0.0,0.0,0.0,0.0,0.0,0.0,0.0,0.0,0.0,0.0,0.0,0.0,0.0,0.0,0.0,0.0,0.0,0.0,0.0,0.0,0.0,0.0,0.0,0.0,0.0,0.0,0.0,0.0,0.0,0.0,0.0,0.0,0.0,0.0,0.0,0.0
0.0,0.0,0.0,0.0,0.0,0.0,0.0,0.0,0.0,0.0,0.0,0.0,0.0,0.0,0.0,0.0,0.0,0.0,0.0,0.0,0.0,0.0,0.0,0.0,0.0,0.0,0.0,0.0,0.0,0.0,0.0,0.0,0.0,0.0,0.0,0.0,0.0,0.0,0.0,0.0,0.0,0.0,124.1,168.2,200.4,132.6,772.2,372.3,240.7,526.7,597.8,315.9,286.6,127.4,128.6,13.8,0.9,0.0,0.0,0.0,0.0,0.0,0.0,0.0,0.0,4.6,77.2,7255.2,39.6,403.7,4.4,9.2,8.9,9.7,13.2,6.0,253.9,24633.8,58923.3,20.3,34.6,14.7,28.6,162.1,58.3,411.9,262.9,188.1,0.0,0.0,0.0,2654.9,32202.2,32607.0,6641.7,3769.1,7442.7,1502.4,751.6,272.8,63.5,17.3,35.2,785.3,8.4,2.9,0.2,0.8,1.7,1.6,0.2,0.0,2.5,1778.5,19447.1,2175.6,1068.5,31.3,15.2,1.2,0.0,3.2,0.0,0.0,0.0,0.0,2.0,0.0,24.2,55.3,1.6,2.5,0.0,0.0,0.0,0.2,1.5,7.2,0.0,38.6,2.1,12.1,6.3,125.4,1922.6,2567.2,867.6,1828.2,157.7,1167.9,13410.7,6220.0,118.4,11.0,90.1,18.7,1.0,0.0,0.7,0.1,0.1,0.5,0.0,0.0,0.0,0.0,0.0,0.0,0.0,0.0,2.1,29.2,922.2,168.3,1121.5,79.9,39.0,86.1,425.1,627.9,179.1,0.5,9.4,23.9,1.1,98.7,22730.6,456.0,198.5,39.2,0.0,0.0,0.0,0.0,0.0,0.0,0.0,0.0,0.0,0.0,0.0,0.0,0.0,0.0,0.0,0.0,0.0,0.0,0.0,0.0,0.0,0.0,0.0,0.0,0.0,0.0,0.0,0.0,0.0,0.0,0.0,0.0,0.0,0.0,0.0,0.0,0.0,0.0,0.0,0.0,0.0,0.0,0.0,0.0,0.0,0.0,0.0,0.0,0.0,0.0,0.0,0.0,0.0,0.0,0.0,0.0,0.0,0.0,0.0,0.0,0.0,0.0,0.0,0.0,0.0,0.0,0.0
0.0,0.0,0.0,0.0,0.0,0.0,0.0,0.0,0.0,0.0,0.0,0.0,0.0,0.0,0.0,0.0,0.0,0.0,0.0,0.0,0.0,0.0,0.0,0.0,0.0,0.0,0.0,0.0,0.0,0.0,0.0,0.0,0.0,0.0,0.0,0.0,0.0,0.0,0.0,0.0,0.8,14.3,227.4,276.6,297.3,346.3,411.6,286.6,278.9,371.5,338.3,28331.8,91.1,33.7,2.4,0.0,0.0,0.0,0.0,0.0,0.0,0.0,0.0,0.0,0.0,613.3,1413.1,1527.9,1225.9,1618.7,15.1,11.1,18.6,33.2,31.3,5.0,62.7,7108.2,268.7,72.7,19.6,12.4,2.4,14.7,63.0,235.0,20.3,256.0,0.0,18.7,459.6,111.5,112251.8,284605.4,141084.0,240.2,24.2,80.1,15610.2,33299.0,12897.8,1192.4,281.8,121.3,29.4,5.5,2.9,11.6,75.6,0.2,1.1,1.3,8180.6,4717.4,964.2,9.3,35527.0,17106.2,0.0,0.0,35.3,0.0,0.0,0.0,0.0,0.0,0.5,0.3,0.9,4.4,0.0,0.0,0.0,0.0,0.0,0.3,2.1,1.9,0.3,10.5,40.6,4.7,819.2,920.2,9912.9,629.0,116.4,6.7,276.7,575.4,496.4,73.0,10.0,1.9,55.5,710.7,1218.3,3.6,3.0,0.3,11.1,15.9,2.5,23.1,2.4,6.7,0.0,0.0,52.9,5.4,53.1,743.2,1596.0,2554.8,801.8,10.0,26.8,186.5,7.9,6.6,16.2,181.0,821.1,30.0,241.2,976.4,89.2,20.8,39.2,6.4,0.0,0.0,0.0,0.0,0.0,0.0,0.0,0.0,0.0,0.0,0.0,0.0,0.0,0.0,0.0,0.0,0.0,0.0,0.0,0.0,0.0,0.0,0.0,0.0,0.0,0.0,0.0,0.0,0.0,0.0,0.0,0.0,0.0,0.0,0.0,0.0,0.0,0.0,0.0,0.0,0.0,0.0,0.0,0.0,0.0,0.0,0.0,0.0,0.0,0.0,0.0,0.0,0.0,0.0,0.0,0.0,0.0,0.0,0.0,0.0,0.0,0.0,0.0,0.0,0.0,0.0,0.0
0.0,0.0,0.0,0.0,0.0,0.0,0.0,0.0,0.0,0.0,0.0,0.0,0.0,0.0,0.0,0.0,0.0,0.0,0.0,0.0,0.0,0.0,0.0,0.0,0.0,0.0,0.0,0.0,0.0,0.0,0.0,0.0,0.0,0.0,0.0,0.0,0.0,0.0,0.0,0.0,80.1,204.1,193.6,326.7,247.4,262.1,271.1,221.5,166.3,27.5,0.0,5.6,0.2,0.0,0.0,0.0,0.0,0.0,0.0,0.0,0.0,0.0,0.2,46.5,726.2,690.4,2056.2,38668.8,1330.6,89.6,8.8,9.9,148.1,33.7,9.1,29.3,182.3,3350.8,104.6,26.7,10.9,7.9,163.4,584.2,3075.2,148.3,1041.9,282.3,292.1,7469.1,87089.1,1980.9,326453.8,1012639.7,261669.2,18945.0,3066.5,494.6,7302.4,73532.6,9991.9,3878.9,871.0,870.6,1.3,3.8,5.6,84.3,350.2,4.8,0.0,12.7,312.4,15.9,207.3,94.4,124.7,5013.7,50.3,1029.1,1768.2,25.2,3.8,0.0,0.0,0.0,0.1,0.8,0.0,0.0,0.0,0.0,0.0,0.0,0.0,0.1,1.3,2.2,1.4,10.6,65.8,129.2,278.0,1012.2,21948.0,4739.7,128.6,0.0,193.0,695.7,17.4,0.5,14.9,62.0,16.9,76.2,455.6,47.2,6.1,2.5,2.9,16.4,36.8,146.7,180.1,148.1,233.8,38.5,0.4,62.5,975.5,139.6,82.5,283.3,1213.3,81.8,109.3,475.2,8.0,4.4,385.4,1405.0,3466.4,172.4,365.2,2200.2,3659.5,17.4,20.9,0.8,0.0,0.0,0.0,0.0,0.0,0.0,0.0,0.0,0.0,0.0,0.0,0.0,0.0,0.0,0.0,0.0,0.0,0.0,0.0,0.0,0.0,0.0,0.0,0.0,0.0,0.0,0.0,0.0,0.0,0.0,0.0,0.0,0.0,0.0,0.0,0.0,0.0,0.0,0.0,0.0,0.0,0.0,0.0,0.0,0.0,0.0,0.0,0.0,0.0,0.0,0.0,0.0,0.0,0.0,0.0,0.0,0.0,0.0,0.0,0.0,0.0,0.0,0.0,0.0,0.0,0.0,0.0
0.0,0.0,0.0,0.0,0.0,0.0,0.0,0.0,0.0,0.0,0.0,0.0,0.0,0.0,0.0,0.0,0.0,0.0,0.0,0.0,0.0,0.0,0.0,0.0,0.0,0.0,0.0,0.0,0.0,0.0,0.0,0.0,0.0,0.0,0.0,0.0,0.0,0.0,0.0,0.0,112.2,206.8,157.7,94.9,140.2,137.1,36.4,0.0,0.0,0.0,0.0,0.0,0.0,0.0,0.0,0.0,0.0,0.0,0.0,0.0,0.0,0.0,1790.0,85.2,409.9,71.8,663.4,2991.0,594.9,7.4,13.6,12.4,56.3,43.2,8.7,1227.6,416.0,629.9,871.2,53.5,19.4,1099.4,271.1,202.1,439.4,102.4,26.7,401.9,931.5,37462.5,23397.2,241171.6,631746.1,499636.4,115120.1,25167.7,511.6,4580.2,804.7,20800.6,4304.0,5.5,3635.1,1607.2,90.5,0.9,0.6,15.2,6.4,2.4,0.0,15.7,4679.9,2346.1,958.7,337.5,52.9,8.8,46.6,3701.0,455.4,0.0,0.1,0.0,0.0,12.3,0.3,0.1,0.0,0.0,0.0,0.0,0.0,3.9,0.3,0.0,0.1,1.0,0.8,41.8,109.2,88.1,481.1,627.3,457.5,1157.5,95.7,0.0,0.9,6.2,12.7,31.5,737.4,49.4,1.9,27.6,101.6,30.9,451.3,4880.1,414.2,220.1,52.9,140.6,2400.9,3464.9,16795.1,6283.2,707.2,933.0,3520.4,1137.6,536.3,149.3,109.9,74.6,411.3,2711.7,463.8,499.5,121.3,19.8,57.2,26.2,19.4,10.3,440.6,4208.2,489.9,0.0,0.0,0.0,0.0,0.0,0.0,0.0,0.0,0.0,0.0,0.0,0.0,0.0,0.0,0.0,0.0,0.0,0.0,0.0,0.0,0.0,0.0,0.0,0.0,0.0,0.0,0.0,0.0,0.0,0.0,0.0,0.0,0.0,0.0,0.0,0.0,0.0,0.0,0.0,0.0,0.0,0.0,0.0,0.0,0.0,0.0,0.0,0.0,0.0,0.0,0.0,0.0,0.0,0.0,0.0,0.0,0.0,0.0,0.0,0.0,0.0,0.0,0.0,0.0,0.0,0.0,0.0,0.0
0.0,0.0,0.0,0.0,0.0,0.0,0.0,0.0,0.0,0.0,0.0,0.0,0.0,0.0,0.0,0.0,0.0,0.0,0.0,0.0,0.0,0.0,0.0,0.0,0.0,0.0,0.0,0.0,0.0,0.0,0.0,0.0,0.0,0.0,0.0,0.0,0.0,0.0,0.0,0.0,16741.1,14751.9,0.3,0.0,0.0,36.4,6.5,0.0,0.0,0.0,0.0,0.0,0.0,0.0,0.0,0.0,0.0,0.0,0.0,0.0,0.0,52420.0,87632.0,27.0,51.6,23.3,16.5,317.4,247102.0,301.1,33.6,30.0,36.2,25.2,94.2,730.9,533.8,481.9,275.8,1395.7,30.2,390.7,58.9,32.1,173.3,46.5,12.8,296.6,38588.8,101130.3,48842.8,225315.1,556689.3,46494.7,20368.0,345.0,4.3,33.0,9227.6,21896.9,2099.6,8.5,1199.0,295.0,243.5,668.0,639.6,2258.3,6.4,5.7,0.1,19.5,63.8,83.3,13.9,11.3,357.8,2082.9,7.0,10.8,81.6,33.1,35.6,47.4,0.1,5450.4,835.5,0.0,3.6,0.0,1105.3,44.8,33.5,3.6,0.0,0.0,0.0,0.0,0.0,10.9,20.4,8.4,68.8,118.7,284.4,13.5,3.1,0.0,1.8,8.3,1536.7,919.4,214.2,0.8,0.0,20.4,41.6,125.9,226.9,590.2,217.9,58.8,22.0,175.3,26.2,71.0,1549.1,5080.6,7461.4,94613.4,8455.3,2363.7,3097.7,5039.9,10129.1,2306.5,4459.0,46651.0,17508.7,4464.9,4.9,36.4,24.3,0.0,1.5,23.9,258.8,12.2,9.1,0.0,0.0,0.0,0.0,0.0,0.0,0.0,0.0,0.0,0.0,0.0,0.0,0.0,0.0,0.0,0.0,0.0,0.0,0.0,0.0,0.0,0.0,0.0,0.0,0.0,0.0,0.0,0.0,0.0,0.0,0.0,0.0,0.0,0.0,0.0,0.0,0.0,0.0,0.0,0.0,0.0,0.0,0.0,0.0,0.0,0.0,0.0,0.0,0.0,0.0,0.0,0.0,0.0,0.0,0.0,0.0,0.0,0.0,0.0,0.0,0.0,0.0,0.0,0.0,0.0,0.0,0.0,0.0
0.0,0.0,0.0,0.0,0.0,0.0,0.0,0.0,0.0,0.0,0.0,0.0,0.0,0.0,0.0,0.0,0.0,0.0,0.0,0.0,0.0,0.0,0.0,0.0,0.0,0.0,0.0,0.0,0.0,0.0,0.0,0.0,0.0,0.0,0.0,0.0,0.0,0.0,0.0,0.0,114231.6,137411.0,41.4,10.6,0.0,0.0,0.0,0.0,0.0,0.0,0.0,0.0,0.0,0.0,0.0,0.0,0.0,0.0,9.1,53.3,172.5,920.6,54012.5,2179.3,153.8,3.3,68.0,5649.7,617256.8,9652.7,6963.4,6291.7,288.2,2279.3,4831.2,1444.2,16069.5,673.7,33.3,89.4,64.0,103.6,888.3,207.5,5716.3,3346.4,12360.6,5511.5,668.6,23310.9,68944.6,114899.5,112352.3,296.5,233.4,8.3,3.0,18.7,15.6,11603.8,13519.7,11624.5,14071.2,69.3,6.8,3.0,37.6,11.7,5.9,0.6,7.7,9.1,16.2,1.9,0.9,638.9,549.4,0.9,162.3,808.8,487.8,653.3,535.4,3079.3,463.5,795.6,135.1,0.0,0.0,336.5,74.2,367.4,510.8,16.5,0.1,0.0,0.0,0.0,5.7,4.4,62.2,37.3,49.6,46.1,328.4,495.2,68.2,1.1,0.3,9.7,204.6,35.2,20.8,28.5,1.2,14.1,227.4,36.3,12.3,6.8,96.3,181.0,37.9,11.2,24.9,15.8,42.5,78.2,1324.7,4098.5,228.1,163.0,647.4,1752.5,1846.0,499.7,5769.6,7432.0,17703.9,543.2,10.1,30.9,2.3,7.1,35.7,1461.2,4666.8,42.2,1.4,0.0,0.0,0.0,0.0,0.0,0.0,0.0,0.0,0.0,0.0,0.0,0.0,0.0,0.0,0.0,0.0,0.0,0.0,0.0,0.0,0.0,0.0,0.0,0.0,0.0,0.0,0.0,0.0,0.0,0.0,0.0,0.0,0.0,0.0,0.0,0.0,0.0,0.0,0.0,0.0,0.0,0.0,0.0,0.0,0.0,0.0,0.0,0.0,0.0,0.0,0.0,0.0,0.0,0.0,0.0,0.0,0.0,0.0,0.0,0.0,0.0,0.0,0.0,0.0,0.0,0.0,0.0,0.0
0.0,0.0,0.0,0.0,0.0,0.0,0.0,0.0,0.0,0.0,0.0,0.0,0.0,0.0,0.0,0.0,0.0,0.0,0.0,0.0,0.0,0.0,0.0,0.0,0.0,0.0,0.0,0.0,0.0,0.0,0.0,0.0,0.0,0.0,0.0,0.0,0.0,0.0,0.0,0.0,1032.9,38.4,0.0,0.0,0.0,0.0,0.0,0.0,0.0,0.0,0.0,0.0,0.0,0.0,0.0,0.0,0.0,9.5,3614.7,4151.7,6128.4,1502.1,5335.5,3684.2,585.0,11.4,335.4,65.5,1881.1,2072.5,1125.6,142.2,44.6,148.9,91.0,119.2,35552.4,16443.3,1038.6,6663.7,293217.8,23391.1,3545.0,35529.9,43265.4,102591.8,118894.5,2951.6,197.0,2723.3,11218.8,2083.2,534.8,14.6,1534.6,989.8,16506.8,3486.4,24.6,17.2,160.7,374.6,67864.1,280.6,72.4,84.5,26.5,27.1,23.9,321.2,43.2,13.8,188.5,4.3,0.0,196.5,3.3,6.4,168.4,35.2,59.3,5807.6,9195.8,2.4,263.0,94.5,305.2,1.2,5.8,51.6,41.5,1846.4,51697.1,247.3,0.0,0.0,14.5,10.4,12.3,8.0,255.8,236.3,41.8,48.6,292.0,5732.6,3413.3,148.9,9.7,32.3,10.7,241.9,19.3,21.1,6.9,1.7,5.6,20.2,48.0,12.4,18.6,7.6,22.1,29.2,11.5,380.2,120.3,34.4,233.3,960.8,61.9,281.7,136.2,522.9,149.1,68.7,161.8,7.1,64.0,460.6,1.0,0.5,63.9,33.9,254.7,845.2,521.5,146.9,6.5,0.0,0.0,0.0,0.0,0.0,0.0,0.0,0.0,0.0,0.0,0.0,0.0,0.0,0.0,0.0,0.0,0.0,0.0,0.0,0.0,0.0,0.0,0.0,0.0,0.0,0.0,0.0,0.0,0.0,0.0,0.0,0.0,0.0,0.0,0.0,0.0,0.0,0.0,0.0,0.0,0.0,0.0,0.0,0.0,0.0,0.0,0.0,0.0,0.0,0.0,0.0,0.0,0.0,0.0,0.0,0.0,0.0,0.0,0.0,0.0,0.0,0.0,0.0,0.0,0.0,0.0,0.0,0.0
0.0,0.0,0.0,0.0,0.0,0.0,0.0,0.0,0.0,0.0,0.0,0.0,0.0,0.0,0.0,0.0,0.0,0.0,0.0,0.0,0.0,0.0,0.0,0.0,0.0,0.0,0.0,0.0,0.0,0.0,0.0,0.0,0.0,0.0,0.0,0.0,0.0,0.0,0.0,0.0,509.4,0.0,0.0,0.0,0.0,0.0,0.0,0.0,0.0,0.0,0.0,0.0,0.0,0.0,0.0,0.0,0.0,701.9,12128.2,1843.3,12495.9,1465.4,1413.7,451.1,129.8,87.3,78.4,13.2,248.9,1839.9,469.9,1559.3,545.8,238.0,937.7,172.7,73.2,576.4,183.3,599.4,920.7,1657.1,232.7,11732.6,50907.8,548875.6,85814.7,22098.9,319.9,53.2,793.0,6382.1,36.6,472.3,19.9,3.4,3063.8,728.4,212.0,64.5,8.8,54.2,727.0,71.3,29.5,1213.1,161.1,208.9,762.2,421.3,517.4,4105.6,1052.8,0.3,0.0,2.6,910.0,4.5,0.0,3.2,444.7,37.6,1318.4,5246.6,1248.3,27.7,80.1,23.0,1128.3,203.1,8509.0,6837.6,33342.0,17698.8,0.0,3007.8,163.3,5.3,1556.3,678.0,32.5,488.1,32.5,55.3,92.1,31365.3,13211.2,2868.9,333.5,18.4,0.0,3.8,15.0,0.3,1.8,9.1,13.7,62.5,52.8,30.1,77.2,4.4,84.3,82.0,184.2,517.1,1127.6,741.3,129.7,67.8,235.7,1848.0,3.0,8.7,0.1,0.4,0.8,46.6,95.0,1.4,0.7,0.0,137.9,276.9,442.7,4539.0,240.4,90.5,21.1,0.0,0.0,0.0,0.0,0.0,0.0,0.0,0.0,0.0,0.0,0.0,0.0,0.0,0.0,0.0,0.0,0.0,0.0,0.0,0.0,0.0,0.0,0.0,0.0,0.0,0.0,0.0,0.0,0.0,0.0,0.0,0.0,0.0,0.0,0.0,0.0,0.0,0.0,0.0,0.0,0.0,0.0,0.0,0.0,0.0,0.0,0.0,0.0,0.0,0.0,0.0,0.0,0.0,0.0,0.0,0.0,0.0,0.0,0.0,0.0,0.0,0.0,0.0,0.0,0.0,0.0,0.0,0.0
0.0,0.0,0.0,0.0,0.0,0.0,0.0,0.0,0.0,0.0,0.0,0.0,0.0,0.0,0.0,0.0,0.0,0.0,0.0,0.0,0.0,0.0,0.0,0.0,0.0,0.0,0.0,0.0,0.0,0.0,0.0,0.0,0.0,0.0,0.0,0.0,0.0,0.0,0.0,0.0,0.0,0.0,0.0,0.0,0.0,0.0,0.0,0.0,0.0,0.0,0.0,0.0,0.0,0.0,0.0,3.1,3692.7,9736.1,28959.3,90099.4,1691.7,1465.2,1084.9,32.8,59.6,40.1,275.1,1330.9,674.5,6634.4,105.7,144.9,24.7,102.2,98.0,26.5,13.2,116.1,774.0,1703.0,156.9,521.3,1904.8,827.7,19250.4,46485.4,68.4,14694.4,4024.5,3152.2,4217.8,15348.6,2383.7,118.5,8.1,506.0,367.4,218.0,477.2,25.1,28.2,69.8,1024.1,139.5,39.3,9.0,39.2,11577.8,93.8,162.6,92.6,5898.3,0.1,0.0,0.0,6.5,130.2,266.9,7.4,1047.4,1061.4,5.4,0.0,388.7,9964.8,46.8,1588.6,6907.7,17403.6,23261.0,8136.8,179718.7,587166.4,415570.1,94918.6,323659.7,134172.1,28338.2,9725.6,13520.0,1077.8,2969.8,472.5,1141.4,2063.0,33421.4,7173.6,25345.8,612.0,0.1,57.7,1440.2,551.4,32.7,9.0,245.8,136.5,21.7,451.5,5277.5,70.4,44.3,215.9,44.4,6634.9,1270.1,397.7,250.1,364.6,132.7,145.8,1.3,0.5,1.6,1.3,1.1,0.7,13.2,18.8,17.3,159.8,294.2,378.2,841.7,1017.6,785.1,405.2,428.7,75.9,0.0,0.0,0.0,0.0,0.0,0.0,0.0,0.0,0.0,0.0,0.0,0.0,0.0,0.0,0.0,0.0,0.0,0.0,0.0,0.0,0.0,0.0,0.0,0.0,0.0,0.0,0.0,0.0,0.0,0.0,0.0,0.0,0.0,0.0,0.0,0.0,0.0,0.0,0.0,0.0,0.0,0.0,0.0,0.0,0.0,0.0,0.0,0.0,0.0,0.0,0.0,0.0,0.0,0.0,0.0,0.0,0.0,0.0,0.0,0.0,0.0,0.0,0.0,0.0,0.0,0.0,0.0,0.0
0.0,0.0,0.0,0.0,0.0,0.0,0.0,0.0,0.0,0.0,0.0,0.0,0.0,0.0,0.0,0.0,0.0,0.0,0.0,0.0,0.0,0.0,0.0,0.0,0.0,0.0,0.0,0.0,0.0,0.0,0.0,0.0,0.0,0.0,0.0,0.0,0.0,0.0,0.0,0.0,0.0,0.0,0.0,0.0,0.0,0.0,0.0,0.0,0.0,0.0,0.0,0.0,0.0,0.0,1225.1,24314.2,9051.3,20291.1,107609.1,246413.7,1890.5,779.0,360.2,16.0,1160.5,394.1,118.9,806.9,547.3,164.2,879.2,5277.6,2566.4,1857.8,2001.9,121.7,177.5,50.4,31891.0,95.3,933.2,48271.0,4178.6,4649.1,516.9,67.0,194.0,1272.7,173.9,37.0,35.1,533.9,224.4,7.4,0.6,13.0,89.4,157.7,17.0,1.4,174.2,130.8,744.2,594.6,49.4,63.2,385.3,501.1,1095.5,2132.9,31.1,23.2,0.5,0.0,0.0,0.0,9.9,3.4,43.6,507.9,0.0,0.0,0.1,0.0,26.3,9041.4,9329.5,1243.0,434.4,110031.9,287500.5,107309.8,66548.9,57984.0,25894.3,15563.8,6415.0,2792.7,79864.2,44623.0,10756.7,4348.3,244.2,1449.8,505.9,335.7,18.6,1646.6,16075.5,3513.6,1425.0,975.0,40.1,694.0,4.2,16.6,6.7,2.0,25.9,1660.8,289.6,160.2,71.7,16831.5,652.0,669.6,4580.5,179.1,68.2,368.2,22.8,5.8,5.2,7.1,8.1,1.9,0.1,57.2,923.0,590.6,58.3,50.9,606.9,5163.4,2793.1,508.9,3916.3,869.9,59.4,0.0,0.0,0.0,0.0,0.0,0.0,0.0,0.0,0.0,0.0,0.0,0.0,0.0,0.0,0.0,0.0,0.0,0.0,0.0,0.0,0.0,0.0,0.0,0.0,0.0,0.0,0.0,0.0,0.0,0.0,0.0,0.0,0.0,0.0,0.0,0.0,0.0,0.0,0.0,0.0,0.0,0.0,0.0,0.0,0.0,0.0,0.0,0.0,0.0,0.0,0.0,0.0,0.0,0.0,0.0,0.0,0.0,0.0,0.0,0.0,0.0,0.0,0.0,0.0,0.0,0.0,0.0,0.0
0.0,0.0,0.0,0.0,0.0,0.0,0.0,0.0,0.0,0.0,0.0,0.0,0.0,0.0,0.0,0.0,0.0,0.0,0.0,0.0,0.0,0.0,0.0,0.0,0.0,0.0,0.0,0.0,0.0,0.0,0.0,0.0,0.0,0.0,0.0,0.0,0.0,0.0,0.0,0.0,0.0,0.0,0.0,0.0,0.0,0.0,0.0,0.0,0.0,3195.7,2135.0,139.6,0.0,0.0,8873.4,67113.8,40160.7,10634.8,2449.3,127.0,61.7,10.1,49.8,33.2,49.1,1913.0,198.2,143.7,378.2,42.6,9.0,0.3,385.7,376.2,55.5,373.6,1933.2,65.0,314.8,186.1,8175.7,14631.6,659.8,8209.9,803.9,69.7,28.9,19.4,40.5,6.6,571.8,6986.0,4.5,2.6,6.6,1901.9,4.4,4273.6,109.5,13.0,10469.6,961.5,527.5,69.9,9.6,1289.6,41.3,65.8,1393.4,1203.8,54.9,172.6,23.6,0.0,0.0,0.0,0.0,4.0,18.2,9.7,0.0,0.0,312.1,1497.9,5.3,51.3,530.3,375.0,40.8,235.9,660.3,30880.7,15276.8,18919.6,1989.4,263.9,448.3,4.6,12.7,1944.4,2651.9,1180.3,491.9,1665.3,595.5,109.2,2.4,25.5,37592.7,91687.9,14394.0,85.0,20.3,16.2,43.4,2.0,0.0,3.7,10.9,42.3,1681.4,610.8,553.3,9495.5,5607.7,5.8,73.6,401.3,39.0,1023.1,14.8,13.4,30.9,19.7,30.5,9.3,48.0,748.9,235.6,5635.3,20.7,79.0,179.3,328.4,489.0,254.4,1251.7,1977.2,0.0,0.0,0.0,0.0,0.0,0.0,0.0,0.0,0.0,0.0,0.0,0.0,0.0,0.0,0.0,0.0,0.0,0.0,0.0,0.0,0.0,0.0,0.0,0.0,0.0,0.0,0.0,0.0,0.0,0.0,0.0,0.0,0.0,0.0,0.0,0.0,0.0,0.0,0.0,0.0,0.0,0.0,0.0,0.0,0.0,0.0,0.0,0.0,0.0,0.0,0.0,0.0,0.0,0.0,0.0,0.0,0.0,0.0,0.0,0.0,0.0,0.0,0.0,0.0,0.0,0.0,0.0,0.0,0.0
0.0,0.0,0.0,0.0,0.0,0.0,0.0,0.0,0.0,0.0,0.0,0.0,0.0,0.0,0.0,0.0,0.0,0.0,0.0,0.0,0.0,0.0,0.0,0.0,0.0,0.0,0.0,0.0,0.0,0.0,0.0,0.0,0.0,0.0,0.0,0.0,0.0,0.0,0.0,0.0,0.0,0.0,0.0,0.0,0.0,0.0,0.0,0.0,1438.5,9024.2,43267.4,3144.9,1345.2,1693.4,3786.4,5389.0,140195.6,5231.5,443.1,468.7,420.9,90.7,82.3,143.7,649.8,416.8,190.6,238.9,1426.3,50.6,78.6,5104.7,4555.2,1928.2,12693.2,25.4,161.9,104.5,128.0,6631.6,8649.7,130.1,1969.9,1214.7,382.9,343.3,109.0,32.1,22.8,1284.7,946.8,2.2,5.5,0.0,452.5,8.5,1182.3,236.9,11.2,5.3,1512.9,235.5,936.2,600.3,581.4,2113.3,754.1,35.8,570.8,1474.8,220.9,118.9,235.3,0.2,166.5,67.0,2.6,0.0,2.6,14.1,2.7,0.2,0.0,486.4,5668.1,184.1,13.8,42.7,2.7,8.3,14.1,2005.4,7681.2,392.3,1226.0,1.2,1.0,3.3,10.0,796.3,673.9,946.4,132.0,813.4,2971.8,21.4,2.2,13.5,41.0,3960.9,44673.4,14296.3,3.9,5.4,9.6,5.0,0.8,11.8,38.8,619.1,251.8,78.8,2879.4,386.4,1587.5,544.7,658.0,1106.1,282.9,140.3,76.2,39.9,525.1,50.5,44.0,71.0,313.9,145.7,243.8,220.0,179.4,65.1,178.6,435.7,3320.8,75834.6,31090.7,724.3,0.0,0.0,0.0,0.0,0.0,0.0,0.0,0.0,0.0,0.0,0.0,0.0,0.0,0.0,0.0,0.0,0.0,0.0,0.0,0.0,0.0,0.0,0.0,0.0,0.0,0.0,0.0,0.0,0.0,0.0,0.0,0.0,0.0,0.0,0.0,0.0,0.0,0.0,0.0,0.0,0.0,0.0,0.0,0.0,0.0,0.0,0.0,0.0,0.0,0.0,0.0,0.0,0.0,0.0,0.0,0.0,0.0,0.0,0.0,0.0,0.0,0.0,0.0,0.0,0.0,0.0,0.0,0.0,0.0
0.0,0.0,0.0,0.0,0.0,0.0,0.0,0.0,0.0,0.0,0.0,0.0,0.0,0.0,0.0,0.0,0.0,0.0,0.0,0.0,0.0,0.0,0.0,0.0,0.0,0.0,0.0,0.0,0.0,0.0,0.0,0.0,0.0,0.0,0.0,0.0,0.0,0.0,0.0,0.0,0.0,0.0,0.0,0.0,0.0,0.0,0.0,346.9,15450.1,317344.5,32181.5,16139.2,10679.9,4189.4,4082.7,923.4,796.1,1876.8,1802.7,52.7,3117.6,444.1,551.4,466.4,261.5,52.2,605.3,128.3,7.2,1728.1,1184.4,18.1,11.1,212.4,1098.1,38.2,9230.9,1303.7,174.5,1870.3,2372.6,1521.9,422.3,1839.1,1311.8,6799.7,283.8,1079.3,4226.3,612.9,2.3,3.2,12.3,8401.6,1570.0,9458.2,15989.4,10877.5,116.9,5808.6,98.4,171.7,1539.3,390.3,1660.2,894.9,2526.2,377.2,278.2,311.9,106.9,60.2,10.3,1.1,5.8,20.9,3.6,1.0,7.6,257.7,2.1,0.0,0.0,0.0,630.7,2323.2,17056.3,14.6,7.4,182.6,87.2,10.4,2.7,34.0,29.2,156.4,1077.4,471.9,684.6,280.4,53.7,2630.0,941.6,18.7,10.4,65.7,25.6,0.6,123.3,85.0,123.1,2907.3,347.9,0.8,35.0,5.7,11.4,38.5,243.2,1958.2,539.5,517.4,407.7,82.6,111.0,663.0,12870.8,46752.0,526.5,314.5,53.6,191.4,199.6,53.3,1901.7,270.4,257.7,798.5,37.9,3740.8,87.5,14.7,49.7,493.7,6850.7,7938.2,4779.8,2000.2,0.0,0.0,0.0,0.0,0.0,0.0,0.0,0.0,0.0,0.0,0.0,0.0,0.0,0.0,0.0,0.0,0.0,0.0,0.0,0.0,0.0,0.0,0.0,0.0,0.0,0.0,0.0,0.0,0.0,0.0,0.0,0.0,0.0,0.0,0.0,0.0,0.0,0.0,0.0,0.0,0.0,0.0,0.0,0.0,0.0,0.0,0.0,0.0,0.0,0.0,0.0,0.0,0.0,0.0,0.0,0.0,0.0,0.0,0.0,0.0,0.0,0.0,0.0,0.0,0.0,0.0,0.0,0.0,0.0
0.0,0.0,0.0,0.0,0.0,0.0,0.0,0.0,0.0,0.0,0.0,0.0,0.0,0.0,0.0,0.0,0.0,0.0,0.0,0.0,0.0,0.0,0.0,0.0,0.0,0.0,0.0,0.0,0.0,0.0,0.0,0.0,0.0,0.0,0.0,0.0,0.0,0.0,0.0,0.0,0.0,0.0,0.0,0.0,0.0,0.0,166.2,4580.7,31455.0,44117.4,39172.4,8689.2,3925.3,740.1,1097.8,744.4,11919.7,1049.0,369.9,536.2,119.2,265.1,373.4,829.5,528.0,392.8,976.2,4472.2,0.6,3.2,1.5,2778.6,19.2,1795.5,224.8,24.4,102.9,241.1,103.3,102951.8,12925.5,109.1,348.4,369.6,276.2,33.8,6.5,6103.9,21268.7,13.9,0.4,0.0,0.0,260.2,109.6,6482.8,2940.8,1362.9,637.8,141.5,396.7,161.4,674.9,1046.3,916.0,1960.9,1792.8,363.0,790.6,2962.4,3361.9,1245.3,179.0,5.9,0.5,0.5,6.4,0.1,0.9,2.7,0.0,6.9,0.0,0.0,0.0,79.6,1313.4,2.1,23.7,585.2,607.9,126.3,2.5,40.1,368.3,13455.4,114.1,0.9,23.2,51.6,888.3,87.0,74.4,751.7,778.5,220.4,108.2,137.2,650.3,2950.6,1063.4,490.9,1909.6,212.3,769.5,164.0,88.7,27.7,51.0,171.1,124.9,194.9,3508.1,367.8,146.1,55.6,1385.3,9559.2,122.4,76.0,571.3,154.2,736.6,1255.3,215.2,189.8,2746.5,159.6,104.8,120.2,442.4,64.2,239.6,670.6,442.1,785.2,1979.3,207.0,0.0,0.0,0.0,0.0,0.0,0.0,0.0,0.0,0.0,0.0,0.0,0.0,0.0,0.0,0.0,0.0,0.0,0.0,0.0,0.0,0.0,0.0,0.0,0.0,0.0,0.0,0.0,0.0,0.0,0.0,0.0,0.0,0.0,0.0,0.0,0.0,0.0,0.0,0.0,0.0,0.0,0.0,0.0,0.0,0.0,0.0,0.0,0.0,0.0,0.0,0.0,0.0,0.0,0.0,0.0,0.0,0.0,0.0,0.0,0.0,0.0,0.0,0.0,0.0,0.0,0.0,0.0,0.0,0.0
0.0,0.0,0.0,0.0,0.0,0.0,0.0,0.0,0.0,0.0,0.0,0.0,0.0,0.0,0.0,0.0,0.0,0.0,0.0,0.0,0.0,0.0,0.0,0.0,0.0,0.0,0.0,0.0,0.0,0.0,0.0,0.0,0.0,0.0,0.0,0.0,0.0,0.0,0.0,0.0,0.0,0.0,0.0,0.0,0.0,0.0,6280.3,21441.4,44591.5,13177.2,4164.6,5129.1,20647.0,1110.6,2233.2,866.3,629.0,1755.4,1345.6,622.8,352.7,534.6,257.3,2928.3,243.0,292.0,89.3,27.4,4.3,7.1,1675.7,1178.7,439.9,5.5,41.1,0.0,71.5,285.5,149.4,28.6,28.6,25.0,41.1,57.0,80.0,533.0,2.0,62.0,1325.6,9.6,12.7,12.2,0.8,0.0,30.2,267.9,1679.6,650.7,91.8,3.4,46.8,20.7,363.6,1248.6,942.2,632.5,1337.5,658.9,457.2,122.3,218.6,239.5,124.1,1.3,4.8,8.4,3.7,0.1,6.8,0.0,0.0,0.0,46.6,9.1,0.0,1698.5,0.0,3.4,14.7,2771.6,587.4,0.3,0.0,0.0,39.7,48.7,3.1,0.0,79.1,35.1,15.6,13.9,8.8,1713.9,4078.3,4899.6,2833.6,236.6,829.7,9710.1,3061.3,82.4,4.9,1.4,8.7,2087.8,178.1,22.2,2210.5,862.4,469.1,2844.9,3633.8,496.7,573.4,4335.7,139.1,126.3,8.5,33.8,874.8,495.1,1468.8,565.1,430.8,232.7,236.9,124.0,3427.5,240.5,424.8,743.8,1169.1,211.1,389.9,908.7,11104.0,100.5,0.0,0.0,0.0,0.0,0.0,0.0,0.0,0.0,0.0,0.0,0.0,0.0,0.0,0.0,0.0,0.0,0.0,0.0,0.0,0.0,0.0,0.0,0.0,0.0,0.0,0.0,0.0,0.0,0.0,0.0,0.0,0.0,0.0,0.0,0.0,0.0,0.0,0.0,0.0,0.0,0.0,0.0,0.0,0.0,0.0,0.0,0.0,0.0,0.0,0.0,0.0,0.0,0.0,0.0,0.0,0.0,0.0,0.0,0.0,0.0,0.0,0.0,0.0,0.0,0.0,0.0,0.0,0.0,0.0
0.0,0.0,0.0,0.0,0.0,0.0,0.0,0.0,0.0,0.0,0.0,0.0,0.0,0.0,0.0,0.0,0.0,0.0,0.0,0.0,0.0,0.0,0.0,0.0,0.0,0.0,0.0,0.0,0.0,0.0,0.0,0.0,0.0,0.0,0.0,0.0,0.0,0.0,0.0,0.0,0.0,0.0,0.0,0.0,0.0,243.4,8360.0,95565.3,70420.7,18392.2,3354.3,897.2,4428.7,4613.6,2988.2,692.5,1627.0,4248.8,815.5,1216.0,1002.9,1559.9,637.4,456.6,258.1,127.7,140.7,169.4,91.1,67.4,53.3,0.8,0.6,1191.2,2331.3,762.4,6.4,16.5,6.0,12.5,6.4,76.5,480.9,50.9,416.5,20.1,5.7,258.0,1297.7,4993.3,4.3,6.4,7.3,1.1,2221.8,245.1,435.7,3577.2,18.7,34.1,288.8,256.8,1271.4,1353.3,2186.5,364.3,5344.7,2786.6,513.8,529.4,1058.0,297.9,198.7,1.4,3.0,0.0,0.5,0.6,4.3,6.2,2.9,2.6,1062.6,27.7,0.0,0.0,1.3,1.7,14.3,1537.9,2181.4,2.7,0.0,0.1,88.9,5161.5,105.2,0.0,4322.2,66.2,24.5,0.0,0.0,0.0,2.2,10.8,31.2,2202.4,18374.9,1081.8,35.3,45.4,11.9,38.3,9.7,7.1,0.0,32.2,79.1,52.1,11843.3,77050.9,5543.9,70.0,69.2,220.2,12.4,27.6,6.8,19.8,173.7,13427.6,5918.8,79.0,68.9,75.9,79.2,164.0,62.7,47.5,67.0,91.2,130.7,286.6,258.4,293.9,555.1,75.6,0.0,0.0,0.0,0.0,0.0,0.0,0.0,0.0,0.0,0.0,0.0,0.0,0.0,0.0,0.0,0.0,0.0,0.0,0.0,0.0,0.0,0.0,0.0,0.0,0.0,0.0,0.0,0.0,0.0,0.0,0.0,0.0,0.0,0.0,0.0,0.0,0.0,0.0,0.0,0.0,0.0,0.0,0.0,0.0,0.0,0.0,0.0,0.0,0.0,0.0,0.0,0.0,0.0,0.0,0.0,0.0,0.0,0.0,0.0,0.0,0.0,0.0,0.0,0.0,0.0,0.0,0.0,0.0,0.0
0.0,0.0,0.0,0.0,0.0,0.0,0.0,0.0,0.0,0.0,0.0,0.0,0.0,0.0,0.0,0.0,0.0,0.0,0.0,0.0,0.0,0.0,0.0,0.0,0.0,0.0,0.0,0.0,0.0,0.0,0.0,0.0,0.0,0.0,0.0,0.0,0.0,0.0,0.0,0.0,0.0,0.0,160.7,412.3,4393.2,10669.1,27657.5,28474.9,10988.9,15703.4,3036.0,968.9,3213.6,10752.3,9061.7,697.0,1503.4,2331.0,1457.5,1141.6,1268.1,2995.1,354.1,736.6,499.2,88.6,137.5,343.7,186.9,88.2,105.4,891.7,118.7,164.0,57.0,40.7,232.6,1622.8,7.5,9.0,7.0,8.3,198.7,345.9,55.4,5.9,49.7,1580.7,111.1,71.5,5.4,15.9,16.6,494.0,3572.5,1709.8,58.7,71.6,22.6,180.0,1284.4,1633.8,287.1,394.2,1773.1,671.4,1985.8,437.5,1476.3,800.5,593.3,461.2,512.9,0.3,0.0,0.3,11.3,14.8,20.0,11.6,4.0,0.0,40.4,1.2,0.0,0.0,0.0,0.2,64.6,12951.8,3589.1,92.4,0.1,29.8,46.7,1296.8,16.8,0.0,165.9,9.6,167.5,60.4,30.8,42.2,73.1,111.5,267.3,35.9,39.0,260.9,154.0,26.8,4.9,5.3,3.4,3.9,282.8,1037.6,456.0,598.0,1027.0,3196.6,405.8,38.3,42.3,197.7,270.0,25.0,10.5,31.2,160.0,16767.4,37367.3,98.1,58.9,43.6,41.1,65.6,54.5,45.1,35.6,59.9,137.6,969.8,125.6,655.5,1243.4,34.4,0.0,0.0,0.0,0.0,0.0,0.0,0.0,0.0,0.0,0.0,0.0,0.0,0.0,0.0,0.0,0.0,0.0,0.0,0.0,0.0,0.0,0.0,0.0,0.0,0.0,0.0,0.0,0.0,0.0,0.0,0.0,0.0,0.0,0.0,0.0,0.0,0.0,0.0,0.0,0.0,0.0,0.0,0.0,0.0,0.0,0.0,0.0,0.0,0.0,0.0,0.0,0.0,0.0,0.0,0.0,0.0,0.0,0.0,0.0,0.0,0.0,0.0,0.0,0.0,0.0,0.0,0.0,0.0,0.0
0.0,0.0,0.0,0.0,0.0,0.0,0.0,0.0,0.0,0.0,0.0,0.0,0.0,0.0,0.0,0.0,0.0,0.0,0.0,0.0,0.0,0.0,0.0,0.0,0.0,0.0,0.0,0.0,0.0,0.0,0.0,0.0,0.0,0.0,0.0,0.0,0.0,0.0,0.0,0.0,0.0,72.6,5083.4,8045.5,6821.7,8092.8,37174.0,31799.8,7024.9,5771.2,805.8,785.6,1825.2,2126.4,2359.2,1313.2,1436.3,5036.7,1878.2,1666.3,3584.5,1764.1,4551.7,338.7,341.1,81.9,79.5,232.4,130.7,674.0,736.2,237.4,134.1,247.9,558.4,187.1,1702.2,2438.1,25.9,79.9,3.6,3.8,91.0,49.4,70.8,2455.9,20.5,16.5,48.0,52.0,367.4,40.4,262.4,194.1,120.4,79.8,11.6,10.2,10.4,78.7,18.6,1468.3,749.2,8483.2,1356.3,196.7,473.8,3432.5,394.7,233.4,1154.5,412.1,1030.5,353.7,4282.8,1550.8,313.0,71.4,47.2,9220.6,512.5,2.3,2.6,0.1,0.0,0.7,0.6,2.7,78.4,2841.1,2195.1,256.1,98.6,201.5,28.2,0.0,0.2,210.4,0.0,21.7,61.0,726.5,4071.0,633.9,533.7,299.9,86.6,20.3,48.9,15.4,142.6,28.7,1.2,0.2,11.2,14.9,2.8,4.1,21.2,812.3,7795.2,2363.4,840.1,168.2,54.7,19.4,913.7,41.0,72.1,183.7,331.4,1204.2,116.4,135.9,97.6,111.4,267.6,67.2,67.5,284.2,55.3,26.8,178.3,53.4,191.2,261.3,2663.3,2.0,0.0,0.0,0.0,0.0,0.0,0.0,0.0,0.0,0.0,0.0,0.0,0.0,0.0,0.0,0.0,0.0,0.0,0.0,0.0,0.0,0.0,0.0,0.0,0.0,0.0,0.0,0.0,0.0,0.0,0.0,0.0,0.0,0.0,0.0,0.0,0.0,0.0,0.0,0.0,0.0,0.0,0.0,0.0,0.0,0.0,0.0,0.0,0.0,0.0,0.0,0.0,0.0,0.0,0.0,0.0,0.0,0.0,0.0,0.0,0.0,0.0,0.0,0.0,0.0,0.0,0.0,0.0,0.0,0.0
0.0,0.0,0.0,0.0,0.0,0.0,0.0,0.0,0.0,0.0,0.0,0.0,0.0,0.0,0.0,0.0,0.0,0.0,0.0,0.0,0.0,0.0,0.0,0.0,0.0,0.0,0.0,0.0,0.0,0.0,0.0,0.0,0.0,0.0,0.0,0.0,0.0,0.0,0.0,0.0,0.0,2596.0,23347.2,56616.9,16680.2,3244.3,3137.7,3699.1,4331.7,2223.9,1030.4,1051.1,2769.1,1936.3,1776.1,2262.0,4285.0,4269.0,3111.9,872.0,1016.4,1968.1,1042.9,343.3,437.4,58.3,149.3,13059.2,383.4,585.7,3205.9,396.4,346.2,250.5,22.5,737.4,3570.9,302.8,306.4,12.4,15.7,0.2,62.2,9.2,32.3,46.8,107.4,159.8,987.9,14.0,23.2,26.4,493.6,256.2,37.6,31.5,16.7,6.8,4.6,11.4,7465.8,1135.5,4984.4,1628.4,3808.6,702.1,399.2,299.4,924.3,494.2,1085.0,271.2,1256.1,46.3,34.1,459.8,90.1,6.2,443.5,62.6,440.5,5.0,0.1,0.0,0.7,1.7,1.5,9.3,16.6,387.0,31108.7,215.9,20.2,881.9,2.4,2.1,84.2,13.0,8.7,1.2,0.0,0.0,125.8,608.5,6044.6,688.8,180.3,12.1,17.6,28.8,32.7,19.1,0.3,5.3,0.3,1.0,2.7,0.4,2.0,18.8,121.0,267.3,135.1,66.0,15.3,50.9,22.4,4.1,20.9,47.1,158.5,99.9,264.0,1474.4,32.0,44.1,48.9,57.1,1113.7,42.8,335.1,17.9,48.3,208.7,68.5,131.5,274.9,0.0,0.0,0.0,0.0,0.0,0.0,0.0,0.0,0.0,0.0,0.0,0.0,0.0,0.0,0.0,0.0,0.0,0.0,0.0,0.0,0.0,0.0,0.0,0.0,0.0,0.0,0.0,0.0,0.0,0.0,0.0,0.0,0.0,0.0,0.0,0.0,0.0,0.0,0.0,0.0,0.0,0.0,0.0,0.0,0.0,0.0,0.0,0.0,0.0,0.0,0.0,0.0,0.0,0.0,0.0,0.0,0.0,0.0,0.0,0.0,0.0,0.0,0.0,0.0,0.0,0.0,0.0,0.0,0.0,0.0
0.0,0.0,0.0,0.0,0.0,0.0,0.0,0.0,0.0,0.0,0.0,0.0,0.0,0.0,0.0,0.0,0.0,0.0,0.0,0.0,0.0,0.0,0.0,0.0,0.0,0.0,0.0,0.0,0.0,0.0,0.0,0.0,0.0,0.0,0.0,0.0,0.0,0.0,0.0,31.2,21868.0,19940.7,93284.5,438493.3,9395.3,2218.2,5702.6,2650.3,2094.4,1772.0,745.8,1138.1,1613.5,3392.0,3152.8,4384.1,2226.5,2670.1,2189.4,1282.7,1016.8,799.6,3479.3,583.5,191.6,512.7,1133.8,677.9,2403.3,743.9,99.8,322.2,1498.7,1818.8,1536.6,582.6,5320.6,568.3,474.3,277.5,110.0,5.5,67.6,2.9,21.4,48.6,2508.9,12326.8,19.9,3.5,5.4,6.1,6.4,158.1,62.1,350.8,22.8,96.4,194.2,37.6,245.0,1683.4,22994.7,4544.2,1588.0,1441.8,2386.2,1520.6,626.1,712.8,205.7,0.0,105.1,107.3,235.4,1323.0,69.6,12.0,197.8,6.1,25.6,8.9,7.1,3.8,0.1,0.0,3.4,6.1,0.2,615.9,882.3,29.2,9.6,267.6,1.1,2.2,14776.7,24.1,0.0,157.5,19.4,1.3,12.3,1020.2,2140.6,28.3,11.6,9.4,449.3,16.4,4.3,1.8,49.2,68.1,1.9,4.6,90.2,1.9,1.3,11.3,121.6,136.6,29.0,27.3,11.1,245.7,6.2,42.9,30.1,106.5,138.5,47.7,65.1,87.0,156.1,48.9,33.9,296.3,82.6,35.4,16.1,15.8,39.3,123.9,67.8,207.4,1021.5,0.0,0.0,0.0,0.0,0.0,0.0,0.0,0.0,0.0,0.0,0.0,0.0,0.0,0.0,0.0,0.0,0.0,0.0,0.0,0.0,0.0,0.0,0.0,0.0,0.0,0.0,0.0,0.0,0.0,0.0,0.0,0.0,0.0,0.0,0.0,0.0,0.0,0.0,0.0,0.0,0.0,0.0,0.0,0.0,0.0,0.0,0.0,0.0,0.0,0.0,0.0,0.0,0.0,0.0,0.0,0.0,0.0,0.0,0.0,0.0,0.0,0.0,0.0,0.0,0.0,0.0,0.0,0.0,0.0,0.0
0.0,0.0,0.0,0.0,0.0,0.0,0.0,0.0,0.0,0.0,0.0,0.0,0.0,0.0,0.0,0.0,0.0,0.0,0.0,0.0,0.0,0.0,0.0,0.0,0.0,0.0,0.0,0.0,0.0,0.0,0.0,0.0,0.0,0.0,0.0,0.0,0.0,0.0,0.0,4654.9,23943.3,18996.4,9950.4,326946.7,2837.2,1421.0,1769.6,1531.9,1859.0,2325.6,2288.1,1709.3,558.3,1036.8,2371.9,3234.4,2161.8,2020.5,1836.0,8152.4,10090.9,1185.4,1016.2,705.4,1207.6,3490.9,497.8,2024.1,7367.7,4904.0,813.3,519.7,823.7,55682.4,19293.9,1449.4,402.4,15027.4,131.5,93.5,19.8,17.8,9.2,19.1,27.1,11.1,1994.1,7282.6,127.0,66.3,2.6,6.5,11.8,28.7,46.9,129.8,109.7,32.1,926.7,775.9,881.8,122.4,2895.6,581.3,208.4,457.2,74.0,183.0,125.6,12297.3,71.8,893.4,7898.8,1864.4,585.5,52.3,26.0,7.7,113.0,51.7,142.2,208.9,47.8,1251.9,0.0,0.0,21.2,14.3,387.7,19.0,26.9,7.1,15.4,19.2,0.7,3.9,28113.1,3658.4,0.0,532.4,228.0,3.3,35.4,54.7,11.3,2.9,6.9,129.8,1333.5,8.5,2.9,19.6,44.9,58.4,8.3,54.1,29.0,11.0,97.4,222.3,69.6,2477.0,213.6,83.6,39.8,175.1,12.2,23.3,144.7,512.5,91.3,59.6,318.2,44.3,54.6,104.2,37.0,343.9,55.6,30.0,15.0,7.5,10.6,37.8,56.7,188.4,13375.8,0.0,0.0,0.0,0.0,0.0,0.0,0.0,0.0,0.0,0.0,0.0,0.0,0.0,0.0,0.0,0.0,0.0,0.0,0.0,0.0,0.0,0.0,0.0,0.0,0.0,0.0,0.0,0.0,0.0,0.0,0.0,0.0,0.0,0.0,0.0,0.0,0.0,0.0,0.0,0.0,0.0,0.0,0.0,0.0,0.0,0.0,0.0,0.0,0.0,0.0,0.0,0.0,0.0,0.0,0.0,0.0,0.0,0.0,0.0,0.0,0.0,0.0,0.0,0.0,0.0,0.0,0.0,0.0,0.0,0.0
0.0,0.0,0.0,0.0,0.0,0.0,0.0,0.0,0.0,0.0,0.0,0.0,0.0,0.0,0.0,0.0,0.0,0.0,0.0,0.0,0.0,0.0,0.0,0.0,0.0,0.0,0.0,0.0,0.0,0.0,0.0,0.0,0.0,0.0,0.0,0.0,0.0,0.0,2723.1,8217.6,6579.8,6031.4,4047.0,2468.4,1120.2,1483.3,817.1,912.2,1524.1,3578.0,2810.1,2075.0,5282.5,2463.4,2241.4,3629.0,2561.2,1819.4,1338.5,1899.7,1270.3,1487.1,2139.8,11879.7,1220.1,1462.5,6448.2,2320.9,909.5,784.7,348.1,2447.4,7178.6,504.2,142.1,208.7,64.6,41.7,50.3,375.3,1100.3,29.3,29.0,4805.2,338.3,148.4,203.8,1008.6,86.7,5.8,16.5,1.0,8.0,174.9,136.1,170.2,39.5,2.8,14.4,149.6,156.9,2937.9,1242.0,1238.4,178.1,120.3,171.4,152.8,1037.4,13205.8,0.0,48.6,8479.2,3908.8,0.0,2.2,21.3,2071.6,85.9,4.5,94.6,551.3,37512.7,9222.3,13.3,5.4,6.5,914.4,1973.3,24.5,0.2,19.4,17.8,0.2,0.7,23.6,92.7,384.1,0.3,7.9,0.0,0.0,1.0,6.6,8.0,0.0,157.3,81.2,17.2,1.7,5.7,7.6,97.5,433.2,18.2,36.2,16.1,31.5,254.8,438.8,385.3,216.0,49.1,34.0,108.2,1136.3,199.3,117.1,431.9,77.0,344.9,26.3,31.6,26.3,53.5,751.5,940.0,144.3,40.7,138.7,29.2,7.6,2.1,24.4,154.1,158.5,545.4,0.0,0.0,0.0,0.0,0.0,0.0,0.0,0.0,0.0,0.0,0.0,0.0,0.0,0.0,0.0,0.0,0.0,0.0,0.0,0.0,0.0,0.0,0.0,0.0,0.0,0.0,0.0,0.0,0.0,0.0,0.0,0.0,0.0,0.0,0.0,0.0,0.0,0.0,0.0,0.0,0.0,0.0,0.0,0.0,0.0,0.0,0.0,0.0,0.0,0.0,0.0,0.0,0.0,0.0,0.0,0.0,0.0,0.0,0.0,0.0,0.0,0.0,0.0,0.0,0.0,0.0,0.0,0.0,0.0,0.0
0.0,0.0,0.0,0.0,0.0,0.0,0.0,0.0,0.0,0.0,0.0,0.0,0.0,0.0,0.0,0.0,0.0,0.0,0.0,0.0,0.0,0.0,0.0,0.0,0.0,0.0,0.0,0.0,0.0,0.0,0.0,0.0,0.0,0.0,0.0,0.0,0.0,0.0,4284.0,2503.7,2316.8,1560.9,1007.0,4871.9,1584.6,1740.8,2412.3,2100.0,2967.1,3398.5,7159.2,1957.3,1134.6,2726.7,19068.7,3048.3,3116.0,1694.9,1702.3,708.8,558.9,534.7,2726.3,13139.2,3660.0,2526.7,1988.7,6705.2,1399.5,33.2,8563.3,1858.6,2552.0,259.9,89.5,79.3,557.0,3.0,938.1,709.0,203.9,7151.2,104.2,3523.7,13089.7,21.8,51.0,63.3,7.4,16.5,57.5,8.7,12.5,15.0,220.4,43.8,3.5,2.6,18.5,957.6,5235.6,1455.0,1563.6,2509.9,53.6,347.4,87.6,391.7,12696.2,53867.0,848.2,895.1,2807.2,239.1,46.9,19.4,1356.5,676.9,50.1,13.6,108.9,9267.9,111199.6,7.2,19.8,7.8,10.4,1.1,64.8,30.9,5.9,9.8,6.5,0.0,5.4,0.9,0.1,187.9,0.0,0.0,0.0,12.1,0.8,162.1,1507.0,28.8,116.6,2.8,0.0,1.8,15.6,39.8,233.7,2468.0,62.3,229.5,174.2,3258.6,441.0,2217.9,509.0,76.4,45.0,26.8,95.9,33.6,85.3,151.4,555.0,196.9,43.5,25.0,19.2,33.3,45.9,1478.1,915.1,1184.9,56.3,36.5,7.9,10.9,9.9,10.1,102.5,121.6,81.3,0.0,0.0,0.0,0.0,0.0,0.0,0.0,0.0,0.0,0.0,0.0,0.0,0.0,0.0,0.0,0.0,0.0,0.0,0.0,0.0,0.0,0.0,0.0,0.0,0.0,0.0,0.0,0.0,0.0,0.0,0.0,0.0,0.0,0.0,0.0,0.0,0.0,0.0,0.0,0.0,0.0,0.0,0.0,0.0,0.0,0.0,0.0,0.0,0.0,0.0,0.0,0.0,0.0,0.0,0.0,0.0,0.0,0.0,0.0,0.0,0.0,0.0,0.0,0.0,0.0,0.0,0.0,0.0,0.0,0.0
0.0,0.0,0.0,0.0,0.0,0.0,0.0,0.0,0.0,0.0,0.0,0.0,0.0,0.0,0.0,0.0,0.0,0.0,0.0,0.0,0.0,0.0,0.0,0.0,0.0,0.0,0.0,0.0,0.0,0.0,0.0,0.0,0.0,0.0,0.0,0.0,0.0,0.0,582.1,756.1,7969.8,1148.3,1718.1,1248.2,2912.1,2365.4,1982.5,2237.2,3139.2,1778.2,2602.6,2040.0,1412.8,2165.8,1431.1,1035.3,2352.1,1198.6,1716.9,900.8,2495.4,2686.0,4373.1,4057.8,7184.0,1483.5,1897.5,1729.6,268.9,35.0,164.9,0.4,433.5,143.3,146.0,27.0,773.7,0.1,6.5,326.0,186.6,1.7,11.7,369.8,28.1,90.5,52.5,138.0,31.9,28.0,88.8,22.4,6.0,4.6,28.8,2.8,7.4,4.1,4.2,681.5,10289.3,110.1,31.4,141.7,12.6,117.2,517.9,752.2,15940.1,18726.6,1602.2,4693.8,531.2,141.4,325.6,283.3,541.7,19.8,35.7,1259.9,1351.8,368.5,5277.1,995.4,70.7,2.2,43.6,11.4,17.7,24.3,24.8,1.2,0.0,0.0,2.2,1.3,14.5,0.0,0.0,0.0,0.0,52.1,168.3,10675.6,3558.3,1023.7,164.7,10.2,12.5,1.2,48.2,642.2,37.2,11591.7,1603.2,181.6,310.1,568.5,1103.0,1030.0,2579.9,67.2,143.7,130.7,239.3,13.2,26.5,190.0,7309.7,272.2,147.0,264.7,20.5,2.4,18.6,58.8,102.8,10014.4,116.3,104.1,12.9,37.0,43.5,35.7,211.5,113.0,11.4,0.0,0.0,0.0,0.0,0.0,0.0,0.0,0.0,0.0,0.0,0.0,0.0,0.0,0.0,0.0,0.0,0.0,0.0,0.0,0.0,0.0,0.0,0.0,0.0,0.0,0.0,0.0,0.0,0.0,0.0,0.0,0.0,0.0,0.0,0.0,0.0,0.0,0.0,0.0,0.0,0.0,0.0,0.0,0.0,0.0,0.0,0.0,0.0,0.0,0.0,0.0,0.0,0.0,0.0,0.0,0.0,0.0,0.0,0.0,0.0,0.0,0.0,0.0,0.0,0.0,0.0,0.0,0.0,0.0,0.0
0.0,0.0,0.0,0.0,0.0,0.0,0.0,0.0,0.0,0.0,0.0,0.0,0.0,0.0,0.0,0.0,0.0,0.0,0.0,0.0,0.0,0.0,0.0,0.0,0.0,0.0,0.0,0.0,0.0,0.0,0.0,0.0,0.0,0.0,0.0,0.0,0.0,0.0,353.8,341.9,598.2,1771.5,2067.6,1419.9,2928.6,3527.4,432.5,582.6,1861.6,2149.7,1561.0,1111.3,1339.4,1462.8,1127.3,743.2,417.4,1757.4,528.5,1546.0,280.5,1035.8,153811.8,8897.8,7414.8,1523.8,2381.5,2472.7,107.3,17.9,822.9,3006.2,68.4,80.9,62.3,6.5,6.3,0.0,0.0,0.7,4.3,1.6,2.7,13.8,11.7,580.0,2751.0,948.8,8148.0,145.8,83.6,10.0,23.0,35.2,4.5,1243.2,259.0,1.7,92.5,4909.2,175.3,65.5,1.2,147.1,486.3,496.3,721.6,68.5,432.0,972.0,1420.2,20739.1,15200.7,867.6,117.8,5490.4,517.5,1124.8,32181.1,8860.3,15656.3,4474.6,1971.6,341.5,7042.7,2.6,28.2,98.3,8.5,13.6,130.6,6.9,1.0,0.0,0.0,0.0,2.5,5.3,4.1,0.0,0.0,0.3,25.9,114.0,5185.0,2311.8,124.2,9.5,63.7,27.7,28.7,25.3,46.5,0.0,10250.7,354.3,11.3,358.9,1714.2,3062.8,3358.8,245.3,365.3,237.1,21.2,13.4,11.3,66.7,243.9,88.3,32.0,46.9,24.6,5.0,19.3,39.8,49.6,1474.2,66.1,34.5,45.3,54.3,176.5,22.2,228.1,2394.3,27.0,0.0,0.0,0.0,0.0,0.0,0.0,0.0,0.0,0.0,0.0,0.0,0.0,0.0,0.0,0.0,0.0,0.0,0.0,0.0,0.0,0.0,0.0,0.0,0.0,0.0,0.0,0.0,0.0,0.0,0.0,0.0,0.0,0.0,0.0,0.0,0.0,0.0,0.0,0.0,0.0,0.0,0.0,0.0,0.0,0.0,0.0,0.0,0.0,0.0,0.0,0.0,0.0,0.0,0.0,0.0,0.0,0.0,0.0,0.0,0.0,0.0,0.0,0.0,0.0,0.0,0.0,0.0,0.0,0.0,0.0
0.0,0.0,0.0,0.0,0.0,0.0,0.0,0.0,0.0,0.0,0.0,0.0,0.0,0.0,0.0,0.0,0.0,0.0,0.0,0.0,0.0,0.0,0.0,0.0,0.0,0.0,0.0,0.0,0.0,0.0,0.0,0.0,0.0,0.0,0.0,0.0,0.0,0.0,244.5,147.5,359.0,1735.8,1715.6,3386.9,998.4,456.7,352.6,270.8,736.0,878.4,860.0,3056.4,1820.9,448.5,849.2,294.5,202.4,175.1,6.2,755.9,956.7,1829.4,8846.5,1661.3,374.5,2711.5,1936.6,1577.8,168.3,2.8,3144.7,38.0,6969.5,358.0,194.1,73.8,0.5,0.0,2.5,0.9,0.9,1.4,9.5,864.8,284.0,2128.0,1591.5,2.7,74.6,264.2,16.6,29.0,60.9,108.1,1045.6,20.7,4.2,4.9,22.9,2348.4,356.4,0.0,59.1,579.8,1143.5,662.7,11.3,7.1,48.1,27.3,3422.9,6960.1,3568.5,102.2,786.7,103.6,3163.6,1088.6,4580.5,716.8,4288.5,696.5,75.5,246.5,14978.2,252.3,177.1,3402.1,50.1,25.5,97.1,0.4,2.2,0.1,0.0,0.0,30.8,9.3,0.0,0.0,0.0,11.3,12.0,1.1,13264.7,1713.1,49.2,30.1,240.1,13.3,19.9,0.0,559.0,144.1,784.9,1902.0,217.1,21.1,558.8,234.0,75083.6,632.2,246.6,238.3,178.6,7.9,32.8,64.4,240.0,100.9,87.8,12.5,10.6,6.8,4.7,34.5,31.3,262.5,6.7,7.8,25.0,18.2,60.6,51.6,172.9,112.7,10.2,0.0,0.0,0.0,0.0,0.0,0.0,0.0,0.0,0.0,0.0,0.0,0.0,0.0,0.0,0.0,0.0,0.0,0.0,0.0,0.0,0.0,0.0,0.0,0.0,0.0,0.0,0.0,0.0,0.0,0.0,0.0,0.0,0.0,0.0,0.0,0.0,0.0,0.0,0.0,0.0,0.0,0.0,0.0,0.0,0.0,0.0,0.0,0.0,0.0,0.0,0.0,0.0,0.0,0.0,0.0,0.0,0.0,0.0,0.0,0.0,0.0,0.0,0.0,0.0,0.0,0.0,0.0,0.0,0.0,0.0
0.0,0.0,0.0,0.0,0.0,0.0,0.0,0.0,0.0,0.0,0.0,0.0,0.0,0.0,0.0,0.0,0.0,0.0,0.0,0.0,0.0,0.0,0.0,0.0,0.0,0.0,0.0,0.0,0.0,0.0,0.0,0.0,0.0,0.0,0.0,0.0,0.0,0.0,5308.0,911.0,953.2,3067.0,1628.4,868.2,582.5,387.4,269.0,312.5,632.7,515.6,518.4,1122.3,546.5,1394.3,3606.9,2724.4,1224.3,321.0,133.9,485.4,1035.9,2643.2,2160.7,1323.3,687.0,303.9,131.1,252.2,82.2,14.8,15.9,16.0,3.7,187.9,359.5,22.2,0.2,3.2,14.6,85.6,57.4,1096.8,3105.1,86645.6,70826.5,143.6,168.9,5.1,3.9,0.0,0.0,28.2,155.2,9459.7,1312.1,7.1,2.1,9.3,715.0,1422.7,66.7,0.0,86.9,1718.9,228.4,25.5,38.8,8.2,8.3,1.4,229.5,145.4,1.0,3.9,7.0,55.2,31.1,64.1,70.9,1020.8,3652.9,147.4,6.3,336.2,14835.6,551.5,93.4,181.0,67.1,167.5,733.9,24.2,108.6,7.2,0.0,0.0,511.5,0.0,1.1,0.0,2.3,25.0,4.9,8.1,9.7,796.0,46.3,198.0,3853.8,294.6,22.7,4.0,261.1,129.6,204.6,2999.8,8.8,4.5,252.2,370.1,66134.2,12762.4,263.3,744.3,2553.2,60.3,73.4,45.5,44.6,26.9,16.3,6.3,15.6,702.2,182.7,22.6,1911.6,111.7,23.1,4.1,49.4,22.8,68.5,76.5,97.1,131.6,1.8,0.0,0.0,0.0,0.0,0.0,0.0,0.0,0.0,0.0,0.0,0.0,0.0,0.0,0.0,0.0,0.0,0.0,0.0,0.0,0.0,0.0,0.0,0.0,0.0,0.0,0.0,0.0,0.0,0.0,0.0,0.0,0.0,0.0,0.0,0.0,0.0,0.0,0.0,0.0,0.0,0.0,0.0,0.0,0.0,0.0,0.0,0.0,0.0,0.0,0.0,0.0,0.0,0.0,0.0,0.0,0.0,0.0,0.0,0.0,0.0,0.0,0.0,0.0,0.0,0.0,0.0,0.0,0.0,0.0,0.0
0.0,0.0,0.0,0.0,0.0,0.0,0.0,0.0,0.0,0.0,0.0,0.0,0.0,0.0,0.0,0.0,0.0,0.0,0.0,0.0,0.0,0.0,0.0,0.0,0.0,0.0,0.0,0.0,0.0,0.0,0.0,0.0,0.0,0.0,0.0,0.0,0.0,0.0,810.3,723.9,2495.4,1097.1,676.8,837.8,670.3,277.3,256.1,300.1,3330.8,247.9,271.4,285.8,277.6,384.6,488.8,577.2,298.6,316.9,345.6,683.6,1881.8,1557.5,1638.6,77310.2,106061.9,2855.6,960.9,115.2,76.7,22.2,155.5,130.8,156.9,1.6,8016.7,19.6,2.3,11.3,1623.6,43921.0,705911.7,210876.7,31499.1,4970.2,14300.3,359.5,0.0,0.0,0.0,0.0,0.0,0.0,469.9,163.1,207.4,942.0,19268.7,18736.6,5167.0,7384.9,229.8,0.0,51.7,50.7,1951.3,611.5,153.2,20.1,32.9,2919.2,312.7,11006.7,219.4,0.8,36.1,634.6,106.8,65.3,30.7,1.3,18.9,198.2,343.1,1386.3,17737.4,66.6,5.3,37.8,10.6,698.5,11412.7,20.1,698.7,120.0,0.0,0.0,4.4,2.1,2.2,0.1,0.3,74.1,0.1,1.0,1.0,12.8,14.3,9.4,11.1,586.6,6984.8,392.2,3499.5,410.4,16.3,0.0,0.0,6.5,14.9,17.6,120.8,4748.2,105.6,55.8,160.3,49.4,22.8,219.1,19.1,13.9,7.5,4.4,6.7,269.4,149.5,22.8,123.4,13.4,82.2,32.2,521.9,46.1,98.0,572.8,73.4,141.3,0.0,0.0,0.0,0.0,0.0,0.0,0.0,0.0,0.0,0.0,0.0,0.0,0.0,0.0,0.0,0.0,0.0,0.0,0.0,0.0,0.0,0.0,0.0,0.0,0.0,0.0,0.0,0.0,0.0,0.0,0.0,0.0,0.0,0.0,0.0,0.0,0.0,0.0,0.0,0.0,0.0,0.0,0.0,0.0,0.0,0.0,0.0,0.0,0.0,0.0,0.0,0.0,0.0,0.0,0.0,0.0,0.0,0.0,0.0,0.0,0.0,0.0,0.0,0.0,0.0,0.0,0.0,0.0,0.0,0.0,0.0
0.0,0.0,0.0,0.0,0.0,0.0,0.0,0.0,0.0,0.0,0.0,0.0,0.0,0.0,0.0,0.0,0.0,0.0,0.0,0.0,0.0,0.0,0.0,0.0,0.0,0.0,0.0,0.0,0.0,0.0,0.0,0.0,0.0,0.0,0.0,0.0,0.0,0.0,1303.9,556.3,1066.5,282.3,367.9,567.3,411.1,4614.3,186.2,746.7,511.6,206.6,341.6,269.2,692.5,13815.9,532.9,98.9,3271.3,526.7,225.3,148.5,194.9,51.3,776.3,654393.0,93841.0,440.7,19.4,5.2,17.3,124.5,164.3,9.8,0.0,0.0,0.4,3.3,2.7,4.9,2590.3,366568.2,668709.6,182239.4,16716.4,0.0,1898.7,0.1,1.9,0.0,0.0,0.0,0.0,0.0,4.7,21.0,4.3,116.8,775.7,46008.1,51976.8,503711.5,152891.1,1328.3,3887.8,977.5,75.0,487.9,80.0,37.7,89.5,191.2,566.8,1213.7,51.9,5.6,491.7,11.5,25.2,58.9,8849.6,90.4,2726.8,329.0,722.7,23929.2,1452.9,139.7,12.0,9.9,48.1,2556.7,185.0,7.4,100.5,35.4,1.2,0.0,3.8,23.2,14.3,135.0,11.6,9.3,0.0,2.0,7.4,50.9,24.6,1.4,1.0,4.6,4.0,99.4,22.1,385.4,8.1,0.0,4.7,336.5,29.3,11.4,32.8,639.4,14.4,28.1,130.8,39.2,4.9,62.2,16.5,11.0,2.3,1.0,2.4,19.2,23.9,131.8,78.8,0.8,147.6,48.0,154.9,193.6,57.9,1919.5,212.9,168.3,0.0,0.0,0.0,0.0,0.0,0.0,0.0,0.0,0.0,0.0,0.0,0.0,0.0,0.0,0.0,0.0,0.0,0.0,0.0,0.0,0.0,0.0,0.0,0.0,0.0,0.0,0.0,0.0,0.0,0.0,0.0,0.0,0.0,0.0,0.0,0.0,0.0,0.0,0.0,0.0,0.0,0.0,0.0,0.0,0.0,0.0,0.0,0.0,0.0,0.0,0.0,0.0,0.0,0.0,0.0,0.0,0.0,0.0,0.0,0.0,0.0,0.0,0.0,0.0,0.0,0.0,0.0,0.0,0.0,0.0,0.0
0.0,0.0,0.0,0.0,0.0,0.0,0.0,0.0,0.0,0.0,0.0,0.0,0.0,0.0,0.0,0.0,0.0,0.0,0.0,0.0,0.0,0.0,0.0,0.0,0.0,0.0,0.0,0.0,0.0,0.0,0.0,0.0,0.0,0.0,0.0,0.0,0.0,0.0,939.2,951.3,1000.5,348.7,778.7,27709.0,2138.4,675.9,289.6,521.5,602.9,826.0,774.1,1640.2,612.8,12714.7,100553.7,167.3,206.5,1676.8,410.5,157.7,126.6,28.4,3016.8,8115.0,19997.9,172.0,16.4,10.3,15.8,71.1,0.0,0.0,0.0,0.0,1.6,23.2,6.3,76.0,6956.8,13100.6,28931.7,15739.6,0.2,3.4,47.2,1.5,166.5,0.0,0.0,0.0,0.0,0.0,2.3,7.0,0.0,434.0,354.3,252.9,1455.2,167177.6,24682.2,2908.8,147.8,442.6,17.2,280.0,29.7,71.4,979.8,1123.1,40.5,65.7,22.5,647.0,26.4,0.1,11.0,49.0,991.3,469.7,1893.8,193.6,14619.7,1054.2,9832.1,648.3,105.0,772.3,1787.7,1194.2,464.8,83.0,13.4,1.8,5.7,0.5,465.7,9335.4,6.1,0.0,15.0,9.0,8.7,3.3,22.8,13.4,8.1,13.6,28.3,68.2,514.4,96.7,4.1,2.8,42.3,55.8,96.2,162.7,186.7,3743.5,857.0,50.6,57.4,20.4,51.7,172.4,18.9,33.3,36.5,16.9,1.0,1.5,6.1,12.9,17.6,203.2,39.5,12.6,27.8,16.3,71.5,37.2,27.4,114.8,83.1,151.6,0.0,0.0,0.0,0.0,0.0,0.0,0.0,0.0,0.0,0.0,0.0,0.0,0.0,0.0,0.0,0.0,0.0,0.0,0.0,0.0,0.0,0.0,0.0,0.0,0.0,0.0,0.0,0.0,0.0,0.0,0.0,0.0,0.0,0.0,0.0,0.0,0.0,0.0,0.0,0.0,0.0,0.0,0.0,0.0,0.0,0.0,0.0,0.0,0.0,0.0,0.0,0.0,0.0,0.0,0.0,0.0,0.0,0.0,0.0,0.0,0.0,0.0,0.0,0.0,0.0,0.0,0.0,0.0,0.0,0.0,0.0
0.0,0.0,0.0,0.0,0.0,0.0,0.0,0.0,0.0,0.0,0.0,0.0,0.0,0.0,0.0,0.0,0.0,0.0,0.0,0.0,0.0,0.0,0.0,0.0,0.0,0.0,0.0,0.0,0.0,0.0,0.0,0.0,0.0,0.0,0.0,0.0,0.0,0.0,653.4,550.5,710.3,715.6,1794.0,6126.9,977.1,778.9,1022.5,471.9,7229.1,942.0,1090.9,4110.8,663.2,773.0,5873.8,92.9,16.4,900.2,225.5,6402.6,94852.4,44154.3,13561.9,196.8,27.8,17.8,2.4,14.2,18.0,5.8,14.4,8.5,0.1,0.0,8.0,60.6,19.3,1757.3,713.9,1.4,85.1,171.5,2.1,0.0,1.2,344.9,31861.2,13079.2,762.7,13.5,56.1,14.5,12.8,14.4,13.0,857.0,421.4,1168.9,13434.6,14004.8,1006.8,5683.1,1817.2,17023.8,18.4,1260.4,273.4,106.2,107.4,20.6,41.3,21.7,95.7,771.8,31.9,1.0,6.5,102.9,255.2,29.9,24.7,59.3,80.8,97.0,17077.6,408.2,222.8,250.0,1366.6,17323.7,568.9,534.4,0.0,693.3,1552.9,267.0,31.3,13.6,15.5,23.1,13.1,18.0,1.8,0.3,18.4,3.1,8.4,2.0,26.2,19.5,57.3,2.0,10.0,9.3,814.8,652.3,473.8,1266.7,443.0,1968.0,220.6,72.1,328.2,17.5,13.7,14.4,4.5,24.5,16.0,6.2,18.4,5.0,13.7,7.4,27.3,2245.1,28.7,24.6,36.9,29.5,144.0,10.8,30.6,99.7,138.9,215.0,0.0,0.0,0.0,0.0,0.0,0.0,0.0,0.0,0.0,0.0,0.0,0.0,0.0,0.0,0.0,0.0,0.0,0.0,0.0,0.0,0.0,0.0,0.0,0.0,0.0,0.0,0.0,0.0,0.0,0.0,0.0,0.0,0.0,0.0,0.0,0.0,0.0,0.0,0.0,0.0,0.0,0.0,0.0,0.0,0.0,0.0,0.0,0.0,0.0,0.0,0.0,0.0,0.0,0.0,0.0,0.0,0.0,0.0,0.0,0.0,0.0,0.0,0.0,0.0,0.0,0.0,0.0,0.0,0.0,0.0,0.0
0.0,0.0,0.0,0.0,0.0,0.0,0.0,0.0,0.0,0.0,0.0,0.0,0.0,0.0,0.0,0.0,0.0,0.0,0.0,0.0,0.0,0.0,0.0,0.0,0.0,0.0,0.0,0.0,0.0,0.0,0.0,0.0,0.0,0.0,0.0,0.0,0.0,235.1,947.4,974.3,344.2,511.8,16708.5,4482.7,1024.3,757.4,1236.7,702.1,2068.7,1558.8,423.9,228.1,1688.6,413.3,2304.5,373.5,259.3,3571.1,3971.6,18165.3,66836.3,12591.4,6135.2,28.2,77.2,86.7,165.7,16.8,12.8,18.0,9.7,2.5,1.0,2.6,5.7,5.2,1.9,47.6,8.7,2.6,7.1,7.0,1.0,0.6,0.1,354.5,324.6,2834.7,2757.3,352.9,480.1,805.6,20.9,29.8,17.0,24.0,293.7,3125.0,4865.6,694.6,731.5,24177.8,65510.9,18994.3,17906.5,1329.8,863.9,61.6,1.4,73.9,314.4,160.8,4457.6,3140.2,383.7,61.7,20.3,47.7,47.4,145.9,88.0,318.1,798.7,412.2,22182.4,28.6,92.1,254.1,100.1,35.5,38.6,7.9,8.2,121.6,220.9,158.4,29.5,1.4,7.6,17.9,30.2,157.9,11.9,19.9,59.8,1.6,19.5,27.9,19.1,11.5,18.8,17.0,180.0,2716.2,13265.2,1076.4,38.4,29.2,58.5,12.8,73.1,30.5,26.8,368.7,10.8,11.9,1.9,16.1,21.4,24.6,48.1,8.3,6.9,13.1,21.1,63.3,82.5,35.8,81.3,34.6,132.5,63.0,7.3,114.7,79.5,73.2,0.0,0.0,0.0,0.0,0.0,0.0,0.0,0.0,0.0,0.0,0.0,0.0,0.0,0.0,0.0,0.0,0.0,0.0,0.0,0.0,0.0,0.0,0.0,0.0,0.0,0.0,0.0,0.0,0.0,0.0,0.0,0.0,0.0,0.0,0.0,0.0,0.0,0.0,0.0,0.0,0.0,0.0,0.0,0.0,0.0,0.0,0.0,0.0,0.0,0.0,0.0,0.0,0.0,0.0,0.0,0.0,0.0,0.0,0.0,0.0,0.0,0.0,0.0,0.0,0.0,0.0,0.0,0.0,0.0,0.0,0.0
0.0,0.0,0.0,0.0,0.0,0.0,0.0,0.0,0.0,0.0,0.0,0.0,0.0,0.0,0.0,0.0,0.0,0.0,0.0,0.0,0.0,0.0,0.0,0.0,0.0,0.0,0.0,0.0,0.0,0.0,0.0,0.0,0.0,0.0,0.0,0.0,0.0,2858.9,1741.4,2327.9,14363.2,3054.0,5271.4,3044.9,654.0,497.5,1062.2,698.6,246.3,832.9,461.7,29.6,141.9,454.0,4233.7,444.1,413.6,19506.6,27163.7,3254.8,549.3,86.9,3.8,7.7,169.0,341.4,72.3,2.0,12.7,13.6,15.0,5.6,15.9,2.8,9.3,11.5,0.3,591.5,9.2,1.6,30.9,6.5,6.7,1.3,22.5,60.9,790.6,486.6,575.9,14938.7,2542.5,93.8,30.9,37.1,246.4,10.1,8.9,8.6,83.6,57.1,32.8,8751.7,28276.5,1606.5,4868.6,1441.2,232.5,321.7,14.0,326.5,3780.0,3536.7,2344.4,2056.4,1921.0,764.1,99.0,174.3,5363.0,4002.4,4806.5,131.3,5915.2,478.6,2143.7,314.4,1075.2,1790.6,9.1,80.6,767.0,67.2,14.0,15.5,49.3,35.7,216.5,852.8,12.8,3.4,0.8,159.9,926.2,406.6,15.6,0.7,32.5,99.9,474.7,42.1,258.6,7719.7,1143.8,2034.2,8712.4,157.0,42.2,69.4,1002.7,3.7,14.5,35.5,52.4,121.3,13.5,0.9,3.7,7.2,25.8,49.7,23.2,1.9,5.6,1.6,8.9,149.3,195.6,45.3,11.7,33.5,8.5,18.2,69.8,703.5,162.3,180.5,0.0,0.0,0.0,0.0,0.0,0.0,0.0,0.0,0.0,0.0,0.0,0.0,0.0,0.0,0.0,0.0,0.0,0.0,0.0,0.0,0.0,0.0,0.0,0.0,0.0,0.0,0.0,0.0,0.0,0.0,0.0,0.0,0.0,0.0,0.0,0.0,0.0,0.0,0.0,0.0,0.0,0.0,0.0,0.0,0.0,0.0,0.0,0.0,0.0,0.0,0.0,0.0,0.0,0.0,0.0,0.0,0.0,0.0,0.0,0.0,0.0,0.0,0.0,0.0,0.0,0.0,0.0,0.0,0.0,0.0,0.0
0.0,0.0,0.0,0.0,0.0,0.0,0.0,0.0,0.0,0.0,0.0,0.0,0.0,0.0,0.0,0.0,0.0,0.0,0.0,0.0,0.0,0.0,0.0,0.0,0.0,0.0,0.0,0.0,0.0,0.0,0.0,0.0,0.0,0.0,0.0,0.0,0.0,326059.0,216335.3,5468.9,5881.2,4201.4,2012.1,3668.4,2742.2,736.1,495.1,689.6,272.5,93.8,163.0,4.1,7.9,147.7,31728.6,5590.5,1256.5,370.1,20.6,1.4,2.1,4.6,19.7,13.2,21.3,249.5,420.2,1093.0,21.7,3.2,5.1,5.8,10.4,8.6,11.2,3.3,14.1,4.2,3.7,2.2,36.1,457.6,11.2,4.7,9.9,88.7,84.3,19.8,8.6,819.3,137.5,36.1,8.4,13.2,34.4,44.4,88.7,18.6,10.2,118.5,874.1,3412.3,138.1,18.8,1397.7,8554.4,10049.4,1566.3,131.8,57.2,59.0,293.5,12475.2,608.3,129.3,357.0,357.6,1087.3,4190.0,133.5,443.5,908.4,2483.6,10562.2,20515.6,178.9,1186.0,147.8,10.7,74.1,84.3,16.9,79.7,371.4,24.6,51.0,28.1,291.0,11.3,0.0,20.4,39.8,73090.9,4659.7,110.0,13.3,10.6,114.1,23.0,4.4,112.9,298.5,194.8,71.8,31.8,19.0,26.3,7.5,2040.2,693.2,1515.3,82.8,1720.8,59.3,26.4,29.6,11.7,12.5,54.9,420.1,12.7,4.9,3.4,0.0,0.4,278.6,53.5,10.8,3.3,12.6,35.7,64.0,61.8,200.4,268.5,8.8,0.0,0.0,0.0,0.0,0.0,0.0,0.0,0.0,0.0,0.0,0.0,0.0,0.0,0.0,0.0,0.0,0.0,0.0,0.0,0.0,0.0,0.0,0.0,0.0,0.0,0.0,0.0,0.0,0.0,0.0,0.0,0.0,0.0,0.0,0.0,0.0,0.0,0.0,0.0,0.0,0.0,0.0,0.0,0.0,0.0,0.0,0.0,0.0,0.0,0.0,0.0,0.0,0.0,0.0,0.0,0.0,0.0,0.0,0.0,0.0,0.0,0.0,0.0,0.0,0.0,0.0,0.0,0.0,0.0,0.0,0.0
0.0,0.0,0.0,0.0,0.0,0.0,0.0,0.0,0.0,0.0,0.0,0.0,0.0,0.0,0.0,0.0,0.0,0.0,0.0,0.0,0.0,0.0,0.0,0.0,0.0,0.0,0.0,0.0,0.0,0.0,0.0,0.0,0.0,0.0,0.0,0.0,0.0,3651.9,5110.0,3130.9,4496.5,6709.3,2758.3,3393.1,7917.0,912.3,455.6,34.8,10.8,24.2,125.1,5.9,10.6,14.7,10.9,15.0,10.7,20.7,22.6,11.8,0.7,87.7,6.9,108.3,784.9,7.2,11.7,405.1,76.9,22.3,16.4,22.7,28.1,47.0,8.9,5.2,3.0,2.7,0.7,5.9,30.9,68.9,16.1,2.3,8.0,23.5,18.6,25.8,23.7,323.5,85.5,2.7,6.3,16.1,3.4,8.2,443.8,12.0,42.2,414.2,1799.3,723.0,809.6,2265.1,493.1,1148.6,8132.9,1228.5,1658.4,554.5,867.6,593.2,131.3,83.4,438.6,1054.4,322.5,479.7,120.2,175.7,181.8,378.3,766.8,332.4,1248.7,1075.0,6942.5,5017.2,18.7,11.1,12.8,40.6,150.9,404.4,94.2,12.7,314.9,7.0,9.9,5.5,3.4,17.1,1305.4,1216.8,18.7,193.0,568.1,82.5,36.0,5.6,1.2,24.2,39.9,243.2,13.2,7.2,32.6,179.6,160.6,70.6,671.5,30.5,571.2,66.7,14.5,4.1,7.5,37.3,21.7,18.7,20.3,11.0,6.0,15.4,185.4,51.1,5.5,2.7,1.0,12.1,24.6,356.2,85.2,217.9,95.3,29.3,0.0,0.0,0.0,0.0,0.0,0.0,0.0,0.0,0.0,0.0,0.0,0.0,0.0,0.0,0.0,0.0,0.0,0.0,0.0,0.0,0.0,0.0,0.0,0.0,0.0,0.0,0.0,0.0,0.0,0.0,0.0,0.0,0.0,0.0,0.0,0.0,0.0,0.0,0.0,0.0,0.0,0.0,0.0,0.0,0.0,0.0,0.0,0.0,0.0,0.0,0.0,0.0,0.0,0.0,0.0,0.0,0.0,0.0,0.0,0.0,0.0,0.0,0.0,0.0,0.0,0.0,0.0,0.0,0.0,0.0,0.0
0.0,0.0,0.0,0.0,0.0,0.0,0.0,0.0,0.0,0.0,0.0,0.0,0.0,0.0,0.0,0.0,0.0,0.0,0.0,0.0,0.0,0.0,0.0,0.0,0.0,0.0,0.0,0.0,0.0,0.0,0.0,0.0,0.0,0.0,0.0,0.0,0.0,1788.9,412.2,11651.6,3342.4,639.6,1183.0,521.3,738.2,2087.2,893.1,427.9,94.7,6.6,699.5,6.1,592.8,28.4,15.0,11.5,8.3,9.0,10.1,7.1,58.9,853.5,22.4,216.4,582.9,545.4,22.8,440.5,560.0,56.5,93.3,207.4,8.9,10.4,27.0,22.8,1720.3,5.4,19.5,5.3,41.7,18.7,14.8,1.7,10.9,6.7,22.9,13.4,18.6,22.8,29.8,24.7,10.2,15.8,14.9,2.7,1.8,20.8,21.4,817.7,303.2,16993.3,636.1,725.3,545.5,811.2,1290.9,83.6,5.1,48.3,630.4,691.1,25.7,105.6,166.2,2515.4,1492.8,757.8,244.0,626.3,441.1,96.5,1165.4,6785.6,2389.9,6591.0,2468.4,583.9,8471.5,21.2,690.4,251.0,54.2,2653.3,161.5,33.3,14.4,3.0,2.0,13.3,0.3,25.6,4233.4,178.8,2.6,19.0,24.0,13.6,21.6,17.5,27.1,31.0,68.2,93.1,19.2,21.5,30.6,26.5,824.0,255.9,36.5,29.7,86.4,24.8,14.9,10.6,17.6,17.1,22.8,22.6,13.4,9.7,101.9,473.8,3812.5,270.0,13.4,20.6,19.6,24.7,36.8,173.6,49.9,124.4,104.4,11.8,0.0,0.0,0.0,0.0,0.0,0.0,0.0,0.0,0.0,0.0,0.0,0.0,0.0,0.0,0.0,0.0,0.0,0.0,0.0,0.0,0.0,0.0,0.0,0.0,0.0,0.0,0.0,0.0,0.0,0.0,0.0,0.0,0.0,0.0,0.0,0.0,0.0,0.0,0.0,0.0,0.0,0.0,0.0,0.0,0.0,0.0,0.0,0.0,0.0,0.0,0.0,0.0,0.0,0.0,0.0,0.0,0.0,0.0,0.0,0.0,0.0,0.0,0.0,0.0,0.0,0.0,0.0,0.0,0.0,0.0,0.0
0.0,0.0,0.0,0.0,0.0,0.0,0.0,0.0,0.0,0.0,0.0,0.0,0.0,0.0,0.0,0.0,0.0,0.0,0.0,0.0,0.0,0.0,0.0,0.0,0.0,0.0,0.0,0.0,0.0,0.0,0.0,0.0,0.0,0.0,0.0,0.0,0.0,2890.6,6779.5,17000.7,8865.5,6589.3,652.4,771.8,6161.1,581.7,14.6,64.8,71.1,174.1,343.0,4995.7,299.4,46.1,0.7,3.2,2.5,10.2,11.7,7.2,13.8,10.8,66.6,188.5,310.7,20.1,176.5,12493.5,27354.5,3.5,2.0,4.2,9.2,169.6,9.1,3.3,11.9,1.0,0.0,0.0,0.0,14.6,54.6,18.2,15.9,59.9,183.0,22.5,106.7,330.8,19.9,8.3,18.4,7.0,15.1,10.1,25.3,18.7,48.7,4.8,4.6,16.1,244.3,9.5,96.2,69.6,519.3,1.9,43.6,34.7,138.3,209.9,815.8,238.0,158.9,372.6,5257.7,33372.3,301.2,5091.5,6851.0,294.6,834.5,18169.1,42666.8,5365.6,84964.9,5683.4,3532.1,913.4,1421.6,399.1,172.5,34355.0,772.2,20.4,16.6,25.1,25.1,5.2,2.0,102.5,213.6,63.8,17.2,24.1,27.5,46.6,72.3,121.2,916.4,63.3,73.8,129.9,39.2,22.5,11.8,20.7,36.9,27.5,29.9,73.4,48.4,29.4,39.4,7.6,28.2,7.6,30.1,10.9,4.6,40.5,11.1,404.8,65.0,36.6,45.0,44.0,121.5,37.9,123.2,134.5,100.9,530.9,1176.5,2.6,0.0,0.0,0.0,0.0,0.0,0.0,0.0,0.0,0.0,0.0,0.0,0.0,0.0,0.0,0.0,0.0,0.0,0.0,0.0,0.0,0.0,0.0,0.0,0.0,0.0,0.0,0.0,0.0,0.0,0.0,0.0,0.0,0.0,0.0,0.0,0.0,0.0,0.0,0.0,0.0,0.0,0.0,0.0,0.0,0.0,0.0,0.0,0.0,0.0,0.0,0.0,0.0,0.0,0.0,0.0,0.0,0.0,0.0,0.0,0.0,0.0,0.0,0.0,0.0,0.0,0.0,0.0,0.0,0.0,0.0,0.0
0.0,0.0,0.0,0.0,0.0,0.0,0.0,0.0,0.0,0.0,0.0,0.0,0.0,0.0,0.0,0.0,0.0,0.0,0.0,0.0,0.0,0.0,0.0,0.0,0.0,0.0,0.0,0.0,0.0,0.0,0.0,0.0,0.0,0.0,0.0,0.0,0.0,1578.6,4342.3,4352.9,2598.9,739.0,1956.4,3093.8,3085.6,2315.1,593.3,6400.5,46.4,491.3,645.0,508.5,226.3,448.7,18.5,1.7,5.5,16.4,11.0,9.0,6.8,0.2,22.3,76.4,98.6,24.1,65.0,425.3,80.3,44.3,15.4,14.7,3.0,27.5,10.1,10.1,1.1,4.7,0.4,1.5,3.1,11.3,80.9,41.9,284.2,5710.9,11415.3,635.5,19320.4,41666.3,136.1,10.7,13.9,5.4,18.7,15.6,25.6,3251.4,15.0,11.4,31.2,23.1,9.2,323.2,8.4,151.5,640.0,8.1,1.7,108.0,674.0,199.0,1352.1,232.5,3284.9,1545.8,436.5,4089.1,652.3,3457.8,15073.1,3706.2,4907.9,253672.8,441455.2,387542.2,131626.0,104906.6,102999.5,91922.2,2226.5,357.2,500.1,272.4,33.7,23.7,51.7,40.4,17.9,88.6,89.4,3440.5,5966.4,18.1,8.5,19.7,25.6,2932.0,102.0,249.1,36915.5,7949.1,463.0,149.3,112.2,16.6,29.8,25.4,50.4,53.1,42.2,31.4,92.2,10211.4,131.4,7.6,14.3,21.4,48.9,27.3,17.6,15.0,22.0,418.6,41.5,91.5,41.5,48.1,31.6,53.9,70.7,87.9,256.9,79.6,99.1,0.0,0.0,0.0,0.0,0.0,0.0,0.0,0.0,0.0,0.0,0.0,0.0,0.0,0.0,0.0,0.0,0.0,0.0,0.0,0.0,0.0,0.0,0.0,0.0,0.0,0.0,0.0,0.0,0.0,0.0,0.0,0.0,0.0,0.0,0.0,0.0,0.0,0.0,0.0,0.0,0.0,0.0,0.0,0.0,0.0,0.0,0.0,0.0,0.0,0.0,0.0,0.0,0.0,0.0,0.0,0.0,0.0,0.0,0.0,0.0,0.0,0.0,0.0,0.0,0.0,0.0,0.0,0.0,0.0,0.0,0.0,0.0
0.0,0.0,0.0,0.0,0.0,0.0,0.0,0.0,0.0,0.0,0.0,0.0,0.0,0.0,0.0,0.0,0.0,0.0,0.0,0.0,0.0,0.0,0.0,0.0,0.0,0.0,0.0,0.0,0.0,0.0,0.0,0.0,0.0,0.0,0.0,0.0,0.0,3008.6,4020.5,391.3,359.8,1306.3,12364.8,4933.1,1437.7,18885.2,6267.4,5661.1,142.5,125.8,151.5,76.9,28.3,126.5,9.5,7.8,2.9,4.1,44.5,3975.0,8.8,10.7,18.6,79.3,61.5,904.8,6.5,5.2,17.8,8.6,26.2,49.8,2431.5,380.7,88.3,26.6,10.0,0.0,1.1,1.6,1.6,2.0,146.8,33376.1,266.8,320.9,432.7,4309.5,797.6,70.7,24.1,4.2,1.8,11.8,12.9,128.1,40.5,9.7,25.0,15.9,40.1,34.7,10.6,24.1,8.9,1340.0,493.9,15.0,6.2,882.4,579.5,813.2,2299.2,49.4,1560.2,1178.9,92740.6,3401.7,67621.0,411064.9,156652.6,24661.4,108410.4,337606.3,803449.9,318283.1,53496.1,32045.4,46287.9,101322.7,10973.7,341.9,1752.2,755.5,65.5,42.5,23.8,1102.3,161.2,88.8,70.9,295.8,241.0,25.3,71.0,37.7,5.5,37.8,229.9,48.1,7767.6,1316.1,154.7,69.2,55.0,65.1,37.4,667.5,73.4,39.4,5.9,19.6,23.8,122.4,235.3,8.5,12.1,23.5,71.2,680.3,32.4,34.1,88.5,3749.7,73.7,119.9,27.0,56.2,25.2,452.0,110.4,153.4,2451.4,144.2,385.2,0.0,0.0,0.0,0.0,0.0,0.0,0.0,0.0,0.0,0.0,0.0,0.0,0.0,0.0,0.0,0.0,0.0,0.0,0.0,0.0,0.0,0.0,0.0,0.0,0.0,0.0,0.0,0.0,0.0,0.0,0.0,0.0,0.0,0.0,0.0,0.0,0.0,0.0,0.0,0.0,0.0,0.0,0.0,0.0,0.0,0.0,0.0,0.0,0.0,0.0,0.0,0.0,0.0,0.0,0.0,0.0,0.0,0.0,0.0,0.0,0.0,0.0,0.0,0.0,0.0,0.0,0.0,0.0,0.0,0.0,0.0,0.0
0.0,0.0,0.0,0.0,0.0,0.0,0.0,0.0,0.0,0.0,0.0,0.0,0.0,0.0,0.0,0.0,0.0,0.0,0.0,0.0,0.0,0.0,0.0,0.0,0.0,0.0,0.0,0.0,0.0,0.0,0.0,0.0,0.0,0.0,0.0,0.0,0.0,3902.7,19349.2,24052.9,1129.6,812.7,494.8,3238.5,13557.7,517838.9,175945.8,21795.6,1292.1,349.2,83.3,110.3,12.3,29.9,139.8,2197.8,1.1,40.5,134.9,1675.2,34.0,26.8,24.5,79.1,112.6,78.3,152.1,6.8,6.9,1.7,0.6,40.3,171.5,1527.1,31.9,27.2,2.6,1.0,1.1,2.4,26.4,16.2,1930.3,220.2,5.9,131.5,24.9,11.2,9.1,16.4,7.1,6.0,15.8,5.0,404.1,1061.4,13.4,8.0,22.1,150.8,60.3,13.6,30.4,25.0,21.3,4.2,3.8,31.1,7373.4,3231.6,7835.0,85.1,22.7,15.7,26.3,1344.8,66827.6,457.4,2961.9,7991.4,40339.5,3776.1,16046.7,82907.7,32539.9,27080.9,16804.0,4066.7,165325.2,13104.1,1226.4,174.0,85564.3,3599.9,35.0,116.9,309.4,4192.6,340.7,65.0,362.5,88.9,43.0,20.0,18.4,11.6,15.8,40.5,5.8,29.2,1144.6,336.3,76.6,29.6,35.1,48.1,36.2,55.6,55.7,28.6,12.1,16.4,13.0,25.7,28.4,648.5,17.0,32.9,44.8,62.8,50.8,97.3,80.1,519.8,62.5,39.1,29.9,57.3,36.5,820.0,91.5,358.2,99.2,58.8,82.3,0.0,0.0,0.0,0.0,0.0,0.0,0.0,0.0,0.0,0.0,0.0,0.0,0.0,0.0,0.0,0.0,0.0,0.0,0.0,0.0,0.0,0.0,0.0,0.0,0.0,0.0,0.0,0.0,0.0,0.0,0.0,0.0,0.0,0.0,0.0,0.0,0.0,0.0,0.0,0.0,0.0,0.0,0.0,0.0,0.0,0.0,0.0,0.0,0.0,0.0,0.0,0.0,0.0,0.0,0.0,0.0,0.0,0.0,0.0,0.0,0.0,0.0,0.0,0.0,0.0,0.0,0.0,0.0,0.0,0.0,0.0,0.0
0.0,0.0,0.0,0.0,0.0,0.0,0.0,0.0,0.0,0.0,0.0,0.0,0.0,0.0,0.0,0.0,0.0,0.0,0.0,0.0,0.0,0.0,0.0,0.0,0.0,0.0,0.0,0.0,0.0,0.0,0.0,0.0,0.0,0.0,0.0,0.0,0.0,1014.7,3228.4,1253.7,1249.3,3036.0,979.6,2394.6,12505.5,513809.4,151310.3,35524.2,13013.2,741.2,1.6,5.8,2.4,3729.7,803.2,7.1,1.5,14.5,298.7,160.0,44.4,24.8,65.6,42.9,11.9,59.2,504.9,122.9,42.8,1.9,39.0,399.4,6967.0,11.7,10.2,878.4,53.4,118.4,5.7,4.1,4.8,6.9,12.1,0.0,9.1,39.6,11.6,7.1,6.4,1.2,6.6,15.8,10.8,4.2,50.0,104.2,45.5,8.8,15.1,0.0,1.8,12.6,71.1,208.4,18.4,24.5,29.5,25.4,52.9,35.4,289.1,60.9,26.8,22.3,10.1,1688.1,374.0,34.9,527.3,4420.4,3774.8,1174.7,1865.5,1567.1,9692.5,1431.5,3192.1,1199.2,5565.1,1019.4,106.1,85.3,3105.6,413.1,62.7,54.9,58.5,53.1,107.7,1322.8,45.9,157.6,43.1,50.3,27.6,6.9,43.9,51.1,27.8,84.3,1740.3,866.0,113.3,72.8,21.5,36.4,35.4,11.4,16.3,22.6,11.0,21.1,22.1,20.1,33.2,265.9,29.5,37.3,78.4,30.7,39.0,22.6,43.3,3032.8,21.0,31.9,67.8,980.8,42.0,89.1,88.2,151.0,90.5,111.1,65.4,0.0,0.0,0.0,0.0,0.0,0.0,0.0,0.0,0.0,0.0,0.0,0.0,0.0,0.0,0.0,0.0,0.0,0.0,0.0,0.0,0.0,0.0,0.0,0.0,0.0,0.0,0.0,0.0,0.0,0.0,0.0,0.0,0.0,0.0,0.0,0.0,0.0,0.0,0.0,0.0,0.0,0.0,0.0,0.0,0.0,0.0,0.0,0.0,0.0,0.0,0.0,0.0,0.0,0.0,0.0,0.0,0.0,0.0,0.0,0.0,0.0,0.0,0.0,0.0,0.0,0.0,0.0,0.0,0.0,0.0,0.0,0.0
0.0,0.0,0.0,0.0,0.0,0.0,0.0,0.0,0.0,0.0,0.0,0.0,0.0,0.0,0.0,0.0,0.0,0.0,0.0,0.0,0.0,0.0,0.0,0.0,0.0,0.0,0.0,0.0,0.0,0.0,0.0,0.0,0.0,0.0,0.0,0.0,0.0,4040.1,2520.5,1830.4,689.2,1659.6,85.9,148.3,5041.4,12101.9,35692.7,17064.8,2655.1,167.4,18.0,86.0,2.0,90.0,813.7,10.1,5.0,11.4,2.1,19.3,13.3,330.1,98.8,30.4,16.5,30.7,24.9,146.2,3.0,3.9,16.8,19.1,23.1,3.6,6.7,18.4,36.3,8391.2,4504.6,75.4,10.9,9.9,9.8,0.9,15.9,9.3,26.7,20.3,50.1,20.4,29.3,282.3,61.5,75.2,661.4,99.6,70.1,44.8,5165.0,149.1,8.3,7.4,88.4,26.8,16.3,26.4,32.1,242.5,104.9,108.8,3.1,0.4,32.8,8.7,29.4,3959.3,78.6,117.2,734.9,927.9,1190.6,1071.4,589.9,1216.9,2267.5,484.5,461.5,271.1,282.0,380.9,350.5,458.1,1088.6,229.2,104.7,115.4,435.9,520.6,1129.3,75.6,63.6,1750.0,60.4,32.9,28.9,21.7,23.7,47.7,77.0,1400.7,417.8,231.6,816.2,199.6,58.4,22.3,24.1,13.9,15.7,31.9,20.0,21.3,21.7,50.6,9.2,39.4,429.9,90.9,60.9,76.1,232.2,29.0,53.2,424.5,53.1,43.4,47.2,135.2,40.2,104.4,499.5,149.6,102.6,51.6,49.9,0.0,0.0,0.0,0.0,0.0,0.0,0.0,0.0,0.0,0.0,0.0,0.0,0.0,0.0,0.0,0.0,0.0,0.0,0.0,0.0,0.0,0.0,0.0,0.0,0.0,0.0,0.0,0.0,0.0,0.0,0.0,0.0,0.0,0.0,0.0,0.0,0.0,0.0,0.0,0.0,0.0,0.0,0.0,0.0,0.0,0.0,0.0,0.0,0.0,0.0,0.0,0.0,0.0,0.0,0.0,0.0,0.0,0.0,0.0,0.0,0.0,0.0,0.0,0.0,0.0,0.0,0.0,0.0,0.0,0.0,0.0,0.0
0.0,0.0,0.0,0.0,0.0,0.0,0.0,0.0,0.0,0.0,0.0,0.0,0.0,0.0,0.0,0.0,0.0,0.0,0.0,0.0,0.0,0.0,0.0,0.0,0.0,0.0,0.0,0.0,0.0,0.0,0.0,0.0,0.0,0.0,0.0,0.0,0.0,713.9,1212.6,1139.3,2570.5,1359.3,268.8,0.5,4986.3,1345.5,65700.5,1353.4,2.2,168.6,46.9,14.1,0.6,2.6,3.2,18.4,6.5,14.2,9.5,30.1,49.5,7.5,36.2,81.7,12.9,21.7,100.9,3.4,9.4,13.8,11.5,450.0,6.4,6.3,3.6,4.6,6.8,3.9,366.6,2.0,8.1,17.5,6.1,15.7,70.9,27.5,15366.7,59.7,115.8,39.5,20.2,64.6,633.9,765.5,307.4,97.8,69.3,21.1,579.2,94.1,14.5,8.9,13.7,28.4,22.5,14.9,53.0,86.0,20.6,20.5,9.1,2.5,4.0,29.0,4540.6,3924.4,53.9,27.2,52.1,115.8,174.3,252.3,197.2,306.5,123.2,112.9,673.9,2997.3,185.8,96.3,94.1,112.6,1545.5,271.2,279.5,615.1,584.4,9996.7,101.6,35.1,59.3,71.4,46.8,17.5,27.4,28.9,18.4,1936.9,369.1,118.4,292.5,1869.6,128.0,120.4,66.7,11.8,5.1,36.5,14.2,387.2,63.0,45.5,124.1,156.2,17.3,17.6,91.3,7108.3,73.2,54.8,210.7,51.2,39.2,302.4,66.7,51.3,39.4,109.2,35.7,40.4,112.6,541.2,165.7,94.3,38.8,0.0,0.0,0.0,0.0,0.0,0.0,0.0,0.0,0.0,0.0,0.0,0.0,0.0,0.0,0.0,0.0,0.0,0.0,0.0,0.0,0.0,0.0,0.0,0.0,0.0,0.0,0.0,0.0,0.0,0.0,0.0,0.0,0.0,0.0,0.0,0.0,0.0,0.0,0.0,0.0,0.0,0.0,0.0,0.0,0.0,0.0,0.0,0.0,0.0,0.0,0.0,0.0,0.0,0.0,0.0,0.0,0.0,0.0,0.0,0.0,0.0,0.0,0.0,0.0,0.0,0.0,0.0,0.0,0.0,0.0,0.0,0.0
0.0,0.0,0.0,0.0,0.0,0.0,0.0,0.0,0.0,0.0,0.0,0.0,0.0,0.0,0.0,0.0,0.0,0.0,0.0,0.0,0.0,0.0,0.0,0.0,0.0,0.0,0.0,0.0,0.0,0.0,0.0,0.0,0.0,0.0,0.0,0.0,0.0,47.0,140.7,650.3,853.0,646.8,559.2,117.0,3.0,150.3,363.3,6.8,73.2,300.8,147.9,18.7,14.7,3.6,3.7,2.0,5.0,6.6,6.0,17.0,22.7,33.6,332.1,220.0,51.2,280.8,1.2,9.8,7.2,1.9,4.3,12.3,5.6,3.6,1288.1,119.4,221.1,5.7,584.4,981.5,5846.0,2372.5,46.0,3628.4,14636.4,34303.5,484.6,381.6,1000.6,25.4,59.5,330.8,1829.5,16571.1,21347.1,110.8,276.8,35.9,310.7,984.4,29.1,24.8,13.6,22.4,27.3,21.5,20.6,8.3,31.1,23.2,19.2,31.6,18.4,25.8,9341.2,788.2,38.5,45.3,99.8,45.8,267.4,2594.2,72.9,29.8,31.1,81.8,325.5,16001.4,151.5,239.5,27.1,61.6,229.0,78.3,97.3,59.7,2811.6,1766.0,17.2,24.2,29.6,257.8,30.1,16.2,20.1,42.7,128.2,2771.3,553.7,151.0,27.7,181.7,454.7,88.0,21.0,20.1,9.2,17.4,38.2,49.3,28.8,77.8,2108.8,46.2,55.5,39.4,41.9,37.4,415.2,77.2,104.4,101.0,52.6,818.3,283.1,292.4,79.5,1546.8,66.4,157.5,99.7,254.0,381.6,69.3,65.8,0.0,0.0,0.0,0.0,0.0,0.0,0.0,0.0,0.0,0.0,0.0,0.0,0.0,0.0,0.0,0.0,0.0,0.0,0.0,0.0,0.0,0.0,0.0,0.0,0.0,0.0,0.0,0.0,0.0,0.0,0.0,0.0,0.0,0.0,0.0,0.0,0.0,0.0,0.0,0.0,0.0,0.0,0.0,0.0,0.0,0.0,0.0,0.0,0.0,0.0,0.0,0.0,0.0,0.0,0.0,0.0,0.0,0.0,0.0,0.0,0.0,0.0,0.0,0.0,0.0,0.0,0.0,0.0,0.0,0.0,0.0,0.0
0.0,0.0,0.0,0.0,0.0,0.0,0.0,0.0,0.0,0.0,0.0,0.0,0.0,0.0,0.0,0.0,0.0,0.0,0.0,0.0,0.0,0.0,0.0,0.0,0.0,0.0,0.0,0.0,0.0,0.0,0.0,0.0,0.0,0.0,0.0,0.0,0.0,424.3,285.5,1802.7,857.8,418.9,206.5,113.3,34.4,189.7,220.9,54.7,5.5,7.9,144.3,62.9,27.4,5.5,6.1,1.2,1.0,2.4,5.1,3.4,76.3,239.7,17.8,33.2,153.7,55.6,5.6,3.8,1.0,7.1,9.3,10.5,0.1,1.5,8895.9,1484.7,18.1,484.6,8603.5,18.8,3.8,12.8,4.4,16.8,352.7,1014.6,320.0,203.5,25.6,67.3,32.2,196.7,211.9,470.5,28821.2,211.2,128.6,43.7,41.8,10.0,106.0,20.4,62.7,136.2,93.9,2888.8,45.5,26.5,17.8,28.6,98.8,23.9,31.4,57.2,398.8,189.4,7.1,8.6,78.7,38.1,761.8,200.7,97.7,40.7,146.3,137.7,300.2,7514.2,248.7,142.5,46.6,33.2,2609.5,181.0,159.1,639.8,28096.6,389.3,19.8,48.2,33.5,76.9,29.5,29.4,858.3,168.5,219.3,254.4,74.4,48.3,526.4,15246.9,8181.9,59.6,26.3,13.0,18.8,134.6,38.8,46.5,38.6,26.6,57.9,62.6,68.6,842.2,681.1,42.4,17.0,384.3,6669.4,185.6,50.7,289.0,71.3,84.9,114.8,52.6,89.7,170.5,289.9,974.2,96.4,70.4,1076.1,0.0,0.0,0.0,0.0,0.0,0.0,0.0,0.0,0.0,0.0,0.0,0.0,0.0,0.0,0.0,0.0,0.0,0.0,0.0,0.0,0.0,0.0,0.0,0.0,0.0,0.0,0.0,0.0,0.0,0.0,0.0,0.0,0.0,0.0,0.0,0.0,0.0,0.0,0.0,0.0,0.0,0.0,0.0,0.0,0.0,0.0,0.0,0.0,0.0,0.0,0.0,0.0,0.0,0.0,0.0,0.0,0.0,0.0,0.0,0.0,0.0,0.0,0.0,0.0,0.0,0.0,0.0,0.0,0.0,0.0,0.0,0.0
0.0,0.0,0.0,0.0,0.0,0.0,0.0,0.0,0.0,0.0,0.0,0.0,0.0,0.0,0.0,0.0,0.0,0.0,0.0,0.0,0.0,0.0,0.0,0.0,0.0,0.0,0.0,0.0,0.0,0.0,0.0,0.0,0.0,0.0,0.0,0.0,0.0,236.4,158.4,590.9,1009.2,1821.8,704.4,102.1,22756.1,419.0,736.0,191.6,142.8,80.3,13.9,252.1,63.3,18.4,10.5,4122.8,22.9,98.5,2.2,0.0,120.7,125.7,1.5,3.6,8.0,29.0,7.0,1.0,0.5,3.6,4.4,0.9,4.6,6.3,20.9,2.9,279.0,9.4,14.5,14.0,305.5,20.9,52.5,60.9,11818.1,1004.5,6270.1,1774.8,25.4,30.7,1836.9,180.2,99.9,1066.6,2378.0,149.9,84.1,24.7,13.3,4.6,8.2,16.5,20.9,104.2,197.0,1192.8,76.8,24.0,25.7,36.9,40.8,29.8,26.2,20.1,5447.8,40.8,62.9,23.6,26.4,19.0,21.6,218.9,73.9,86.4,89.4,111.1,1894.8,82.2,1281.6,11631.1,40.1,107.4,737.1,66.1,132.7,1912.2,1892.0,51.9,34.2,46.7,127.8,1107.4,11.7,28.4,201.9,4438.9,843.5,4606.8,2526.5,849.6,6073.6,3691.5,837.3,119.2,9.6,4.2,30.6,30.9,32.4,39.8,60.2,68.1,169.3,17.1,167.9,305.2,78.4,19.3,41.2,67.2,118.1,1564.3,215.9,171.7,55.4,320.8,73.8,208.7,71.7,206.5,94.7,172.5,236.3,622.5,18.2,0.0,0.0,0.0,0.0,0.0,0.0,0.0,0.0,0.0,0.0,0.0,0.0,0.0,0.0,0.0,0.0,0.0,0.0,0.0,0.0,0.0,0.0,0.0,0.0,0.0,0.0,0.0,0.0,0.0,0.0,0.0,0.0,0.0,0.0,0.0,0.0,0.0,0.0,0.0,0.0,0.0,0.0,0.0,0.0,0.0,0.0,0.0,0.0,0.0,0.0,0.0,0.0,0.0,0.0,0.0,0.0,0.0,0.0,0.0,0.0,0.0,0.0,0.0,0.0,0.0,0.0,0.0,0.0,0.0,0.0,0.0,0.0
0.0,0.0,0.0,0.0,0.0,0.0,0.0,0.0,0.0,0.0,0.0,0.0,0.0,0.0,0.0,0.0,0.0,0.0,0.0,0.0,0.0,0.0,0.0,0.0,0.0,0.0,0.0,0.0,0.0,0.0,0.0,0.0,0.0,0.0,0.0,0.0,0.0,333.0,222.3,655.3,610.6,599.2,313.9,382.7,8645.9,5421.0,940.2,89.4,195.5,120.1,110.7,265.7,93.7,189.5,39.0,1.8,30.7,113.0,1.3,1.3,0.5,0.9,1.5,3.2,7.9,13.0,12.7,5.2,2.6,7.6,765.9,9.9,11.3,12.6,19.2,18.3,1.4,4417.2,43.8,12393.2,64986.5,5.3,16049.6,71.8,2221.2,801.2,3157.5,110.6,864.8,1286.8,181.7,136.6,1164.1,6298.3,601.2,4752.5,92.4,43.8,207.6,22.2,7.8,12.2,36.5,123.3,54.5,107.0,151.5,35.0,18.3,13.0,174.9,11.5,14.0,12.0,387.9,252.9,31.5,36.4,32.1,26.1,25.7,745.8,63.8,96.6,155.4,101.2,633.4,167.7,149.5,8612.6,446.2,488.6,272.6,177.7,830.1,1314.8,159.3,75.3,141.7,110.6,172.4,255.6,23.5,186.1,387.3,650.8,99.3,1431.7,26759.7,14479.7,7373.3,1445.4,1601.2,107.5,18.6,22.1,32.4,92.3,297.7,67.6,50.0,278.7,58.7,49.1,29.3,163.2,21.6,13.1,30.0,46.1,82.7,348.2,840.0,11314.2,113.0,95.9,51.2,77.6,69.2,174.7,174.9,304.1,13248.6,191.8,16.4,0.0,0.0,0.0,0.0,0.0,0.0,0.0,0.0,0.0,0.0,0.0,0.0,0.0,0.0,0.0,0.0,0.0,0.0,0.0,0.0,0.0,0.0,0.0,0.0,0.0,0.0,0.0,0.0,0.0,0.0,0.0,0.0,0.0,0.0,0.0,0.0,0.0,0.0,0.0,0.0,0.0,0.0,0.0,0.0,0.0,0.0,0.0,0.0,0.0,0.0,0.0,0.0,0.0,0.0,0.0,0.0,0.0,0.0,0.0,0.0,0.0,0.0,0.0,0.0,0.0,0.0,0.0,0.0,0.0,0.0,0.0,0.0
0.0,0.0,0.0,0.0,0.0,0.0,0.0,0.0,0.0,0.0,0.0,0.0,0.0,0.0,0.0,0.0,0.0,0.0,0.0,0.0,0.0,0.0,0.0,0.0,0.0,0.0,0.0,0.0,0.0,0.0,0.0,0.0,0.0,0.0,0.0,0.0,11.1,270.6,455.0,613.3,1070.1,85.7,125.9,628.5,951.1,1483.5,441.7,4.9,38.3,68.3,175.4,131.8,391.6,11330.9,14.4,11.5,22.8,10.2,4.6,3.6,3.2,0.0,1.2,1.7,3.5,9.0,9.5,9.0,6.0,4.7,9.8,5.5,10.0,2.2,33.0,564.6,1596.4,20.9,264.5,7825.3,73023.5,1245.2,68.6,8.1,28.4,174.0,585.8,9662.1,399.6,15728.2,525.9,6924.8,363.2,1489.2,484.7,539.0,18056.0,348.0,998.1,9.2,7.3,44.7,411.5,10186.7,45.8,25.7,74.9,1044.3,34.5,164.2,1423.7,84.1,19.0,20.5,7300.5,1197.7,655.8,51.2,225.3,46.4,49.1,398.8,71.8,342.5,99.6,140.2,3977.1,193.5,278.5,702.7,444.2,959.9,6395.3,713.9,394.7,167.8,44.7,3851.5,1102.7,161.2,453.5,6529.0,60.5,46.3,32.8,92.2,183.2,1223.7,43168.4,33875.2,189.6,123.2,149.2,25.7,17.9,24.2,26.8,21.7,31.0,72.7,90.9,1966.7,74.3,61.8,34.8,62.0,27.1,23.4,25.8,46.4,129.6,281.9,169.6,7848.2,94.8,150.1,74.4,93.2,89.4,86.8,271.4,331.2,306.5,131.8,16.5,0.0,0.0,0.0,0.0,0.0,0.0,0.0,0.0,0.0,0.0,0.0,0.0,0.0,0.0,0.0,0.0,0.0,0.0,0.0,0.0,0.0,0.0,0.0,0.0,0.0,0.0,0.0,0.0,0.0,0.0,0.0,0.0,0.0,0.0,0.0,0.0,0.0,0.0,0.0,0.0,0.0,0.0,0.0,0.0,0.0,0.0,0.0,0.0,0.0,0.0,0.0,0.0,0.0,0.0,0.0,0.0,0.0,0.0,0.0,0.0,0.0,0.0,0.0,0.0,0.0,0.0,0.0,0.0,0.0,0.0,0.0,0.0
0.0,0.0,0.0,0.0,0.0,0.0,0.0,0.0,0.0,0.0,0.0,0.0,0.0,0.0,0.0,0.0,0.0,0.0,0.0,0.0,0.0,0.0,0.0,0.0,0.0,0.0,0.0,0.0,0.0,0.0,0.0,0.0,0.0,0.0,0.0,0.0,363.2,716.1,749.3,449.4,2965.2,1251.2,214.3,544.3,1468.8,670.0,123.6,63.1,88.1,0.0,165.9,20.3,34.8,5419.8,810.1,352.9,11.9,0.8,521.1,219.6,0.0,0.0,15.2,9.2,54.7,9.6,6.0,1.7,4.5,4.9,2.0,2.1,15.3,7.8,1148.7,13.1,836.3,9.0,80.6,384.7,131286.4,12213.8,136.0,125.6,148.4,348.0,228.8,916.2,1896.2,2979.1,1793.7,405.5,2404.1,1576.1,4392.8,166.5,469.9,343.5,297.1,7.5,476.3,532.4,798.6,97.3,49.8,23.2,37.7,187.3,20.5,68.4,184.3,97.7,23.7,13.6,333.5,107.8,61.5,23.2,41.6,14.7,116.2,1233.1,161.4,263.9,41.7,158.9,295.1,219.4,196.0,1154.0,125.0,144.7,567.0,158.4,78.6,42.5,38.6,4689.4,179.6,133.8,714.1,213.5,86.7,1450.0,131.9,136.7,126.4,99.5,586.6,1614.8,71.3,48.4,19.4,34.1,15.1,14.2,42.7,51.8,49.4,59.0,105.7,358.8,81.0,70.7,206.2,1125.5,207.5,118.8,162.7,66.1,2490.4,260.5,293.4,297.5,425.8,194.0,62.2,1068.0,197.4,701.2,914.2,149.8,356.8,437.8,38.5,0.0,0.0,0.0,0.0,0.0,0.0,0.0,0.0,0.0,0.0,0.0,0.0,0.0,0.0,0.0,0.0,0.0,0.0,0.0,0.0,0.0,0.0,0.0,0.0,0.0,0.0,0.0,0.0,0.0,0.0,0.0,0.0,0.0,0.0,0.0,0.0,0.0,0.0,0.0,0.0,0.0,0.0,0.0,0.0,0.0,0.0,0.0,0.0,0.0,0.0,0.0,0.0,0.0,0.0,0.0,0.0,0.0,0.0,0.0,0.0,0.0,0.0,0.0,0.0,0.0,0.0,0.0,0.0,0.0,0.0,0.0,0.0
0.0,0.0,0.0,0.0,0.0,0.0,0.0,0.0,0.0,0.0,0.0,0.0,0.0,0.0,0.0,0.0,0.0,0.0,0.0,0.0,0.0,0.0,0.0,0.0,0.0,0.0,0.0,0.0,0.0,0.0,0.0,0.0,0.0,0.0,0.0,0.0,90.1,807.9,638.5,1308.1,12237.9,548.1,650.8,1402.4,5861.6,1287.5,151.6,6.5,71.1,222.3,157.2,609.8,24135.7,35136.4,598.2,22.2,393.5,10361.1,24346.2,64.9,0.0,11.4,14.3,36.5,90.7,40.6,5.3,2.2,2.9,0.1,16.2,8.7,13.0,233.2,46.1,7.5,19.4,53.4,131.8,20.6,3219.4,4142.3,379.2,326.4,11148.7,142.1,923.1,2693.1,19982.0,242594.1,10872.7,455.8,544.5,463.9,649.9,109.9,676.6,17507.7,22455.8,265.5,129.3,411.5,13676.9,1657.9,1956.3,48.9,68.8,179.6,20.3,53.3,626.1,26.1,33.0,45.9,1333.5,3.6,144.4,29.5,914.9,39.4,81.4,4863.3,187.6,299.8,66.5,477.2,549.4,133.8,2329.2,161.7,569.2,1119.9,144.7,941.4,30.9,24.6,16.4,67.1,39.4,127.7,172.8,729.9,4848.5,1162.7,109.9,88.8,2.8,78.7,108.9,176.3,59.8,134.9,85.1,43.0,61.3,25.4,46.2,76.5,49.4,83.7,255.6,72.3,100.5,781.8,471.1,10361.9,191.3,147.3,191.3,74.3,133.9,172.3,104.9,175.7,1941.6,126.1,82.3,203.0,13154.7,498.5,226.8,110.2,232.5,145.1,14.2,0.0,0.0,0.0,0.0,0.0,0.0,0.0,0.0,0.0,0.0,0.0,0.0,0.0,0.0,0.0,0.0,0.0,0.0,0.0,0.0,0.0,0.0,0.0,0.0,0.0,0.0,0.0,0.0,0.0,0.0,0.0,0.0,0.0,0.0,0.0,0.0,0.0,0.0,0.0,0.0,0.0,0.0,0.0,0.0,0.0,0.0,0.0,0.0,0.0,0.0,0.0,0.0,0.0,0.0,0.0,0.0,0.0,0.0,0.0,0.0,0.0,0.0,0.0,0.0,0.0,0.0,0.0,0.0,0.0,0.0,0.0,0.0
0.0,0.0,0.0,0.0,0.0,0.0,0.0,0.0,0.0,0.0,0.0,0.0,0.0,0.0,0.0,0.0,0.0,0.0,0.0,0.0,0.0,0.0,0.0,0.0,0.0,0.0,0.0,0.0,0.0,0.0,0.0,0.0,0.0,0.0,0.0,0.0,75.9,567.7,573.5,791.1,1295.5,1286.8,648.5,4719.2,2205.6,1474.6,746.8,375.7,469.5,266.9,495.1,20270.7,295797.0,8602.6,2475.6,456.3,3663.8,5214.0,24943.0,239.6,0.0,13.3,10.0,18.5,93.7,49.4,3.8,3.2,31.3,11.3,34.2,5.9,12.4,4.5,12.3,14.3,1644.7,75.0,196.3,233.8,48.5,155.8,282.6,485.8,90.0,103.8,214.1,848.8,8924.9,28159.4,1061.5,198.2,27319.1,1226.2,4994.0,884.1,569.5,22870.7,189570.7,3760.0,21.3,14.5,5940.2,1448.6,56.4,260.6,86.3,222.8,2199.3,42.0,66.3,194.9,71.2,114.7,509.9,36.7,69.0,48.3,196.0,40.8,60.4,346.5,93.9,123.8,137.9,2831.4,189.9,142.4,433.0,191.4,1174.0,279.6,280.3,155.4,31.6,19.8,20.5,54.5,60.1,34.0,113.3,830.5,257.8,1926.9,1762.1,268.0,32.0,25.1,191.0,62.1,62.8,93.6,105.7,102.4,64.2,28.0,61.6,356.8,52.4,403.0,1031.0,66.1,230.7,142.1,270.7,11352.3,162.5,228.1,1083.2,45.4,803.5,280.9,55.3,125.2,284.1,194.4,70.6,183.3,1366.1,450.7,954.6,127.7,908.3,294.7,0.0,0.0,0.0,0.0,0.0,0.0,0.0,0.0,0.0,0.0,0.0,0.0,0.0,0.0,0.0,0.0,0.0,0.0,0.0,0.0,0.0,0.0,0.0,0.0,0.0,0.0,0.0,0.0,0.0,0.0,0.0,0.0,0.0,0.0,0.0,0.0,0.0,0.0,0.0,0.0,0.0,0.0,0.0,0.0,0.0,0.0,0.0,0.0,0.0,0.0,0.0,0.0,0.0,0.0,0.0,0.0,0.0,0.0,0.0,0.0,0.0,0.0,0.0,0.0,0.0,0.0,0.0,0.0,0.0,0.0,0.0,0.0,0.0
0.0,0.0,0.0,0.0,0.0,0.0,0.0,0.0,0.0,0.0,0.0,0.0,0.0,0.0,0.0,0.0,0.0,0.0,0.0,0.0,0.0,0.0,0.0,0.0,0.0,0.0,0.0,0.0,0.0,0.0,0.0,0.0,0.0,0.0,0.0,0.0,422.6,1816.0,1559.2,716.3,728.7,1445.9,1391.3,2669.2,644369.7,17134.6,1220.0,1616.5,496.9,371.1,395.6,169.4,146.9,24.5,1075.3,665.8,8571.5,57877.8,57437.6,35.1,29.3,23.1,153.1,15.2,14.2,21.4,38.9,241.0,9.4,7.3,15.5,25.7,19.1,19.3,19.1,3.6,1472.3,13.2,30.1,373.7,204.5,23690.8,9853.6,97.1,211.5,20.1,230.4,5757.6,357.9,1514.5,1356.4,284.2,3870.5,247.6,98.0,118.5,98.5,513.7,3056.0,57.2,4446.1,386.2,83.5,187.1,119.0,1284.0,1447.4,91.7,567.0,130.9,39.3,1546.2,87.7,2085.0,97.9,37.8,774.3,71.6,79.5,674.6,74.9,227.3,85.4,1240.6,139.1,209.1,40.9,66.8,221.6,273.0,68.8,787.4,368.9,60.7,18.4,30.7,114.7,32.5,53.3,36.8,60.1,1300.9,215.0,375.4,918.2,1199.5,38.4,56.5,1089.0,80.5,33.9,45.2,73.0,53.4,38.2,41.9,70.4,87.6,50.9,82.9,61.4,46.1,762.4,104.0,122.5,973.8,105.9,85.7,265.9,108.7,127.1,3226.4,245.0,1986.2,147.9,378.5,79.2,307.6,300.8,156.6,217.4,317.8,162.1,96.3,0.0,0.0,0.0,0.0,0.0,0.0,0.0,0.0,0.0,0.0,0.0,0.0,0.0,0.0,0.0,0.0,0.0,0.0,0.0,0.0,0.0,0.0,0.0,0.0,0.0,0.0,0.0,0.0,0.0,0.0,0.0,0.0,0.0,0.0,0.0,0.0,0.0,0.0,0.0,0.0,0.0,0.0,0.0,0.0,0.0,0.0,0.0,0.0,0.0,0.0,0.0,0.0,0.0,0.0,0.0,0.0,0.0,0.0,0.0,0.0,0.0,0.0,0.0,0.0,0.0,0.0,0.0,0.0,0.0,0.0,0.0,0.0,0.0
0.0,0.0,0.0,0.0,0.0,0.0,0.0,0.0,0.0,0.0,0.0,0.0,0.0,0.0,0.0,0.0,0.0,0.0,0.0,0.0,0.0,0.0,0.0,0.0,0.0,0.0,0.0,0.0,0.0,0.0,0.0,0.0,0.0,0.0,0.0,0.0,461.9,925.0,709.8,1280.0,489.8,1102.8,1570.6,4293.1,273296.3,47560.3,2256.9,2341.8,96.7,25.1,19.0,180.6,40.3,3.3,9.4,881.4,253.8,517.0,114.5,114.9,1778.1,6155.0,399.1,48.5,1263.8,83649.4,1045.2,120.0,12.0,1.1,3.3,24.2,29.2,2989.8,18.3,121.4,22.1,9.5,6.3,36.9,22.8,50.3,1244.1,161.3,27.2,177.7,61.1,1994.5,52.4,3362.0,158.2,2798.5,135.9,150.8,809.3,29.9,22.4,1185.0,201.1,2402.5,7379.8,8202.8,114.3,240.3,1487.5,143.0,12307.1,345.7,195.6,190.5,137.5,240.3,125.2,134.1,51.3,22.1,93.7,99.0,94.6,116.0,52.3,4348.8,110.6,151.3,152.4,164.2,123.9,155.5,2367.1,167.1,1386.8,4947.6,663.8,77.9,192.4,22.8,203.9,61.1,28.9,34.7,26.5,36.5,24.7,218.5,654.1,179.3,181.5,43.3,79.2,54.3,29.4,100.1,59.6,57.9,531.2,53.7,50.3,33.8,54.0,1267.5,86.9,56.9,96.8,85.9,133.8,800.9,84.8,188.1,159.8,187.1,86.6,1272.2,154.1,451.8,407.3,131.8,387.5,118.3,133.7,844.1,172.5,2618.6,871.6,256.1,0.0,0.0,0.0,0.0,0.0,0.0,0.0,0.0,0.0,0.0,0.0,0.0,0.0,0.0,0.0,0.0,0.0,0.0,0.0,0.0,0.0,0.0,0.0,0.0,0.0,0.0,0.0,0.0,0.0,0.0,0.0,0.0,0.0,0.0,0.0,0.0,0.0,0.0,0.0,0.0,0.0,0.0,0.0,0.0,0.0,0.0,0.0,0.0,0.0,0.0,0.0,0.0,0.0,0.0,0.0,0.0,0.0,0.0,0.0,0.0,0.0,0.0,0.0,0.0,0.0,0.0,0.0,0.0,0.0,0.0,0.0,0.0,0.0
0.0,0.0,0.0,0.0,0.0,0.0,0.0,0.0,0.0,0.0,0.0,0.0,0.0,0.0,0.0,0.0,0.0,0.0,0.0,0.0,0.0,0.0,0.0,0.0,0.0,0.0,0.0,0.0,0.0,0.0,0.0,0.0,0.0,0.0,0.0,0.0,920.3,975.6,411.9,346.5,299.5,2320.5,3808.4,5635.1,2695.5,4746.5,549708.0,2236.5,131.0,31.7,4.8,357.4,1342.9,16.1,16.3,63.4,1160.3,12.5,49.6,5813.1,61072.0,5270.0,156.8,741.2,5005.3,103778.2,17567.5,92.8,10.4,2.0,5.0,20.7,32.5,45.2,27.1,17.4,37.6,18.1,15.0,798.1,14.3,32.0,972.4,587.8,7104.4,64.6,116.2,20.1,143.1,68.2,122.6,119.4,52.4,461.1,26.9,0.3,25.0,75.9,655.4,1075.1,507.9,33.2,39.1,3676.0,98.0,64.3,402.0,2640.5,221.5,4489.1,682.6,6893.6,115.1,2227.3,86.6,51.7,1455.2,113.9,40.9,65.5,27.2,392.5,106.7,589.1,72.5,968.3,151.6,845.0,98.6,152.5,526.8,396.2,144.2,65.7,73.9,60.5,63.2,57.4,32.5,21.3,17.6,56.3,152.9,1656.3,89.6,1130.1,50.5,63.4,951.0,49.8,50.9,181.3,160.0,45.7,132.9,47.9,50.3,26.6,57.6,156.4,47.4,72.8,838.9,94.7,1005.1,262.1,120.1,567.8,138.8,354.3,133.5,366.4,142.8,170.3,123.2,1325.0,184.1,80.7,303.7,1737.1,155.0,583.4,486.5,955.5,0.0,0.0,0.0,0.0,0.0,0.0,0.0,0.0,0.0,0.0,0.0,0.0,0.0,0.0,0.0,0.0,0.0,0.0,0.0,0.0,0.0,0.0,0.0,0.0,0.0,0.0,0.0,0.0,0.0,0.0,0.0,0.0,0.0,0.0,0.0,0.0,0.0,0.0,0.0,0.0,0.0,0.0,0.0,0.0,0.0,0.0,0.0,0.0,0.0,0.0,0.0,0.0,0.0,0.0,0.0,0.0,0.0,0.0,0.0,0.0,0.0,0.0,0.0,0.0,0.0,0.0,0.0,0.0,0.0,0.0,0.0,0.0,0.0
0.0,0.0,0.0,0.0,0.0,0.0,0.0,0.0,0.0,0.0,0.0,0.0,0.0,0.0,0.0,0.0,0.0,0.0,0.0,0.0,0.0,0.0,0.0,0.0,0.0,0.0,0.0,0.0,0.0,0.0,0.0,0.0,0.0,0.0,0.0,0.0,966.8,1249.7,727.7,469.8,826.8,2131.9,4730.3,4167.7,942.4,446179.3,830636.4,25811.0,326.3,584.1,7366.9,93.7,144.1,7057.6,5.4,392.9,213.7,19.6,31.8,827.6,167.2,23930.2,151326.4,3007.8,1423.6,102.1,88.0,19.0,19.1,18.3,16.5,51.8,3629.8,112.1,217.9,48.3,1637.0,49.1,654.3,32.9,16.3,71.8,7555.4,439.8,8655.0,43.3,20.9,30.6,1405.9,367.7,388.8,574.6,59.7,488.1,19.0,51.4,2199.5,485.2,66.5,6541.7,13375.0,40.2,35.5,161.9,315.5,65.2,307.3,990.6,18342.2,240.9,1415.0,285.7,277.9,963.5,165.2,40.7,196.3,242.9,33.7,205.0,132.6,4745.1,86.6,71.7,133.2,140.8,449.6,167.0,108.4,184.7,314.9,848.8,43.4,40.1,42.9,41.0,53.4,9.9,23.9,18.5,40.5,63.7,51.3,132.4,66.0,135.7,59.8,770.8,77.1,24.9,59.5,328.3,46.6,76.0,900.9,87.1,46.6,28.4,34.8,115.0,81.7,81.0,379.8,80.3,114.0,94.2,153.9,5797.5,169.7,218.2,106.4,390.8,127.5,660.3,385.0,95.7,177.9,91.4,1483.4,199.4,374.8,248.4,139.9,136.1,0.0,0.0,0.0,0.0,0.0,0.0,0.0,0.0,0.0,0.0,0.0,0.0,0.0,0.0,0.0,0.0,0.0,0.0,0.0,0.0,0.0,0.0,0.0,0.0,0.0,0.0,0.0,0.0,0.0,0.0,0.0,0.0,0.0,0.0,0.0,0.0,0.0,0.0,0.0,0.0,0.0,0.0,0.0,0.0,0.0,0.0,0.0,0.0,0.0,0.0,0.0,0.0,0.0,0.0,0.0,0.0,0.0,0.0,0.0,0.0,0.0,0.0,0.0,0.0,0.0,0.0,0.0,0.0,0.0,0.0,0.0,0.0,0.0
0.0,0.0,0.0,0.0,0.0,0.0,0.0,0.0,0.0,0.0,0.0,0.0,0.0,0.0,0.0,0.0,0.0,0.0,0.0,0.0,0.0,0.0,0.0,0.0,0.0,0.0,0.0,0.0,0.0,0.0,0.0,0.0,0.0,0.0,0.0,0.0,435.9,647.6,1134.5,1753.4,3290.4,3641.2,1347.9,2107.5,12349.1,1892015.1,2732315.4,243937.2,1468.9,292.1,4461.8,23.9,11.3,93.3,171.9,292.9,14.6,17.7,36.8,64.4,1346.2,8146.8,45998.8,15.4,103.6,3434.6,31.2,18.7,18.0,50.3,27.4,35.8,106.6,150.0,3240.6,1061.6,3035.2,85164.8,5439.7,1127.3,181.5,54.4,1738.8,299.9,229.3,64.5,19.0,616.7,25.5,32.5,27.9,13.9,24.9,6.3,32.4,174.4,599.9,30.8,133.3,616.5,686.5,48.3,58.7,128.3,10206.7,433.0,322.0,897.2,4192.5,344.2,1893.8,257.1,318.4,30816.9,456.1,237.1,3879.8,166.3,4.0,99.9,2085.9,1363.2,149.1,100.0,1171.8,136.5,807.5,468.5,293.5,136.2,284.7,3246.5,107.1,13.1,130.5,39.9,517.8,27.0,38.5,23.8,17.6,195.8,175.0,254.9,106.5,374.6,33.6,108.0,190.1,58.3,44.0,33.4,37.7,1554.6,1843.8,61.2,220.5,50.1,47.9,203.4,58.9,79.1,111.8,103.5,1398.5,276.7,744.7,671.8,550.8,1836.3,194.7,195.2,311.3,3369.8,155.2,101.1,876.7,372.4,458.5,180.1,405.7,1363.7,596.0,164.5,0.0,0.0,0.0,0.0,0.0,0.0,0.0,0.0,0.0,0.0,0.0,0.0,0.0,0.0,0.0,0.0,0.0,0.0,0.0,0.0,0.0,0.0,0.0,0.0,0.0,0.0,0.0,0.0,0.0,0.0,0.0,0.0,0.0,0.0,0.0,0.0,0.0,0.0,0.0,0.0,0.0,0.0,0.0,0.0,0.0,0.0,0.0,0.0,0.0,0.0,0.0,0.0,0.0,0.0,0.0,0.0,0.0,0.0,0.0,0.0,0.0,0.0,0.0,0.0,0.0,0.0,0.0,0.0,0.0,0.0,0.0,0.0,0.0
0.0,0.0,0.0,0.0,0.0,0.0,0.0,0.0,0.0,0.0,0.0,0.0,0.0,0.0,0.0,0.0,0.0,0.0,0.0,0.0,0.0,0.0,0.0,0.0,0.0,0.0,0.0,0.0,0.0,0.0,0.0,0.0,0.0,0.0,0.0,0.0,426.3,2857.9,1906.9,1572.8,9139.4,1347.5,2773.0,45400.6,36775.0,889894.1,1586554.0,73656.8,484.7,492.1,34183.5,6.1,63.6,291.7,17106.9,13.5,28.6,49.8,45.0,48.2,1.6,9.4,13.8,33.5,3.1,17.6,43.8,12.9,26.8,1160.1,32.1,31.3,36.6,31.8,89.4,42.4,471.9,15934.9,582.1,982.6,662.8,229.3,2433.7,9462.7,1010.2,1489.9,139.6,38.5,15.0,30.4,43.7,29.6,24.6,82.7,189.8,2088.0,67.4,47.0,1021.3,256.0,86.9,127.1,89.5,54.9,138.1,1785.9,175.1,2164.6,121.5,1755.5,171.3,806.5,458.9,315.7,80.5,41.2,151.8,252.5,14.5,284.5,327.3,212.9,342.9,99.1,257.1,191.6,1045.0,110.9,112.8,259.3,829.1,28275.8,528.4,114.3,166.7,26.3,104.1,24.4,45.4,40.0,12.1,157.6,421.6,3055.0,1149.9,50.1,49.6,75.1,48.4,45.6,43.5,37.2,31.4,63.8,124.5,62.6,572.6,28.0,370.7,57.6,54.1,228.4,428.4,128.7,900.5,354.2,228.5,178.3,885.5,255.6,484.5,375.2,8695.3,39690.0,6271.4,389.1,121.1,162.3,675.4,154.9,171.1,336.5,400.3,277.8,0.0,0.0,0.0,0.0,0.0,0.0,0.0,0.0,0.0,0.0,0.0,0.0,0.0,0.0,0.0,0.0,0.0,0.0,0.0,0.0,0.0,0.0,0.0,0.0,0.0,0.0,0.0,0.0,0.0,0.0,0.0,0.0,0.0,0.0,0.0,0.0,0.0,0.0,0.0,0.0,0.0,0.0,0.0,0.0,0.0,0.0,0.0,0.0,0.0,0.0,0.0,0.0,0.0,0.0,0.0,0.0,0.0,0.0,0.0,0.0,0.0,0.0,0.0,0.0,0.0,0.0,0.0,0.0,0.0,0.0,0.0,0.0,0.0
0.0,0.0,0.0,0.0,0.0,0.0,0.0,0.0,0.0,0.0,0.0,0.0,0.0,0.0,0.0,0.0,0.0,0.0,0.0,0.0,0.0,0.0,0.0,0.0,0.0,0.0,0.0,0.0,0.0,0.0,0.0,0.0,0.0,0.0,0.0,0.0,1723.9,5027.8,3197.1,1850.3,2699.7,1547.9,55464.0,9834.4,10659.5,7770.6,3220.7,1040.2,359.2,748.8,1202.8,16.2,132.2,168.0,82.0,29.2,123.6,2459.1,108.9,3.7,112.0,557.4,23.0,33.5,7.3,129.9,336.9,1494.0,145.9,100.3,22.7,132.4,101.2,73.9,106.6,39.4,265.0,880.4,1484.6,362.3,254.5,207.5,821.7,258.7,354.9,2182.3,928.2,51.5,3.7,131.6,43.0,995.5,27.4,5876.1,159.2,56.7,2341.7,551.3,1951.0,2067.6,272.4,3297.2,401.1,106.2,493.6,142.0,108.6,34.6,91.5,1990.8,133.3,1327.2,3016.9,158.1,102.2,32.9,966.8,65.3,85.8,453.5,118.4,1305.8,402.6,1635.7,182.2,240.7,8718.8,167.1,1275.4,148.0,299.3,969.1,297.9,476.1,44.9,31.3,295.5,27.9,91.9,38.9,35.7,1327.9,161.9,808.7,3018.4,1075.0,60.4,483.3,12.7,38.7,14.1,27.5,20.0,43.6,114.1,204.3,115.8,400.8,1351.0,131.2,217.4,49.3,282.8,354.2,46872.1,3084.7,237.9,1539.5,751.8,151.5,194.6,1227.1,894.2,410.7,310.8,141.2,588.2,126.2,200.2,1169.8,133.4,773.5,327.5,703.9,0.0,0.0,0.0,0.0,0.0,0.0,0.0,0.0,0.0,0.0,0.0,0.0,0.0,0.0,0.0,0.0,0.0,0.0,0.0,0.0,0.0,0.0,0.0,0.0,0.0,0.0,0.0,0.0,0.0,0.0,0.0,0.0,0.0,0.0,0.0,0.0,0.0,0.0,0.0,0.0,0.0,0.0,0.0,0.0,0.0,0.0,0.0,0.0,0.0,0.0,0.0,0.0,0.0,0.0,0.0,0.0,0.0,0.0,0.0,0.0,0.0,0.0,0.0,0.0,0.0,0.0,0.0,0.0,0.0,0.0,0.0,0.0,0.0
0.0,0.0,0.0,0.0,0.0,0.0,0.0,0.0,0.0,0.0,0.0,0.0,0.0,0.0,0.0,0.0,0.0,0.0,0.0,0.0,0.0,0.0,0.0,0.0,0.0,0.0,0.0,0.0,0.0,0.0,0.0,0.0,0.0,0.0,0.0,0.0,280.4,2806.2,1793.5,3473.1,4566.0,74049.2,1330.9,11004.6,2613.5,1929.3,905.6,6978.6,562.4,553.2,516.6,7.4,86.2,5.3,270.0,939.8,603.6,89.3,1.0,7.8,1442.4,6975.6,7821.3,1834.3,9112.2,11737.7,363.2,1770.3,247.1,73.4,43.8,2691.9,274.2,73.5,1543.7,155.8,2843.5,371.8,3326.1,2090.9,1686.2,1278.2,6329.4,1907.3,3157.9,204.3,863.4,89.9,42.1,9.3,22.2,18.9,23.0,110.9,46.0,1172.3,89.6,19.4,123.4,191.5,314.1,126.9,32.1,496.0,589.8,174.3,121.1,184.0,49.4,70.3,787.1,429.9,525.6,90.5,88.2,56.9,81.0,176.2,62.9,1249.8,109.8,133.5,65.9,243.5,181.9,329.2,603.8,164.3,282.4,104.1,875.6,114.4,103.9,156.0,35.9,26.4,54.6,53.7,57.7,39.0,47.1,1832.3,259.2,213.1,457.6,84.7,54.2,133.4,21.6,81.3,229.9,200.0,42.9,29.1,177.4,39.9,53.9,431.6,96.8,108.5,2376.8,278.9,788.6,1263.8,57880.3,3883.8,984.3,115.6,190.5,82.6,159.8,189.1,147.2,388.5,234.6,240.8,171.5,107.9,269.3,304.5,167.8,667.8,3910.5,210.6,0.0,0.0,0.0,0.0,0.0,0.0,0.0,0.0,0.0,0.0,0.0,0.0,0.0,0.0,0.0,0.0,0.0,0.0,0.0,0.0,0.0,0.0,0.0,0.0,0.0,0.0,0.0,0.0,0.0,0.0,0.0,0.0,0.0,0.0,0.0,0.0,0.0,0.0,0.0,0.0,0.0,0.0,0.0,0.0,0.0,0.0,0.0,0.0,0.0,0.0,0.0,0.0,0.0,0.0,0.0,0.0,0.0,0.0,0.0,0.0,0.0,0.0,0.0,0.0,0.0,0.0,0.0,0.0,0.0,0.0,0.0,0.0,0.0
0.0,0.0,0.0,0.0,0.0,0.0,0.0,0.0,0.0,0.0,0.0,0.0,0.0,0.0,0.0,0.0,0.0,0.0,0.0,0.0,0.0,0.0,0.0,0.0,0.0,0.0,0.0,0.0,0.0,0.0,0.0,0.0,0.0,0.0,0.0,0.0,940.3,8632.0,1940.5,2644.8,1387.8,15219.6,422.3,829.8,652.0,118.1,2424.3,743.7,921.8,2319.0,481.9,9.8,289.4,621.9,36360.8,646659.4,53065.7,469.4,9.5,15.8,126.4,755.9,18.1,1092.3,147.8,1051.3,304.6,1088.0,199.6,184.1,111.7,390.0,419.6,281.1,87.3,70.0,150.4,271.9,42.4,331.9,452.3,5169.7,117401.2,8262.1,977.8,3259.5,3577.6,1389.3,668.7,188.4,46.9,868.1,1040.3,1538.7,168.4,1224.2,77.2,216.5,1487.2,376.6,478.3,223.9,70.7,1649.6,141.0,108.3,1663.5,153.6,132.1,18.4,916.4,513.6,30460.2,163.7,953.0,84.0,1380.6,417.4,118.8,261.7,87.2,260.7,381.9,130.3,130.6,221.0,1478.1,113.5,561.2,409.8,4168.9,233.5,205.0,631.4,13.1,204.1,72.1,43.5,37.2,56.6,85.1,93.8,116.6,87.1,134.2,65.2,54.6,178.4,32.8,261.7,17977.6,99.1,51.5,78.8,123.4,50.5,2051.0,1575.9,221.1,289.3,79.1,92.8,88.4,223.2,378.7,111.9,171.6,56.7,395.3,73.9,119.9,172.0,139.5,663.1,97.4,124.6,2366.8,303.9,1105.6,224.9,607.5,232.4,1316.1,308.7,0.0,0.0,0.0,0.0,0.0,0.0,0.0,0.0,0.0,0.0,0.0,0.0,0.0,0.0,0.0,0.0,0.0,0.0,0.0,0.0,0.0,0.0,0.0,0.0,0.0,0.0,0.0,0.0,0.0,0.0,0.0,0.0,0.0,0.0,0.0,0.0,0.0,0.0,0.0,0.0,0.0,0.0,0.0,0.0,0.0,0.0,0.0,0.0,0.0,0.0,0.0,0.0,0.0,0.0,0.0,0.0,0.0,0.0,0.0,0.0,0.0,0.0,0.0,0.0,0.0,0.0,0.0,0.0,0.0,0.0,0.0,0.0,0.0
0.0,0.0,0.0,0.0,0.0,0.0,0.0,0.0,0.0,0.0,0.0,0.0,0.0,0.0,0.0,0.0,0.0,0.0,0.0,0.0,0.0,0.0,0.0,0.0,0.0,0.0,0.0,0.0,0.0,0.0,0.0,0.0,0.0,0.0,0.0,0.0,16379.5,2025.3,2309.9,1208.6,483.4,1206.9,457.7,220.0,29.5,9020.4,5209.7,933.3,142.6,6.1,5587.4,3101.4,10963.0,29.4,32.7,3171.4,867.1,36.8,2026.1,75.2,191.9,108.7,67.5,56.7,71.1,2307.3,177.9,650.9,486.6,1882.8,1036.9,171.2,73.4,322.4,71.3,5375.1,211.0,151.4,522.6,4892.8,233.8,1598.1,8034.6,775.1,296.7,29.3,127.0,31.6,1526.2,84.5,28.6,190.6,884.6,560.4,498.0,148.5,2675.5,429.3,6099.2,888.9,1225.1,143.1,56.6,853.6,1194.9,211.3,504.0,1094.7,43.8,892.5,151.2,1211.0,1080.4,106.7,385.8,82.2,405.1,121.0,127.2,1936.9,79.7,1463.5,122.7,1403.5,2843.5,728.0,1337.6,141.5,1474.0,8056.2,476.7,275.3,732.6,198.9,243.3,74.0,57.5,31.7,47.1,1910.3,96.9,78.6,111.1,137.7,380.7,142.6,48.7,543.1,57.2,145.4,533.8,627.8,215.6,370.2,59.9,112.9,720.8,204.4,460.3,203.1,494.5,1076.0,323.8,111.9,350.0,99.0,268.3,43.2,147.1,108.2,337.7,350.5,82.5,169.3,169.5,221.3,358.1,590.7,175.9,97.9,385.8,2465.4,1396.3,169.2,0.0,0.0,0.0,0.0,0.0,0.0,0.0,0.0,0.0,0.0,0.0,0.0,0.0,0.0,0.0,0.0,0.0,0.0,0.0,0.0,0.0,0.0,0.0,0.0,0.0,0.0,0.0,0.0,0.0,0.0,0.0,0.0,0.0,0.0,0.0,0.0,0.0,0.0,0.0,0.0,0.0,0.0,0.0,0.0,0.0,0.0,0.0,0.0,0.0,0.0,0.0,0.0,0.0,0.0,0.0,0.0,0.0,0.0,0.0,0.0,0.0,0.0,0.0,0.0,0.0,0.0,0.0,0.0,0.0,0.0,0.0,0.0,0.0
0.0,0.0,0.0,0.0,0.0,0.0,0.0,0.0,0.0,0.0,0.0,0.0,0.0,0.0,0.0,0.0,0.0,0.0,0.0,0.0,0.0,0.0,0.0,0.0,0.0,0.0,0.0,0.0,0.0,0.0,0.0,0.0,0.0,0.0,0.0,0.0,3536.9,2720.9,2236.0,1826.6,586.8,286.7,1242.1,60.1,23.8,122.9,1474.5,790.8,1636.8,50485.3,1940.5,545.1,26.8,17.5,1.9,410.9,487.6,25.9,25.8,56.8,5162.7,4802.2,556.3,10742.9,850.0,12624.0,1004.9,2177.8,2260.9,44909.1,2960.2,392.5,295.5,2899.9,346.6,1777.1,253.6,178.8,1670.6,299.2,592.3,572.9,1766.8,104.7,2352.6,19.3,41.0,14.3,386.9,2446.3,24.5,809.3,10431.5,376.5,16530.6,4781.5,3199.7,288.1,1270.5,14304.3,948.0,648.1,82.5,579.1,14985.7,2056.5,84.6,94.3,61.9,625.9,55.9,323.0,171.6,488.4,328.1,75.8,171.9,291.0,2441.5,143.4,396.0,423.2,586.0,299.6,493.5,434.0,927.7,1309.6,602.1,9204.5,283.6,125.4,3780.2,753.0,191.3,79.1,23.3,55.9,41.0,569.3,234.8,127.6,177.2,536.1,2889.9,86.4,47.1,331.4,158.4,164.5,225.2,34.9,34.2,770.2,133.7,513.2,227.8,87.1,115.7,206.8,116.5,152.1,125.2,78.6,794.8,104.3,145.4,63.6,144.0,161.0,1774.4,115.0,175.7,2901.7,124.0,176.4,3063.9,213.3,1861.3,280.2,240.4,740.5,28473.5,216.3,0.0,0.0,0.0,0.0,0.0,0.0,0.0,0.0,0.0,0.0,0.0,0.0,0.0,0.0,0.0,0.0,0.0,0.0,0.0,0.0,0.0,0.0,0.0,0.0,0.0,0.0,0.0,0.0,0.0,0.0,0.0,0.0,0.0,0.0,0.0,0.0,0.0,0.0,0.0,0.0,0.0,0.0,0.0,0.0,0.0,0.0,0.0,0.0,0.0,0.0,0.0,0.0,0.0,0.0,0.0,0.0,0.0,0.0,0.0,0.0,0.0,0.0,0.0,0.0,0.0,0.0,0.0,0.0,0.0,0.0,0.0,0.0,0.0
0.0,0.0,0.0,0.0,0.0,0.0,0.0,0.0,0.0,0.0,0.0,0.0,0.0,0.0,0.0,0.0,0.0,0.0,0.0,0.0,0.0,0.0,0.0,0.0,0.0,0.0,0.0,0.0,0.0,0.0,0.0,0.0,0.0,0.0,0.0,0.0,7018.7,654.3,437.3,265.2,833.9,1921.3,517.6,87.3,57.8,116.4,149.1,169.0,8559.3,24919.0,230.0,18.8,26.4,28.8,60.8,1190.2,28.8,15.1,20.1,18.0,47.3,18.8,76.6,291.5,11121.0,8941.4,5818.7,12574.5,5042.7,7127.8,2408.1,1015.8,320.9,232.7,318.5,83.4,748.7,843.4,23679.8,3659.8,2561.9,737.7,4566.2,616.5,583.9,379.0,852.9,50.4,94.1,320.4,28.6,136.7,700.9,454.4,1009.9,1234.0,4280.1,1169.2,3203.9,1264.8,508.1,179.9,525.3,1454.6,2244.4,307.8,64.0,56.7,87.3,933.1,122.0,800.5,153.6,1885.9,393.9,109.5,1579.0,619.6,23174.3,390.0,2189.3,1364.3,85.0,2979.5,202.9,1735.7,455.2,5754.5,607.6,1646.4,621.4,328.1,812.5,208.0,922.5,84.9,38.2,36.6,43.8,811.8,63.2,106.8,191.8,1528.6,112.2,104.4,115.8,337.4,2350.2,56.9,142.2,54.5,54.6,70.3,135.5,119.5,607.7,70.9,808.7,99.6,116.5,918.3,771.4,100.7,441.8,71.2,106.6,69.3,229.5,500.8,158.9,227.5,103.6,162.7,179.1,881.7,6640.2,1134.3,1701.0,256.7,402.3,770.3,29033.7,591.3,0.0,0.0,0.0,0.0,0.0,0.0,0.0,0.0,0.0,0.0,0.0,0.0,0.0,0.0,0.0,0.0,0.0,0.0,0.0,0.0,0.0,0.0,0.0,0.0,0.0,0.0,0.0,0.0,0.0,0.0,0.0,0.0,0.0,0.0,0.0,0.0,0.0,0.0,0.0,0.0,0.0,0.0,0.0,0.0,0.0,0.0,0.0,0.0,0.0,0.0,0.0,0.0,0.0,0.0,0.0,0.0,0.0,0.0,0.0,0.0,0.0,0.0,0.0,0.0,0.0,0.0,0.0,0.0,0.0,0.0,0.0,0.0,0.0
0.0,0.0,0.0,0.0,0.0,0.0,0.0,0.0,0.0,0.0,0.0,0.0,0.0,0.0,0.0,0.0,0.0,0.0,0.0,0.0,0.0,0.0,0.0,0.0,0.0,0.0,0.0,0.0,0.0,0.0,0.0,0.0,0.0,0.0,0.0,0.0,305.3,522.3,468.9,351.0,469.1,718.4,1336.5,292.7,156.3,134.5,147.7,1368.9,25325.0,12726.9,304.8,34.6,10.9,28.1,5032.4,19.9,8.9,133.3,3.3,17.2,91.2,64.5,2226.5,1782.9,19024.0,50883.2,190148.0,19137.6,17457.3,1764.6,18747.2,1483.8,228.6,1139.0,366.1,3466.9,287.4,395.1,6291.9,1729.9,1126.6,920.2,5158.8,543.7,7676.1,123.3,107.7,162.5,314.3,168.7,366.6,3101.3,130.3,3577.2,1651.0,847.5,118.5,701.1,3518.9,11416.3,650.9,196.5,553.9,1516.4,194.4,93.1,370.5,64.9,39.1,41.8,102.8,693.5,156.7,771.4,5166.7,838.4,798.3,325.3,2041.1,115.3,446.4,279.7,118.2,1134.9,167.6,453.0,904.8,1392.3,36614.1,2877.8,687.7,549.0,175.8,602.3,1665.8,314.1,39.6,39.5,92.1,787.8,52.3,120.8,293.5,797.9,100.3,219.0,3466.7,303.0,219.7,105.7,790.9,60.3,77.3,59.6,306.8,133.1,623.7,84.9,71.9,711.5,68.3,168.9,69.1,289.8,143.9,67.7,130.7,94.0,269.4,95.7,168.2,525.9,514.5,174.0,125.4,175.7,1724.8,286.8,1042.2,737.3,251.4,1044.2,3236.9,193.2,0.0,0.0,0.0,0.0,0.0,0.0,0.0,0.0,0.0,0.0,0.0,0.0,0.0,0.0,0.0,0.0,0.0,0.0,0.0,0.0,0.0,0.0,0.0,0.0,0.0,0.0,0.0,0.0,0.0,0.0,0.0,0.0,0.0,0.0,0.0,0.0,0.0,0.0,0.0,0.0,0.0,0.0,0.0,0.0,0.0,0.0,0.0,0.0,0.0,0.0,0.0,0.0,0.0,0.0,0.0,0.0,0.0,0.0,0.0,0.0,0.0,0.0,0.0,0.0,0.0,0.0,0.0,0.0,0.0,0.0,0.0,0.0,0.0
0.0,0.0,0.0,0.0,0.0,0.0,0.0,0.0,0.0,0.0,0.0,0.0,0.0,0.0,0.0,0.0,0.0,0.0,0.0,0.0,0.0,0.0,0.0,0.0,0.0,0.0,0.0,0.0,0.0,0.0,0.0,0.0,0.0,0.0,0.0,0.0,7229.9,6822.6,351.3,276.9,613.6,387.0,416.0,120.4,89.4,928.6,1121.3,93950.1,65992.6,3872.7,659.1,461.3,7.7,11.1,260.2,549.2,61.9,2713.6,68.7,10.8,315.4,70.4,1080.5,24282.1,28369.2,334220.2,783190.7,88585.8,9015.5,1110.2,1383.8,430.6,210.7,4234.2,399.7,662.7,351.1,2975.7,544.2,5489.1,1707.9,2014.2,3774.1,208.2,173.6,2015.7,4057.5,4025.3,1937.8,471.4,11312.6,9458.4,1222.5,715.1,4153.1,244.9,179.3,1237.8,1057.8,13186.1,1643.8,626.7,299.7,385.1,67.9,1164.4,3040.9,164.5,31.3,80.3,259.2,7711.7,272.0,1375.8,375.3,16696.8,3063.3,329.4,4454.2,197.6,81.3,225.4,238.6,411.1,84.9,1250.8,454.6,3185.7,2888.7,1051.0,2261.6,375.8,1420.1,2424.6,403.0,145.9,90.6,111.6,174.3,1701.7,58.3,228.9,507.7,105.6,344.1,339.3,472.8,131.6,67.5,145.0,1668.8,116.7,220.6,802.2,263.7,158.7,1000.0,76.6,79.6,82.9,58.9,127.0,80.0,374.0,532.4,89.6,121.6,1913.1,280.4,1198.6,194.8,353.4,178.4,63.2,954.9,235.7,85.0,349.6,760.6,699.8,1013.2,171.8,2552.0,156.1,0.0,0.0,0.0,0.0,0.0,0.0,0.0,0.0,0.0,0.0,0.0,0.0,0.0,0.0,0.0,0.0,0.0,0.0,0.0,0.0,0.0,0.0,0.0,0.0,0.0,0.0,0.0,0.0,0.0,0.0,0.0,0.0,0.0,0.0,0.0,0.0,0.0,0.0,0.0,0.0,0.0,0.0,0.0,0.0,0.0,0.0,0.0,0.0,0.0,0.0,0.0,0.0,0.0,0.0,0.0,0.0,0.0,0.0,0.0,0.0,0.0,0.0,0.0,0.0,0.0,0.0,0.0,0.0,0.0,0.0,0.0,0.0,0.0
0.0,0.0,0.0,0.0,0.0,0.0,0.0,0.0,0.0,0.0,0.0,0.0,0.0,0.0,0.0,0.0,0.0,0.0,0.0,0.0,0.0,0.0,0.0,0.0,0.0,0.0,0.0,0.0,0.0,0.0,0.0,0.0,0.0,0.0,0.0,0.0,3107.4,45.1,93.2,366.2,26253.3,690.4,1316.7,1007.9,3646.0,1880.5,1379.5,743287.2,440477.3,25092.8,321.5,74.9,115.6,131.0,599.3,1577.9,5814.6,223.1,101.0,117.9,1459.5,156.9,432.8,3691.4,15615.8,135072.0,446321.5,55285.1,32242.8,5713.7,3925.0,3433.6,24413.9,7219.5,471.3,1539.5,439.2,488.3,545.4,2488.6,7323.2,1469.9,739.2,1406.2,533.9,1590.2,8700.2,593.7,1286.5,1523.5,86054.3,22525.5,700.6,2155.3,91290.0,3881.2,489.5,3881.6,1049.7,1533.3,297.3,1789.7,1359.3,3247.1,266.7,497.7,3020.5,1426.0,93.1,2131.5,522.0,597.5,339.4,1193.6,357.3,4503.8,1063.3,158.8,378.6,344.2,68.9,1475.9,711.3,1666.5,104.9,323.6,718.9,796.5,1495.9,3471.9,1829.1,742.2,344.5,862.4,304.0,64.3,47.6,478.7,356.4,166.1,137.8,942.3,258.5,491.9,1784.4,180.5,857.4,239.1,98.0,120.0,360.3,117.0,153.3,121.5,222.9,177.7,288.4,741.0,166.8,112.1,81.7,415.8,171.0,157.6,294.6,141.7,200.0,181.8,185.5,244.1,621.4,3767.5,421.6,188.9,95.1,137.4,78.7,216.4,740.3,435.2,634.0,193.2,439.9,258.9,0.0,0.0,0.0,0.0,0.0,0.0,0.0,0.0,0.0,0.0,0.0,0.0,0.0,0.0,0.0,0.0,0.0,0.0,0.0,0.0,0.0,0.0,0.0,0.0,0.0,0.0,0.0,0.0,0.0,0.0,0.0,0.0,0.0,0.0,0.0,0.0,0.0,0.0,0.0,0.0,0.0,0.0,0.0,0.0,0.0,0.0,0.0,0.0,0.0,0.0,0.0,0.0,0.0,0.0,0.0,0.0,0.0,0.0,0.0,0.0,0.0,0.0,0.0,0.0,0.0,0.0,0.0,0.0,0.0,0.0,0.0,0.0,0.0
0.0,0.0,0.0,0.0,0.0,0.0,0.0,0.0,0.0,0.0,0.0,0.0,0.0,0.0,0.0,0.0,0.0,0.0,0.0,0.0,0.0,0.0,0.0,0.0,0.0,0.0,0.0,0.0,0.0,0.0,0.0,0.0,0.0,0.0,0.0,0.0,343.7,336.8,30.3,41.1,3272.8,4118.0,4233.4,3864.6,3762.1,3280.4,2603.8,187599.3,259858.6,36976.5,514.4,36.2,198.6,5555.4,3616.1,292.3,26600.3,2111.1,323.8,2126.4,3962.8,413.9,320.5,3882.7,17300.8,25480.7,41068.9,98602.6,24664.8,14409.3,18085.1,7995.2,9812.1,12147.9,9247.9,1347.5,563.6,919.9,4080.6,1219.2,3815.0,25825.3,2259.4,2115.7,3039.4,1008.9,5224.2,456.2,559.3,787.5,4159.0,1850.7,1200.5,3160.2,18494.2,8541.1,4910.2,8936.5,1924.7,4380.4,1909.3,4438.7,1502.4,1017.1,1894.6,1790.4,1560.9,447.8,185.9,384.3,502.7,762.2,681.2,631.9,391.1,697.8,1080.9,238.9,1047.8,777.3,194.5,349.2,903.6,207.1,143.9,1386.2,1442.6,8063.6,16865.9,5495.7,10315.6,3596.7,787.1,614.4,257.6,207.1,147.6,111.0,4084.3,137.7,304.3,642.1,1857.2,296.2,462.6,236.1,909.6,101.8,1022.1,140.6,377.4,355.3,2496.6,212.3,443.6,543.9,1521.9,178.0,104.6,254.2,178.2,784.5,195.4,299.8,15635.0,783.3,119.3,267.5,247.4,89.7,617.6,7070.5,902.9,132.2,144.1,267.3,62.9,173.7,1095.4,943.3,1151.5,268.6,530.3,1772.7,0.0,0.0,0.0,0.0,0.0,0.0,0.0,0.0,0.0,0.0,0.0,0.0,0.0,0.0,0.0,0.0,0.0,0.0,0.0,0.0,0.0,0.0,0.0,0.0,0.0,0.0,0.0,0.0,0.0,0.0,0.0,0.0,0.0,0.0,0.0,0.0,0.0,0.0,0.0,0.0,0.0,0.0,0.0,0.0,0.0,0.0,0.0,0.0,0.0,0.0,0.0,0.0,0.0,0.0,0.0,0.0,0.0,0.0,0.0,0.0,0.0,0.0,0.0,0.0,0.0,0.0,0.0,0.0,0.0,0.0,0.0,0.0,0.0
0.0,0.0,0.0,0.0,0.0,0.0,0.0,0.0,0.0,0.0,0.0,0.0,0.0,0.0,0.0,0.0,0.0,0.0,0.0,0.0,0.0,0.0,0.0,0.0,0.0,0.0,0.0,0.0,0.0,0.0,0.0,0.0,0.0,0.0,0.0,0.0,795.6,727.5,172.0,2669.7,265.1,1475.5,2151.6,1182.7,1870.8,57185.0,14567.2,58337.6,51827.9,22231.3,71.5,14.4,15.4,210.9,3893.5,29832.9,1901.2,7915.9,10134.4,1149.0,1404.3,1256.7,9852.5,1912.4,3752.5,6683.8,53324.0,17636.5,116209.0,67598.0,170686.4,100147.4,57267.6,9192.8,8486.4,36437.0,978.7,895.8,578.2,2292.5,1415.2,2748.8,3462.8,4470.1,24413.4,3113.4,705.2,335.6,698.0,635.5,767.9,1209.5,2371.2,18919.2,7383.5,2865.8,7026.4,2085.9,1632.6,13085.0,1676.8,585.3,524.3,1435.8,1881.6,746.8,496.7,255.2,254.6,905.7,395.0,3434.8,885.8,1239.2,4087.2,3883.9,467.0,3917.1,286.0,1405.2,111.5,4015.0,815.5,1014.6,129.3,339.4,809.3,815.8,4269.1,16976.6,28936.7,1476.3,190.2,165.7,813.5,110.4,379.8,1059.5,694.0,206.1,139.2,308.5,2630.8,1005.9,897.5,613.1,835.2,232.7,1089.4,592.8,705.8,425.4,419.2,196.9,339.0,1021.5,29024.2,687.1,471.4,1622.1,217.3,877.2,258.7,337.6,255.2,268.4,427.8,210.0,117.5,184.0,259.1,198.4,97.7,289.7,81.7,87.4,117.0,169.3,1171.9,1090.2,1190.5,1124.6,1435.0,283.0,0.0,0.0,0.0,0.0,0.0,0.0,0.0,0.0,0.0,0.0,0.0,0.0,0.0,0.0,0.0,0.0,0.0,0.0,0.0,0.0,0.0,0.0,0.0,0.0,0.0,0.0,0.0,0.0,0.0,0.0,0.0,0.0,0.0,0.0,0.0,0.0,0.0,0.0,0.0,0.0,0.0,0.0,0.0,0.0,0.0,0.0,0.0,0.0,0.0,0.0,0.0,0.0,0.0,0.0,0.0,0.0,0.0,0.0,0.0,0.0,0.0,0.0,0.0,0.0,0.0,0.0,0.0,0.0,0.0,0.0,0.0,0.0,0.0
0.0,0.0,0.0,0.0,0.0,0.0,0.0,0.0,0.0,0.0,0.0,0.0,0.0,0.0,0.0,0.0,0.0,0.0,0.0,0.0,0.0,0.0,0.0,0.0,0.0,0.0,0.0,0.0,0.0,0.0,0.0,0.0,0.0,0.0,0.0,0.0,0.0,6.5,203.5,345.7,555.2,984.8,156.6,527.6,2214.7,4500.9,99289.0,66828.3,86871.4,1597.9,19.5,52.2,0.0,57.3,926.9,1329.1,9205.8,33906.4,824.9,5848.4,21155.0,361.4,1647.1,677.4,426.8,4529.1,2295.4,11592.4,26289.5,71723.9,642175.7,536151.4,141544.2,30294.2,60177.9,149932.1,10342.4,9803.4,1137.7,1183.2,1786.8,14687.7,48074.2,11227.0,52568.9,11183.7,14490.3,6002.1,9092.3,3495.8,1478.2,816.0,143.4,10770.3,5810.5,1920.8,19636.1,2874.7,14574.0,24031.4,6399.6,6844.9,4398.9,2246.3,52759.6,1198.0,702.5,362.3,2286.2,1793.0,971.6,1017.6,1323.8,47328.9,3577.6,1117.5,708.7,545.4,373.9,879.0,184.1,330.3,199.5,510.9,2186.7,769.2,810.9,1395.3,1497.8,4874.9,3985.7,603.9,1550.3,768.7,2237.9,756.0,2784.2,357.7,431.6,864.6,623.3,1091.2,575.4,1132.9,2066.6,6177.7,11386.0,511.3,331.4,13912.6,484.3,154.3,298.5,141.0,221.5,438.3,1872.1,234.3,472.4,295.5,1974.7,456.7,218.3,326.4,387.0,273.3,278.0,1152.1,352.4,445.0,168.5,768.4,154.6,152.5,183.3,1796.7,118.1,426.8,1218.8,1340.7,1149.2,1243.5,4456.8,11557.8,0.0,0.0,0.0,0.0,0.0,0.0,0.0,0.0,0.0,0.0,0.0,0.0,0.0,0.0,0.0,0.0,0.0,0.0,0.0,0.0,0.0,0.0,0.0,0.0,0.0,0.0,0.0,0.0,0.0,0.0,0.0,0.0,0.0,0.0,0.0,0.0,0.0,0.0,0.0,0.0,0.0,0.0,0.0,0.0,0.0,0.0,0.0,0.0,0.0,0.0,0.0,0.0,0.0,0.0,0.0,0.0,0.0,0.0,0.0,0.0,0.0,0.0,0.0,0.0,0.0,0.0,0.0,0.0,0.0,0.0,0.0,0.0,0.0
0.0,0.0,0.0,0.0,0.0,0.0,0.0,0.0,0.0,0.0,0.0,0.0,0.0,0.0,0.0,0.0,0.0,0.0,0.0,0.0,0.0,0.0,0.0,0.0,0.0,0.0,0.0,0.0,0.0,0.0,0.0,0.0,0.0,0.0,0.0,0.0,0.0,0.0,0.0,0.0,0.0,423.8,1522.6,2107.3,199.4,5187.9,623203.3,33357.1,4026.7,331.4,223.1,0.0,0.0,0.0,0.0,84.9,205624.1,18056.1,8127.9,289.4,198.9,2983.8,1123.4,3162.3,620.9,1277.0,9380.5,2523.7,5784.6,25095.3,48387.2,93670.0,41900.6,13559.9,53655.3,23727.8,2523.6,1374.1,7005.4,2203.4,2347.0,5167.8,9464.0,28787.2,115702.9,35270.8,15562.5,5351.0,1137.3,1824.6,1468.4,546.0,2482.0,2574.7,925.8,5082.1,6304.1,20689.5,94705.4,351562.3,30066.6,5102.1,1279.6,1087.4,1907.6,459.1,1154.7,1135.8,153.1,2631.0,1307.2,7526.3,4909.9,3336.3,4072.4,13774.3,4389.9,6689.7,1724.1,2411.6,676.4,913.5,5782.2,2137.9,420.8,1160.4,829.4,392.7,1896.8,2281.5,1163.1,940.1,1549.4,1204.5,1192.5,440.2,1632.2,332.5,2767.9,445.6,380.2,3980.6,1236.5,279.1,472.5,2300.7,1001.8,429.8,159.8,493.8,373.9,223.0,333.5,157.5,93.5,228.6,535.6,650.3,278.6,108.8,147.6,264.5,327.6,234.9,6879.9,308.3,248.1,163.2,258.5,328.4,84.4,444.1,190.4,368.0,218.2,357.4,805.3,2642.3,27701.1,1189.1,5407.3,1082.3,1683.5,651.3,0.0,0.0,0.0,0.0,0.0,0.0,0.0,0.0,0.0,0.0,0.0,0.0,0.0,0.0,0.0,0.0,0.0,0.0,0.0,0.0,0.0,0.0,0.0,0.0,0.0,0.0,0.0,0.0,0.0,0.0,0.0,0.0,0.0,0.0,0.0,0.0,0.0,0.0,0.0,0.0,0.0,0.0,0.0,0.0,0.0,0.0,0.0,0.0,0.0,0.0,0.0,0.0,0.0,0.0,0.0,0.0,0.0,0.0,0.0,0.0,0.0,0.0,0.0,0.0,0.0,0.0,0.0,0.0,0.0,0.0,0.0,0.0,0.0
0.0,0.0,0.0,0.0,0.0,0.0,0.0,0.0,0.0,0.0,0.0,0.0,0.0,0.0,0.0,0.0,0.0,0.0,0.0,0.0,0.0,0.0,0.0,0.0,0.0,0.0,0.0,0.0,0.0,0.0,0.0,0.0,0.0,0.0,0.0,0.0,0.0,0.0,0.0,0.0,0.0,0.0,0.0,0.0,3.0,655.8,1301.8,18087.4,1.9,0.4,0.0,0.0,0.0,0.0,2.7,10462.9,78432.9,28139.0,874.6,5316.9,174.4,1255.4,3221.3,2318.5,8663.5,1110.9,1638.4,2333.1,3485.0,23993.7,26662.2,4566.4,14180.3,3833.7,45623.1,65930.0,12863.5,12974.3,8756.7,10036.8,5037.8,44166.8,67843.8,364470.5,530622.1,109464.4,19938.6,3403.5,1231.0,2870.9,1571.4,2495.4,4888.8,1422.3,2434.3,3026.2,17900.5,127485.2,165644.5,232318.0,110213.6,18001.9,1285.4,602.6,255.0,728.2,1086.2,542.6,789.9,8439.5,5834.5,126157.8,15012.8,5576.0,7016.5,2995.7,665.6,33366.7,14515.4,1268.3,598.1,385.6,412.7,710.9,603.1,1742.7,720.1,2371.1,1779.2,8658.9,2001.5,1414.6,1358.5,1421.7,2443.7,1987.2,2098.0,2531.6,1816.9,1535.0,1155.0,1832.6,550.3,1125.6,395.3,1242.3,519.2,1107.8,280.9,1123.4,266.2,530.4,1301.9,361.0,246.6,606.4,190.0,757.8,1339.2,684.3,963.6,2476.9,850.6,753.4,609.4,191.7,204.4,366.6,559.2,215.9,1132.7,309.3,540.2,1785.5,798.3,689.3,517.4,2274.3,4966.4,589.8,583.5,444.3,1656.3,731.8,0.0,0.0,0.0,0.0,0.0,0.0,0.0,0.0,0.0,0.0,0.0,0.0,0.0,0.0,0.0,0.0,0.0,0.0,0.0,0.0,0.0,0.0,0.0,0.0,0.0,0.0,0.0,0.0,0.0,0.0,0.0,0.0,0.0,0.0,0.0,0.0,0.0,0.0,0.0,0.0,0.0,0.0,0.0,0.0,0.0,0.0,0.0,0.0,0.0,0.0,0.0,0.0,0.0,0.0,0.0,0.0,0.0,0.0,0.0,0.0,0.0,0.0,0.0,0.0,0.0,0.0,0.0,0.0,0.0,0.0,0.0,0.0,0.0
0.0,0.0,0.0,0.0,0.0,0.0,0.0,0.0,0.0,0.0,0.0,0.0,0.0,0.0,0.0,0.0,0.0,0.0,0.0,0.0,0.0,0.0,0.0,0.0,0.0,0.0,0.0,0.0,0.0,0.0,0.0,0.0,0.0,0.0,0.0,0.0,0.0,0.0,0.0,0.0,0.0,0.0,0.0,0.0,0.0,0.0,0.0,0.0,0.0,0.0,0.0,0.0,0.0,0.0,0.0,0.0,2860.2,11613.1,18437.3,240.7,92.6,2119.0,69365.7,1959.0,4401.6,7691.0,2550.6,3415.1,2992.8,9590.6,2087.5,3829.6,8136.5,2050.4,1723.7,3675.7,21347.6,162263.0,24003.0,3153.1,12202.9,8166.9,33594.5,529342.0,485033.0,228772.7,247652.1,22766.8,12400.4,15062.8,4531.0,11422.9,23199.3,3731.3,4968.3,9312.2,6822.3,10160.2,23525.1,47564.6,6303.9,4155.1,5341.7,6854.9,578.1,4633.0,7534.6,463.8,589.8,4180.2,56008.4,303012.9,37470.7,23719.0,1633.4,3645.1,458.2,641.7,9749.3,732.4,553.7,524.1,1542.3,391.0,339.8,610.4,463.5,697.4,1610.5,2240.6,841.0,1641.9,25218.5,3138.1,3044.3,3509.7,27186.7,570.5,1345.1,1972.6,5928.2,15246.1,755.5,1820.0,1318.0,1323.7,1764.9,546.6,333.4,845.2,401.4,1042.0,806.9,725.4,401.5,2776.6,596.5,420.2,165.6,305.5,849.5,330.9,365.2,497.0,741.9,409.0,603.6,255.1,420.7,2110.5,1590.1,736.0,432.6,4582.8,604.9,451.3,1253.3,7818.2,1536.7,1781.6,733.8,2067.8,3605.1,329.3,0.0,0.0,0.0,0.0,0.0,0.0,0.0,0.0,0.0,0.0,0.0,0.0,0.0,0.0,0.0,0.0,0.0,0.0,0.0,0.0,0.0,0.0,0.0,0.0,0.0,0.0,0.0,0.0,0.0,0.0,0.0,0.0,0.0,0.0,0.0,0.0,0.0,0.0,0.0,0.0,0.0,0.0,0.0,0.0,0.0,0.0,0.0,0.0,0.0,0.0,0.0,0.0,0.0,0.0,0.0,0.0,0.0,0.0,0.0,0.0,0.0,0.0,0.0,0.0,0.0,0.0,0.0,0.0,0.0,0.0,0.0,0.0,0.0
0.0,0.0,0.0,0.0,0.0,0.0,0.0,0.0,0.0,0.0,0.0,0.0,0.0,0.0,0.0,0.0,0.0,0.0,0.0,0.0,0.0,0.0,0.0,0.0,0.0,0.0,0.0,0.0,0.0,0.0,0.0,0.0,0.0,0.0,0.0,0.0,0.0,0.0,0.0,0.0,0.0,0.0,0.0,0.0,0.0,0.0,0.0,0.0,0.0,0.0,0.0,0.0,0.0,0.0,0.0,0.0,0.0,0.0,0.0,47.1,898.9,5265.8,6238.5,839.6,718.5,4356.2,2056.3,6175.1,10201.4,8728.5,2264.1,1852.3,3851.3,6988.9,2164.9,2537.3,7071.8,7276.4,4767.6,1847.0,5929.9,11779.2,72746.4,440354.1,365424.7,504818.9,218589.7,14350.7,9008.5,11135.7,1947.2,3488.5,4350.2,8220.4,2226.2,4156.0,1971.8,3990.0,46944.0,6849.8,6052.9,3332.3,59030.5,6943.9,504.3,11789.2,18801.9,4028.7,15710.3,14045.3,5042.5,17855.3,6391.8,822.4,2066.7,2700.3,1641.3,3503.8,3597.6,1049.0,2156.9,4342.9,775.9,1730.4,469.2,4402.2,1225.3,2323.2,4063.8,11504.0,1578.7,3881.2,6502.3,1286.6,1935.1,477.6,936.3,6876.9,1580.7,1159.7,1048.6,1643.6,1836.3,1031.4,1770.1,2046.9,829.1,7708.9,809.2,1287.9,1218.0,1477.1,20941.2,4199.8,399.9,512.7,477.2,645.7,945.9,847.2,687.3,221.0,279.6,796.9,3160.3,869.5,534.5,343.8,2636.9,654.7,2456.6,2370.9,858.5,558.4,862.2,95.3,116.2,1798.1,2116.4,3280.6,1412.5,10573.7,236226.9,9180.5,0.0,0.0,0.0,0.0,0.0,0.0,0.0,0.0,0.0,0.0,0.0,0.0,0.0,0.0,0.0,0.0,0.0,0.0,0.0,0.0,0.0,0.0,0.0,0.0,0.0,0.0,0.0,0.0,0.0,0.0,0.0,0.0,0.0,0.0,0.0,0.0,0.0,0.0,0.0,0.0,0.0,0.0,0.0,0.0,0.0,0.0,0.0,0.0,0.0,0.0,0.0,0.0,0.0,0.0,0.0,0.0,0.0,0.0,0.0,0.0,0.0,0.0,0.0,0.0,0.0,0.0,0.0,0.0,0.0,0.0,0.0,0.0,0.0
0.0,0.0,0.0,0.0,0.0,0.0,0.0,0.0,0.0,0.0,0.0,0.0,0.0,0.0,0.0,0.0,0.0,0.0,0.0,0.0,0.0,0.0,0.0,0.0,0.0,0.0,0.0,0.0,0.0,0.0,0.0,0.0,0.0,0.0,0.0,0.0,0.0,0.0,0.0,0.0,0.0,0.0,0.0,0.0,0.0,0.0,0.0,0.0,0.0,0.0,0.0,0.0,0.0,0.0,0.0,0.0,0.0,0.0,0.0,95.5,2294.4,16656.1,1723.3,6608.8,590.6,306.5,2150.4,4731.3,2584.9,3230.7,2551.2,6836.5,2589.5,5698.6,1845.3,2147.0,1012.5,1177.5,1706.0,5078.6,4600.6,24562.4,56725.0,269229.1,663212.8,696157.8,481468.4,14096.5,7845.2,20129.5,9534.3,8789.8,5413.5,782.2,2308.2,28016.2,3408.5,9050.1,6821.8,5791.2,5059.3,3243.7,12967.1,2304.9,1869.7,2439.2,1088.9,185.1,966.0,1515.9,952.6,2915.5,17710.5,570.6,204.5,181.9,410.6,953.4,834.1,49840.8,3433.3,869.1,952.4,546.9,1762.0,2041.6,3211.2,1528.3,10114.5,17566.2,2247.2,852.5,1524.3,2034.3,1830.0,2359.1,624.0,2204.0,1202.1,1074.7,11762.0,605.6,1790.8,5828.3,47109.8,12090.6,2654.3,1976.6,1229.9,12864.1,1756.5,1445.0,1129.5,402.2,551.7,1108.3,1681.1,3320.5,618.5,1197.7,705.8,343.1,837.3,4748.1,66323.0,2312.1,583.0,1902.7,706.7,1880.4,62029.6,976.4,684.3,542.4,152.1,1185.2,178.1,434.2,1240.7,3919.8,6844.3,25695.8,456956.4,18645.6,0.0,0.0,0.0,0.0,0.0,0.0,0.0,0.0,0.0,0.0,0.0,0.0,0.0,0.0,0.0,0.0,0.0,0.0,0.0,0.0,0.0,0.0,0.0,0.0,0.0,0.0,0.0,0.0,0.0,0.0,0.0,0.0,0.0,0.0,0.0,0.0,0.0,0.0,0.0,0.0,0.0,0.0,0.0,0.0,0.0,0.0,0.0,0.0,0.0,0.0,0.0,0.0,0.0,0.0,0.0,0.0,0.0,0.0,0.0,0.0,0.0,0.0,0.0,0.0,0.0,0.0,0.0,0.0,0.0,0.0,0.0,0.0,0.0
0.0,0.0,0.0,0.0,0.0,0.0,0.0,0.0,0.0,0.0,0.0,0.0,0.0,0.0,0.0,0.0,0.0,0.0,0.0,0.0,0.0,0.0,0.0,0.0,0.0,0.0,0.0,0.0,0.0,0.0,0.0,0.0,0.0,0.0,0.0,0.0,0.0,0.0,0.0,0.0,0.0,0.0,0.0,0.0,0.0,0.0,0.0,0.0,0.0,0.0,0.0,0.0,0.0,0.0,0.0,0.0,0.0,0.0,0.0,0.0,1361.4,1288.4,754.1,3946.7,780.4,973.5,1044.3,6508.1,3374.6,22474.2,4996.4,3192.1,42301.3,3486.4,3792.1,667.9,1664.0,8702.3,10103.5,1987.4,30378.8,13990.7,8144.5,113407.7,237153.6,232391.6,84221.3,27248.2,14877.6,55634.3,12235.9,5611.2,2648.1,999.5,2622.4,4897.8,2048.5,9949.4,4134.7,3597.5,4142.6,6127.5,3268.4,6164.4,441.3,172.2,530.1,102.9,717.6,113.0,223.1,263.8,735.9,295.9,176.1,1708.9,2631.6,813.3,1190.8,6081.9,60063.1,761.3,1165.6,3615.6,708.5,2249.1,10626.5,4130.3,110324.1,177682.8,3038.8,6886.4,12242.5,3773.0,1712.6,3384.4,1929.9,1488.3,1447.8,5615.7,2619.9,1978.2,4213.9,9524.5,115382.0,62416.7,7033.4,3344.9,735.6,17332.1,1325.2,723.9,1370.2,506.6,4304.8,996.8,945.3,501.4,913.5,601.5,9369.5,943.1,815.4,3738.7,142138.6,1370.7,714.3,920.3,615.8,645.0,946.4,306.3,1817.9,1119.2,164.7,450.6,548.3,608.2,1042.9,6095.1,27951.3,10334.7,6930.0,1450.5,0.0,0.0,0.0,0.0,0.0,0.0,0.0,0.0,0.0,0.0,0.0,0.0,0.0,0.0,0.0,0.0,0.0,0.0,0.0,0.0,0.0,0.0,0.0,0.0,0.0,0.0,0.0,0.0,0.0,0.0,0.0,0.0,0.0,0.0,0.0,0.0,0.0,0.0,0.0,0.0,0.0,0.0,0.0,0.0,0.0,0.0,0.0,0.0,0.0,0.0,0.0,0.0,0.0,0.0,0.0,0.0,0.0,0.0,0.0,0.0,0.0,0.0,0.0,0.0,0.0,0.0,0.0,0.0,0.0,0.0,0.0,0.0,0.0
0.0,0.0,0.0,0.0,0.0,0.0,0.0,0.0,0.0,0.0,0.0,0.0,0.0,0.0,0.0,0.0,0.0,0.0,0.0,0.0,0.0,0.0,0.0,0.0,0.0,0.0,0.0,0.0,0.0,0.0,0.0,0.0,0.0,0.0,0.0,0.0,0.0,0.0,0.0,0.0,0.0,0.0,0.0,0.0,0.0,0.0,0.0,0.0,0.0,0.0,0.0,0.0,0.0,0.0,0.0,0.0,0.0,0.0,0.0,0.0,0.0,5134.7,2506.0,1668.5,15637.5,1568.4,4633.9,4758.1,9332.5,7295.5,3860.6,7888.5,186710.2,4225.7,2889.4,1391.7,1847.5,7096.6,4146.4,1820.8,5198.9,8606.4,11742.5,54768.4,31365.7,49367.9,16287.9,10203.5,9453.5,3841.1,10894.0,14695.3,2403.1,3004.9,1141.8,1731.2,3850.1,4107.1,4858.5,1550.0,1639.9,11638.6,12085.0,7347.7,4703.6,5885.8,254.2,144.4,157.3,746.2,806.2,285.1,2746.9,66.5,102.0,1287.3,1311.4,232.9,294.3,8147.3,6247.1,1740.4,776.5,1488.9,513.9,614.6,566.1,1480.6,2787.8,3816.4,4999.2,4239.8,23140.1,2354.9,958.1,2180.3,2715.7,3231.9,98288.2,14833.3,1033.7,4346.4,4100.2,2699.2,3205.2,4491.2,1439.9,868.8,1300.9,524.9,1428.4,582.1,570.0,796.1,938.8,2939.1,1141.1,344.4,1486.7,319.2,1923.9,232.3,321.8,3828.2,2821.4,665.4,412.9,1851.8,363.1,7979.0,1026.7,303.9,400.3,442.3,973.1,144.8,80.7,164.3,830.8,1492.5,9652.8,7432.8,3101.5,580.8,0.0,0.0,0.0,0.0,0.0,0.0,0.0,0.0,0.0,0.0,0.0,0.0,0.0,0.0,0.0,0.0,0.0,0.0,0.0,0.0,0.0,0.0,0.0,0.0,0.0,0.0,0.0,0.0,0.0,0.0,0.0,0.0,0.0,0.0,0.0,0.0,0.0,0.0,0.0,0.0,0.0,0.0,0.0,0.0,0.0,0.0,0.0,0.0,0.0,0.0,0.0,0.0,0.0,0.0,0.0,0.0,0.0,0.0,0.0,0.0,0.0,0.0,0.0,0.0,0.0,0.0,0.0,0.0,0.0,0.0,0.0,0.0,0.0
0.0,0.0,0.0,0.0,0.0,0.0,0.0,0.0,0.0,0.0,0.0,0.0,0.0,0.0,0.0,0.0,0.0,0.0,0.0,0.0,0.0,0.0,0.0,0.0,0.0,0.0,0.0,0.0,0.0,0.0,0.0,0.0,0.0,0.0,0.0,0.0,0.0,0.0,0.0,0.0,0.0,0.0,0.0,0.0,0.0,0.0,0.0,0.0,0.0,0.0,0.0,0.0,0.0,0.0,0.0,0.0,0.0,0.0,0.0,0.0,0.0,726.4,1080.0,19068.2,2402.4,13615.6,9274.3,17028.9,5584.3,22595.5,6823.0,10343.7,2448.4,2625.2,2894.5,2931.7,4216.3,3250.1,4850.9,865.5,5749.4,26366.0,7656.9,13293.1,16559.0,11182.6,33515.7,5150.1,11559.7,4943.8,1635.2,2205.0,5132.0,3405.0,673.5,1152.2,563.7,661.7,3979.2,1356.2,3961.2,31085.9,79688.2,13099.7,10787.9,2421.4,1503.1,664.3,1689.4,630.9,202.8,844.7,344.4,563.1,1881.9,24737.0,1060.8,194.2,1069.5,4752.1,1780.6,1656.0,370.2,3531.0,432.2,1499.7,3716.4,1008.8,3683.6,3193.6,9577.4,294894.4,73500.3,12404.8,2567.7,647.8,4373.6,2146.4,5002.9,1395.5,11818.3,1605.2,12754.9,1935.6,3651.7,5695.4,2211.1,4948.0,1129.2,2474.8,1072.8,2503.4,563.2,1983.9,708.3,277.0,784.5,292.0,713.2,566.0,3633.4,1738.4,1168.3,1266.0,4076.2,1598.9,1369.1,661.4,2082.7,605.3,2010.0,11318.5,826.5,1186.3,320.8,1144.6,63.7,218.4,317.1,138.9,332.1,369.9,356.2,89.8,0.0,0.0,0.0,0.0,0.0,0.0,0.0,0.0,0.0,0.0,0.0,0.0,0.0,0.0,0.0,0.0,0.0,0.0,0.0,0.0,0.0,0.0,0.0,0.0,0.0,0.0,0.0,0.0,0.0,0.0,0.0,0.0,0.0,0.0,0.0,0.0,0.0,0.0,0.0,0.0,0.0,0.0,0.0,0.0,0.0,0.0,0.0,0.0,0.0,0.0,0.0,0.0,0.0,0.0,0.0,0.0,0.0,0.0,0.0,0.0,0.0,0.0,0.0,0.0,0.0,0.0,0.0,0.0,0.0,0.0,0.0,0.0,0.0
0.0,0.0,0.0,0.0,0.0,0.0,0.0,0.0,0.0,0.0,0.0,0.0,0.0,0.0,0.0,0.0,0.0,0.0,0.0,0.0,0.0,0.0,0.0,0.0,0.0,0.0,0.0,0.0,0.0,0.0,0.0,0.0,0.0,0.0,0.0,0.0,0.0,0.0,0.0,0.0,0.0,0.0,0.0,0.0,0.0,0.0,0.0,0.0,0.0,0.0,0.0,0.0,0.0,0.0,0.0,0.0,0.0,0.0,0.0,0.0,0.0,8.2,211.8,4703.4,2614.3,16314.3,98019.2,198633.9,8686.1,43695.9,12430.2,4197.9,1865.6,2704.9,7278.3,1413.2,1361.7,2079.8,16139.8,1977.4,17231.6,8234.0,7670.5,14083.9,6628.0,5466.5,14455.6,2401.8,3163.4,1929.6,720.1,2495.6,1924.7,314.7,592.0,7223.7,16707.2,1369.2,7062.1,13418.6,8516.1,50107.3,376074.1,103303.8,18235.1,5873.9,40759.8,4971.3,1130.4,825.0,2939.1,659.4,462.4,515.1,487.4,2130.4,3715.9,2259.4,5041.8,12040.2,1668.7,1403.2,1167.4,3495.7,920.4,1375.3,4333.6,1188.6,9099.3,4656.3,33791.4,346530.2,72264.9,5545.7,1669.5,727.4,659.2,1058.6,1449.0,2262.2,2758.0,9052.9,7330.1,2140.8,1850.3,2393.7,1035.5,1235.1,1301.9,1772.0,2816.6,891.6,2365.9,939.2,1582.8,393.6,6006.6,978.4,901.6,1741.6,8190.3,6790.1,4592.4,4161.4,4411.9,1047.9,2812.3,559.4,2308.2,811.5,745.3,1196.9,215.6,162.2,287.0,1026.0,495.7,251.7,67.2,80.5,22.3,184.7,756.2,162.0,0.0,0.0,0.0,0.0,0.0,0.0,0.0,0.0,0.0,0.0,0.0,0.0,0.0,0.0,0.0,0.0,0.0,0.0,0.0,0.0,0.0,0.0,0.0,0.0,0.0,0.0,0.0,0.0,0.0,0.0,0.0,0.0,0.0,0.0,0.0,0.0,0.0,0.0,0.0,0.0,0.0,0.0,0.0,0.0,0.0,0.0,0.0,0.0,0.0,0.0,0.0,0.0,0.0,0.0,0.0,0.0,0.0,0.0,0.0,0.0,0.0,0.0,0.0,0.0,0.0,0.0,0.0,0.0,0.0,0.0,0.0,0.0,0.0
0.0,0.0,0.0,0.0,0.0,0.0,0.0,0.0,0.0,0.0,0.0,0.0,0.0,0.0,0.0,0.0,0.0,0.0,0.0,0.0,0.0,0.0,0.0,0.0,0.0,0.0,0.0,0.0,0.0,0.0,0.0,0.0,0.0,0.0,0.0,0.0,0.0,0.0,0.0,0.0,0.0,0.0,0.0,0.0,0.0,0.0,0.0,0.0,0.0,0.0,0.0,0.0,0.0,0.0,0.0,0.0,0.0,0.0,0.0,0.0,0.0,0.1,1505.6,25831.9,11763.5,5170.2,419180.2,682012.3,507600.6,213885.6,60836.8,44955.4,33204.4,4195.1,6103.6,1031.7,1153.7,4160.8,26871.1,2869.8,3751.9,8316.9,10480.6,10202.4,7847.5,12438.2,14426.4,3756.9,11353.2,7036.7,1347.8,2455.9,4333.2,314.8,265.5,6031.9,6262.7,3490.1,9028.0,2730.4,4061.8,27418.0,66402.1,54242.3,17320.5,5196.5,2326.1,9808.8,16423.4,4939.4,3148.9,952.9,1609.4,852.5,3652.2,1505.4,2815.5,3808.8,21530.0,141198.4,4399.2,5903.2,1275.0,1267.5,4557.3,892.0,679.3,1307.1,2954.3,2116.2,11201.9,23172.5,6450.9,3127.0,2452.8,1697.6,2397.8,1775.9,1891.9,1174.4,2303.4,1771.0,3728.8,1393.8,3989.1,12280.5,2387.1,3171.1,3359.6,980.8,14740.0,2255.9,6763.6,1692.4,520.9,460.0,1648.9,957.8,1413.4,2453.2,2762.5,2503.6,2789.8,6588.5,12088.5,2003.8,1457.2,461.3,2602.2,596.2,810.9,657.4,279.1,197.1,395.0,1218.2,3112.1,523.5,30.6,17.6,24.1,241.8,113.2,25.8,0.0,0.0,0.0,0.0,0.0,0.0,0.0,0.0,0.0,0.0,0.0,0.0,0.0,0.0,0.0,0.0,0.0,0.0,0.0,0.0,0.0,0.0,0.0,0.0,0.0,0.0,0.0,0.0,0.0,0.0,0.0,0.0,0.0,0.0,0.0,0.0,0.0,0.0,0.0,0.0,0.0,0.0,0.0,0.0,0.0,0.0,0.0,0.0,0.0,0.0,0.0,0.0,0.0,0.0,0.0,0.0,0.0,0.0,0.0,0.0,0.0,0.0,0.0,0.0,0.0,0.0,0.0,0.0,0.0,0.0,0.0,0.0,0.0
0.0,0.0,0.0,0.0,0.0,0.0,0.0,0.0,0.0,0.0,0.0,0.0,0.0,0.0,0.0,0.0,0.0,0.0,0.0,0.0,0.0,0.0,0.0,0.0,0.0,0.0,0.0,0.0,0.0,0.0,0.0,0.0,0.0,0.0,0.0,0.0,0.0,0.0,0.0,0.0,0.0,0.0,0.0,0.0,0.0,0.0,0.0,0.0,0.0,0.0,0.0,0.0,0.0,0.0,0.0,0.0,0.0,0.0,0.0,0.0,0.0,0.0,201.4,80708.7,35724.0,18245.7,474667.8,922320.9,571424.0,411133.3,145809.1,41844.6,16462.9,13624.3,5492.9,2050.8,9774.3,5432.5,1367.9,2710.2,21930.7,34559.2,27670.1,12211.7,8561.2,5892.5,2896.2,979.6,14464.0,11664.1,3576.1,7068.3,732.6,230.4,1327.7,2037.4,951.8,3934.2,5227.1,6696.2,37232.9,15644.0,6002.9,7713.4,12444.4,1842.3,446.7,553.8,1816.4,1900.8,1380.1,10588.2,9128.0,1163.4,837.0,1452.2,3516.8,3026.8,4380.0,10081.7,4899.7,1831.5,3067.4,4271.6,986.2,726.5,2056.5,2223.7,6232.5,836.5,1953.3,2233.7,5090.9,2955.9,1879.3,1744.2,9168.1,849.4,4380.5,741.9,6782.8,1255.1,2151.0,569.5,1712.2,3182.6,633.2,1251.5,1319.6,721.1,1070.8,1322.9,4101.8,731.9,855.7,3424.9,2526.2,4658.4,12855.0,3535.1,1247.5,3219.9,6360.2,1630.5,1619.3,843.9,653.1,1095.5,3227.8,1774.2,63.8,68.0,391.5,64.8,199.1,558.0,1433.0,234.3,5.0,0.0,42.0,74.9,54.5,12.0,0.0,0.0,0.0,0.0,0.0,0.0,0.0,0.0,0.0,0.0,0.0,0.0,0.0,0.0,0.0,0.0,0.0,0.0,0.0,0.0,0.0,0.0,0.0,0.0,0.0,0.0,0.0,0.0,0.0,0.0,0.0,0.0,0.0,0.0,0.0,0.0,0.0,0.0,0.0,0.0,0.0,0.0,0.0,0.0,0.0,0.0,0.0,0.0,0.0,0.0,0.0,0.0,0.0,0.0,0.0,0.0,0.0,0.0,0.0,0.0,0.0,0.0,0.0,0.0,0.0,0.0,0.0,0.0,0.0,0.0,0.0,0.0,0.0
0.0,0.0,0.0,0.0,0.0,0.0,0.0,0.0,0.0,0.0,0.0,0.0,0.0,0.0,0.0,0.0,0.0,0.0,0.0,0.0,0.0,0.0,0.0,0.0,0.0,0.0,0.0,0.0,0.0,0.0,0.0,0.0,0.0,0.0,0.0,0.0,0.0,0.0,0.0,0.0,0.0,0.0,0.0,0.0,0.0,0.0,0.0,0.0,0.0,0.0,0.0,0.0,0.0,0.0,0.0,0.0,0.0,0.0,0.0,0.0,0.0,0.0,0.0,1053.9,1776.8,67603.1,443677.5,531899.8,299253.5,147442.8,45069.2,8613.2,4833.4,6931.6,3622.9,999.2,1495.0,1057.8,8906.8,23005.7,16707.7,128882.8,20637.9,9869.9,4329.2,11217.7,5798.8,1207.8,3476.9,1106.5,554.3,2395.0,307.9,480.6,1546.3,2671.9,2816.0,2233.7,4941.2,5035.7,11378.9,14976.8,6259.7,21023.3,5469.0,7949.2,807.7,436.5,2368.2,11318.2,2483.5,1207.5,1715.9,745.8,4215.1,2754.5,15220.4,8103.1,98999.7,5651.8,3659.3,2258.8,7143.9,2059.4,1607.8,1574.6,249.4,646.9,919.4,1476.7,5909.6,1936.0,1760.9,4696.5,1048.9,1576.6,2253.9,1720.2,1853.7,13956.5,1044.0,2020.5,12249.2,5293.3,3779.0,2488.5,2522.5,1106.4,1827.1,1456.0,1316.8,1078.6,3777.6,2290.1,2298.6,966.2,1279.0,2102.4,15658.1,3693.7,2056.4,5876.5,2407.7,1475.1,2023.6,1217.6,337.6,810.0,2109.3,666.3,348.5,3.3,53.9,14.9,4.4,708.8,3390.5,209.4,15.8,1.3,83.6,519.3,40.1,5.5,0.0,0.0,0.0,0.0,0.0,0.0,0.0,0.0,0.0,0.0,0.0,0.0,0.0,0.0,0.0,0.0,0.0,0.0,0.0,0.0,0.0,0.0,0.0,0.0,0.0,0.0,0.0,0.0,0.0,0.0,0.0,0.0,0.0,0.0,0.0,0.0,0.0,0.0,0.0,0.0,0.0,0.0,0.0,0.0,0.0,0.0,0.0,0.0,0.0,0.0,0.0,0.0,0.0,0.0,0.0,0.0,0.0,0.0,0.0,0.0,0.0,0.0,0.0,0.0,0.0,0.0,0.0,0.0,0.0,0.0,0.0,0.0,0.0
0.0,0.0,0.0,0.0,0.0,0.0,0.0,0.0,0.0,0.0,0.0,0.0,0.0,0.0,0.0,0.0,0.0,0.0,0.0,0.0,0.0,0.0,0.0,0.0,0.0,0.0,0.0,0.0,0.0,0.0,0.0,0.0,0.0,0.0,0.0,0.0,0.0,0.0,0.0,0.0,0.0,0.0,0.0,0.0,0.0,0.0,0.0,0.0,0.0,0.0,0.0,0.0,0.0,0.0,0.0,0.0,0.0,0.0,0.0,0.0,0.0,0.0,0.0,35.8,4945.6,100607.0,207275.6,165094.3,45045.7,23075.0,21457.3,12730.1,25605.6,8550.9,1547.8,1948.5,1524.1,5034.6,2738.8,4145.4,8637.1,14983.7,26487.8,17137.7,5373.9,14872.0,27696.4,2066.3,4390.7,729.6,2503.0,4410.7,91.7,796.9,1873.7,2802.0,1746.3,2526.2,4855.9,7270.0,5335.6,32260.5,4277.4,4596.4,9337.8,6798.4,4378.3,9117.3,2970.6,1453.5,700.4,984.2,1466.9,1043.3,793.1,7540.5,8195.0,31067.6,24430.5,31667.5,54433.5,4862.5,8308.5,6435.2,1720.4,1197.9,10054.1,2143.6,6731.2,1962.0,1269.8,961.5,8542.5,2262.6,2734.5,2785.0,3250.0,3312.7,2851.1,1708.9,1624.9,746.7,1945.7,1598.7,7318.8,3733.5,4174.5,2750.1,3255.3,1299.6,7096.7,686.2,5076.6,16951.4,12532.8,5240.6,1906.4,7072.5,3200.7,2206.3,3438.9,3180.6,1651.1,3231.0,8386.5,2595.7,1038.1,14716.5,7543.4,1019.0,4457.3,868.0,0.0,0.0,6.9,759.3,472.3,0.0,23.3,174.4,128.5,312.5,54.2,1.7,0.0,0.0,0.0,0.0,0.0,0.0,0.0,0.0,0.0,0.0,0.0,0.0,0.0,0.0,0.0,0.0,0.0,0.0,0.0,0.0,0.0,0.0,0.0,0.0,0.0,0.0,0.0,0.0,0.0,0.0,0.0,0.0,0.0,0.0,0.0,0.0,0.0,0.0,0.0,0.0,0.0,0.0,0.0,0.0,0.0,0.0,0.0,0.0,0.0,0.0,0.0,0.0,0.0,0.0,0.0,0.0,0.0,0.0,0.0,0.0,0.0,0.0,0.0,0.0,0.0,0.0,0.0,0.0,0.0,0.0,0.0,0.0,0.0
0.0,0.0,0.0,0.0,0.0,0.0,0.0,0.0,0.0,0.0,0.0,0.0,0.0,0.0,0.0,0.0,0.0,0.0,0.0,0.0,0.0,0.0,0.0,0.0,0.0,0.0,0.0,0.0,0.0,0.0,0.0,0.0,0.0,0.0,0.0,0.0,0.0,0.0,0.0,0.0,0.0,0.0,0.0,0.0,0.0,0.0,0.0,0.0,0.0,0.0,0.0,0.0,0.0,0.0,0.0,0.0,0.0,0.0,0.0,0.0,0.0,0.0,0.0,0.0,29869.9,21297.0,1036.0,13938.9,16084.6,15087.0,2782.4,4901.8,5840.0,1551.0,4729.3,15872.4,55994.9,16121.2,4941.0,3040.2,24187.0,10949.7,111273.3,12511.4,6051.3,9416.8,5778.2,670.0,2075.3,651.0,10246.0,7071.5,443.1,564.6,865.9,1482.8,3380.7,5356.7,9348.4,9313.7,2768.6,5189.0,2078.5,6100.7,7588.9,17074.3,6831.2,14237.0,7276.6,20582.6,15318.6,1382.7,10234.3,1498.8,3275.0,4010.1,12361.3,18445.8,353350.6,167681.4,36147.4,4945.8,6932.6,83789.5,8046.6,1660.2,8360.0,1519.3,1994.4,440.7,2089.5,1179.2,1600.2,922.8,387.0,2187.1,10905.4,2240.8,849.0,1581.0,3063.9,896.5,4165.5,1751.3,7369.7,2156.4,1784.9,4466.4,1062.3,4557.9,1937.8,1703.7,1355.7,1188.8,3757.6,6290.8,2876.2,8258.2,3487.2,5879.5,1906.0,6171.8,754.4,457.3,1376.4,3037.2,2575.7,10758.5,5129.1,1177.1,461.0,209.4,0.4,7.0,96.8,961.2,162.0,0.7,17.1,16.1,5.3,508.9,194.7,43.7,0.0,0.0,0.0,0.0,0.0,0.0,0.0,0.0,0.0,0.0,0.0,0.0,0.0,0.0,0.0,0.0,0.0,0.0,0.0,0.0,0.0,0.0,0.0,0.0,0.0,0.0,0.0,0.0,0.0,0.0,0.0,0.0,0.0,0.0,0.0,0.0,0.0,0.0,0.0,0.0,0.0,0.0,0.0,0.0,0.0,0.0,0.0,0.0,0.0,0.0,0.0,0.0,0.0,0.0,0.0,0.0,0.0,0.0,0.0,0.0,0.0,0.0,0.0,0.0,0.0,0.0,0.0,0.0,0.0,0.0,0.0,0.0,0.0
0.0,0.0,0.0,0.0,0.0,0.0,0.0,0.0,0.0,0.0,0.0,0.0,0.0,0.0,0.0,0.0,0.0,0.0,0.0,0.0,0.0,0.0,0.0,0.0,0.0,0.0,0.0,0.0,0.0,0.0,0.0,0.0,0.0,0.0,0.0,0.0,0.0,0.0,0.0,0.0,0.0,0.0,0.0,0.0,0.0,0.0,0.0,0.0,0.0,0.0,0.0,0.0,0.0,0.0,0.0,0.0,0.0,0.0,0.0,0.0,0.0,0.0,0.0,0.0,0.0,455.6,838.3,1944.4,2021.4,3727.3,2113.3,1172.8,816.9,1331.1,898.8,7449.5,6613.4,34687.2,7063.1,2043.0,2732.1,7006.1,14794.4,4624.4,4377.8,5262.4,1533.8,6106.7,5361.3,906.5,1485.6,1151.3,21.8,1136.5,390.1,5795.3,11670.8,11089.0,17006.1,4697.0,3363.4,13374.3,8527.6,34911.0,11358.5,5463.9,7743.9,14059.6,88710.8,2240.6,3198.3,1956.9,1731.1,1279.1,1434.2,3603.0,6370.8,66972.2,276332.5,439894.5,167871.3,13216.7,6140.7,3869.8,2383.6,1950.5,1131.1,1196.7,604.8,2310.6,1003.4,1299.7,3142.2,1671.3,2473.8,1264.1,1552.5,785.7,4045.1,645.8,1399.2,1279.7,971.2,1010.3,1869.0,11644.5,1781.5,3338.0,1511.0,14542.0,1548.3,1981.8,10359.6,5820.6,6647.9,12596.3,11225.7,7999.5,4042.6,4964.3,1597.8,3999.1,1020.8,3652.7,2364.9,3182.0,469.1,2647.6,598.3,2029.5,843.1,156.8,46.9,15.0,119.0,2317.6,162.3,25.2,1.5,7.6,2.1,11517.5,2079.3,68.8,0.0,0.0,0.0,0.0,0.0,0.0,0.0,0.0,0.0,0.0,0.0,0.0,0.0,0.0,0.0,0.0,0.0,0.0,0.0,0.0,0.0,0.0,0.0,0.0,0.0,0.0,0.0,0.0,0.0,0.0,0.0,0.0,0.0,0.0,0.0,0.0,0.0,0.0,0.0,0.0,0.0,0.0,0.0,0.0,0.0,0.0,0.0,0.0,0.0,0.0,0.0,0.0,0.0,0.0,0.0,0.0,0.0,0.0,0.0,0.0,0.0,0.0,0.0,0.0,0.0,0.0,0.0,0.0,0.0,0.0,0.0,0.0,0.0
0.0,0.0,0.0,0.0,0.0,0.0,0.0,0.0,0.0,0.0,0.0,0.0,0.0,0.0,0.0,0.0,0.0,0.0,0.0,0.0,0.0,0.0,0.0,0.0,0.0,0.0,0.0,0.0,0.0,0.0,0.0,0.0,0.0,0.0,0.0,0.0,0.0,0.0,0.0,0.0,0.0,0.0,0.0,0.0,0.0,0.0,0.0,0.0,0.0,0.0,0.0,0.0,0.0,0.0,0.0,0.0,0.0,0.0,0.0,0.0,0.0,0.0,0.0,0.0,0.0,0.0,507.7,7984.6,3810.1,11299.0,4773.0,5355.4,5092.0,8034.8,1198.7,3351.6,2325.8,2446.5,2458.2,4178.7,13353.8,3024.9,17123.0,16083.1,4265.4,4561.3,1740.1,7252.9,8292.3,2901.0,4000.6,11012.5,2551.4,3601.1,4068.1,619.9,3563.9,16362.5,125801.4,31573.5,1939.8,17344.5,33556.9,22580.1,81159.7,7826.2,20129.8,14071.3,40503.3,3093.1,6622.3,2958.8,12992.7,2293.2,5729.8,5945.9,15187.9,20919.3,99256.4,136738.5,37263.0,11809.9,4302.0,14079.8,758.8,1650.7,1184.5,935.0,2563.2,992.5,10159.5,1055.1,1379.1,6154.6,3490.1,1540.8,5191.8,2307.9,20647.7,1988.1,6502.9,919.4,6755.2,1365.2,1388.1,1324.3,1860.5,2546.4,4643.4,3445.9,5164.6,2538.5,11786.7,9547.2,4542.9,6241.8,80265.4,17045.3,4427.7,9937.9,3398.3,33885.4,11524.6,4098.9,1180.9,1264.8,526.5,341.4,276.5,217.2,565.8,13.4,0.0,4.4,106.6,485.1,95.9,434.2,28.8,32.7,10.1,590.0,158.0,11.4,0.0,0.0,0.0,0.0,0.0,0.0,0.0,0.0,0.0,0.0,0.0,0.0,0.0,0.0,0.0,0.0,0.0,0.0,0.0,0.0,0.0,0.0,0.0,0.0,0.0,0.0,0.0,0.0,0.0,0.0,0.0,0.0,0.0,0.0,0.0,0.0,0.0,0.0,0.0,0.0,0.0,0.0,0.0,0.0,0.0,0.0,0.0,0.0,0.0,0.0,0.0,0.0,0.0,0.0,0.0,0.0,0.0,0.0,0.0,0.0,0.0,0.0,0.0,0.0,0.0,0.0,0.0,0.0,0.0,0.0,0.0,0.0,0.0
0.0,0.0,0.0,0.0,0.0,0.0,0.0,0.0,0.0,0.0,0.0,0.0,0.0,0.0,0.0,0.0,0.0,0.0,0.0,0.0,0.0,0.0,0.0,0.0,0.0,0.0,0.0,0.0,0.0,0.0,0.0,0.0,0.0,0.0,0.0,0.0,0.0,0.0,0.0,0.0,0.0,0.0,0.0,0.0,0.0,0.0,0.0,0.0,0.0,0.0,0.0,0.0,0.0,0.0,0.0,0.0,0.0,0.0,0.0,0.0,0.0,0.0,0.0,0.0,0.0,0.0,0.0,191.8,15906.3,120509.4,32450.6,10446.6,2380.5,3219.7,3019.8,1097.6,1310.1,4461.8,9546.4,5053.9,1781.8,3148.3,7247.5,3291.4,1493.0,5681.9,9967.8,46987.5,20941.2,5809.5,2385.4,2372.7,573.7,1334.3,8310.2,5997.9,3803.4,8359.4,9699.9,11895.2,2919.2,11546.9,119809.4,143418.2,77219.4,2728.4,4731.6,4316.4,5942.9,1611.9,1303.6,1876.9,5931.0,1277.1,1946.7,2211.8,4606.2,8189.0,17575.7,19463.0,12581.5,6046.7,2930.0,6527.1,2039.4,1099.9,4534.6,936.4,974.7,1020.8,900.2,1453.8,7796.1,14934.9,5389.1,12622.3,3460.8,1580.5,8617.6,1910.8,1420.8,963.6,977.5,1144.1,2559.1,4033.1,2003.6,5052.2,66365.8,15313.0,2127.2,5603.3,15874.0,13834.3,16218.3,12530.9,49743.0,4245.0,2174.3,3024.6,2133.3,4267.9,7931.0,3125.3,899.5,1192.6,348.9,1052.8,639.6,297.6,114.8,7.9,4.2,32.1,560.5,395.1,55.5,134.7,421.0,856.6,7.8,34.4,28.7,9.9,0.0,0.0,0.0,0.0,0.0,0.0,0.0,0.0,0.0,0.0,0.0,0.0,0.0,0.0,0.0,0.0,0.0,0.0,0.0,0.0,0.0,0.0,0.0,0.0,0.0,0.0,0.0,0.0,0.0,0.0,0.0,0.0,0.0,0.0,0.0,0.0,0.0,0.0,0.0,0.0,0.0,0.0,0.0,0.0,0.0,0.0,0.0,0.0,0.0,0.0,0.0,0.0,0.0,0.0,0.0,0.0,0.0,0.0,0.0,0.0,0.0,0.0,0.0,0.0,0.0,0.0,0.0,0.0,0.0,0.0,0.0,0.0,0.0
0.0,0.0,0.0,0.0,0.0,0.0,0.0,0.0,0.0,0.0,0.0,0.0,0.0,0.0,0.0,0.0,0.0,0.0,0.0,0.0,0.0,0.0,0.0,0.0,0.0,0.0,0.0,0.0,0.0,0.0,0.0,0.0,0.0,0.0,0.0,0.0,0.0,0.0,0.0,0.0,0.0,0.0,0.0,0.0,0.0,0.0,0.0,0.0,0.0,0.0,0.0,0.0,0.0,0.0,0.0,0.0,0.0,0.0,0.0,0.0,0.0,0.0,0.0,0.0,0.0,0.0,0.0,387.2,102467.8,35759.8,6710.0,7021.0,6596.1,6588.8,7299.3,2438.3,3649.0,1523.2,1936.3,4364.0,3467.0,12562.3,29963.0,18422.1,6317.0,2106.0,4542.7,29777.7,9939.2,2310.3,9304.4,1283.7,1223.2,414.3,881.6,823.8,660.9,7902.1,4486.8,7094.5,546.0,2801.8,6172.5,5034.8,8536.9,9155.4,5500.1,16871.0,10987.0,3168.9,2018.8,4382.4,2205.3,1247.8,1819.9,10552.7,1868.9,6297.9,6094.8,8358.8,2317.5,915.4,2003.8,1994.0,2013.4,836.8,1023.7,1088.7,5671.3,1133.2,6934.9,4209.9,4843.7,165984.2,27659.0,7171.0,15199.2,2101.0,8828.8,3626.4,3037.5,1017.3,2574.4,1372.1,947.9,3151.8,1704.2,2798.6,10408.2,6682.8,7169.3,13548.8,33897.8,37845.9,55692.0,47020.0,6050.3,7977.8,2276.3,1688.4,2749.9,2843.6,4512.0,533.4,299.1,349.9,2157.1,3209.2,1032.8,911.5,114.9,13.7,258.2,165.0,1760.7,418.0,66.7,25.3,5.0,148.0,0.5,8.4,88.1,10.0,0.0,0.0,0.0,0.0,0.0,0.0,0.0,0.0,0.0,0.0,0.0,0.0,0.0,0.0,0.0,0.0,0.0,0.0,0.0,0.0,0.0,0.0,0.0,0.0,0.0,0.0,0.0,0.0,0.0,0.0,0.0,0.0,0.0,0.0,0.0,0.0,0.0,0.0,0.0,0.0,0.0,0.0,0.0,0.0,0.0,0.0,0.0,0.0,0.0,0.0,0.0,0.0,0.0,0.0,0.0,0.0,0.0,0.0,0.0,0.0,0.0,0.0,0.0,0.0,0.0,0.0,0.0,0.0,0.0,0.0,0.0,0.0,0.0
0.0,0.0,0.0,0.0,0.0,0.0,0.0,0.0,0.0,0.0,0.0,0.0,0.0,0.0,0.0,0.0,0.0,0.0,0.0,0.0,0.0,0.0,0.0,0.0,0.0,0.0,0.0,0.0,0.0,0.0,0.0,0.0,0.0,0.0,0.0,0.0,0.0,0.0,0.0,0.0,0.0,0.0,0.0,0.0,0.0,0.0,0.0,0.0,0.0,0.0,0.0,0.0,0.0,0.0,0.0,0.0,0.0,0.0,0.0,0.0,0.0,0.0,0.0,0.0,0.0,0.0,0.0,128.7,12.1,33541.3,6283.4,917.5,2445.5,3990.4,1314.5,1835.6,2820.4,7242.8,2526.3,1373.6,10286.1,15964.7,217677.0,60124.7,4529.4,1050.8,1213.8,1064.2,1887.3,9555.5,1371.0,2880.2,2351.6,1985.1,2830.6,403.8,501.8,1405.4,10390.0,3098.8,328.9,1841.6,6469.5,2581.0,15104.2,6600.8,2774.9,17778.8,7801.3,5140.5,1997.8,2917.0,4287.4,2903.5,2357.8,3339.4,2473.3,30313.4,4844.0,7329.3,2931.0,986.2,1225.3,11998.8,5735.7,3215.4,2161.9,1161.9,717.0,724.5,1021.0,2136.7,21070.3,266813.8,68615.7,12857.1,68275.3,7139.9,1394.2,1054.7,3411.5,1517.9,4502.2,5740.8,3454.7,2219.5,2569.1,7269.2,7953.2,1945.0,22451.8,43443.6,204330.3,175231.2,80181.7,51308.3,24179.9,8933.6,3351.3,2426.3,2460.9,1377.5,1555.8,817.3,133.0,1916.2,20328.0,3844.0,533.8,312.3,263.1,0.0,98.7,956.1,14681.6,516.9,199.1,1.3,0.0,0.0,0.4,7.2,509.2,46.1,0.0,0.0,0.0,0.0,0.0,0.0,0.0,0.0,0.0,0.0,0.0,0.0,0.0,0.0,0.0,0.0,0.0,0.0,0.0,0.0,0.0,0.0,0.0,0.0,0.0,0.0,0.0,0.0,0.0,0.0,0.0,0.0,0.0,0.0,0.0,0.0,0.0,0.0,0.0,0.0,0.0,0.0,0.0,0.0,0.0,0.0,0.0,0.0,0.0,0.0,0.0,0.0,0.0,0.0,0.0,0.0,0.0,0.0,0.0,0.0,0.0,0.0,0.0,0.0,0.0,0.0,0.0,0.0,0.0,0.0,0.0,0.0,0.0
0.0,0.0,0.0,0.0,0.0,0.0,0.0,0.0,0.0,0.0,0.0,0.0,0.0,0.0,0.0,0.0,0.0,0.0,0.0,0.0,0.0,0.0,0.0,0.0,0.0,0.0,0.0,0.0,0.0,0.0,0.0,0.0,0.0,0.0,0.0,0.0,0.0,0.0,0.0,0.0,0.0,0.0,0.0,0.0,0.0,0.0,0.0,0.0,0.0,0.0,0.0,0.0,0.0,0.0,0.0,0.0,0.0,0.0,0.0,0.0,0.0,0.0,0.0,0.0,0.0,0.0,0.0,43.8,45.0,5843.6,3027.4,7245.2,1251.4,2677.9,1399.9,1626.4,2648.6,7246.3,2515.9,949.8,1287.0,1783.8,13486.8,13133.1,3165.2,9084.5,1774.4,3838.9,1438.1,8280.8,1621.6,1400.8,6105.0,1704.9,1056.6,319.4,3945.8,2939.2,9404.9,14837.3,701.9,572.0,1464.6,4058.8,5771.2,16172.3,8649.2,11670.8,77986.4,14172.6,5836.5,17289.4,6359.4,1467.2,7545.3,4625.2,5984.4,5923.0,3126.1,1072.8,3013.8,1363.0,1216.9,1487.1,1199.9,953.3,654.9,509.7,2793.7,1478.0,5740.8,2699.2,5462.3,31376.4,8907.5,3454.5,8964.0,2204.4,761.2,6515.2,3331.2,2394.8,16666.5,2130.1,3040.4,20807.3,3709.7,11058.6,16766.9,31977.7,12579.3,126053.8,312422.1,698797.3,280667.0,32686.8,27344.8,6074.5,9377.0,2443.9,707.5,198.7,1166.1,1953.4,218.6,644.9,1816.7,4008.7,754.0,197.7,102.9,24.1,0.7,306.4,2665.7,232.1,0.0,0.0,0.0,0.0,0.6,258.1,341.2,4.4,0.0,0.0,0.0,0.0,0.0,0.0,0.0,0.0,0.0,0.0,0.0,0.0,0.0,0.0,0.0,0.0,0.0,0.0,0.0,0.0,0.0,0.0,0.0,0.0,0.0,0.0,0.0,0.0,0.0,0.0,0.0,0.0,0.0,0.0,0.0,0.0,0.0,0.0,0.0,0.0,0.0,0.0,0.0,0.0,0.0,0.0,0.0,0.0,0.0,0.0,0.0,0.0,0.0,0.0,0.0,0.0,0.0,0.0,0.0,0.0,0.0,0.0,0.0,0.0,0.0,0.0,0.0,0.0,0.0,0.0,0.0,0.0,0.0
0.0,0.0,0.0,0.0,0.0,0.0,0.0,0.0,0.0,0.0,0.0,0.0,0.0,0.0,0.0,0.0,0.0,0.0,0.0,0.0,0.0,0.0,0.0,0.0,0.0,0.0,0.0,0.0,0.0,0.0,0.0,0.0,0.0,0.0,0.0,0.0,0.0,0.0,0.0,0.0,0.0,0.0,0.0,0.0,0.0,0.0,0.0,0.0,0.0,0.0,0.0,0.0,0.0,0.0,0.0,0.0,0.0,0.0,0.0,0.0,0.0,0.0,0.0,0.0,0.0,0.0,0.0,317.5,921.8,51736.1,57166.1,4437.0,3409.4,19424.4,16056.2,17545.3,2235.7,1580.5,3407.5,2728.9,5749.9,3154.9,4987.9,18439.9,926.9,1845.1,13211.7,5550.4,1178.5,1712.5,947.2,1000.5,4487.5,26246.3,3545.9,383.8,3390.0,10633.9,31480.3,1801.1,161.4,1592.7,3067.1,10925.8,3625.0,44006.4,12402.1,46554.3,221940.8,26196.6,7608.4,7025.4,4741.4,1430.9,3514.7,2541.1,4743.8,31324.6,1248.2,14441.8,2703.2,1556.4,770.5,5532.8,1285.2,3035.7,581.8,438.9,1593.3,749.2,1340.6,3241.5,11460.1,6381.5,21559.2,2439.7,3344.7,1950.3,3739.4,3201.1,3764.9,1636.3,20641.0,2855.8,1132.9,22797.7,4823.6,5193.0,6497.0,5318.0,27935.4,78604.8,213154.9,390736.4,95413.1,27052.5,20055.5,11273.1,9381.1,4096.1,1783.1,661.5,524.8,960.8,356.1,284.5,518.0,16031.3,4909.6,822.3,300.2,590.0,48.4,142.8,36.9,312.0,50.4,7.8,1.0,0.0,3.5,3283.6,1444.3,20.8,0.0,0.0,0.0,0.0,0.0,0.0,0.0,0.0,0.0,0.0,0.0,0.0,0.0,0.0,0.0,0.0,0.0,0.0,0.0,0.0,0.0,0.0,0.0,0.0,0.0,0.0,0.0,0.0,0.0,0.0,0.0,0.0,0.0,0.0,0.0,0.0,0.0,0.0,0.0,0.0,0.0,0.0,0.0,0.0,0.0,0.0,0.0,0.0,0.0,0.0,0.0,0.0,0.0,0.0,0.0,0.0,0.0,0.0,0.0,0.0,0.0,0.0,0.0,0.0,0.0,0.0,0.0,0.0,0.0,0.0,0.0,0.0,0.0
0.0,0.0,0.0,0.0,0.0,0.0,0.0,0.0,0.0,0.0,0.0,0.0,0.0,0.0,0.0,0.0,0.0,0.0,0.0,0.0,0.0,0.0,0.0,0.0,0.0,0.0,0.0,0.0,0.0,0.0,0.0,0.0,0.0,0.0,0.0,0.0,0.0,0.0,0.0,0.0,0.0,0.0,0.0,0.0,0.0,0.0,0.0,0.0,0.0,0.0,0.0,0.0,0.0,0.0,0.0,0.0,0.0,0.0,0.0,0.0,0.0,0.0,0.0,0.0,0.0,0.0,0.0,222.0,489.5,25983.4,42736.7,4093.2,2449.6,4107.7,1994.8,5415.7,360.6,1617.6,26396.0,3160.6,1818.2,1259.1,1009.4,3069.3,8239.7,2991.0,1238.3,1713.6,583.7,1281.8,3105.0,13461.2,5342.7,56486.1,17283.2,538.8,1313.1,8229.5,25114.3,2232.9,256.0,704.1,5020.6,18512.5,3842.0,9814.5,2717.8,4877.4,12365.1,16410.3,3746.3,3279.6,2839.3,2880.2,5447.0,6590.2,3020.2,2299.2,2642.7,984.1,1786.2,1153.4,1181.5,3454.0,565.4,505.2,1442.9,2954.4,7323.6,2851.1,4745.0,2817.8,13940.1,2405.8,2720.2,2717.5,31365.3,2215.2,4738.9,4327.8,2761.7,2293.9,2418.1,5335.5,3185.1,6178.4,4359.7,14389.9,3168.1,3182.0,8374.8,31983.4,71039.6,119793.1,21096.9,23763.4,4108.8,3323.9,2379.0,3485.9,4059.2,7777.1,2922.9,1173.9,1012.3,712.6,307.9,2444.1,2787.9,1019.8,1514.2,620.2,41.5,46.3,1.3,5.0,7.0,7.0,5.6,2.1,3.1,3655.8,816.9,6.7,0.0,0.0,0.0,0.0,0.0,0.0,0.0,0.0,0.0,0.0,0.0,0.0,0.0,0.0,0.0,0.0,0.0,0.0,0.0,0.0,0.0,0.0,0.0,0.0,0.0,0.0,0.0,0.0,0.0,0.0,0.0,0.0,0.0,0.0,0.0,0.0,0.0,0.0,0.0,0.0,0.0,0.0,0.0,0.0,0.0,0.0,0.0,0.0,0.0,0.0,0.0,0.0,0.0,0.0,0.0,0.0,0.0,0.0,0.0,0.0,0.0,0.0,0.0,0.0,0.0,0.0,0.0,0.0,0.0,0.0,0.0,0.0,0.0
0.0,0.0,0.0,0.0,0.0,0.0,0.0,0.0,0.0,0.0,0.0,0.0,0.0,0.0,0.0,0.0,0.0,0.0,0.0,0.0,0.0,0.0,0.0,0.0,0.0,0.0,0.0,0.0,0.0,0.0,0.0,0.0,0.0,0.0,0.0,0.0,0.0,0.0,0.0,0.0,0.0,0.0,0.0,0.0,0.0,0.0,0.0,0.0,0.0,0.0,0.0,0.0,0.0,0.0,0.0,0.0,0.0,0.0,0.0,0.0,0.0,0.0,0.0,0.0,0.0,0.0,0.0,192.9,16.2,2825.4,6555.0,5751.0,2197.6,2180.7,1882.1,2444.7,1540.6,1849.5,2954.8,2306.2,1126.8,1431.3,2565.5,4793.2,1411.9,1017.1,2163.7,3275.8,15768.3,1993.0,1070.0,500.2,14615.4,11207.6,6898.2,1093.3,5613.9,10313.5,3628.8,1035.0,942.4,1150.8,2194.6,4601.1,1775.0,1473.9,1236.6,3149.5,6879.1,6297.4,4505.6,23404.9,4143.8,22968.2,22343.3,4759.8,6116.2,2038.9,11410.7,5343.8,1825.5,2851.2,859.1,1304.9,901.4,9036.2,1458.3,817.7,1200.6,1101.7,2236.1,7906.7,9661.6,3671.1,11323.6,7604.6,2051.0,3486.4,2477.6,2485.8,5689.6,3098.0,9841.0,1826.0,2041.4,2927.8,2846.2,33417.2,15005.1,7784.4,18912.5,9434.7,25173.0,24019.4,27175.2,16405.4,7596.8,3866.6,842.1,979.7,415.7,902.6,3418.4,19140.4,2420.1,792.2,563.4,3415.7,16978.2,1374.7,707.6,93.9,146.1,3.1,4.8,334.2,7.7,6.8,6.7,3.9,158.1,122.6,35.7,2.1,0.0,0.0,0.0,0.0,0.0,0.0,0.0,0.0,0.0,0.0,0.0,0.0,0.0,0.0,0.0,0.0,0.0,0.0,0.0,0.0,0.0,0.0,0.0,0.0,0.0,0.0,0.0,0.0,0.0,0.0,0.0,0.0,0.0,0.0,0.0,0.0,0.0,0.0,0.0,0.0,0.0,0.0,0.0,0.0,0.0,0.0,0.0,0.0,0.0,0.0,0.0,0.0,0.0,0.0,0.0,0.0,0.0,0.0,0.0,0.0,0.0,0.0,0.0,0.0,0.0,0.0,0.0,0.0,0.0,0.0,0.0,0.0,0.0
0.0,0.0,0.0,0.0,0.0,0.0,0.0,0.0,0.0,0.0,0.0,0.0,0.0,0.0,0.0,0.0,0.0,0.0,0.0,0.0,0.0,0.0,0.0,0.0,0.0,0.0,0.0,0.0,0.0,0.0,0.0,0.0,0.0,0.0,0.0,0.0,0.0,0.0,0.0,0.0,0.0,0.0,0.0,0.0,0.0,0.0,0.0,0.0,0.0,0.0,0.0,0.0,0.0,0.0,0.0,0.0,0.0,0.0,0.0,0.0,0.0,0.0,0.0,0.0,0.0,0.0,0.0,32.5,109.7,5475.3,16911.6,5831.6,3677.6,9969.4,4113.4,5800.0,6260.1,5656.4,938.4,7239.9,1411.9,12023.2,27366.7,15527.6,3741.7,3161.2,24115.9,3273.1,939.9,1972.4,406.2,743.9,2781.7,12875.1,64279.8,12334.9,23684.9,31463.2,3783.2,3826.2,1829.6,3164.7,1860.7,9436.7,7792.6,2603.0,1981.7,5216.6,5202.4,3450.3,1813.8,4769.7,2976.0,3625.5,5725.3,10731.3,9748.6,3502.6,31744.8,4545.5,2745.7,20208.2,1636.4,8097.2,2633.8,14157.8,2376.0,2498.9,2247.4,5040.3,28307.5,1868.9,1703.5,2500.7,3547.8,1833.7,1609.3,3942.3,57446.8,57071.1,14235.2,1606.9,4846.2,1484.7,1717.3,4157.9,8992.0,98294.9,8373.7,1798.9,7695.1,3407.1,5886.4,14681.7,4476.7,10240.7,3745.0,2919.1,3723.2,1142.4,264.0,233.3,2205.2,27728.1,13312.6,1528.9,338.4,1747.0,5661.8,1175.2,1664.0,1.2,4.9,135.9,3.8,7.4,6.8,5.1,1.7,0.0,10.5,18.7,2.3,39.0,0.0,0.0,0.0,0.0,0.0,0.0,0.0,0.0,0.0,0.0,0.0,0.0,0.0,0.0,0.0,0.0,0.0,0.0,0.0,0.0,0.0,0.0,0.0,0.0,0.0,0.0,0.0,0.0,0.0,0.0,0.0,0.0,0.0,0.0,0.0,0.0,0.0,0.0,0.0,0.0,0.0,0.0,0.0,0.0,0.0,0.0,0.0,0.0,0.0,0.0,0.0,0.0,0.0,0.0,0.0,0.0,0.0,0.0,0.0,0.0,0.0,0.0,0.0,0.0,0.0,0.0,0.0,0.0,0.0,0.0,0.0,0.0,0.0
0.0,0.0,0.0,0.0,0.0,0.0,0.0,0.0,0.0,0.0,0.0,0.0,0.0,0.0,0.0,0.0,0.0,0.0,0.0,0.0,0.0,0.0,0.0,0.0,0.0,0.0,0.0,0.0,0.0,0.0,0.0,0.0,0.0,0.0,0.0,0.0,0.0,0.0,0.0,0.0,0.0,0.0,0.0,0.0,0.0,0.0,0.0,0.0,0.0,0.0,0.0,0.0,0.0,0.0,0.0,0.0,0.0,0.0,0.0,0.0,0.0,0.0,0.0,0.0,0.0,0.0,6.3,114.8,761.4,4925.4,16459.0,15890.3,6692.9,5307.5,3283.1,37819.6,62882.4,10438.4,1714.5,542.0,444.6,2268.2,6579.2,5713.4,9063.5,783.4,2311.7,320.6,2283.1,1034.6,5421.3,678.5,9286.0,9296.1,99961.6,203176.0,39222.9,44532.3,8011.7,8568.9,2677.0,2123.5,728.1,13769.1,19240.7,2407.0,1557.8,1205.8,8823.1,1711.8,1173.1,1337.8,22118.5,6814.0,2491.9,4091.1,52716.3,10328.7,117310.4,18964.8,9362.6,3169.2,877.4,1652.4,519.4,2106.6,601.5,2576.6,1468.0,1820.2,3504.9,2096.0,3490.4,1324.8,1552.9,4555.6,2177.9,4309.4,14584.5,4381.7,3874.6,4548.2,1520.1,2945.3,3271.2,3538.3,4965.7,9043.5,5785.6,3998.0,2753.6,2970.6,3334.6,7165.7,3023.5,4974.1,6016.1,1937.5,2512.3,797.5,213.1,238.2,3902.4,47400.6,56538.4,1776.5,75.5,36.2,65.8,1979.5,867.5,73.4,5.2,45.1,4.4,6.0,6.9,2.1,0.0,0.0,2.7,1.8,1.1,8.4,0.0,0.0,0.0,0.0,0.0,0.0,0.0,0.0,0.0,0.0,0.0,0.0,0.0,0.0,0.0,0.0,0.0,0.0,0.0,0.0,0.0,0.0,0.0,0.0,0.0,0.0,0.0,0.0,0.0,0.0,0.0,0.0,0.0,0.0,0.0,0.0,0.0,0.0,0.0,0.0,0.0,0.0,0.0,0.0,0.0,0.0,0.0,0.0,0.0,0.0,0.0,0.0,0.0,0.0,0.0,0.0,0.0,0.0,0.0,0.0,0.0,0.0,0.0,0.0,0.0,0.0,0.0,0.0,0.0,0.0,0.0,0.0,0.0
0.0,0.0,0.0,0.0,0.0,0.0,0.0,0.0,0.0,0.0,0.0,0.0,0.0,0.0,0.0,0.0,0.0,0.0,0.0,0.0,0.0,0.0,0.0,0.0,0.0,0.0,0.0,0.0,0.0,0.0,0.0,0.0,0.0,0.0,0.0,0.0,0.0,0.0,0.0,0.0,0.0,0.0,0.0,0.0,0.0,0.0,0.0,0.0,0.0,0.0,0.0,0.0,0.0,0.0,0.0,0.0,0.0,0.0,0.0,0.0,0.0,0.0,0.0,0.0,0.0,0.0,4.9,382.3,6531.4,11826.8,31167.4,13644.7,14926.3,3405.7,8872.8,6435.5,11529.0,1489.8,6291.7,4277.2,2366.8,2750.5,81151.0,19344.0,3181.9,1266.8,262.5,1334.9,2390.2,1326.1,2616.4,5208.3,25369.7,5611.2,6851.2,78652.4,43222.3,7992.1,5787.4,8882.1,2160.9,7502.7,1393.0,3606.4,1714.6,2583.6,2430.5,1457.2,5507.4,4246.3,2937.0,6527.6,27668.4,6490.0,1265.2,2826.0,22648.0,14857.0,19507.7,3048.4,2254.9,2274.5,2206.3,1225.1,1120.1,1503.9,1311.3,1006.0,2155.9,1391.0,13568.4,1382.9,2106.0,4000.9,5692.9,8647.5,9045.9,5382.4,8039.6,3948.5,7421.3,5333.1,3870.0,6570.4,2080.1,1472.8,1919.7,4804.0,3219.3,4577.8,1181.6,4617.1,23051.0,6186.8,2122.3,9643.3,13768.1,3528.2,6193.0,1966.6,1158.3,1935.5,4587.6,835.4,1391.8,5498.0,333.5,103.0,1.9,54.8,4510.6,40.9,3.2,4.6,4.7,2498.1,16.3,1.2,0.0,990.5,2.2,0.9,0.6,1.0,0.0,0.0,0.0,0.0,0.0,0.0,0.0,0.0,0.0,0.0,0.0,0.0,0.0,0.0,0.0,0.0,0.0,0.0,0.0,0.0,0.0,0.0,0.0,0.0,0.0,0.0,0.0,0.0,0.0,0.0,0.0,0.0,0.0,0.0,0.0,0.0,0.0,0.0,0.0,0.0,0.0,0.0,0.0,0.0,0.0,0.0,0.0,0.0,0.0,0.0,0.0,0.0,0.0,0.0,0.0,0.0,0.0,0.0,0.0,0.0,0.0,0.0,0.0,0.0,0.0,0.0,0.0,0.0,0.0,0.0,0.0,0.0,0.0
0.0,0.0,0.0,0.0,0.0,0.0,0.0,0.0,0.0,0.0,0.0,0.0,0.0,0.0,0.0,0.0,0.0,0.0,0.0,0.0,0.0,0.0,0.0,0.0,0.0,0.0,0.0,0.0,0.0,0.0,0.0,0.0,0.0,0.0,0.0,0.0,0.0,0.0,0.0,0.0,0.0,0.0,0.0,0.0,0.0,0.0,0.0,0.0,0.0,0.0,0.0,0.0,0.0,0.0,0.0,0.0,0.0,0.0,0.0,0.0,0.0,0.0,0.0,0.0,0.0,0.0,0.2,65.0,28937.4,77702.8,178016.1,32590.8,15544.2,2242.2,13126.6,10734.3,318.7,827.6,3554.1,995.6,4760.3,2024.0,26402.8,24706.2,16462.7,1144.8,10551.7,1322.2,5479.3,2781.6,6486.6,5566.1,30094.0,3457.0,3723.6,11354.7,50662.1,20030.4,6511.5,12180.7,3873.7,1781.2,3721.0,2816.0,3716.8,3322.5,21416.2,7010.7,1123.7,3666.2,7154.9,2314.2,4257.4,30601.5,4795.2,3337.3,4803.3,2775.5,3389.1,7909.7,7903.0,1494.8,3857.1,1365.7,1844.9,1323.4,894.1,2884.7,2274.5,1543.1,2052.5,5166.5,7946.1,7212.0,8550.6,35387.7,155249.8,7043.8,2952.7,1641.8,1154.8,2092.3,5055.6,6692.3,2244.7,2393.5,4550.3,9221.6,28266.0,2379.3,4651.4,4131.8,37536.0,5352.2,4262.3,6250.1,2773.8,2560.1,1721.4,5569.4,448.0,765.7,1373.9,761.3,0.0,1254.6,296.8,34.8,23.5,59.2,21.5,49.1,4.6,4.7,4.1,48.9,8.4,3.4,0.0,0.7,0.4,0.0,0.0,0.0,0.0,0.0,0.0,0.0,0.0,0.0,0.0,0.0,0.0,0.0,0.0,0.0,0.0,0.0,0.0,0.0,0.0,0.0,0.0,0.0,0.0,0.0,0.0,0.0,0.0,0.0,0.0,0.0,0.0,0.0,0.0,0.0,0.0,0.0,0.0,0.0,0.0,0.0,0.0,0.0,0.0,0.0,0.0,0.0,0.0,0.0,0.0,0.0,0.0,0.0,0.0,0.0,0.0,0.0,0.0,0.0,0.0,0.0,0.0,0.0,0.0,0.0,0.0,0.0,0.0,0.0,0.0,0.0,0.0,0.0,0.0,0.0,0.0
0.0,0.0,0.0,0.0,0.0,0.0,0.0,0.0,0.0,0.0,0.0,0.0,0.0,0.0,0.0,0.0,0.0,0.0,0.0,0.0,0.0,0.0,0.0,0.0,0.0,0.0,0.0,0.0,0.0,0.0,0.0,0.0,0.0,0.0,0.0,0.0,0.0,0.0,0.0,0.0,0.0,0.0,0.0,0.0,0.0,0.0,0.0,0.0,0.0,0.0,0.0,0.0,0.0,0.0,0.0,0.0,0.0,0.0,0.0,0.0,0.0,0.0,0.0,0.0,0.0,0.0,0.0,167.3,25820.6,48556.9,30885.9,10501.7,2161.0,1405.7,4056.2,602.9,1454.9,3113.2,4499.0,1898.7,7872.5,5265.6,10136.6,1408.3,4152.4,1172.3,3651.5,1640.5,5673.9,8129.8,1877.7,1612.3,155.2,1270.6,1537.4,4277.9,2345.5,22123.8,23036.9,4033.9,19776.1,5041.4,2880.1,7352.1,3798.7,4294.8,1453.4,5613.1,2045.9,939.8,1561.8,10147.5,2852.4,10558.6,2654.4,3904.1,1133.8,1954.7,4806.1,2819.2,5541.2,1003.6,2941.3,5646.5,2345.5,4470.3,3359.3,4342.2,3715.0,2194.9,10441.0,3685.5,2533.1,8232.5,121442.9,14555.6,19801.2,4514.0,7298.3,4111.9,2817.5,2902.1,3025.2,5587.6,1211.4,4358.3,8176.8,9227.5,5022.8,7452.8,3943.1,6080.6,65984.3,26018.3,5274.0,1445.7,1971.8,869.6,2003.6,4128.9,1404.2,476.9,1254.6,444.2,220.9,0.0,898.3,1932.0,64.6,3.5,2.7,5.6,4.6,4.3,4.9,113.0,9.1,3.0,0.1,0.9,1.0,0.4,0.0,0.0,0.0,0.0,0.0,0.0,0.0,0.0,0.0,0.0,0.0,0.0,0.0,0.0,0.0,0.0,0.0,0.0,0.0,0.0,0.0,0.0,0.0,0.0,0.0,0.0,0.0,0.0,0.0,0.0,0.0,0.0,0.0,0.0,0.0,0.0,0.0,0.0,0.0,0.0,0.0,0.0,0.0,0.0,0.0,0.0,0.0,0.0,0.0,0.0,0.0,0.0,0.0,0.0,0.0,0.0,0.0,0.0,0.0,0.0,0.0,0.0,0.0,0.0,0.0,0.0,0.0,0.0,0.0,0.0,0.0,0.0,0.0,0.0,0.0
0.0,0.0,0.0,0.0,0.0,0.0,0.0,0.0,0.0,0.0,0.0,0.0,0.0,0.0,0.0,0.0,0.0,0.0,0.0,0.0,0.0,0.0,0.0,0.0,0.0,0.0,0.0,0.0,0.0,0.0,0.0,0.0,0.0,0.0,0.0,0.0,0.0,0.0,0.0,0.0,0.0,0.0,0.0,0.0,0.0,0.0,0.0,0.0,0.0,0.0,0.0,0.0,0.0,0.0,0.0,0.0,0.0,0.0,0.0,0.0,0.0,0.0,0.0,0.0,0.0,0.0,0.0,31.3,13876.6,5687.1,2112.5,2974.5,3806.7,2459.5,821.3,134.9,167.7,5894.8,5705.3,2745.0,1608.3,3042.3,6039.2,2419.5,1922.1,1139.8,895.2,756.6,2327.9,1238.6,5118.1,4385.4,258.5,6792.2,3419.6,2868.7,2288.1,725.2,5699.9,4008.0,5967.9,6743.2,2324.6,2704.3,5685.1,2199.2,2783.2,2899.7,2519.4,320.7,496.5,2120.6,1195.9,9773.1,7326.5,7851.7,2697.3,4423.1,4005.2,1764.0,1541.2,4615.9,10737.7,16786.3,49851.8,3350.4,982.7,16162.5,14463.2,5004.4,3570.5,3933.1,5069.6,5958.5,6914.7,3514.9,9708.3,6756.8,4798.1,1909.6,3527.2,2133.2,9407.9,2719.8,2415.8,3975.7,69656.3,40315.9,3531.2,4334.3,4400.3,4919.5,2968.6,5474.4,4033.2,2204.7,5737.4,434.7,1381.7,492.0,434.4,679.6,1625.5,1042.2,381.7,0.0,0.0,147.1,148.7,6.7,4.1,9.0,19.1,3.0,8.0,7.7,12.0,4.4,0.1,0.3,0.6,0.4,0.2,0.1,0.0,0.0,0.0,0.0,0.0,0.0,0.0,0.0,0.0,0.0,0.0,0.0,0.0,0.0,0.0,0.0,0.0,0.0,0.0,0.0,0.0,0.0,0.0,0.0,0.0,0.0,0.0,0.0,0.0,0.0,0.0,0.0,0.0,0.0,0.0,0.0,0.0,0.0,0.0,0.0,0.0,0.0,0.0,0.0,0.0,0.0,0.0,0.0,0.0,0.0,0.0,0.0,0.0,0.0,0.0,0.0,0.0,0.0,0.0,0.0,0.0,0.0,0.0,0.0,0.0,0.0,0.0,0.0,0.0,0.0,0.0,0.0,0.0
0.0,0.0,0.0,0.0,0.0,0.0,0.0,0.0,0.0,0.0,0.0,0.0,0.0,0.0,0.0,0.0,0.0,0.0,0.0,0.0,0.0,0.0,0.0,0.0,0.0,0.0,0.0,0.0,0.0,0.0,0.0,0.0,0.0,0.0,0.0,0.0,0.0,0.0,0.0,0.0,0.0,0.0,0.0,0.0,0.0,0.0,0.0,0.0,0.0,0.0,0.0,0.0,0.0,0.0,0.0,0.0,0.0,0.0,0.0,0.0,0.0,0.0,0.0,0.0,0.0,0.0,16.1,7698.5,8108.7,209.7,691.3,4995.2,14033.2,7805.1,8176.3,3020.2,906.3,29845.4,1856.3,879.1,561.4,90.6,486.0,733.3,4203.4,2613.2,2510.9,3710.4,2779.9,2204.5,805.8,983.2,4198.3,739.7,2395.5,824.0,3099.8,261.2,4481.6,1039.0,11692.4,1432.7,2303.9,3051.5,1318.4,1207.2,792.9,564.1,360.8,247.9,1108.1,1681.0,1567.2,1771.1,13629.8,7816.4,9935.4,8461.0,27548.8,9809.1,3097.6,8057.3,787.7,3562.9,3532.4,2381.6,1600.7,3542.6,3166.0,29327.4,4444.5,2495.7,22073.9,13723.7,2985.0,2688.0,2653.2,1419.3,11273.5,3244.8,2506.4,2117.6,2407.3,2362.0,2352.5,12112.5,2482.0,7986.3,3551.6,8655.4,3805.8,1486.2,1126.8,9177.6,1828.4,1799.8,1462.4,123.6,330.5,99.8,107.4,911.0,5042.6,7480.0,2447.2,61.2,0.0,0.0,293.3,428.7,18.7,54.7,11.2,0.0,10.0,7.1,12.4,15.3,2.5,0.4,0.4,0.4,0.4,0.2,0.0,0.0,0.0,0.0,0.0,0.0,0.0,0.0,0.0,0.0,0.0,0.0,0.0,0.0,0.0,0.0,0.0,0.0,0.0,0.0,0.0,0.0,0.0,0.0,0.0,0.0,0.0,0.0,0.0,0.0,0.0,0.0,0.0,0.0,0.0,0.0,0.0,0.0,0.0,0.0,0.0,0.0,0.0,0.0,0.0,0.0,0.0,0.0,0.0,0.0,0.0,0.0,0.0,0.0,0.0,0.0,0.0,0.0,0.0,0.0,0.0,0.0,0.0,0.0,0.0,0.0,0.0,0.0,0.0,0.0,0.0,0.0,0.0
0.0,0.0,0.0,0.0,0.0,0.0,0.0,0.0,0.0,0.0,0.0,0.0,0.0,0.0,0.0,0.0,0.0,0.0,0.0,0.0,0.0,0.0,0.0,0.0,0.0,0.0,0.0,0.0,0.0,0.0,0.0,0.0,0.0,0.0,0.0,0.0,0.0,0.0,0.0,0.0,0.0,0.0,0.0,0.0,0.0,0.0,0.0,0.0,0.0,0.0,0.0,0.0,0.0,0.0,0.0,0.0,0.0,0.0,0.0,0.0,0.0,0.0,0.0,0.0,0.0,0.0,0.7,31346.7,3289.9,6186.3,22064.5,203321.1,90156.2,9635.8,2802.6,1660.7,666.9,5430.4,4066.2,2252.0,1283.2,401.5,8609.4,841.7,5098.1,816.5,676.5,25911.0,4970.9,808.0,1666.4,83.3,247.5,602.7,533.0,992.4,1125.3,651.6,1383.0,1048.6,930.1,1611.5,9615.3,9557.5,4340.4,1918.8,269.4,1013.4,2278.1,2158.0,1273.1,704.6,1928.7,1819.3,1787.6,29745.9,32864.1,30111.4,53994.8,31478.1,3302.1,2590.4,5795.9,1342.1,5412.7,646.5,2087.7,3999.7,2488.7,2178.7,1129.2,5092.0,2406.6,15622.4,3162.5,2453.6,5411.9,1456.4,9778.5,72143.4,3381.4,8646.5,5309.5,1510.0,3197.1,4806.4,5905.6,12433.8,849.5,1985.3,1786.5,4825.1,3417.7,4341.9,1233.5,362.6,1203.5,562.0,311.6,1642.4,1050.4,1250.0,595.9,485.3,28.0,0.0,0.0,0.0,0.0,327.1,449.7,95.4,5.4,10.8,6.6,15.6,7.1,102.4,52.0,0.1,0.2,0.3,0.4,0.2,0.0,0.0,0.0,0.0,0.0,0.0,0.0,0.0,0.0,0.0,0.0,0.0,0.0,0.0,0.0,0.0,0.0,0.0,0.0,0.0,0.0,0.0,0.0,0.0,0.0,0.0,0.0,0.0,0.0,0.0,0.0,0.0,0.0,0.0,0.0,0.0,0.0,0.0,0.0,0.0,0.0,0.0,0.0,0.0,0.0,0.0,0.0,0.0,0.0,0.0,0.0,0.0,0.0,0.0,0.0,0.0,0.0,0.0,0.0,0.0,0.0,0.0,0.0,0.0,0.0,0.0,0.0,0.0,0.0,0.0,0.0,0.0,0.0
0.0,0.0,0.0,0.0,0.0,0.0,0.0,0.0,0.0,0.0,0.0,0.0,0.0,0.0,0.0,0.0,0.0,0.0,0.0,0.0,0.0,0.0,0.0,0.0,0.0,0.0,0.0,0.0,0.0,0.0,0.0,0.0,0.0,0.0,0.0,0.0,0.0,0.0,0.0,0.0,0.0,0.0,0.0,0.0,0.0,0.0,0.0,0.0,0.0,0.0,0.0,0.0,0.0,0.0,0.0,0.0,0.0,0.0,0.0,0.0,0.0,0.0,0.0,0.0,0.0,0.0,64.2,6637.3,8162.2,26034.3,105544.7,199553.6,77992.0,6514.0,3323.2,4363.8,1424.9,3077.1,948.7,3644.1,2548.1,19213.8,11596.0,474.2,522.8,2692.6,2730.3,5459.3,1212.8,4140.4,3052.1,402.4,940.1,778.3,2914.0,5296.3,17882.6,6866.1,9956.5,3759.4,1119.7,69470.9,4992.7,892.3,1803.4,7966.7,2685.7,3102.6,4075.8,2720.5,969.5,4781.4,8553.4,16428.0,8459.2,20506.4,64110.3,194677.5,59375.8,6782.5,5048.8,667.4,1087.1,3009.9,2391.7,5364.5,1439.6,19910.8,4376.0,9544.2,4170.2,2611.8,8160.6,210913.1,21092.3,8224.8,5115.6,3982.8,6699.4,11472.0,15160.8,3515.7,2066.7,5665.7,5611.7,4223.6,4279.8,16400.5,2979.1,255.4,939.5,4586.2,6676.4,8730.5,10307.7,1589.5,1697.6,3337.2,1134.0,2793.2,89.8,356.0,1531.6,77.2,0.0,0.0,0.0,0.0,0.0,101.4,2170.1,17.8,19.5,11.7,14.6,123.6,12.6,2.4,1.6,0.0,0.0,0.0,0.1,0.1,0.0,0.0,0.0,0.0,0.0,0.0,0.0,0.0,0.0,0.0,0.0,0.0,0.0,0.0,0.0,0.0,0.0,0.0,0.0,0.0,0.0,0.0,0.0,0.0,0.0,0.0,0.0,0.0,0.0,0.0,0.0,0.0,0.0,0.0,0.0,0.0,0.0,0.0,0.0,0.0,0.0,0.0,0.0,0.0,0.0,0.0,0.0,0.0,0.0,0.0,0.0,0.0,0.0,0.0,0.0,0.0,0.0,0.0,0.0,0.0,0.0,0.0,0.0,0.0,0.0,0.0,0.0,0.0,0.0,0.0,0.0,0.0,0.0
0.0,0.0,0.0,0.0,0.0,0.0,0.0,0.0,0.0,0.0,0.0,0.0,0.0,0.0,0.0,0.0,0.0,0.0,0.0,0.0,0.0,0.0,0.0,0.0,0.0,0.0,0.0,0.0,0.0,0.0,0.0,0.0,0.0,0.0,0.0,0.0,0.0,0.0,0.0,0.0,0.0,0.0,0.0,0.0,0.0,0.0,0.0,0.0,0.0,0.0,0.0,0.0,0.0,0.0,0.0,0.0,0.0,0.0,0.0,0.0,0.0,0.0,0.0,0.0,0.0,1232.1,12131.1,80629.1,20178.5,11836.3,27757.4,29261.6,19259.4,3675.0,1889.2,3194.0,2661.0,1833.6,1208.8,574.3,1703.3,5980.5,11401.8,634.9,285.0,961.3,469.1,2128.7,9875.4,16953.9,3236.8,865.2,16145.7,1414.4,12502.7,185.7,2069.5,617.1,1420.0,2645.0,13933.9,21952.1,39069.7,3913.0,4040.2,3825.7,15705.3,2585.3,1738.7,2133.4,919.7,4960.0,47852.7,19723.0,48309.6,64076.0,294350.3,376987.4,69080.3,7863.9,3108.3,7890.4,3696.1,3325.8,2269.0,7877.7,3468.0,1475.7,2665.5,5263.6,36774.1,3476.3,5384.8,51285.8,12300.0,15293.2,3143.7,1892.6,4082.9,4537.0,2687.1,9569.4,1789.4,5312.4,3110.2,4540.3,6124.9,6564.0,844.6,462.0,2873.0,24944.4,6675.3,4637.0,2885.0,2278.1,795.0,371.1,177.4,344.5,1017.7,452.7,11418.9,48.4,0.0,0.0,0.0,0.0,0.0,0.0,324.2,34.2,63.0,108.3,37.4,56.5,11.9,1.3,0.2,0.0,0.0,0.0,2.1,1.2,0.0,0.0,0.0,0.0,0.0,0.0,0.0,0.0,0.0,0.0,0.0,0.0,0.0,0.0,0.0,0.0,0.0,0.0,0.0,0.0,0.0,0.0,0.0,0.0,0.0,0.0,0.0,0.0,0.0,0.0,0.0,0.0,0.0,0.0,0.0,0.0,0.0,0.0,0.0,0.0,0.0,0.0,0.0,0.0,0.0,0.0,0.0,0.0,0.0,0.0,0.0,0.0,0.0,0.0,0.0,0.0,0.0,0.0,0.0,0.0,0.0,0.0,0.0,0.0,0.0,0.0,0.0,0.0,0.0,0.0,0.0,0.0,0.0
0.0,0.0,0.0,0.0,0.0,0.0,0.0,0.0,0.0,0.0,0.0,0.0,0.0,0.0,0.0,0.0,0.0,0.0,0.0,0.0,0.0,0.0,0.0,0.0,0.0,0.0,0.0,0.0,0.0,0.0,0.0,0.0,0.0,0.0,0.0,0.0,0.0,0.0,0.0,0.0,0.0,0.0,0.0,0.0,0.0,0.0,0.0,0.0,0.0,0.0,0.0,0.0,0.0,0.0,0.0,0.0,0.0,0.0,0.0,0.0,0.0,0.0,0.0,0.0,0.3,1513.3,26967.0,39686.5,5585.7,55640.7,1688.4,38287.7,47018.7,16869.2,7065.7,8387.3,24889.5,14068.9,12018.0,2138.5,2758.0,11124.4,3743.4,1877.7,13629.9,4601.7,5168.5,979.0,5650.7,1378.5,6936.3,4770.9,2305.7,2490.8,2054.0,7326.0,2440.5,1792.0,4358.8,4937.7,2762.8,7137.2,4251.2,5380.8,2600.8,1605.3,19955.1,4274.1,1335.6,1084.9,2764.7,8690.4,3373.6,6586.7,6657.5,25703.9,183739.3,480760.1,102508.9,18530.7,4033.2,2253.3,2632.2,23686.9,2660.7,1439.8,4642.7,6219.9,5468.2,2196.4,3316.8,4235.6,3277.9,10234.7,3869.6,27647.0,7799.0,933.0,3874.0,3435.9,4948.0,3463.0,2584.0,5818.8,3663.0,15251.9,7030.7,4253.6,4312.5,9138.5,8591.5,3296.3,4211.1,7123.2,2366.7,403.4,704.5,1087.3,1513.1,4025.2,1274.3,802.8,1641.7,5.6,0.0,0.0,0.0,0.0,0.0,0.0,64.0,459.8,394.9,1462.2,1086.5,142.2,10.2,0.8,0.6,5.2,0.0,0.0,2.8,1.2,0.0,0.0,0.0,0.0,0.0,0.0,0.0,0.0,0.0,0.0,0.0,0.0,0.0,0.0,0.0,0.0,0.0,0.0,0.0,0.0,0.0,0.0,0.0,0.0,0.0,0.0,0.0,0.0,0.0,0.0,0.0,0.0,0.0,0.0,0.0,0.0,0.0,0.0,0.0,0.0,0.0,0.0,0.0,0.0,0.0,0.0,0.0,0.0,0.0,0.0,0.0,0.0,0.0,0.0,0.0,0.0,0.0,0.0,0.0,0.0,0.0,0.0,0.0,0.0,0.0,0.0,0.0,0.0,0.0,0.0,0.0,0.0,0.0
0.0,0.0,0.0,0.0,0.0,0.0,0.0,0.0,0.0,0.0,0.0,0.0,0.0,0.0,0.0,0.0,0.0,0.0,0.0,0.0,0.0,0.0,0.0,0.0,0.0,0.0,0.0,0.0,0.0,0.0,0.0,0.0,0.0,0.0,0.0,0.0,0.0,0.0,0.0,0.0,0.0,0.0,0.0,0.0,0.0,0.0,0.0,0.0,0.0,0.0,0.0,0.0,0.0,0.0,0.0,0.0,0.0,0.0,0.0,0.0,0.0,0.0,0.0,0.0,0.0,320.7,21801.4,2705.0,31112.8,58068.9,122.2,28992.3,21154.9,9428.6,6290.5,6715.3,7211.0,5183.3,6366.4,10220.6,15541.1,82783.8,100748.8,10452.2,4102.9,1595.5,2817.4,1278.7,21611.3,449.8,1624.1,962.7,4642.9,2306.6,5344.1,6858.5,45392.5,108836.6,8320.6,1156.7,2846.7,4693.9,2398.3,14037.7,5604.7,4509.6,6253.4,7965.0,1744.9,3807.6,3272.2,1901.3,3512.6,7798.8,8595.4,9790.6,123942.9,152041.4,89869.7,7322.3,6002.9,2993.2,3706.1,3704.3,4551.7,3748.6,1934.3,3670.5,19036.0,5716.1,1368.2,14358.0,5201.7,1154.9,4742.3,4647.8,4195.4,3980.0,5330.0,3206.9,3407.8,4203.4,15407.5,16335.1,20522.8,12552.2,5256.4,7715.4,1811.8,13921.6,17934.1,8971.3,16429.0,73024.3,15313.2,3099.1,6240.2,3436.0,4544.6,6801.6,1007.8,818.5,361.9,331.3,477.4,0.0,0.0,0.0,0.0,0.0,0.0,116.6,810.6,6102.3,4266.9,739.6,0.7,0.6,0.4,0.2,0.0,0.0,2.3,1.3,0.0,0.0,0.0,0.0,0.0,0.0,0.0,0.0,0.0,0.0,0.0,0.0,0.0,0.0,0.0,0.0,0.0,0.0,0.0,0.0,0.0,0.0,0.0,0.0,0.0,0.0,0.0,0.0,0.0,0.0,0.0,0.0,0.0,0.0,0.0,0.0,0.0,0.0,0.0,0.0,0.0,0.0,0.0,0.0,0.0,0.0,0.0,0.0,0.0,0.0,0.0,0.0,0.0,0.0,0.0,0.0,0.0,0.0,0.0,0.0,0.0,0.0,0.0,0.0,0.0,0.0,0.0,0.0,0.0,0.0,0.0,0.0,0.0
0.0,0.0,0.0,0.0,0.0,0.0,0.0,0.0,0.0,0.0,0.0,0.0,0.0,0.0,0.0,0.0,0.0,0.0,0.0,0.0,0.0,0.0,0.0,0.0,0.0,0.0,0.0,0.0,0.0,0.0,0.0,0.0,0.0,0.0,0.0,0.0,0.0,0.0,0.0,0.0,0.0,0.0,0.0,0.0,0.0,0.0,0.0,0.0,0.0,0.0,0.0,0.0,0.0,0.0,0.0,0.0,0.0,0.0,0.0,0.0,0.0,0.0,0.0,0.0,31.0,4078.9,911.9,2987.7,150854.5,257042.5,0.0,98062.1,22707.4,11010.7,8149.7,6837.3,4801.6,4938.8,3195.1,3186.1,7591.9,77348.9,147391.6,34313.8,2892.5,3933.0,4494.3,1729.6,4255.9,1788.1,2360.2,6926.1,6982.2,13316.3,16259.6,23486.3,128025.1,449283.1,125274.4,15017.6,8491.8,4392.8,19178.9,2512.8,3674.9,7165.1,4009.5,7936.1,4009.2,3085.2,6794.1,5386.5,10554.4,10776.5,5584.0,9724.3,22783.8,23680.7,10212.8,16229.7,12098.1,4727.1,11852.7,133498.9,19320.1,2915.3,3433.9,10443.8,113386.8,101968.5,4856.3,1672.3,3346.9,2962.6,3079.0,34179.0,4072.2,16385.4,19615.6,16527.7,4374.5,12775.8,179105.1,22712.4,11316.0,14054.3,4800.3,4558.4,3354.5,3584.2,42094.2,8051.9,3758.1,6674.0,1298.7,1579.1,814.4,14948.5,2192.2,4476.3,824.6,318.2,402.0,155.3,2029.0,101.0,0.0,0.0,0.0,0.0,0.0,0.0,96.7,49850.6,54637.8,430.2,2.6,7.9,2.0,0.0,0.0,0.0,204.7,0.5,0.0,0.0,0.0,0.0,0.0,0.0,0.0,0.0,0.0,0.0,0.0,0.0,0.0,0.0,0.0,0.0,0.0,0.0,0.0,0.0,0.0,0.0,0.0,0.0,0.0,0.0,0.0,0.0,0.0,0.0,0.0,0.0,0.0,0.0,0.0,0.0,0.0,0.0,0.0,0.0,0.0,0.0,0.0,0.0,0.0,0.0,0.0,0.0,0.0,0.0,0.0,0.0,0.0,0.0,0.0,0.0,0.0,0.0,0.0,0.0,0.0,0.0,0.0,0.0,0.0,0.0,0.0,0.0,0.0,0.0,0.0,0.0,0.0
0.0,0.0,0.0,0.0,0.0,0.0,0.0,0.0,0.0,0.0,0.0,0.0,0.0,0.0,0.0,0.0,0.0,0.0,0.0,0.0,0.0,0.0,0.0,0.0,0.0,0.0,0.0,0.0,0.0,0.0,0.0,0.0,0.0,0.0,0.0,0.0,0.0,0.0,0.0,0.0,0.0,0.0,0.0,0.0,0.0,0.0,0.0,0.0,0.0,0.0,0.0,0.0,0.0,0.0,0.0,0.0,0.0,0.0,0.0,0.0,0.0,0.0,0.0,0.0,134.4,1059.8,33.7,2397.3,160722.0,58014.7,3900.3,34999.7,10321.1,20405.1,8880.5,6131.5,13434.5,3409.2,5176.7,6074.3,9217.3,7208.5,14375.9,4508.8,4206.5,2632.0,4311.6,2050.1,7070.9,5494.5,12922.7,2807.4,3666.4,5028.3,5886.4,11152.0,53866.8,211174.3,63883.0,37580.0,18345.7,2161.6,644.9,9724.5,4411.1,3252.6,1505.3,19266.3,8199.1,45397.3,33286.7,3581.0,1328.4,7502.5,4365.9,2195.5,7596.6,15866.6,6956.4,5006.4,8375.6,3051.6,6406.4,25403.3,10941.0,8710.6,2439.5,6591.5,52768.3,27175.4,12887.7,3983.3,13713.6,2437.4,3950.9,20045.5,11333.4,8602.4,10767.9,7667.7,13972.1,33586.5,168691.2,85186.3,10035.3,8830.7,4712.4,4103.3,8166.6,5584.4,7728.5,4925.5,3909.7,4529.5,10925.9,1661.1,1868.4,1062.1,2121.8,4569.2,1596.0,672.5,725.9,341.7,868.1,37.2,0.0,0.0,0.0,0.0,0.0,0.0,0.0,2.5,1135.3,342.9,12.6,0.0,0.0,0.6,2.5,1.8,0.3,0.0,0.0,0.0,0.0,0.0,0.0,0.0,0.0,0.0,0.0,0.0,0.0,0.0,0.0,0.0,0.0,0.0,0.0,0.0,0.0,0.0,0.0,0.0,0.0,0.0,0.0,0.0,0.0,0.0,0.0,0.0,0.0,0.0,0.0,0.0,0.0,0.0,0.0,0.0,0.0,0.0,0.0,0.0,0.0,0.0,0.0,0.0,0.0,0.0,0.0,0.0,0.0,0.0,0.0,0.0,0.0,0.0,0.0,0.0,0.0,0.0,0.0,0.0,0.0,0.0,0.0,0.0,0.0,0.0,0.0,0.0,0.0,0.0,0.0
0.0,0.0,0.0,0.0,0.0,0.0,0.0,0.0,0.0,0.0,0.0,0.0,0.0,0.0,0.0,0.0,0.0,0.0,0.0,0.0,0.0,0.0,0.0,0.0,0.0,0.0,0.0,0.0,0.0,0.0,0.0,0.0,0.0,0.0,0.0,0.0,0.0,0.0,0.0,0.0,0.0,0.0,0.0,0.0,0.0,0.0,0.0,0.0,0.0,0.0,0.0,0.0,0.0,0.0,0.0,0.0,0.0,0.0,0.0,0.0,0.0,0.0,0.0,0.0,0.0,0.0,1608.7,255.1,1422.5,520.2,58903.1,48152.2,33907.7,5917.1,2033.0,3844.3,6737.2,6277.7,7300.3,11253.4,3584.1,3637.1,7157.7,5356.0,9219.6,3766.4,11477.0,954.7,2229.1,1129.2,1423.3,1644.3,9378.5,43477.3,3236.5,12629.8,7813.8,9777.3,23056.4,5865.4,2665.7,17513.3,25615.9,4859.0,5652.7,4840.7,5142.6,11413.4,1354.7,3604.6,2204.8,4096.5,19209.3,1930.6,8497.3,5383.5,3602.5,6588.0,8741.9,3992.7,3463.9,3223.7,15690.4,2304.5,2910.0,13726.9,3842.2,3315.4,10432.0,10403.5,3300.7,1941.1,35327.7,5719.1,9140.9,4793.9,13583.8,57550.8,174127.2,72317.2,76326.2,16244.7,18792.5,12203.9,10719.8,6781.7,5484.9,9882.2,6527.9,7358.9,12414.9,2203.4,4729.2,2997.9,2170.7,844.8,1592.1,3515.7,74.0,212.8,387.9,36.4,164.7,12.0,507.1,348.2,407.6,11.5,0.0,0.0,0.0,0.0,0.0,19.8,121.1,351.9,112.6,2.7,1.7,4.2,1.8,1.2,0.0,0.0,0.0,0.0,0.0,0.0,0.0,0.0,0.0,0.0,0.0,0.0,0.0,0.0,0.0,0.0,0.0,0.0,0.0,0.0,0.0,0.0,0.0,0.0,0.0,0.0,0.0,0.0,0.0,0.0,0.0,0.0,0.0,0.0,0.0,0.0,0.0,0.0,0.0,0.0,0.0,0.0,0.0,0.0,0.0,0.0,0.0,0.0,0.0,0.0,0.0,0.0,0.0,0.0,0.0,0.0,0.0,0.0,0.0,0.0,0.0,0.0,0.0,0.0,0.0,0.0,0.0,0.0,0.0,0.0,0.0,0.0,0.0,0.0,0.0
0.0,0.0,0.0,0.0,0.0,0.0,0.0,0.0,0.0,0.0,0.0,0.0,0.0,0.0,0.0,0.0,0.0,0.0,0.0,0.0,0.0,0.0,0.0,0.0,0.0,0.0,0.0,0.0,0.0,0.0,0.0,0.0,0.0,0.0,0.0,0.0,0.0,0.0,0.0,0.0,0.0,0.0,0.0,0.0,0.0,0.0,0.0,0.0,0.0,0.0,0.0,0.0,0.0,0.0,0.0,0.0,0.0,0.0,0.0,0.0,0.0,0.0,0.0,0.0,0.0,1132.4,834.7,0.0,17.4,0.0,4522.2,3904.6,14314.5,4966.6,7187.8,14356.1,33008.4,9356.1,8165.1,5759.4,4440.5,1953.1,10598.9,9574.7,6039.9,2038.3,2341.8,2620.9,3255.3,2764.8,4581.0,5070.6,2769.3,3145.5,2228.5,3578.9,5066.8,4006.1,9062.1,2743.7,12313.7,4585.0,5802.2,7072.3,6635.7,5797.7,497.9,721.6,4462.9,4026.7,11403.9,4253.5,44761.1,19311.5,5405.0,3805.5,22777.3,5276.5,2398.5,10380.6,3265.4,8296.6,3262.3,5308.5,70325.3,11481.7,5503.4,84872.5,71825.3,6205.7,5042.4,11242.4,20426.5,1828.4,5842.7,3625.1,4191.7,25032.0,77905.2,16795.0,10031.8,33019.1,25016.1,23893.5,13700.7,19160.7,15177.8,13042.4,11778.5,9999.0,15433.6,8713.9,5350.2,4733.3,766.3,1283.9,1645.3,1387.2,277.5,330.0,5737.2,59.8,252.6,311.3,3731.6,2602.3,21050.6,6806.6,0.0,0.0,0.0,0.0,0.0,0.0,9.3,21.5,440.1,465.0,5.3,3.2,1.2,1.0,0.1,0.0,0.0,0.0,0.0,0.0,0.0,0.0,0.0,0.0,0.0,0.0,0.0,0.0,0.0,0.0,0.0,0.0,0.0,0.0,0.0,0.0,0.0,0.0,0.0,0.0,0.0,0.0,0.0,0.0,0.0,0.0,0.0,0.0,0.0,0.0,0.0,0.0,0.0,0.0,0.0,0.0,0.0,0.0,0.0,0.0,0.0,0.0,0.0,0.0,0.0,0.0,0.0,0.0,0.0,0.0,0.0,0.0,0.0,0.0,0.0,0.0,0.0,0.0,0.0,0.0,0.0,0.0,0.0,0.0,0.0,0.0,0.0,0.0,0.0
0.0,0.0,0.0,0.0,0.0,0.0,0.0,0.0,0.0,0.0,0.0,0.0,0.0,0.0,0.0,0.0,0.0,0.0,0.0,0.0,0.0,0.0,0.0,0.0,0.0,0.0,0.0,0.0,0.0,0.0,0.0,0.0,0.0,0.0,0.0,0.0,0.0,0.0,0.0,0.0,0.0,0.0,0.0,0.0,0.0,0.0,0.0,0.0,0.0,0.0,0.0,0.0,0.0,0.0,0.0,0.0,0.0,0.0,0.0,0.0,0.0,0.0,0.0,2.7,0.3,943.6,0.2,0.0,0.0,0.9,2200.0,33357.2,10354.5,3359.8,4865.0,6733.5,76748.0,11332.7,35683.5,9451.8,5322.9,1374.9,10339.3,5900.7,15872.3,2993.7,8128.3,3758.2,2774.5,4330.0,6001.4,3585.2,8128.0,13161.5,13385.2,6622.2,3533.9,3191.8,12844.9,2794.7,4314.1,10400.7,8103.8,8819.8,8924.4,12545.2,3687.1,3627.1,7335.3,3328.4,4158.6,8944.2,44390.4,24186.5,5274.1,21875.5,5201.2,12205.8,2802.2,5029.3,3227.7,8038.0,2056.5,9230.9,20263.5,2850.4,1991.2,6229.2,3939.5,3356.6,10685.6,12211.6,16109.8,7487.6,21093.7,11716.0,84393.1,19377.2,14040.4,23923.8,36553.1,13567.4,16815.6,28016.4,14099.5,9207.5,43464.5,15810.0,82310.8,104874.9,25259.7,3856.2,16670.0,3747.5,1907.6,1948.0,298.3,642.1,500.9,655.9,2987.3,363.3,11.2,172.6,3784.1,341.4,3426.8,1983.3,160.2,0.0,0.0,0.0,0.0,0.0,0.4,19.2,25.7,2403.5,2.5,12.2,206.7,2.8,0.7,0.0,0.0,0.0,0.0,0.0,0.0,0.0,0.0,0.0,0.0,0.0,0.0,0.0,0.0,0.0,0.0,0.0,0.0,0.0,0.0,0.0,0.0,0.0,0.0,0.0,0.0,0.0,0.0,0.0,0.0,0.0,0.0,0.0,0.0,0.0,0.0,0.0,0.0,0.0,0.0,0.0,0.0,0.0,0.0,0.0,0.0,0.0,0.0,0.0,0.0,0.0,0.0,0.0,0.0,0.0,0.0,0.0,0.0,0.0,0.0,0.0,0.0,0.0,0.0,0.0,0.0,0.0,0.0,0.0,0.0,0.0,0.0,0.0,0.0
0.0,0.0,0.0,0.0,0.0,0.0,0.0,0.0,0.0,0.0,0.0,0.0,0.0,0.0,0.0,0.0,0.0,0.0,0.0,0.0,0.0,0.0,0.0,0.0,0.0,0.0,0.0,0.0,0.0,0.0,0.0,0.0,0.0,0.0,0.0,0.0,0.0,0.0,0.0,0.0,0.0,0.0,0.0,0.0,0.0,0.0,0.0,0.0,0.0,0.0,0.0,0.0,0.0,0.0,0.0,0.0,0.0,0.0,0.0,0.0,0.0,0.0,0.0,0.0,1.2,0.2,0.0,0.0,0.0,0.1,1.0,74377.0,30800.9,9826.8,8617.2,788.3,5597.4,4092.4,10590.0,8177.5,2551.8,1936.6,3873.1,4247.4,6779.8,4954.7,4858.6,2022.9,11631.2,2005.6,4662.1,2215.9,8859.2,13684.4,9475.7,9074.3,6077.8,4929.9,3349.8,5064.5,78588.3,26173.1,15732.8,7847.9,17745.5,5532.6,16703.8,9341.8,37558.1,11753.4,4177.7,3349.0,4480.6,3738.5,3667.4,4676.8,1496.6,1999.1,3127.8,7748.2,17722.7,2592.6,9370.0,6307.6,4017.8,9160.3,7166.1,2231.6,2120.3,6315.8,4979.4,7259.6,20035.3,11423.8,119929.4,125727.0,114592.1,193401.4,89435.8,20931.8,32742.2,34989.5,83324.5,45854.5,44767.4,17755.7,11241.5,9816.6,5690.0,124030.3,18549.1,19295.4,10145.9,8020.6,2666.0,1714.7,981.0,1081.4,13405.9,4072.2,767.7,345.3,308.8,473.5,78.1,96.2,0.0,100.0,198.8,0.0,0.0,0.0,0.0,0.0,0.0,1.9,23.3,3.7,2.5,2.3,6.9,211.4,3.0,0.0,0.0,0.0,0.0,0.0,0.0,0.0,0.0,0.0,0.0,0.0,0.0,0.0,0.0,0.0,0.0,0.0,0.0,0.0,0.0,0.0,0.0,0.0,0.0,0.0,0.0,0.0,0.0,0.0,0.0,0.0,0.0,0.0,0.0,0.0,0.0,0.0,0.0,0.0,0.0,0.0,0.0,0.0,0.0,0.0,0.0,0.0,0.0,0.0,0.0,0.0,0.0,0.0,0.0,0.0,0.0,0.0,0.0,0.0,0.0,0.0,0.0,0.0,0.0,0.0,0.0,0.0,0.0,0.0,0.0,0.0,0.0,0.0,0.0
0.0,0.0,0.0,0.0,0.0,0.0,0.0,0.0,0.0,0.0,0.0,0.0,0.0,0.0,0.0,0.0,0.0,0.0,0.0,0.0,0.0,0.0,0.0,0.0,0.0,0.0,0.0,0.0,0.0,0.0,0.0,0.0,0.0,0.0,0.0,0.0,0.0,0.0,0.0,0.0,0.0,0.0,0.0,0.0,0.0,0.0,0.0,0.0,0.0,0.0,0.0,0.0,0.0,0.0,0.0,0.0,0.0,0.0,0.0,0.0,0.0,0.0,0.0,0.0,0.0,0.1,0.0,0.0,0.0,0.0,0.0,69485.6,20550.6,1674.3,2238.8,2409.0,4316.3,2517.9,2181.3,2387.9,5725.7,5726.9,48130.4,8951.4,2458.5,1740.5,714.3,1647.7,36838.2,13989.5,2715.5,7888.2,29974.6,43703.8,12223.7,12015.1,8883.8,7793.7,11010.1,13587.7,6658.1,7748.6,4771.1,9492.7,5077.6,2569.0,6655.6,7315.4,29585.2,2625.0,2068.7,1860.9,15759.1,1936.4,4126.5,3092.3,7391.3,7601.3,1546.3,2995.6,5491.4,5595.1,22156.5,7084.0,7127.5,109774.4,34921.9,7308.2,2264.1,2580.5,1667.1,2235.5,41140.0,89354.0,342655.8,491884.5,389813.0,214267.0,188300.0,109046.6,17010.3,58978.7,288754.9,184823.2,56119.9,14550.8,16668.8,14235.1,8758.4,10761.7,52793.5,171988.7,11661.8,7144.6,3695.5,3461.7,1976.0,1816.5,8657.4,1339.7,501.6,160.8,2409.7,714.0,326.7,28.4,0.0,0.0,100.2,0.0,0.0,0.0,0.0,0.0,0.0,0.0,13.9,78.1,2.4,2.2,1.7,12.7,66.3,0.0,0.0,0.0,0.0,0.0,0.0,0.0,0.0,0.0,0.0,0.0,0.0,0.0,0.0,0.0,0.0,0.0,0.0,0.0,0.0,0.0,0.0,0.0,0.0,0.0,0.0,0.0,0.0,0.0,0.0,0.0,0.0,0.0,0.0,0.0,0.0,0.0,0.0,0.0,0.0,0.0,0.0,0.0,0.0,0.0,0.0,0.0,0.0,0.0,0.0,0.0,0.0,0.0,0.0,0.0,0.0,0.0,0.0,0.0,0.0,0.0,0.0,0.0,0.0,0.0,0.0,0.0,0.0,0.0,0.0,0.0,0.0,0.0,0.0
0.0,0.0,0.0,0.0,0.0,0.0,0.0,0.0,0.0,0.0,0.0,0.0,0.0,0.0,0.0,0.0,0.0,0.0,0.0,0.0,0.0,0.0,0.0,0.0,0.0,0.0,0.0,0.0,0.0,0.0,0.0,0.0,0.0,0.0,0.0,0.0,0.0,0.0,0.0,0.0,0.0,0.0,0.0,0.0,0.0,0.0,0.0,0.0,0.0,0.0,0.0,0.0,0.0,0.0,0.0,0.0,0.0,0.0,0.0,0.0,0.0,0.0,0.0,0.0,0.0,0.0,0.0,0.0,0.0,0.0,0.0,38895.4,16806.3,5441.9,12914.2,3345.0,4616.8,1994.9,9981.3,2282.3,2367.2,1437.4,11939.7,8499.8,2345.9,1442.3,5347.2,3165.8,11646.2,21172.9,9273.2,13831.4,8199.3,11197.5,4297.7,7410.8,22753.3,7229.4,8734.9,3813.0,13498.0,7471.0,7958.0,4005.6,20115.4,7091.0,28184.1,14568.5,14284.1,3164.7,2966.5,1905.8,3549.6,2804.3,7091.6,1287.3,1988.3,1979.4,5911.1,4953.9,3190.2,3497.3,26046.5,2577.2,4436.9,35826.6,11672.3,18252.3,4580.1,4627.5,3186.4,7926.0,5404.6,129175.1,230422.5,349934.9,497071.2,457834.5,269119.0,156101.2,195709.2,90844.1,471547.3,181716.7,48155.1,10848.8,46204.7,41396.5,8325.8,8538.4,8290.4,14009.7,2828.9,3336.8,16106.2,4307.6,2834.7,859.3,1289.1,483.5,145.7,284.6,11565.3,8122.5,587.7,10.3,0.0,0.0,0.0,0.0,0.0,0.0,0.0,0.0,0.0,0.0,19.8,64.1,2.4,2.4,1.9,1.2,54.3,2.3,0.0,0.0,0.0,0.0,0.0,0.0,0.0,0.0,0.0,0.0,0.0,0.0,0.0,0.0,0.0,0.0,0.0,0.0,0.0,0.0,0.0,0.0,0.0,0.0,0.0,0.0,0.0,0.0,0.0,0.0,0.0,0.0,0.0,0.0,0.0,0.0,0.0,0.0,0.0,0.0,0.0,0.0,0.0,0.0,0.0,0.0,0.0,0.0,0.0,0.0,0.0,0.0,0.0,0.0,0.0,0.0,0.0,0.0,0.0,0.0,0.0,0.0,0.0,0.0,0.0,0.0,0.0,0.0,0.0,0.0,0.0,0.0,0.0
0.0,0.0,0.0,0.0,0.0,0.0,0.0,0.0,0.0,0.0,0.0,0.0,0.0,0.0,0.0,0.0,0.0,0.0,0.0,0.0,0.0,0.0,0.0,0.0,0.0,0.0,0.0,0.0,0.0,0.0,0.0,0.0,0.0,0.0,0.0,0.0,0.0,0.0,0.0,0.0,0.0,0.0,0.0,0.0,0.0,0.0,0.0,0.0,0.0,0.0,0.0,0.0,0.0,0.0,0.0,0.0,0.0,0.0,0.0,0.0,0.0,0.0,0.0,0.0,0.0,0.0,0.0,0.0,0.0,0.0,0.0,35865.0,18077.5,10821.4,8873.6,3027.8,1177.4,2545.3,3132.2,1691.7,2323.8,1811.3,1633.5,4116.9,911.6,1197.2,819.9,2264.6,12955.2,11957.0,2282.0,2373.6,2590.4,3373.8,8802.8,4679.9,7634.1,3391.8,14106.6,3754.5,8330.1,2321.8,5397.2,9460.0,4358.5,4410.9,3545.0,2769.2,4656.3,5016.1,6051.3,4177.4,3906.5,8351.4,3078.5,2909.6,4966.7,2578.6,11127.9,3488.7,1733.6,5889.0,2055.0,1065.2,3118.7,3667.5,3179.1,2034.5,2568.8,7268.1,2896.2,70011.3,32195.1,70121.7,419544.7,1197802.9,1588199.2,208076.6,13070.1,0.0,13432.2,10518.4,0.0,0.0,0.0,0.0,3130.1,2.8,29914.4,16923.1,4974.1,8292.1,3635.5,6225.7,8484.2,3683.6,1009.6,1558.9,2827.0,370.8,237.2,5952.9,8844.1,25574.9,0.0,0.0,0.0,0.0,0.0,0.0,0.0,0.0,0.0,0.0,0.0,0.0,2507.4,6.9,1.0,0.7,0.3,1.2,216.8,13.2,0.0,0.0,0.0,0.0,0.0,0.0,0.0,0.0,0.0,0.0,0.0,0.0,0.0,0.0,0.0,0.0,0.0,0.0,0.0,0.0,0.0,0.0,0.0,0.0,0.0,0.0,0.0,0.0,0.0,0.0,0.0,0.0,0.0,0.0,0.0,0.0,0.0,0.0,0.0,0.0,0.0,0.0,0.0,0.0,0.0,0.0,0.0,0.0,0.0,0.0,0.0,0.0,0.0,0.0,0.0,0.0,0.0,0.0,0.0,0.0,0.0,0.0,0.0,0.0,0.0,0.0,0.0,0.0,0.0,0.0,0.0,0.0,0.0
0.0,0.0,0.0,0.0,0.0,0.0,0.0,0.0,0.0,0.0,0.0,0.0,0.0,0.0,0.0,0.0,0.0,0.0,0.0,0.0,0.0,0.0,0.0,0.0,0.0,0.0,0.0,0.0,0.0,0.0,0.0,0.0,0.0,0.0,0.0,0.0,0.0,0.0,0.0,0.0,0.0,0.0,0.0,0.0,0.0,0.0,0.0,0.0,0.0,0.0,0.0,0.0,0.0,0.0,0.0,0.0,0.0,0.0,0.0,0.0,0.0,0.0,0.0,0.0,0.0,0.0,0.0,0.0,0.0,0.0,41.0,3609.3,49019.1,170330.8,20957.6,8203.1,1842.9,2552.8,1663.1,1866.8,680.9,3353.2,604.7,2377.5,3922.8,1241.1,1018.1,5336.6,3546.5,2671.8,4866.4,3956.1,8619.1,3010.7,2561.5,1561.5,3465.8,2282.8,1488.3,3870.4,3791.2,1798.7,3526.1,4938.9,1611.1,6403.4,3879.9,10679.2,2780.4,9355.6,4932.8,3566.7,7946.5,5910.1,14750.6,6158.5,8937.9,3706.2,10321.6,12805.3,2209.1,2405.5,7449.8,9901.0,2971.7,15129.9,44885.1,3035.8,6009.8,3261.6,1914.7,5803.3,15183.4,119569.6,324147.8,364241.9,27451.5,0.0,0.0,0.0,0.0,0.0,0.0,0.0,0.0,0.0,0.0,0.0,0.0,0.0,0.0,0.6,1009.5,8484.1,3044.7,956.3,12.8,324.8,7419.3,3963.2,1090.6,641.8,1703.6,151.2,0.0,0.0,0.0,0.0,0.0,0.0,0.0,0.0,0.0,0.0,0.0,0.0,5.0,1.8,1.1,0.8,0.1,1.1,1949.8,16.1,0.0,0.0,0.0,0.0,0.0,0.0,0.0,0.0,0.0,0.0,0.0,0.0,0.0,0.0,0.0,0.0,0.0,0.0,0.0,0.0,0.0,0.0,0.0,0.0,0.0,0.0,0.0,0.0,0.0,0.0,0.0,0.0,0.0,0.0,0.0,0.0,0.0,0.0,0.0,0.0,0.0,0.0,0.0,0.0,0.0,0.0,0.0,0.0,0.0,0.0,0.0,0.0,0.0,0.0,0.0,0.0,0.0,0.0,0.0,0.0,0.0,0.0,0.0,0.0,0.0,0.0,0.0,0.0,0.0,0.0,0.0,0.0,0.0
0.0,0.0,0.0,0.0,0.0,0.0,0.0,0.0,0.0,0.0,0.0,0.0,0.0,0.0,0.0,0.0,0.0,0.0,0.0,0.0,0.0,0.0,0.0,0.0,0.0,0.0,0.0,0.0,0.0,0.0,0.0,0.0,0.0,0.0,0.0,0.0,0.0,0.0,0.0,0.0,0.0,0.0,0.0,0.0,0.0,0.0,0.0,0.0,0.0,0.0,0.0,0.0,0.0,0.0,0.0,0.0,0.0,0.0,0.0,0.0,0.0,0.0,0.0,0.0,0.0,0.0,0.0,0.0,0.0,0.0,407.8,1775.1,5716.5,113520.9,21815.8,4264.3,3662.4,2316.5,6670.5,907.5,1093.1,1561.0,941.4,7552.9,1574.9,3537.1,1972.6,5407.6,2911.8,1855.0,7191.0,10602.0,2222.7,6300.9,17216.2,18939.0,43298.1,7474.2,3622.2,5066.6,2551.7,4036.2,1177.5,8807.6,8615.8,4884.5,1360.0,16591.3,6401.7,6266.8,19074.8,7537.7,6021.4,61796.9,149183.9,12539.0,13943.2,7557.8,20550.2,5194.6,9953.9,9149.0,81134.5,17533.4,4096.4,4551.9,5338.7,5921.0,4643.5,3647.7,3597.0,2389.4,19170.2,95426.7,173552.8,0.0,0.0,0.0,0.0,0.0,0.0,0.0,0.0,0.0,0.0,0.0,0.0,0.0,0.0,0.0,0.0,0.0,0.0,0.0,270.4,1996.7,605.0,0.0,10744.5,9121.7,548.7,882.9,1358.1,105.7,0.0,0.0,0.0,0.0,0.0,0.0,0.0,0.0,0.0,0.0,0.0,0.0,7.7,1.2,1.1,1.1,0.9,0.4,1888.5,15.2,0.0,0.0,0.0,0.0,0.0,0.0,0.0,0.0,0.0,0.0,0.0,0.0,0.0,0.0,0.0,0.0,0.0,0.0,0.0,0.0,0.0,0.0,0.0,0.0,0.0,0.0,0.0,0.0,0.0,0.0,0.0,0.0,0.0,0.0,0.0,0.0,0.0,0.0,0.0,0.0,0.0,0.0,0.0,0.0,0.0,0.0,0.0,0.0,0.0,0.0,0.0,0.0,0.0,0.0,0.0,0.0,0.0,0.0,0.0,0.0,0.0,0.0,0.0,0.0,0.0,0.0,0.0,0.0,0.0,0.0,0.0,0.0,0.0
0.0,0.0,0.0,0.0,0.0,0.0,0.0,0.0,0.0,0.0,0.0,0.0,0.0,0.0,0.0,0.0,0.0,0.0,0.0,0.0,0.0,0.0,0.0,0.0,0.0,0.0,0.0,0.0,0.0,0.0,0.0,0.0,0.0,0.0,0.0,0.0,0.0,0.0,0.0,0.0,0.0,0.0,0.0,0.0,0.0,0.0,0.0,0.0,0.0,0.0,0.0,0.0,0.0,0.0,0.0,0.0,0.0,0.0,0.0,0.0,0.0,0.0,0.0,0.0,0.0,0.0,0.0,0.0,0.0,0.0,0.0,14818.7,52366.9,58451.6,20783.9,3160.2,722.1,2024.9,3153.3,4285.1,5469.7,2383.0,4048.4,2152.2,4453.0,2592.7,14303.9,81818.2,18000.3,3045.6,1995.9,4877.4,4255.4,11052.7,4443.9,14306.0,38884.1,10652.8,3980.5,3583.7,9480.4,6495.5,5321.1,26330.4,9088.5,37497.4,138702.6,23260.1,6402.4,7224.3,13791.6,3559.3,5012.3,18491.4,40669.2,4820.7,10786.1,12209.6,5877.3,2844.9,16367.8,2927.8,24798.2,7297.1,8310.5,2555.4,6409.4,5407.9,3875.0,3793.5,8887.6,3493.9,19029.6,46040.1,84627.8,3430.2,0.0,0.0,0.0,0.0,0.0,0.0,0.0,0.0,0.0,0.0,0.0,0.0,0.0,0.0,0.0,0.0,0.0,0.0,0.0,0.0,122.8,24.3,272.6,524.5,125.6,338.0,4933.1,74.1,0.0,0.0,0.0,0.0,0.0,0.0,0.0,0.0,0.0,0.0,0.0,0.1,3258.1,1.7,0.8,0.7,0.7,0.8,67.6,83.1,0.0,0.0,0.0,0.0,0.0,0.0,0.0,0.0,0.0,0.0,0.0,0.0,0.0,0.0,0.0,0.0,0.0,0.0,0.0,0.0,0.0,0.0,0.0,0.0,0.0,0.0,0.0,0.0,0.0,0.0,0.0,0.0,0.0,0.0,0.0,0.0,0.0,0.0,0.0,0.0,0.0,0.0,0.0,0.0,0.0,0.0,0.0,0.0,0.0,0.0,0.0,0.0,0.0,0.0,0.0,0.0,0.0,0.0,0.0,0.0,0.0,0.0,0.0,0.0,0.0,0.0,0.0,0.0,0.0,0.0,0.0,0.0,0.0
0.0,0.0,0.0,0.0,0.0,0.0,0.0,0.0,0.0,0.0,0.0,0.0,0.0,0.0,0.0,0.0,0.0,0.0,0.0,0.0,0.0,0.0,0.0,0.0,0.0,0.0,0.0,0.0,0.0,0.0,0.0,0.0,0.0,0.0,0.0,0.0,0.0,0.0,0.0,0.0,0.0,0.0,0.0,0.0,0.0,0.0,0.0,0.0,0.0,0.0,0.0,0.0,0.0,0.0,0.0,0.0,0.0,0.0,0.0,0.0,0.0,0.0,0.0,0.0,0.0,0.0,0.0,0.0,0.0,0.0,0.0,37680.9,24004.0,4317.5,2039.9,14598.4,3482.0,1326.9,1125.3,795.6,2750.4,1252.9,1122.5,3330.8,2333.0,1001.1,6083.7,79665.3,2188.4,1188.4,5001.6,10460.5,5029.8,1061.1,8159.2,8638.1,10301.6,5953.0,21198.0,11545.4,9395.8,3920.0,22789.9,19477.8,6967.4,49906.4,14494.4,5734.3,3785.6,13322.8,11034.1,5617.1,56754.3,33252.3,4838.3,7416.1,9254.5,8958.2,10913.3,5371.6,7245.9,5662.6,5532.4,7708.9,5072.4,25074.3,3402.2,70635.8,109307.3,4338.2,9204.1,3513.6,4950.8,5106.9,33222.5,50471.4,825.9,0.0,0.0,0.0,0.0,0.0,0.0,0.0,0.0,0.0,0.0,0.0,0.7,2.7,0.0,0.0,0.0,0.0,0.0,0.0,0.0,0.0,344.3,846.3,414.5,181.0,515.3,37.3,0.0,0.0,0.0,0.0,0.0,0.0,0.0,0.0,0.0,0.0,0.3,54.2,359.2,0.8,0.0,0.0,0.0,35.8,20.6,1.1,0.1,0.0,0.0,0.0,0.0,0.0,0.0,0.0,0.0,0.0,0.0,0.0,0.0,0.0,0.0,0.0,0.0,0.0,0.0,0.0,0.0,0.0,0.0,0.0,0.0,0.0,0.0,0.0,0.0,0.0,0.0,0.0,0.0,0.0,0.0,0.0,0.0,0.0,0.0,0.0,0.0,0.0,0.0,0.0,0.0,0.0,0.0,0.0,0.0,0.0,0.0,0.0,0.0,0.0,0.0,0.0,0.0,0.0,0.0,0.0,0.0,0.0,0.0,0.0,0.0,0.0,0.0,0.0,0.0,0.0,0.0,0.0,0.0
0.0,0.0,0.0,0.0,0.0,0.0,0.0,0.0,0.0,0.0,0.0,0.0,0.0,0.0,0.0,0.0,0.0,0.0,0.0,0.0,0.0,0.0,0.0,0.0,0.0,0.0,0.0,0.0,0.0,0.0,0.0,0.0,0.0,0.0,0.0,0.0,0.0,0.0,0.0,0.0,0.0,0.0,0.0,0.0,0.0,0.0,0.0,0.0,0.0,0.0,0.0,0.0,0.0,0.0,0.0,0.0,0.0,0.0,0.0,0.0,0.0,0.0,0.0,0.0,0.0,0.0,0.0,0.0,0.0,0.0,0.0,18010.7,70001.9,20354.6,2347.1,9622.6,1825.9,5780.1,9979.7,998.3,1750.2,2880.8,1834.7,737.7,4126.4,1393.9,10613.6,17995.9,4995.0,6677.6,15523.3,19461.5,6006.4,5032.1,13086.4,36696.2,21271.7,5238.3,14452.4,5070.2,39096.6,30509.8,16133.8,53921.3,20781.8,26044.0,13166.2,11588.2,4992.4,4503.5,8652.7,8158.3,7648.3,11432.9,13479.5,8697.0,23111.9,4503.3,5641.3,3510.3,8295.9,11286.4,9788.1,19594.1,9438.1,7670.3,7979.6,10323.2,10319.9,13454.0,3855.6,6544.7,9822.0,6964.4,15277.0,14727.3,14143.8,52819.9,104.0,0.0,0.0,0.0,0.0,0.0,4160.7,12601.4,10523.6,4448.9,19633.3,3387.7,10646.9,960.8,2481.7,0.0,0.0,0.0,0.0,0.0,0.0,1505.5,3707.7,51.8,3.1,15.3,11.8,0.0,0.0,0.0,0.0,0.0,0.0,0.0,0.2,0.7,0.7,5.5,2.7,0.5,1137.6,907.3,0.3,0.0,0.0,1.1,0.2,0.0,0.0,0.0,0.0,0.0,0.0,0.0,0.0,0.0,0.0,0.0,0.0,0.0,0.0,0.0,0.0,0.0,0.0,0.0,0.0,0.0,0.0,0.0,0.0,0.0,0.0,0.0,0.0,0.0,0.0,0.0,0.0,0.0,0.0,0.0,0.0,0.0,0.0,0.0,0.0,0.0,0.0,0.0,0.0,0.0,0.0,0.0,0.0,0.0,0.0,0.0,0.0,0.0,0.0,0.0,0.0,0.0,0.0,0.0,0.0,0.0,0.0,0.0,0.0,0.0,0.0,0.0,0.0,0.0,0.0,0.0,0.0
0.0,0.0,0.0,0.0,0.0,0.0,0.0,0.0,0.0,0.0,0.0,0.0,0.0,0.0,0.0,0.0,0.0,0.0,0.0,0.0,0.0,0.0,0.0,0.0,0.0,0.0,0.0,0.0,0.0,0.0,0.0,0.0,0.0,0.0,0.0,0.0,0.0,0.0,0.0,0.0,0.0,0.0,0.0,0.0,0.0,0.0,0.0,0.0,0.0,0.0,0.0,0.0,0.0,0.0,0.0,0.0,0.0,0.0,0.0,0.0,0.0,0.0,0.0,0.0,0.0,0.0,0.0,0.0,0.0,0.0,0.0,15601.0,166887.7,64867.9,4974.6,6470.6,11124.5,2527.8,1414.6,910.4,666.3,640.7,4133.7,28121.5,1531.6,1218.0,3058.3,11575.4,88399.0,85388.9,19655.4,11077.4,14072.0,23863.5,36899.0,36025.4,53587.5,22575.2,3097.9,4759.1,23650.7,44886.8,98022.2,332610.2,224709.4,50085.5,15925.9,5526.8,4003.1,4061.1,6761.8,3082.9,3281.8,5885.4,5107.5,4374.6,3511.7,6642.2,11203.2,27221.5,82004.5,66301.3,19430.8,23451.5,94590.8,15418.8,22018.3,21604.7,6913.2,7791.3,20951.7,2500.9,8302.0,26937.3,14521.3,133918.4,38714.2,18672.5,20411.4,12834.3,7022.8,34845.3,13160.7,79587.1,104335.2,8278.2,5383.3,2524.0,3589.3,1817.3,4453.1,4187.8,7196.2,1794.2,252.4,0.0,0.0,0.0,0.0,0.0,613.8,665.9,294.7,41.0,434.7,0.0,0.0,0.0,0.0,0.0,0.3,0.1,0.7,0.7,0.7,0.7,281.5,1.1,1.1,0.9,1.2,10.0,0.0,1.1,0.4,0.0,0.0,0.0,0.0,0.0,0.0,0.0,0.0,0.0,0.0,0.0,0.0,0.0,0.0,0.0,0.0,0.0,0.0,0.0,0.0,0.0,0.0,0.0,0.0,0.0,0.0,0.0,0.0,0.0,0.0,0.0,0.0,0.0,0.0,0.0,0.0,0.0,0.0,0.0,0.0,0.0,0.0,0.0,0.0,0.0,0.0,0.0,0.0,0.0,0.0,0.0,0.0,0.0,0.0,0.0,0.0,0.0,0.0,0.0,0.0,0.0,0.0,0.0,0.0,0.0,0.0,0.0,0.0,0.0,0.0,0.0,0.0
0.0,0.0,0.0,0.0,0.0,0.0,0.0,0.0,0.0,0.0,0.0,0.0,0.0,0.0,0.0,0.0,0.0,0.0,0.0,0.0,0.0,0.0,0.0,0.0,0.0,0.0,0.0,0.0,0.0,0.0,0.0,0.0,0.0,0.0,0.0,0.0,0.0,0.0,0.0,0.0,0.0,0.0,0.0,0.0,0.0,0.0,0.0,0.0,0.0,0.0,0.0,0.0,0.0,0.0,0.0,0.0,0.0,0.0,0.0,0.0,0.0,0.0,0.0,0.0,0.0,0.0,0.0,0.0,0.0,0.0,0.0,585.5,44546.7,49184.2,2573.3,1598.9,2073.5,5238.6,1585.3,1005.4,892.4,626.4,2311.2,3288.4,1994.1,5734.4,16064.6,64060.6,194082.0,235103.4,82815.5,20070.9,18112.4,20562.1,9969.7,49850.9,197574.6,26423.7,16592.8,4732.5,9147.4,15216.4,77359.5,167759.3,183200.4,76147.8,26314.8,16188.1,103594.1,9979.9,2673.4,6444.3,5635.3,6049.2,3461.9,2780.7,5913.2,8638.9,6057.5,7045.5,2814.8,7959.8,15249.5,113946.1,304113.1,198974.3,14840.6,3431.6,68161.9,18887.8,6578.3,12212.8,6722.7,13497.5,22330.2,128937.8,17070.2,17756.7,11734.2,12186.1,10881.8,80207.7,52231.1,13241.9,10471.3,14552.8,4710.8,3277.3,3517.1,2556.8,2082.1,3394.2,11688.1,13540.2,4582.9,382.6,0.0,0.0,0.4,0.0,73.0,1168.1,1464.2,133.2,39.8,0.0,0.0,0.0,0.0,0.0,0.0,0.0,0.7,0.7,0.7,0.8,44.6,0.7,1.1,1.2,1.2,0.8,0.4,0.4,0.1,0.0,0.0,0.0,0.0,0.0,0.0,0.0,0.0,0.0,0.0,0.0,0.0,0.0,0.0,0.0,0.0,0.0,0.0,0.0,0.0,0.0,0.0,0.0,0.0,0.0,0.0,0.0,0.0,0.0,0.0,0.0,0.0,0.0,0.0,0.0,0.0,0.0,0.0,0.0,0.0,0.0,0.0,0.0,0.0,0.0,0.0,0.0,0.0,0.0,0.0,0.0,0.0,0.0,0.0,0.0,0.0,0.0,0.0,0.0,0.0,0.0,0.0,0.0,0.0,0.0,0.0,0.0,0.0,0.0,0.0,0.0,0.0
0.0,0.0,0.0,0.0,0.0,0.0,0.0,0.0,0.0,0.0,0.0,0.0,0.0,0.0,0.0,0.0,0.0,0.0,0.0,0.0,0.0,0.0,0.0,0.0,0.0,0.0,0.0,0.0,0.0,0.0,0.0,0.0,0.0,0.0,0.0,0.0,0.0,0.0,0.0,0.0,0.0,0.0,0.0,0.0,0.0,0.0,0.0,0.0,0.0,0.0,0.0,0.0,0.0,0.0,0.0,0.0,0.0,0.0,0.0,0.0,0.0,0.0,0.0,0.0,0.0,0.0,0.0,0.0,0.0,0.0,0.0,0.0,27299.3,2424.7,6482.5,933.7,438.4,2362.1,2587.5,3811.1,10808.2,2382.7,3157.4,7832.3,7120.4,18101.3,10126.5,15976.8,25919.6,62950.2,40797.2,14546.4,16105.8,17123.8,15396.0,82611.0,34464.2,12655.9,6896.0,6988.6,32363.3,19793.8,171901.1,18168.7,54438.3,16912.0,14038.2,14434.0,14548.2,11883.9,6438.1,13518.4,5132.5,9580.5,13274.3,15114.4,16785.2,13187.4,3261.8,8110.7,5593.1,16160.2,40864.9,142744.6,396905.5,332157.0,80868.0,11539.4,10408.5,8149.7,16532.6,6807.9,30227.3,16366.8,35763.5,125667.4,8149.5,7624.4,32832.6,12017.0,19923.7,26139.1,343018.2,65232.7,14965.1,14635.9,6265.0,1791.9,3473.9,1665.4,3478.0,5516.3,24478.2,50211.9,5969.2,1841.3,1.4,3.1,512.0,119.0,3.0,894.0,4207.3,52.8,30.6,0.0,0.0,0.0,0.0,0.0,0.0,0.0,1.1,1.2,0.0,216.9,336.7,1.0,0.9,1.0,1.1,1.0,0.9,0.0,0.0,0.0,0.0,0.0,0.0,0.0,0.0,0.0,0.0,0.0,0.0,0.0,0.0,0.0,0.0,0.0,0.0,0.0,0.0,0.0,0.0,0.0,0.0,0.0,0.0,0.0,0.0,0.0,0.0,0.0,0.0,0.0,0.0,0.0,0.0,0.0,0.0,0.0,0.0,0.0,0.0,0.0,0.0,0.0,0.0,0.0,0.0,0.0,0.0,0.0,0.0,0.0,0.0,0.0,0.0,0.0,0.0,0.0,0.0,0.0,0.0,0.0,0.0,0.0,0.0,0.0,0.0,0.0,0.0,0.0,0.0,0.0,0.0
0.0,0.0,0.0,0.0,0.0,0.0,0.0,0.0,0.0,0.0,0.0,0.0,0.0,0.0,0.0,0.0,0.0,0.0,0.0,0.0,0.0,0.0,0.0,0.0,0.0,0.0,0.0,0.0,0.0,0.0,0.0,0.0,0.0,0.0,0.0,0.0,0.0,0.0,0.0,0.0,0.0,0.0,0.0,0.0,0.0,0.0,0.0,0.0,0.0,0.0,0.0,0.0,0.0,0.0,0.0,0.0,0.0,0.0,0.0,0.0,0.0,0.0,0.0,0.0,0.0,0.0,0.0,0.0,0.0,0.0,0.0,0.0,82891.6,17713.1,40254.0,2475.3,2173.2,14785.2,2112.5,1806.9,2643.6,2407.8,16615.6,84470.2,43035.3,2547.7,780.2,17818.3,13775.7,18972.7,27606.0,12011.0,8183.6,47785.3,13926.2,8503.1,3062.1,1148.9,13978.4,35060.1,22628.7,7132.0,9410.3,10108.2,10004.5,8076.2,17204.4,5413.0,7271.6,12977.0,4194.5,5022.8,15588.2,58081.4,21441.6,82485.6,37766.3,14468.9,12363.7,18715.1,15841.5,57248.5,10136.4,29240.8,47783.1,39774.1,58996.9,22106.6,21104.9,27826.5,13361.2,10214.5,10800.1,19991.7,20588.2,21714.0,19029.8,15860.4,145884.8,83370.7,13429.7,32291.8,125314.0,66986.9,24301.0,12231.1,7562.8,19982.3,7686.1,5137.8,21133.4,6137.5,5942.1,7089.4,7239.5,5529.5,7344.6,0.0,0.0,0.0,14.9,288.8,198.2,83.3,161.9,38.7,0.0,0.0,0.0,0.0,0.0,0.0,91.8,2.5,0.6,0.6,0.8,1.0,1.0,116.1,853.3,1.1,1.1,0.0,0.0,0.0,0.0,0.0,0.0,0.0,0.0,0.0,0.0,0.0,0.0,0.0,0.0,0.0,0.0,0.0,0.0,0.0,0.0,0.0,0.0,0.0,0.0,0.0,0.0,0.0,0.0,0.0,0.0,0.0,0.0,0.0,0.0,0.0,0.0,0.0,0.0,0.0,0.0,0.0,0.0,0.0,0.0,0.0,0.0,0.0,0.0,0.0,0.0,0.0,0.0,0.0,0.0,0.0,0.0,0.0,0.0,0.0,0.0,0.0,0.0,0.0,0.0,0.0,0.0,0.0,0.0,0.0,0.0,0.0,0.0,0.0,0.0
0.0,0.0,0.0,0.0,0.0,0.0,0.0,0.0,0.0,0.0,0.0,0.0,0.0,0.0,0.0,0.0,0.0,0.0,0.0,0.0,0.0,0.0,0.0,0.0,0.0,0.0,0.0,0.0,0.0,0.0,0.0,0.0,0.0,0.0,0.0,0.0,0.0,0.0,0.0,0.0,0.0,0.0,0.0,0.0,0.0,0.0,0.0,0.0,0.0,0.0,0.0,0.0,0.0,0.0,0.0,0.0,0.0,0.0,0.0,0.0,0.0,0.0,0.0,0.0,0.0,0.0,0.0,0.0,0.0,0.0,0.0,0.0,34349.8,4938.0,7396.1,5545.3,2043.9,10424.0,2345.4,6961.3,2636.9,2917.9,47739.2,125753.0,22786.3,4124.9,2312.2,11421.8,7374.9,21766.1,11538.5,23508.3,51999.2,24429.3,12712.9,14422.0,8763.0,1620.0,7727.6,6338.1,10014.0,9920.5,7622.7,10259.8,11172.6,4574.6,6224.7,3575.7,18255.8,10909.8,9550.5,7740.0,25761.0,20644.2,30229.4,394776.8,254543.2,23192.6,16780.7,6285.8,20094.9,7038.9,7716.0,4695.7,11187.0,8416.2,38069.6,38225.1,16468.5,6685.5,8612.9,20813.1,21295.9,13886.3,14471.3,14497.5,20149.8,8993.8,10380.1,41392.2,11623.1,18956.9,21702.9,15213.0,24317.2,8857.1,8621.2,6004.2,5476.9,4063.7,6230.2,3703.8,3189.6,7667.3,7397.6,8421.0,17888.3,6350.7,1828.1,49.8,503.1,373.5,167.4,145.0,219.8,16.6,7.4,6.1,0.0,0.0,0.0,2.0,2873.0,25.8,107.7,0.7,0.6,0.6,0.7,58.7,9.9,3.2,1.8,0.0,0.0,0.0,0.0,0.0,0.0,0.0,0.0,0.0,0.0,0.0,0.0,0.0,0.0,0.0,0.0,0.0,0.0,0.0,0.0,0.0,0.0,0.0,0.0,0.0,0.0,0.0,0.0,0.0,0.0,0.0,0.0,0.0,0.0,0.0,0.0,0.0,0.0,0.0,0.0,0.0,0.0,0.0,0.0,0.0,0.0,0.0,0.0,0.0,0.0,0.0,0.0,0.0,0.0,0.0,0.0,0.0,0.0,0.0,0.0,0.0,0.0,0.0,0.0,0.0,0.0,0.0,0.0,0.0,0.0,0.0,0.0,0.0,0.0
0.0,0.0,0.0,0.0,0.0,0.0,0.0,0.0,0.0,0.0,0.0,0.0,0.0,0.0,0.0,0.0,0.0,0.0,0.0,0.0,0.0,0.0,0.0,0.0,0.0,0.0,0.0,0.0,0.0,0.0,0.0,0.0,0.0,0.0,0.0,0.0,0.0,0.0,0.0,0.0,0.0,0.0,0.0,0.0,0.0,0.0,0.0,0.0,0.0,0.0,0.0,0.0,0.0,0.0,0.0,0.0,0.0,0.0,0.0,0.0,0.0,0.0,0.0,0.0,0.0,0.0,0.0,0.0,0.0,0.0,0.0,1530.8,14042.9,4171.3,21426.0,2593.4,5485.2,5937.2,5429.1,4027.9,22529.8,1347.4,2353.5,6735.0,13826.0,5765.6,19701.5,2793.7,4335.6,9502.2,58794.0,33407.0,18460.9,10628.6,14193.1,19408.2,7635.9,8765.1,5771.5,8288.8,3149.4,23397.4,8968.7,8072.9,18538.7,7079.4,3057.9,6046.1,5748.6,4006.0,7400.4,3949.8,6733.4,28223.0,20691.6,149162.2,120225.1,18240.7,17460.4,14115.0,4471.5,5084.4,15709.1,9902.6,3765.5,31110.6,12087.9,63232.9,13613.8,4873.6,17144.5,44021.8,144494.9,29048.4,18200.5,10101.0,8736.9,7653.6,10698.3,58051.8,10902.4,10148.6,7279.4,23685.6,7902.5,8951.4,7731.1,8013.4,8708.2,4322.1,1616.0,1269.3,1122.6,2075.6,3720.3,5360.2,3242.5,9783.2,3163.3,3648.1,1677.3,561.6,1010.0,2253.8,194.9,284.6,259.9,7.3,0.0,0.0,0.0,1.1,11.2,180.5,527.3,0.6,0.6,0.6,0.4,0.6,1.2,0.8,0.0,1.0,5.5,0.0,0.0,0.0,0.0,0.0,0.0,0.0,0.0,0.0,0.0,0.0,0.0,0.0,0.0,0.0,0.0,0.0,0.0,0.0,0.0,0.0,0.0,0.0,0.0,0.0,0.0,0.0,0.0,0.0,0.0,0.0,0.0,0.0,0.0,0.0,0.0,0.0,0.0,0.0,0.0,0.0,0.0,0.0,0.0,0.0,0.0,0.0,0.0,0.0,0.0,0.0,0.0,0.0,0.0,0.0,0.0,0.0,0.0,0.0,0.0,0.0,0.0,0.0,0.0,0.0,0.0,0.0,0.0,0.0,0.0,0.0,0.0
0.0,0.0,0.0,0.0,0.0,0.0,0.0,0.0,0.0,0.0,0.0,0.0,0.0,0.0,0.0,0.0,0.0,0.0,0.0,0.0,0.0,0.0,0.0,0.0,0.0,0.0,0.0,0.0,0.0,0.0,0.0,0.0,0.0,0.0,0.0,0.0,0.0,0.0,0.0,0.0,0.0,0.0,0.0,0.0,0.0,0.0,0.0,0.0,0.0,0.0,0.0,0.0,0.0,0.0,0.0,0.0,0.0,0.0,0.0,0.0,0.0,0.0,0.0,0.0,0.0,0.0,0.0,0.0,0.0,0.0,0.0,15596.7,2633.1,3069.7,5020.6,6511.4,5835.5,42879.7,3573.8,5905.0,3639.6,1845.4,5820.7,11656.2,7032.2,6217.4,5290.3,2086.5,4946.4,3357.7,17294.0,7479.0,8634.7,12991.5,6725.8,12051.5,8173.8,14892.8,12039.5,9813.3,3660.1,1700.7,8580.8,16358.8,55333.3,12771.5,6453.8,2684.4,2971.8,10719.6,9042.2,17935.5,14891.5,12495.0,11335.8,21189.0,35346.2,12080.8,12044.2,4549.4,7155.4,15322.0,13826.0,7266.2,19039.1,11848.0,4112.2,11803.5,11650.5,10650.7,12445.8,31063.3,134605.2,25579.9,15918.7,17676.9,11884.5,22402.2,9772.6,16215.1,18874.2,18598.5,20062.8,7468.9,11407.2,17485.6,51846.1,6913.2,9658.4,8216.8,8946.2,7377.6,7359.8,4165.3,7518.6,9432.5,2467.1,5588.7,10482.5,810.1,164.0,1926.7,8836.3,24146.1,49611.0,1877.9,176.6,0.1,0.0,0.0,0.0,0.9,2.1,0.6,19.6,0.5,0.6,0.7,0.6,10.3,0.5,0.0,0.0,653.2,0.2,0.0,0.0,0.0,0.0,0.0,0.0,0.0,0.0,0.0,0.0,0.0,0.0,0.0,0.0,0.0,0.0,0.0,0.0,0.0,0.0,0.0,0.0,0.0,0.0,0.0,0.0,0.0,0.0,0.0,0.0,0.0,0.0,0.0,0.0,0.0,0.0,0.0,0.0,0.0,0.0,0.0,0.0,0.0,0.0,0.0,0.0,0.0,0.0,0.0,0.0,0.0,0.0,0.0,0.0,0.0,0.0,0.0,0.0,0.0,0.0,0.0,0.0,0.0,0.0,0.0,0.0,0.0,0.0,0.0,0.0,0.0,0.0
0.0,0.0,0.0,0.0,0.0,0.0,0.0,0.0,0.0,0.0,0.0,0.0,0.0,0.0,0.0,0.0,0.0,0.0,0.0,0.0,0.0,0.0,0.0,0.0,0.0,0.0,0.0,0.0,0.0,0.0,0.0,0.0,0.0,0.0,0.0,0.0,0.0,0.0,0.0,0.0,0.0,0.0,0.0,0.0,0.0,0.0,0.0,0.0,0.0,0.0,0.0,0.0,0.0,0.0,0.0,0.0,0.0,0.0,0.0,0.0,0.0,0.0,0.0,0.0,0.0,0.0,0.0,0.0,0.0,0.0,2968.4,93197.3,4410.4,9572.3,9917.2,6776.2,9888.2,16927.4,19293.8,4865.5,1991.1,1375.1,1324.0,1284.0,63402.6,14431.8,2442.2,5259.8,5599.0,4611.2,4839.3,2578.2,4903.6,5809.5,6144.1,21629.9,16336.2,76419.9,165633.7,21260.1,8747.5,5411.5,2486.5,8033.7,9324.7,6757.1,5090.7,9197.0,3780.9,13873.5,5707.8,3978.1,3178.1,4899.1,4570.9,14350.9,7686.7,2613.4,7305.7,10419.2,15471.0,32189.5,12269.9,6728.7,6238.1,51219.4,5384.7,9240.8,6332.3,4447.6,8069.3,7098.8,6529.7,10738.5,5611.8,9348.9,6833.8,21419.2,13021.4,14663.4,18788.8,195362.4,70143.2,16873.7,6281.7,14084.4,8454.1,10736.3,8273.4,10297.6,2470.4,3861.3,634.5,1038.7,4066.6,531.3,772.7,3006.4,2168.0,9.6,833.5,839.2,1238.1,19955.9,4125.2,388.1,62.7,0.0,0.0,0.0,0.0,0.6,3.2,4.9,10.1,0.4,0.6,0.5,0.6,0.6,0.6,5.6,440.6,2522.1,9.7,0.0,0.0,0.0,0.0,0.0,0.0,0.0,0.0,0.0,0.0,0.0,0.0,0.0,0.0,0.0,0.0,0.0,0.0,0.0,0.0,0.0,0.0,0.0,0.0,0.0,0.0,0.0,0.0,0.0,0.0,0.0,0.0,0.0,0.0,0.0,0.0,0.0,0.0,0.0,0.0,0.0,0.0,0.0,0.0,0.0,0.0,0.0,0.0,0.0,0.0,0.0,0.0,0.0,0.0,0.0,0.0,0.0,0.0,0.0,0.0,0.0,0.0,0.0,0.0,0.0,0.0,0.0,0.0,0.0,0.0,0.0,0.0
0.0,0.0,0.0,0.0,0.0,0.0,0.0,0.0,0.0,0.0,0.0,0.0,0.0,0.0,0.0,0.0,0.0,0.0,0.0,0.0,0.0,0.0,0.0,0.0,0.0,0.0,0.0,0.0,0.0,0.0,0.0,0.0,0.0,0.0,0.0,0.0,0.0,0.0,0.0,0.0,0.0,0.0,0.0,0.0,0.0,0.0,0.0,0.0,0.0,0.0,0.0,0.0,0.0,0.0,0.0,0.0,0.0,0.0,0.0,0.0,0.0,0.0,0.0,0.0,0.0,0.0,0.0,0.0,0.0,0.0,2449.0,52433.0,11849.6,6071.6,13479.1,8407.5,18245.3,83203.0,3756.4,2131.1,3847.3,397.9,1711.0,2070.5,18784.1,28352.0,10974.4,7496.4,4150.8,12853.2,17419.6,20100.0,28200.7,34087.2,54609.1,4335.0,12900.8,62608.3,122260.8,48558.7,17355.8,10391.4,8972.1,32566.2,8061.8,6894.3,6788.5,2466.5,12720.5,7005.3,4591.3,6812.7,17185.9,26688.7,6975.8,53573.8,21891.8,5378.5,4471.6,13589.9,125705.2,106981.1,54338.3,41461.3,19912.7,8308.1,24677.3,7308.9,11260.4,19864.4,5324.4,15035.7,7246.2,11006.2,16347.9,8618.6,8161.9,6420.5,29091.0,86407.5,20476.5,49983.2,30693.5,10639.9,5432.8,8613.0,13900.7,53494.9,5517.4,1831.1,6966.6,4633.8,1345.6,4778.9,1248.1,2532.4,871.8,1304.1,406.1,0.0,481.4,575.1,1630.8,1923.0,174.4,41.4,15.0,0.0,0.0,0.0,0.0,0.1,6.7,8.5,1.2,0.2,0.7,0.7,0.7,0.5,0.2,10.9,166.1,2878.4,5.6,0.0,0.0,0.0,0.0,0.0,0.0,0.0,0.0,0.0,0.0,0.0,0.0,0.0,0.0,0.0,0.0,0.0,0.0,0.0,0.0,0.0,0.0,0.0,0.0,0.0,0.0,0.0,0.0,0.0,0.0,0.0,0.0,0.0,0.0,0.0,0.0,0.0,0.0,0.0,0.0,0.0,0.0,0.0,0.0,0.0,0.0,0.0,0.0,0.0,0.0,0.0,0.0,0.0,0.0,0.0,0.0,0.0,0.0,0.0,0.0,0.0,0.0,0.0,0.0,0.0,0.0,0.0,0.0,0.0,0.0,0.0,0.0
0.0,0.0,0.0,0.0,0.0,0.0,0.0,0.0,0.0,0.0,0.0,0.0,0.0,0.0,0.0,0.0,0.0,0.0,0.0,0.0,0.0,0.0,0.0,0.0,0.0,0.0,0.0,0.0,0.0,0.0,0.0,0.0,0.0,0.0,0.0,0.0,0.0,0.0,0.0,0.0,0.0,0.0,0.0,0.0,0.0,0.0,0.0,0.0,0.0,0.0,0.0,0.0,0.0,0.0,0.0,0.0,0.0,0.0,0.0,0.0,0.0,0.0,0.0,0.0,0.0,0.0,0.0,0.0,244.8,6296.6,2111.0,4733.7,1117.1,3778.3,14268.3,8565.8,7325.8,14140.0,2802.8,5136.1,14497.7,2997.3,1052.7,11005.3,77881.7,12991.3,21908.0,51318.2,6801.9,14721.5,68122.6,62475.1,30127.1,29330.8,24811.1,50287.7,82049.7,45118.0,25262.7,80876.8,7440.2,12087.2,8817.8,11418.4,3346.2,4151.3,1488.8,851.2,5642.5,29701.5,23110.8,8712.6,17333.5,13805.8,108255.0,111391.0,57273.2,6681.6,13268.1,19418.9,138954.9,532965.9,288882.9,119356.0,22235.1,48545.7,19993.1,12688.7,15593.6,15850.3,9806.4,14133.5,6255.7,18843.6,12246.9,18360.2,6598.4,14450.1,15481.0,13659.2,10658.1,21238.1,9617.5,33441.5,11109.7,36282.9,93312.8,26561.6,7980.0,7225.2,7598.0,3580.9,1255.0,528.1,364.6,2717.0,1429.0,4292.9,3.2,0.0,234.3,745.5,1018.9,497.1,24.6,1.5,14.0,2.8,0.0,0.0,0.0,142.2,1813.0,1.6,0.0,0.2,0.6,0.7,0.6,0.4,0.0,0.0,517.1,73.3,0.0,0.0,0.0,0.0,0.0,0.0,0.0,0.0,0.0,0.0,0.0,0.0,0.0,0.0,0.0,0.0,0.0,0.0,0.0,0.0,0.0,0.0,0.0,0.0,0.0,0.0,0.0,0.0,0.0,0.0,0.0,0.0,0.0,0.0,0.0,0.0,0.0,0.0,0.0,0.0,0.0,0.0,0.0,0.0,0.0,0.0,0.0,0.0,0.0,0.0,0.0,0.0,0.0,0.0,0.0,0.0,0.0,0.0,0.0,0.0,0.0,0.0,0.0,0.0,0.0,0.0,0.0,0.0,0.0,0.0,0.0,0.0,0.0
0.0,0.0,0.0,0.0,0.0,0.0,0.0,0.0,0.0,0.0,0.0,0.0,0.0,0.0,0.0,0.0,0.0,0.0,0.0,0.0,0.0,0.0,0.0,0.0,0.0,0.0,0.0,0.0,0.0,0.0,0.0,0.0,0.0,0.0,0.0,0.0,0.0,0.0,0.0,0.0,0.0,0.0,0.0,0.0,0.0,0.0,0.0,0.0,0.0,0.0,0.0,0.0,0.0,0.0,0.0,0.0,0.0,0.0,0.0,0.0,0.0,0.0,0.0,0.0,0.0,0.0,0.0,0.0,147.3,364.6,1704.5,2948.1,5131.3,10435.6,6769.6,3919.8,2830.5,2522.4,5420.9,2088.6,1116.4,334.7,1157.8,22442.3,175415.4,16203.3,7614.4,7554.6,21088.3,91839.2,45857.3,201650.3,169539.3,118777.7,17398.6,10174.9,13134.0,10156.4,7277.9,11871.6,31237.9,10544.3,7433.7,35267.9,10788.0,2853.9,15891.0,11499.1,3796.4,5232.1,9360.5,12402.4,9837.8,34219.6,73381.5,110832.5,14114.1,13887.8,7329.7,9718.6,48581.2,155437.2,223446.2,115814.5,255734.5,206826.1,52884.0,40233.4,20407.4,18389.8,74733.5,13861.4,13676.5,5184.8,9938.0,18254.2,6952.5,47208.8,18539.6,32291.9,52316.5,54102.7,33710.9,43851.6,73358.3,27868.2,25468.4,42279.3,0.0,2640.4,2762.3,4093.0,1200.8,716.2,2709.1,3575.8,3336.7,1050.2,0.0,0.0,32.2,44.7,1765.6,309.7,44.2,6.8,5.9,0.1,0.0,0.0,0.6,340.4,149.4,23.5,0.0,0.1,0.7,0.6,0.7,0.5,0.0,0.3,14.5,12.0,0.0,0.2,0.0,0.0,0.0,0.0,0.0,0.0,0.0,0.0,0.0,0.0,0.0,0.0,0.0,0.0,0.0,0.0,0.0,0.0,0.0,0.0,0.0,0.0,0.0,0.0,0.0,0.0,0.0,0.0,0.0,0.0,0.0,0.0,0.0,0.0,0.0,0.0,0.0,0.0,0.0,0.0,0.0,0.0,0.0,0.0,0.0,0.0,0.0,0.0,0.0,0.0,0.0,0.0,0.0,0.0,0.0,0.0,0.0,0.0,0.0,0.0,0.0,0.0,0.0,0.0,0.0,0.0,0.0,0.0,0.0,0.0,0.0
0.0,0.0,0.0,0.0,0.0,0.0,0.0,0.0,0.0,0.0,0.0,0.0,0.0,0.0,0.0,0.0,0.0,0.0,0.0,0.0,0.0,0.0,0.0,0.0,0.0,0.0,0.0,0.0,0.0,0.0,0.0,0.0,0.0,0.0,0.0,0.0,0.0,0.0,0.0,0.0,0.0,0.0,0.0,0.0,0.0,0.0,0.0,0.0,0.0,0.0,0.0,0.0,0.0,0.0,0.0,0.0,0.0,0.0,0.0,0.0,0.0,0.0,0.0,0.0,0.0,0.0,0.0,0.0,588.4,6840.2,199.8,104.3,2127.4,4798.9,11207.5,2546.3,6090.3,3879.8,2065.5,3217.8,4970.8,781.5,5959.1,2645.0,3528.3,8509.0,11162.2,4954.7,16231.1,112655.1,151057.8,260414.7,398676.9,280799.2,55494.6,29130.9,22287.1,8433.3,10593.8,1928.9,17394.8,30333.8,37178.6,16060.5,22374.8,3594.6,2498.1,6803.2,7869.0,10441.3,8924.5,4438.1,24679.8,26997.1,6446.5,30788.9,6920.1,6360.2,3753.6,10375.2,21108.2,33364.1,18834.7,20604.3,69370.4,89020.8,27880.5,8457.4,7734.8,11916.9,15292.9,9438.8,6715.9,4357.5,17868.0,79866.6,78141.5,14631.9,29024.6,238767.1,75212.0,78690.5,45469.8,178749.8,66521.3,16884.1,5606.2,3117.6,2206.3,765.0,1008.0,8159.3,5050.3,4009.5,2263.5,15999.4,1669.5,34.3,0.0,0.0,5.5,1.8,725.0,213.3,14.1,16.0,3.1,0.0,0.0,0.0,0.1,4.0,11.9,0.1,0.0,0.0,0.6,0.7,0.7,0.6,0.0,3.3,269.7,9.8,0.0,0.3,0.0,0.0,0.0,0.0,0.0,0.0,0.0,0.0,0.0,0.0,0.0,0.0,0.0,0.0,0.0,0.0,0.0,0.0,0.0,0.0,0.0,0.0,0.0,0.0,0.0,0.0,0.0,0.0,0.0,0.0,0.0,0.0,0.0,0.0,0.0,0.0,0.0,0.0,0.0,0.0,0.0,0.0,0.0,0.0,0.0,0.0,0.0,0.0,0.0,0.0,0.0,0.0,0.0,0.0,0.0,0.0,0.0,0.0,0.0,0.0,0.0,0.0,0.0,0.0,0.0,0.0,0.0,0.0,0.0,0.0,0.0
0.0,0.0,0.0,0.0,0.0,0.0,0.0,0.0,0.0,0.0,0.0,0.0,0.0,0.0,0.0,0.0,0.0,0.0,0.0,0.0,0.0,0.0,0.0,0.0,0.0,0.0,0.0,0.0,0.0,0.0,0.0,0.0,0.0,0.0,0.0,0.0,0.0,0.0,0.0,0.0,0.0,0.0,0.0,0.0,0.0,0.0,0.0,0.0,0.0,0.0,0.0,0.0,0.0,0.0,0.0,0.0,0.0,0.0,0.0,0.0,0.0,0.0,0.0,0.0,0.0,0.0,0.0,0.0,33.6,3024.2,1867.4,216.8,2704.4,11857.4,12206.9,18313.1,2455.6,1533.4,1318.6,2608.6,6401.2,1743.0,2174.3,5711.2,4003.1,1797.2,6754.9,16446.5,25268.5,103204.2,293401.3,509267.7,545931.0,216247.4,57823.5,14675.5,3732.4,11478.1,10451.3,3782.7,2156.9,11316.9,40190.8,148658.7,70185.9,28713.4,15907.3,8098.1,11693.0,38261.5,26017.5,7787.8,3683.1,11782.6,12941.0,25640.1,4270.6,4456.1,11726.2,7175.2,15626.9,7984.6,12979.2,17618.3,11377.5,31526.2,59443.9,19548.1,22633.8,6096.4,12902.9,8530.4,54942.9,10789.1,33883.4,171336.4,184784.2,58760.4,23550.4,200747.6,277127.9,256444.0,117310.1,27024.9,29928.7,10092.3,12085.7,5706.1,5089.8,2928.6,0.0,578.7,2907.1,263.0,0.3,0.0,0.0,0.0,0.0,0.0,51.6,45.8,3627.8,105.8,10.0,11.6,0.4,0.0,0.0,0.0,47.0,1.2,1.1,0.6,0.1,0.2,0.6,0.4,0.3,0.2,0.1,1298.0,3479.4,0.0,0.0,0.3,0.0,0.0,0.0,0.0,0.0,0.0,0.0,0.0,0.0,0.0,0.0,0.0,0.0,0.0,0.0,0.0,0.0,0.0,0.0,0.0,0.0,0.0,0.0,0.0,0.0,0.0,0.0,0.0,0.0,0.0,0.0,0.0,0.0,0.0,0.0,0.0,0.0,0.0,0.0,0.0,0.0,0.0,0.0,0.0,0.0,0.0,0.0,0.0,0.0,0.0,0.0,0.0,0.0,0.0,0.0,0.0,0.0,0.0,0.0,0.0,0.0,0.0,0.0,0.0,0.0,0.0,0.0,0.0,0.0,0.0,0.0
0.0,0.0,0.0,0.0,0.0,0.0,0.0,0.0,0.0,0.0,0.0,0.0,0.0,0.0,0.0,0.0,0.0,0.0,0.0,0.0,0.0,0.0,0.0,0.0,0.0,0.0,0.0,0.0,0.0,0.0,0.0,0.0,0.0,0.0,0.0,0.0,0.0,0.0,0.0,0.0,0.0,0.0,0.0,0.0,0.0,0.0,0.0,0.0,0.0,0.0,0.0,0.0,0.0,0.0,0.0,0.0,0.0,0.0,0.0,0.0,0.0,0.0,0.0,0.0,0.0,0.0,0.0,0.0,0.0,5.1,2480.6,6976.6,5654.2,46392.2,12735.1,4660.3,1968.9,1871.3,1311.0,23728.1,2670.6,4081.5,24854.9,5635.3,4638.0,2041.7,10501.9,20100.1,46048.2,131791.3,173048.6,331441.1,479302.7,344039.6,120163.6,31653.6,9904.6,14883.5,14899.1,10109.3,666.0,885.6,76409.7,165740.9,139735.7,12675.6,5272.5,5749.9,13103.0,7890.8,12689.1,4227.3,5564.7,4569.7,4652.7,7179.6,6566.4,7796.6,9178.8,10213.2,8721.6,7120.5,15962.9,10014.8,18277.9,3097.9,26027.5,9336.7,36241.3,6106.0,4177.9,3682.8,9718.1,20366.1,13075.2,14453.3,5375.7,12520.1,78824.9,366033.8,653293.9,303724.9,149320.7,15258.8,17992.4,7781.0,4695.0,2893.0,7407.0,2604.3,831.9,0.0,0.0,0.0,0.0,0.0,0.0,0.0,0.0,0.0,173.2,152.1,460.2,11153.3,55.7,4.6,0.0,0.0,0.0,0.0,0.1,1.7,1.8,1.5,166.3,43.0,0.5,0.0,0.0,0.1,0.0,4276.4,77.9,0.0,0.0,0.2,0.0,0.0,0.0,0.0,0.0,0.0,0.0,0.0,0.0,0.0,0.0,0.0,0.0,0.0,0.0,0.0,0.0,0.0,0.0,0.0,0.0,0.0,0.0,0.0,0.0,0.0,0.0,0.0,0.0,0.0,0.0,0.0,0.0,0.0,0.0,0.0,0.0,0.0,0.0,0.0,0.0,0.0,0.0,0.0,0.0,0.0,0.0,0.0,0.0,0.0,0.0,0.0,0.0,0.0,0.0,0.0,0.0,0.0,0.0,0.0,0.0,0.0,0.0,0.0,0.0,0.0,0.0,0.0,0.0,0.0,0.0
0.0,0.0,0.0,0.0,0.0,0.0,0.0,0.0,0.0,0.0,0.0,0.0,0.0,0.0,0.0,0.0,0.0,0.0,0.0,0.0,0.0,0.0,0.0,0.0,0.0,0.0,0.0,0.0,0.0,0.0,0.0,0.0,0.0,0.0,0.0,0.0,0.0,0.0,0.0,0.0,0.0,0.0,0.0,0.0,0.0,0.0,0.0,0.0,0.0,0.0,0.0,0.0,0.0,0.0,0.0,0.0,0.0,0.0,0.0,0.0,0.0,0.0,0.0,0.0,0.0,0.0,0.0,0.0,0.0,0.0,386.3,15730.2,19672.2,225535.4,18712.1,15992.3,7226.6,14899.9,3783.2,84108.7,10080.0,2382.8,2426.6,10250.1,3045.6,6737.2,3740.6,12019.4,18779.3,41770.8,145191.7,112594.5,199639.3,184435.1,132116.1,48162.0,24100.7,5317.9,18587.9,6306.9,8305.4,288.0,8889.7,46565.1,32701.6,15000.1,15482.3,23104.6,9174.1,2560.3,2841.1,2556.6,3348.1,5141.2,4395.4,2832.1,20175.7,2601.0,4115.3,2997.9,7197.1,3895.5,7810.7,10894.9,6499.2,11972.4,107672.2,75558.8,37545.7,13015.2,45372.9,10747.9,6839.3,27175.3,31621.6,10825.8,0.0,0.0,19057.3,132300.6,546652.3,541381.2,86147.9,16222.5,10528.2,6282.0,6413.3,3531.9,2405.3,2000.5,3.8,0.0,0.0,0.0,0.0,0.0,0.0,0.0,0.0,2.3,1097.1,468.0,624.4,27.1,18.0,0.0,0.0,0.1,0.8,1.3,0.8,1.7,1.9,1.6,11.5,3.6,0.7,1.1,4.8,2.8,46.7,1079.8,72.0,7.2,0.0,0.0,0.0,0.0,0.0,0.0,0.0,0.0,0.0,0.0,0.0,0.0,0.0,0.0,0.0,0.0,0.0,0.0,0.0,0.0,0.0,0.0,0.0,0.0,0.0,0.0,0.0,0.0,0.0,0.0,0.0,0.0,0.0,0.0,0.0,0.0,0.0,0.0,0.0,0.0,0.0,0.0,0.0,0.0,0.0,0.0,0.0,0.0,0.0,0.0,0.0,0.0,0.0,0.0,0.0,0.0,0.0,0.0,0.0,0.0,0.0,0.0,0.0,0.0,0.0,0.0,0.0,0.0,0.0,0.0,0.0,0.0,0.0
0.0,0.0,0.0,0.0,0.0,0.0,0.0,0.0,0.0,0.0,0.0,0.0,0.0,0.0,0.0,0.0,0.0,0.0,0.0,0.0,0.0,0.0,0.0,0.0,0.0,0.0,0.0,0.0,0.0,0.0,0.0,0.0,0.0,0.0,0.0,0.0,0.0,0.0,0.0,0.0,0.0,0.0,0.0,0.0,0.0,0.0,0.0,0.0,0.0,0.0,0.0,0.0,0.0,0.0,0.0,0.0,0.0,0.0,0.0,0.0,0.0,0.0,0.0,0.0,0.0,0.0,0.0,0.0,0.0,0.0,0.0,62.7,1179.8,12317.3,3368.2,31034.3,6462.0,5633.3,5187.6,12959.7,2026.5,18825.2,8488.1,4865.0,24796.5,39193.9,81095.6,30421.3,2481.7,9699.2,25035.7,32451.3,67172.4,75997.7,25219.4,29453.9,38700.7,4344.6,2597.8,3327.9,6092.9,4143.2,10849.9,43575.3,35878.4,31289.7,6597.3,4570.9,6622.9,8765.9,6074.6,10253.2,5948.6,3367.7,6448.0,5276.4,6037.3,9159.0,5207.5,5468.6,7521.6,10806.0,10616.6,30127.7,4510.6,28946.0,429889.7,480320.3,69267.9,12175.6,12514.1,16959.3,4932.9,3538.3,24213.0,19630.7,880.8,0.8,19675.9,24588.0,21260.1,20698.6,68133.5,16721.1,11567.9,11092.8,4840.5,1593.9,2537.6,0.1,0.0,0.0,0.0,0.0,0.0,0.0,0.0,0.0,0.0,370.3,1624.4,366.3,1589.9,169.8,0.0,0.0,0.0,1.3,2.1,2.1,2.1,1.7,1.9,2.0,2.2,26.0,11.3,0.6,5.0,4.6,16.3,104.7,17.1,0.3,0.0,0.0,0.0,0.0,0.0,0.0,0.0,0.0,0.0,0.0,0.0,0.0,0.0,0.0,0.0,0.0,0.0,0.0,0.0,0.0,0.0,0.0,0.0,0.0,0.0,0.0,0.0,0.0,0.0,0.0,0.0,0.0,0.0,0.0,0.0,0.0,0.0,0.0,0.0,0.0,0.0,0.0,0.0,0.0,0.0,0.0,0.0,0.0,0.0,0.0,0.0,0.0,0.0,0.0,0.0,0.0,0.0,0.0,0.0,0.0,0.0,0.0,0.0,0.0,0.0,0.0,0.0,0.0,0.0,0.0,0.0,0.0,0.0
0.0,0.0,0.0,0.0,0.0,0.0,0.0,0.0,0.0,0.0,0.0,0.0,0.0,0.0,0.0,0.0,0.0,0.0,0.0,0.0,0.0,0.0,0.0,0.0,0.0,0.0,0.0,0.0,0.0,0.0,0.0,0.0,0.0,0.0,0.0,0.0,0.0,0.0,0.0,0.0,0.0,0.0,0.0,0.0,0.0,0.0,0.0,0.0,0.0,0.0,0.0,0.0,0.0,0.0,0.0,0.0,0.0,0.0,0.0,0.0,0.0,0.0,0.0,0.0,0.0,0.0,0.0,0.0,0.0,0.0,0.0,68.1,637.4,5983.0,4903.6,4533.3,5914.4,31240.7,5051.1,5438.6,6561.2,5439.9,3384.5,8901.1,21846.5,120913.3,54991.1,26368.5,2712.9,3136.9,5809.1,10892.4,96885.6,55883.9,25809.8,9101.1,23676.4,9052.5,8746.0,23047.2,17289.0,15944.8,56.1,13724.3,28732.6,48878.1,12316.4,5399.5,9822.9,6058.0,4866.0,15793.8,1932.6,3492.8,9449.3,3910.0,6115.2,13208.7,5572.7,43818.1,18407.5,8533.8,19553.5,19513.2,29672.8,22895.2,264259.1,124003.0,22733.6,13568.3,17230.1,30552.4,22256.6,11343.3,38916.9,29457.8,184.6,137.8,28740.6,7632.4,7754.4,13490.7,19445.7,42997.4,114094.3,0.0,0.0,0.0,0.0,0.0,0.0,0.0,0.0,0.0,0.0,0.0,0.0,0.0,0.0,638.5,1513.5,2712.6,797.6,1744.5,0.0,0.0,0.0,1.0,2.4,2.0,62.0,249.8,1.6,1.9,33.3,81.4,26.3,206.0,4.8,4.9,19.1,1330.6,0.8,0.0,0.0,0.0,0.0,0.0,0.0,0.0,0.0,0.0,0.0,0.0,0.0,0.0,0.0,0.0,0.0,0.0,0.0,0.0,0.0,0.0,0.0,0.0,0.0,0.0,0.0,0.0,0.0,0.0,0.0,0.0,0.0,0.0,0.0,0.0,0.0,0.0,0.0,0.0,0.0,0.0,0.0,0.0,0.0,0.0,0.0,0.0,0.0,0.0,0.0,0.0,0.0,0.0,0.0,0.0,0.0,0.0,0.0,0.0,0.0,0.0,0.0,0.0,0.0,0.0,0.0,0.0,0.0,0.0,0.0,0.0,0.0,0.0,0.0
0.0,0.0,0.0,0.0,0.0,0.0,0.0,0.0,0.0,0.0,0.0,0.0,0.0,0.0,0.0,0.0,0.0,0.0,0.0,0.0,0.0,0.0,0.0,0.0,0.0,0.0,0.0,0.0,0.0,0.0,0.0,0.0,0.0,0.0,0.0,0.0,0.0,0.0,0.0,0.0,0.0,0.0,0.0,0.0,0.0,0.0,0.0,0.0,0.0,0.0,0.0,0.0,0.0,0.0,0.0,0.0,0.0,0.0,0.0,0.0,0.0,0.0,0.0,0.0,0.0,0.0,0.0,0.0,0.0,3.1,1494.8,19039.9,2132.0,2479.5,1479.4,6948.0,4041.2,12086.3,8391.3,32870.9,1839.1,3309.0,2150.7,12424.3,11451.1,2708.7,2686.9,10003.6,35700.8,15400.1,12089.1,3506.4,32629.8,24208.1,14840.2,14406.9,18455.2,16258.3,2813.3,6227.2,15958.7,28682.5,6132.8,2636.8,6675.8,17775.4,17638.8,7322.0,11338.7,8215.7,8696.2,9635.1,8637.9,12908.8,18527.6,5840.5,3407.1,11555.5,69812.1,9710.6,7241.1,15858.9,6698.7,3176.7,9343.8,67715.2,30515.3,62982.9,10963.1,37478.7,16754.3,72926.9,9158.3,9423.8,13823.7,15098.9,0.0,0.0,0.0,1774.8,35301.2,15098.8,3740.0,12431.2,10259.2,158.3,0.0,0.0,0.0,0.0,0.0,0.0,0.0,0.0,0.0,0.0,0.0,0.0,1.1,221.5,3138.6,544.7,718.4,5794.2,58.8,0.5,21.2,9.1,1.6,0.9,0.5,17.6,179.5,11.1,7.1,49.4,33165.1,247.1,3.1,2.3,123.0,75.7,0.0,0.0,0.0,0.0,0.0,0.0,0.0,0.0,0.0,0.0,0.0,0.0,0.0,0.0,0.0,0.0,0.0,0.0,0.0,0.0,0.0,0.0,0.0,0.0,0.0,0.0,0.0,0.0,0.0,0.0,0.0,0.0,0.0,0.0,0.0,0.0,0.0,0.0,0.0,0.0,0.0,0.0,0.0,0.0,0.0,0.0,0.0,0.0,0.0,0.0,0.0,0.0,0.0,0.0,0.0,0.0,0.0,0.0,0.0,0.0,0.0,0.0,0.0,0.0,0.0,0.0,0.0,0.0,0.0,0.0,0.0,0.0,0.0,0.0,0.0
0.0,0.0,0.0,0.0,0.0,0.0,0.0,0.0,0.0,0.0,0.0,0.0,0.0,0.0,0.0,0.0,0.0,0.0,0.0,0.0,0.0,0.0,0.0,0.0,0.0,0.0,0.0,0.0,0.0,0.0,0.0,0.0,0.0,0.0,0.0,0.0,0.0,0.0,0.0,0.0,0.0,0.0,0.0,0.0,0.0,0.0,0.0,0.0,0.0,0.0,0.0,0.0,0.0,0.0,0.0,0.0,0.0,0.0,0.0,0.0,0.0,0.0,0.0,0.0,0.0,0.0,0.0,0.0,8.4,1653.9,263.4,1202.2,2853.7,10099.5,4479.6,65284.7,43990.3,12411.1,9367.6,3491.4,18638.5,3240.6,5428.1,14921.2,5965.1,3691.9,3233.9,4974.4,6937.1,2910.8,3266.7,4267.4,3780.0,6252.5,10075.8,19681.1,20123.6,44021.6,8773.3,6168.1,4371.5,24174.4,17795.0,4366.3,6139.4,36792.9,9479.3,26667.6,5842.2,16252.2,10458.1,12676.4,16775.1,13286.3,5858.3,7308.9,12141.7,21111.0,67056.1,3873.8,6538.8,8187.8,8015.3,3936.1,17729.6,11854.4,16235.0,46916.2,8103.3,13328.5,8837.3,21815.3,18817.5,16290.2,67668.0,137416.7,0.0,0.0,0.0,316.9,12360.4,4293.1,2383.8,3070.7,7147.7,5070.2,252.3,0.0,0.0,485.6,1594.8,727.9,0.0,0.0,0.0,0.0,53.2,792.6,0.0,2.0,348.9,226.8,166.7,644.6,943.0,4331.8,23.5,12.5,1.3,0.9,1.3,9.9,6.1,0.4,10.6,13.1,7716.7,240.1,32.5,211.8,4928.7,150.7,0.0,0.0,0.0,0.0,0.0,0.0,0.0,0.0,0.0,0.0,0.0,0.0,0.0,0.0,0.0,0.0,0.0,0.0,0.0,0.0,0.0,0.0,0.0,0.0,0.0,0.0,0.0,0.0,0.0,0.0,0.0,0.0,0.0,0.0,0.0,0.0,0.0,0.0,0.0,0.0,0.0,0.0,0.0,0.0,0.0,0.0,0.0,0.0,0.0,0.0,0.0,0.0,0.0,0.0,0.0,0.0,0.0,0.0,0.0,0.0,0.0,0.0,0.0,0.0,0.0,0.0,0.0,0.0,0.0,0.0,0.0,0.0,0.0,0.0,0.0
0.0,0.0,0.0,0.0,0.0,0.0,0.0,0.0,0.0,0.0,0.0,0.0,0.0,0.0,0.0,0.0,0.0,0.0,0.0,0.0,0.0,0.0,0.0,0.0,0.0,0.0,0.0,0.0,0.0,0.0,0.0,0.0,0.0,0.0,0.0,0.0,0.0,0.0,0.0,0.0,0.0,0.0,0.0,0.0,0.0,0.0,0.0,0.0,0.0,0.0,0.0,0.0,0.0,0.0,0.0,0.0,0.0,0.0,0.0,0.0,0.0,0.0,0.0,0.0,0.0,0.0,0.0,4.7,512.6,1987.1,119.6,4546.1,6523.0,5479.2,5438.0,14782.4,13938.9,8169.5,2726.5,3297.0,2902.7,2262.3,5146.7,3522.5,7299.6,32229.0,1074.7,9061.1,2238.1,5253.5,547.4,4171.1,4729.9,3658.0,8479.2,15372.7,76807.5,46957.3,44388.8,6151.5,32793.9,35117.1,139486.2,25245.8,5149.5,14462.9,44225.9,92173.5,12719.8,9579.5,12607.5,10542.0,13551.3,8483.3,9986.7,6273.2,3625.1,9698.6,59235.7,5997.2,21220.6,7001.7,6818.0,41096.1,14110.0,16694.6,32057.7,26682.2,4440.9,4706.3,12525.9,37165.5,18033.9,64445.7,75278.6,285099.9,0.0,0.0,0.0,0.0,1393.8,5100.9,7033.5,2850.0,20262.2,4249.5,5647.0,5147.6,15557.0,3180.0,3458.6,10942.4,1031.2,1037.1,0.0,357.4,1052.4,146.4,0.0,0.0,0.0,3.6,14.0,275.4,7982.0,15808.1,469.2,16.8,0.1,0.5,5.9,8.4,11.7,0.8,0.2,0.4,24.2,550.7,703.6,82.7,389.2,14.1,0.0,0.0,0.0,0.0,0.0,0.0,0.0,0.0,0.0,0.0,0.0,0.0,0.0,0.0,0.0,0.0,0.0,0.0,0.0,0.0,0.0,0.0,0.0,0.0,0.0,0.0,0.0,0.0,0.0,0.0,0.0,0.0,0.0,0.0,0.0,0.0,0.0,0.0,0.0,0.0,0.0,0.0,0.0,0.0,0.0,0.0,0.0,0.0,0.0,0.0,0.0,0.0,0.0,0.0,0.0,0.0,0.0,0.0,0.0,0.0,0.0,0.0,0.0,0.0,0.0,0.0,0.0,0.0,0.0,0.0,0.0,0.0,0.0,0.0,0.0
0.0,0.0,0.0,0.0,0.0,0.0,0.0,0.0,0.0,0.0,0.0,0.0,0.0,0.0,0.0,0.0,0.0,0.0,0.0,0.0,0.0,0.0,0.0,0.0,0.0,0.0,0.0,0.0,0.0,0.0,0.0,0.0,0.0,0.0,0.0,0.0,0.0,0.0,0.0,0.0,0.0,0.0,0.0,0.0,0.0,0.0,0.0,0.0,0.0,0.0,0.0,0.0,0.0,0.0,0.0,0.0,0.0,0.0,0.0,0.0,0.0,0.0,0.0,0.0,0.0,0.0,1071.6,1001.0,1044.7,14638.4,2072.9,6020.0,14348.3,11470.3,8285.7,1595.0,697.4,1029.1,5271.5,29343.2,6924.6,1488.9,13149.9,6432.6,2567.9,5678.1,8498.8,6426.8,1571.0,3669.2,4753.8,833.4,2094.6,1495.4,3761.7,12383.6,44550.7,67934.7,153996.7,29393.1,49230.2,77307.3,51475.4,6214.1,10090.4,17555.3,103718.2,48134.3,25405.5,10103.4,2951.4,8824.6,5920.6,14199.9,8437.7,11659.6,5538.4,9433.7,28028.7,8344.2,7822.7,18717.3,5508.4,6818.2,3853.2,7698.7,14823.1,9551.5,20207.7,8796.3,24268.3,22971.5,43562.6,79600.8,104102.8,412514.2,140553.9,0.0,0.0,0.0,0.0,710.7,5876.8,8055.4,14685.5,9098.3,8680.3,6656.1,4188.6,5727.3,3438.8,2258.7,10990.2,7098.9,6220.9,1563.5,842.6,6.6,0.0,0.0,0.0,0.0,13.6,97.3,49803.9,76349.9,5561.0,17.9,0.0,0.6,11.8,12.3,20.0,262.1,77.6,0.0,43.5,786.6,3819.0,22.8,12.9,0.2,0.0,0.0,0.0,0.0,0.0,0.0,0.0,0.0,0.0,0.0,0.0,0.0,0.0,0.0,0.0,0.0,0.0,0.0,0.0,0.0,0.0,0.0,0.0,0.0,0.0,0.0,0.0,0.0,0.0,0.0,0.0,0.0,0.0,0.0,0.0,0.0,0.0,0.0,0.0,0.0,0.0,0.0,0.0,0.0,0.0,0.0,0.0,0.0,0.0,0.0,0.0,0.0,0.0,0.0,0.0,0.0,0.0,0.0,0.0,0.0,0.0,0.0,0.0,0.0,0.0,0.0,0.0,0.0,0.0,0.0,0.0,0.0,0.0,0.0,0.0
0.0,0.0,0.0,0.0,0.0,0.0,0.0,0.0,0.0,0.0,0.0,0.0,0.0,0.0,0.0,0.0,0.0,0.0,0.0,0.0,0.0,0.0,0.0,0.0,0.0,0.0,0.0,0.0,0.0,0.0,0.0,0.0,0.0,0.0,0.0,0.0,0.0,0.0,0.0,0.0,0.0,0.0,0.0,0.0,0.0,0.0,0.0,0.0,0.0,0.0,0.0,0.0,0.0,0.0,0.0,0.0,0.0,0.0,0.0,0.0,0.0,0.0,0.0,0.0,0.0,0.0,91.6,1057.4,8588.4,12438.2,7414.9,13018.1,24567.1,5291.2,126.4,39.2,363.3,5081.7,1922.8,6302.9,3674.5,14267.2,5677.8,6463.9,6459.1,3064.7,2487.8,4106.8,5884.3,5732.2,22996.9,7353.5,6739.4,5940.0,11514.4,10374.6,13827.3,108073.7,216902.3,50228.2,19416.2,8078.3,10318.1,6691.4,14722.6,7197.2,15961.8,15455.1,39622.9,8318.4,9033.1,6659.4,5486.4,4658.7,12797.3,11100.9,12337.9,8563.7,88417.4,5377.8,13142.5,10517.8,7240.2,13674.8,8653.0,4188.4,3650.7,25796.6,8660.7,7241.2,31224.9,43860.2,121249.2,337360.9,113321.5,217936.1,201492.5,57882.8,0.0,0.0,0.0,0.0,4567.5,37824.1,386537.4,14762.9,9487.1,8828.8,3630.0,4693.2,5673.9,16632.7,5177.3,24073.7,9022.6,1179.2,24.2,0.0,0.0,0.0,0.0,2.9,69.3,145.2,1653.6,3206.0,723.3,11.2,0.3,0.1,8.3,3.9,15.5,4.2,15.5,82.2,348.2,1046.5,24.7,0.5,0.0,0.0,0.0,0.0,0.0,0.0,0.0,0.0,0.0,0.0,0.0,0.0,0.0,0.0,0.0,0.0,0.0,0.0,0.0,0.0,0.0,0.0,0.0,0.0,0.0,0.0,0.0,0.0,0.0,0.0,0.0,0.0,0.0,0.0,0.0,0.0,0.0,0.0,0.0,0.0,0.0,0.0,0.0,0.0,0.0,0.0,0.0,0.0,0.0,0.0,0.0,0.0,0.0,0.0,0.0,0.0,0.0,0.0,0.0,0.0,0.0,0.0,0.0,0.0,0.0,0.0,0.0,0.0,0.0,0.0,0.0,0.0,0.0,0.0,0.0,0.0,0.0
0.0,0.0,0.0,0.0,0.0,0.0,0.0,0.0,0.0,0.0,0.0,0.0,0.0,0.0,0.0,0.0,0.0,0.0,0.0,0.0,0.0,0.0,0.0,0.0,0.0,0.0,0.0,0.0,0.0,0.0,0.0,0.0,0.0,0.0,0.0,0.0,0.0,0.0,0.0,0.0,0.0,0.0,0.0,0.0,0.0,0.0,0.0,0.0,0.0,0.0,0.0,0.0,0.0,0.0,0.0,0.0,0.0,0.0,6495.7,218695.9,323901.2,187173.7,105876.2,9013.3,724.4,9571.5,5804.6,2343.8,11356.6,12833.1,18974.2,10775.0,33462.7,1653.6,1.8,423.6,11.8,1067.5,29282.9,5549.4,5927.3,11955.8,4516.8,22828.4,4259.2,11266.7,3698.0,1048.5,1403.1,6171.6,86512.7,93424.2,2168.4,2838.0,43960.6,21948.3,21221.8,16124.5,63892.7,113754.8,18608.0,29921.1,16589.3,19733.2,7535.1,12868.2,11433.1,12493.3,11937.9,14520.3,9268.1,10837.8,5931.5,5655.7,7952.4,2657.9,6115.2,28563.6,61036.3,6550.9,3794.0,3635.9,10141.9,70582.4,30351.9,5994.4,5152.5,8639.8,3552.2,17691.6,27873.5,33046.2,149072.2,35248.7,83933.3,30879.3,40259.2,74644.4,926.9,0.0,0.0,0.0,1616.3,27824.5,20101.9,10408.3,26591.1,15373.6,14257.4,6697.9,6006.8,7166.1,3661.0,3842.7,2203.8,0.0,0.0,0.0,0.0,2.5,173.1,440.3,1092.0,851.7,1266.5,1144.2,56.5,4.4,0.3,0.6,0.6,10.2,458.5,91.9,214.4,598.6,70.5,177.1,21.6,0.0,0.0,0.0,0.0,0.0,0.0,0.0,0.0,0.0,0.0,0.0,0.0,0.0,0.0,0.0,0.0,0.0,0.0,0.0,0.0,0.0,0.0,0.0,0.0,0.0,0.0,0.0,0.0,0.0,0.0,0.0,0.0,0.0,0.0,0.0,0.0,0.0,0.0,0.0,0.0,0.0,0.0,0.0,0.0,0.0,0.0,0.0,0.0,0.0,0.0,0.0,0.0,0.0,0.0,0.0,0.0,0.0,0.0,0.0,0.0,0.0,0.0,0.0,0.0,0.0,0.0,0.0,0.0,0.0,0.0,0.0,0.0,0.0,0.0,0.0,0.0,0.0,0.0
0.0,0.0,0.0,0.0,0.0,0.0,0.0,0.0,0.0,0.0,0.0,0.0,0.0,0.0,0.0,0.0,0.0,0.0,0.0,0.0,0.0,0.0,0.0,0.0,0.0,0.0,0.0,0.0,0.0,0.0,0.0,0.0,0.0,0.0,0.0,0.0,0.0,0.0,0.0,0.0,0.0,0.0,17.8,0.0,0.0,0.0,0.0,0.0,0.0,0.0,0.0,0.0,0.0,0.0,0.0,0.0,10556.1,182896.9,51863.4,244825.2,288398.0,232293.9,76405.4,176132.9,26468.2,65865.3,34231.0,12179.1,12579.5,188413.8,32135.4,12430.1,3679.5,3794.7,1935.8,0.0,7.9,634.7,23703.6,4461.7,2133.2,1917.1,3813.2,11765.1,9774.4,4586.6,3045.0,1548.1,9822.6,11863.6,140067.4,82430.3,10452.9,2392.8,4101.8,3265.8,17167.9,6838.8,15188.2,54968.0,28721.6,21303.5,4878.2,49110.7,12875.4,6463.5,43612.7,7520.2,3091.7,19994.5,2134.4,13332.9,3135.6,6064.8,6394.5,6590.3,2961.6,13159.7,11463.5,5563.7,7321.9,1802.5,4430.1,3365.9,8922.9,1751.5,6268.3,10816.7,4035.9,5547.5,8519.9,19124.6,39814.3,19456.2,25187.5,17506.5,16796.6,14173.3,29631.6,0.0,0.0,0.0,1495.5,9915.9,23831.2,48828.1,11215.3,34893.6,20087.9,8121.6,8690.2,2669.5,5646.7,2763.7,9146.7,0.0,0.0,0.0,76.7,596.6,251.8,43.7,251.8,692.2,1690.5,712.8,208.1,17.6,10.1,5.7,2.8,15.9,331.7,1670.3,603.3,7739.8,1.5,50.4,44.2,0.0,0.0,0.0,0.0,0.0,0.0,0.0,0.0,0.0,0.0,0.0,0.0,0.0,0.0,0.0,0.0,0.0,0.0,0.0,0.0,0.0,0.0,0.0,0.0,0.0,0.0,0.0,0.0,0.0,0.0,0.0,0.0,0.0,0.0,0.0,0.0,0.0,0.0,0.0,0.0,0.0,0.0,0.0,0.0,0.0,0.0,0.0,0.0,0.0,0.0,0.0,0.0,0.0,0.0,0.0,0.0,0.0,0.0,0.0,0.0,0.0,0.0,0.0,0.0,0.0,0.0,0.0,0.0,0.0,0.0,0.0,0.0,0.0,0.0,0.0,0.0,0.0,0.0
0.0,0.0,0.0,0.0,0.0,0.0,0.0,0.0,0.0,0.0,0.0,0.0,0.0,0.0,0.0,0.0,0.0,0.0,0.0,0.0,0.0,0.0,0.0,0.0,0.0,0.0,0.0,0.0,0.0,0.0,0.0,0.0,0.0,0.0,0.0,0.0,0.0,0.0,0.0,0.0,0.0,0.0,0.0,0.0,0.0,0.0,0.0,0.0,0.0,0.0,0.0,0.0,0.0,0.0,56.0,69367.9,171473.4,166513.2,65161.6,151809.8,395739.7,270796.3,55665.9,33558.2,20860.4,34572.7,65022.8,70889.3,18406.5,11749.7,10944.5,18051.0,10913.5,23470.5,3141.1,2644.2,11223.4,1647.5,5925.1,4093.9,19202.0,5976.6,14206.6,9825.6,6664.1,19970.4,2672.5,5210.4,3940.9,1375.0,16419.4,77086.0,10168.6,8047.8,7664.5,19029.3,3507.7,10730.7,12595.6,22926.8,31023.3,45051.3,14361.6,43037.1,63567.9,5449.2,6995.6,15736.3,3598.8,4807.2,4571.6,3947.7,29267.0,5113.5,14793.9,42979.0,21801.6,7940.3,2754.0,4786.6,3498.9,4306.7,1615.2,7150.2,3961.7,8522.5,3802.6,5048.4,22368.9,8093.9,7637.2,5875.0,33988.2,62505.6,128450.7,33865.0,5458.9,11021.2,28938.9,1028.6,0.0,0.0,2525.3,7794.6,16236.6,9210.7,23011.5,388066.4,15482.7,22882.6,5110.2,4299.4,3498.4,26538.5,22.6,1475.0,27.0,11.8,1740.3,1701.9,150.8,213.3,263.3,341.1,10389.9,1116.1,111.1,44.9,126.5,198.9,751.5,808.5,2570.0,1613.6,159.5,830.3,1.4,0.4,21.1,334.2,137.2,11.5,0.0,0.0,0.0,0.0,0.0,0.0,0.0,0.0,0.0,0.0,0.0,0.0,0.0,0.0,0.0,0.0,0.0,0.0,0.0,0.0,0.0,0.0,0.0,0.0,0.0,0.0,0.0,0.0,0.0,0.0,0.0,0.0,0.0,0.0,0.0,0.0,0.0,0.0,0.0,0.0,0.0,0.0,0.0,0.0,0.0,0.0,0.0,0.0,0.0,0.0,0.0,0.0,0.0,0.0,0.0,0.0,0.0,0.0,0.0,0.0,0.0,0.0,0.0,0.0,0.0,0.0,0.0,0.0,0.0,0.0,0.0,0.0,0.0,0.0,0.0
0.0,0.0,0.0,0.0,0.0,0.0,0.0,0.0,0.0,0.0,0.0,0.0,0.0,0.0,0.0,0.0,0.0,0.0,0.0,0.0,0.0,0.0,0.0,0.0,0.0,0.0,0.0,0.0,0.0,0.0,0.0,0.0,0.0,0.0,0.0,0.0,0.0,0.0,0.0,0.0,0.0,0.0,0.0,0.0,0.0,0.0,0.0,0.0,0.0,0.0,0.0,0.0,7.5,1313.0,32058.0,94279.9,1728.3,9723.3,1581.1,25139.6,222561.4,34938.0,88749.4,16478.1,25998.1,77967.5,133060.6,94453.2,12551.3,13750.4,24837.8,4517.5,48499.7,43805.4,12245.5,11726.1,2523.4,2228.7,7583.6,2804.5,4457.1,23493.2,3765.8,4264.6,8806.7,47554.0,6136.1,4387.0,646.2,337.8,3336.2,10637.7,5686.5,24098.9,14607.9,10186.0,1654.0,1495.9,3442.0,13861.0,35124.7,47302.4,45110.7,107967.6,35411.8,11727.8,34742.0,4408.2,7099.0,3279.9,14647.4,2709.0,22748.8,15696.8,12294.6,5565.4,4352.5,5709.5,5287.5,2626.2,2757.2,7146.7,2060.5,4632.8,3456.2,9426.1,5114.4,39525.4,56514.0,43960.8,39406.1,38662.9,26780.4,81628.6,90609.6,17094.2,11377.1,6029.1,14434.3,11957.0,0.0,0.0,1559.5,7367.2,29929.1,80606.1,56213.3,124318.2,140142.0,12319.0,41256.1,12491.5,7474.6,25036.6,7389.7,30787.8,83.2,403.5,8232.6,2858.0,869.5,173.2,657.6,120.2,1105.0,341.0,102.3,61.5,249.1,193.7,1613.6,10400.8,2338.8,175.9,109.7,531.6,90.1,257.6,1028.4,3832.0,1500.7,494.3,0.0,0.0,0.0,0.0,0.0,0.0,0.0,0.0,0.0,0.0,0.0,0.0,0.0,0.0,0.0,0.0,0.0,0.0,0.0,0.0,0.0,0.0,0.0,0.0,0.0,0.0,0.0,0.0,0.0,0.0,0.0,0.0,0.0,0.0,0.0,0.0,0.0,0.0,0.0,0.0,0.0,0.0,0.0,0.0,0.0,0.0,0.0,0.0,0.0,0.0,0.0,0.0,0.0,0.0,0.0,0.0,0.0,0.0,0.0,0.0,0.0,0.0,0.0,0.0,0.0,0.0,0.0,0.0,0.0,0.0,0.0,0.0,0.0,0.0,0.0
0.0,0.0,0.0,0.0,0.0,0.0,0.0,0.0,0.0,0.0,0.0,0.0,0.0,0.0,0.0,0.0,0.0,0.0,0.0,0.0,0.0,0.0,0.0,0.0,0.0,0.0,0.0,0.0,0.0,0.0,0.0,0.0,0.0,0.0,0.0,0.0,0.0,0.0,0.0,0.0,0.0,0.0,0.0,0.0,0.0,0.0,0.0,0.0,0.0,0.0,0.0,0.0,11009.9,62851.5,23111.9,117732.5,1397.2,917.6,2942.3,1677.2,111571.0,205251.9,7333.3,5415.2,46637.3,93935.3,37149.6,10861.0,4096.9,11496.1,10458.2,12424.2,216364.6,324307.5,114165.3,21638.9,47500.7,3399.8,24409.1,9719.6,1426.8,21524.3,25913.2,7243.5,14312.4,6826.9,1795.4,501.0,4797.6,8090.5,11496.9,3977.5,10668.9,60790.0,117494.8,8702.7,2701.7,7927.3,14554.3,73592.8,96046.9,117535.8,54188.1,29210.8,31242.3,7640.4,15379.9,8780.7,12305.5,15897.8,10074.9,13860.2,6133.2,7101.1,6878.6,4780.5,7329.3,3049.0,8629.2,2905.7,6838.4,3144.4,2980.8,6276.5,4181.1,2822.1,3583.6,3458.3,9787.7,10289.1,16472.1,35275.8,59657.7,52832.7,20700.9,23881.2,7322.0,31444.4,14949.0,45780.4,99248.2,0.0,5.9,2353.9,7222.3,23671.5,189225.9,39997.3,133538.0,108422.0,21218.1,34819.7,32468.2,56427.4,12290.1,17193.0,753.9,2419.7,1867.6,367.4,1319.6,594.5,874.7,1920.7,48093.8,1700.2,98.8,75.4,72.7,505.6,4999.1,2258.8,473.7,329.7,850.9,2725.8,5880.3,1113.0,2599.4,8537.1,511.0,229.5,0.0,0.0,0.0,0.0,0.0,0.0,0.0,0.0,0.0,0.0,0.0,0.0,0.0,0.0,0.0,0.0,0.0,0.0,0.0,0.0,0.0,0.0,0.0,0.0,0.0,0.0,0.0,0.0,0.0,0.0,0.0,0.0,0.0,0.0,0.0,0.0,0.0,0.0,0.0,0.0,0.0,0.0,0.0,0.0,0.0,0.0,0.0,0.0,0.0,0.0,0.0,0.0,0.0,0.0,0.0,0.0,0.0,0.0,0.0,0.0,0.0,0.0,0.0,0.0,0.0,0.0,0.0,0.0,0.0,0.0,0.0,0.0,0.0,0.0,0.0
0.0,0.0,0.0,0.0,0.0,0.0,0.0,0.0,0.0,0.0,0.0,0.0,0.0,0.0,0.0,0.0,0.0,0.0,0.0,0.0,0.0,0.0,0.0,0.0,0.0,0.0,0.0,0.0,0.0,0.0,0.0,0.0,0.0,0.0,0.0,0.0,0.0,0.0,0.0,0.0,0.0,0.0,0.0,0.0,0.0,0.0,0.0,0.0,0.0,0.0,0.0,888.3,92446.4,340580.4,35313.8,2734.1,26246.8,3601.2,18227.0,14119.6,72358.1,131903.9,33438.7,89769.4,76791.9,101012.5,17644.6,3445.2,6458.4,15101.8,24228.2,27944.5,101384.5,330836.8,64302.3,38561.5,1425.3,660.1,51332.6,13369.5,8248.4,2816.0,27486.4,76329.4,45456.8,14174.6,2984.8,9607.5,6464.0,2057.2,8501.9,6237.5,14049.3,47428.4,315032.1,35909.1,10369.8,5925.1,12953.8,153340.0,365863.8,286669.5,171852.4,63637.4,52694.6,14318.7,23153.5,17477.8,19066.1,10219.5,4120.8,32223.0,13490.4,2749.6,3939.2,8093.9,2798.9,2905.6,2192.9,4434.2,1066.4,3924.8,11420.8,35175.9,24113.4,12279.4,4977.7,9921.0,18722.3,93706.9,94580.4,153189.8,50812.9,12196.0,28374.6,7023.9,7431.2,9550.1,9985.5,20326.1,54415.0,100.5,0.0,0.0,7341.2,12511.2,312424.1,355772.7,854625.5,763367.8,188572.4,43942.0,19384.1,129441.4,35027.4,8314.4,4839.0,3775.0,2140.2,2015.0,3745.9,3288.2,2606.2,4815.5,12055.8,1168.8,160.5,1913.7,79.1,19.8,112.5,441.2,122.1,61.8,214.0,3337.1,27012.0,771.3,650.7,767.1,113.6,0.0,0.0,0.0,0.0,0.0,0.0,0.0,0.0,0.0,0.0,0.0,0.0,0.0,0.0,0.0,0.0,0.0,0.0,0.0,0.0,0.0,0.0,0.0,0.0,0.0,0.0,0.0,0.0,0.0,0.0,0.0,0.0,0.0,0.0,0.0,0.0,0.0,0.0,0.0,0.0,0.0,0.0,0.0,0.0,0.0,0.0,0.0,0.0,0.0,0.0,0.0,0.0,0.0,0.0,0.0,0.0,0.0,0.0,0.0,0.0,0.0,0.0,0.0,0.0,0.0,0.0,0.0,0.0,0.0,0.0,0.0,0.0,0.0,0.0,0.0,0.0
0.0,0.0,0.0,0.0,0.0,0.0,0.0,0.0,0.0,0.0,0.0,0.0,0.0,0.0,0.0,0.0,0.0,0.0,0.0,0.0,0.0,0.0,0.0,0.0,0.0,0.0,0.0,0.0,0.0,0.0,0.0,0.0,0.0,0.0,0.0,0.0,0.0,0.0,0.0,0.0,0.0,1.8,39.2,0.0,0.0,0.0,0.0,0.0,0.0,17480.7,113420.9,209858.0,120255.5,143337.2,12803.6,346.2,2698.2,638.0,26174.7,18632.7,49927.4,94129.1,145270.5,286648.7,519078.7,75352.5,15898.2,12498.6,2983.0,25098.1,26027.7,104390.5,21479.7,13119.9,0.0,0.0,0.0,0.0,0.0,0.0,34.0,298.3,17042.7,190903.7,20512.8,15584.5,5013.7,5038.3,2929.7,2637.7,8164.3,46282.8,10021.6,15995.0,64749.1,70897.9,4492.5,9481.1,45445.4,88341.5,330041.8,284043.5,152764.2,46912.8,24356.0,17947.0,18174.7,16891.0,25055.1,3052.1,5669.5,34430.8,63972.3,1346.3,1881.4,13454.4,2818.3,1626.8,94.1,240.0,577.0,2984.8,18391.5,10248.4,22630.5,40829.0,31000.7,17443.7,29513.2,104534.9,595115.2,132349.9,42047.5,50378.7,6707.1,6669.5,20915.9,9980.5,10094.2,11633.5,5362.7,6084.4,0.0,0.0,9522.2,8281.3,55768.6,0.0,101558.4,1716151.6,755786.5,201281.5,50199.0,13003.6,17471.4,9456.6,6776.9,14137.4,12102.7,7088.2,1353.6,125.6,3.5,209.4,1728.5,155.5,10.1,1255.3,35.5,0.0,56.0,116.0,114.4,11.3,49.7,263.3,217.1,531.2,735.9,405.3,43.6,0.3,0.0,0.0,0.0,0.0,0.0,0.0,0.0,0.0,0.0,0.0,0.0,0.0,0.0,0.0,0.0,0.0,0.0,0.0,0.0,0.0,0.0,0.0,0.0,0.0,0.0,0.0,0.0,0.0,0.0,0.0,0.0,0.0,0.0,0.0,0.0,0.0,0.0,0.0,0.0,0.0,0.0,0.0,0.0,0.0,0.0,0.0,0.0,0.0,0.0,0.0,0.0,0.0,0.0,0.0,0.0,0.0,0.0,0.0,0.0,0.0,0.0,0.0,0.0,0.0,0.0,0.0,0.0,0.0,0.0,0.0,0.0,0.0,0.0,0.0,0.0
0.0,0.0,0.0,0.0,0.0,0.0,0.0,0.0,0.0,0.0,0.0,0.0,0.0,0.0,0.0,0.0,0.0,0.0,0.0,0.0,0.0,0.0,0.0,0.0,0.0,0.0,0.0,0.0,0.0,0.0,0.0,0.0,0.0,0.0,0.0,0.0,0.0,0.0,0.0,0.0,0.0,0.0,28831.0,0.0,0.0,0.0,0.0,0.0,0.0,1088.0,4718.5,31920.4,30755.0,9586.3,19813.2,387.9,999.9,23673.2,45115.7,3840.1,5001.1,1990.8,174911.7,201484.4,592188.4,157990.8,168110.7,29415.3,37669.4,120479.0,18474.3,0.0,0.0,0.0,0.0,0.0,0.0,0.0,0.0,0.0,0.0,0.0,0.0,7488.6,77313.9,32966.1,15228.0,3187.5,17497.5,4109.6,5337.4,5082.6,2623.0,4621.0,8215.6,27525.8,8733.2,12029.2,8417.9,60430.8,37456.7,26902.2,26480.7,58724.9,45726.8,87137.6,221361.3,26924.6,6591.9,6845.9,5279.1,6422.1,17931.4,14640.5,2442.5,2931.6,2709.2,1060.2,2713.0,625.6,2400.6,7501.7,18866.2,6165.3,6974.5,28777.7,53625.7,41290.8,28462.1,59300.6,171542.5,91169.3,27195.1,13652.3,7620.5,7592.0,13372.9,5487.3,2142.0,6100.8,9076.2,6853.8,29346.3,0.0,2765.6,88386.0,155677.1,0.0,0.0,526368.5,670190.9,50811.8,16137.5,13868.4,5351.6,1069.8,163.6,683.8,1503.2,875.6,56.5,4.1,4.1,8.1,729.9,2482.2,0.1,0.2,1.2,0.0,5.7,205.6,343.1,18.9,2.6,27.4,904.4,530.7,773.5,1049.0,108.1,6.6,0.0,0.0,0.0,0.0,0.0,0.0,0.0,0.0,0.0,0.0,0.0,0.0,0.0,0.0,0.0,0.0,0.0,0.0,0.0,0.0,0.0,0.0,0.0,0.0,0.0,0.0,0.0,0.0,0.0,0.0,0.0,0.0,0.0,0.0,0.0,0.0,0.0,0.0,0.0,0.0,0.0,0.0,0.0,0.0,0.0,0.0,0.0,0.0,0.0,0.0,0.0,0.0,0.0,0.0,0.0,0.0,0.0,0.0,0.0,0.0,0.0,0.0,0.0,0.0,0.0,0.0,0.0,0.0,0.0,0.0,0.0,0.0,0.0,0.0,0.0
0.0,0.0,0.0,0.0,0.0,0.0,0.0,0.0,0.0,0.0,0.0,0.0,0.0,0.0,0.0,0.0,0.0,0.0,0.0,0.0,0.0,0.0,0.0,0.0,0.0,0.0,0.0,0.0,0.0,0.0,0.0,0.0,0.0,0.0,0.0,0.0,0.0,0.0,0.0,0.0,0.0,0.0,3887.9,461.5,0.0,0.0,0.0,0.0,0.0,1490.2,160.1,772.2,3951.0,355.4,2876.8,1205.3,500.4,4602.9,1341.0,77.9,827.5,517.0,11037.4,9032.9,70091.2,7210.4,11187.6,139830.1,80195.5,0.0,0.0,0.0,0.0,0.0,0.0,0.0,0.0,0.0,0.0,0.0,0.0,0.0,0.0,0.0,17226.4,41845.6,8673.6,2474.1,8302.9,10230.7,9638.1,10248.6,5181.3,27504.4,65677.3,9511.1,4698.4,3620.7,13467.8,7360.3,12334.0,12216.4,31607.8,14648.5,45145.0,99797.3,105855.9,21725.1,12497.3,18655.3,13690.4,20324.5,134750.1,80394.6,7125.0,10400.7,6316.2,1627.2,492.5,1475.5,658.4,768.8,3347.1,4044.3,3654.7,11305.0,5940.9,11995.8,35038.0,54916.8,72808.1,24845.9,21788.7,7050.7,7649.9,15579.8,4993.0,2580.0,4696.5,9435.7,48453.9,6796.8,7836.8,9687.1,4872.9,29684.2,159820.4,8166.6,0.0,0.0,340305.4,115487.9,22322.3,13738.8,7737.7,3093.0,1690.8,4323.7,1231.6,121.5,10.8,3.8,2.8,2.5,113.1,140.6,0.0,0.0,0.0,0.0,0.0,0.0,0.0,8.7,3.5,212.5,4971.9,919.5,14672.5,1496.5,54.2,0.0,0.0,0.0,0.0,0.0,0.0,0.0,0.0,0.0,0.0,0.0,0.0,0.0,0.0,0.0,0.0,0.0,0.0,0.0,0.0,0.0,0.0,0.0,0.0,0.0,0.0,0.0,0.0,0.0,0.0,0.0,0.0,0.0,0.0,0.0,0.0,0.0,0.0,0.0,0.0,0.0,0.0,0.0,0.0,0.0,0.0,0.0,0.0,0.0,0.0,0.0,0.0,0.0,0.0,0.0,0.0,0.0,0.0,0.0,0.0,0.0,0.0,0.0,0.0,0.0,0.0,0.0,0.0,0.0,0.0,0.0,0.0,0.0,0.0,0.0,0.0
0.0,0.0,0.0,0.0,0.0,0.0,0.0,0.0,0.0,0.0,0.0,0.0,0.0,0.0,0.0,0.0,0.0,0.0,0.0,0.0,0.0,0.0,0.0,0.0,0.0,0.0,0.0,0.0,0.0,0.0,0.0,0.0,0.0,0.0,0.0,0.0,0.0,0.0,0.0,0.0,0.0,0.0,921.1,4226.0,0.0,0.0,0.0,0.0,0.1,19.0,7.5,339.9,267.0,3341.5,3413.4,4241.8,1144.4,1897.0,1176.7,630.1,655.0,458.1,337.9,18240.7,88231.2,11233.7,29829.5,8439.4,0.0,0.0,0.0,0.0,0.0,0.0,0.0,0.0,0.0,0.0,0.0,0.0,0.0,0.0,0.0,0.0,0.0,2003.3,2549.0,8709.5,8625.2,53087.4,5203.8,9150.9,16206.6,5196.3,4606.2,9485.1,26896.7,7613.1,11191.2,9736.6,8939.3,9421.8,8050.2,8596.2,25959.6,132875.4,234796.6,19422.6,33061.5,32437.8,7702.5,15980.9,21009.7,15590.0,4878.3,1995.8,1908.6,1283.3,522.8,1286.8,800.4,1102.1,1417.9,1948.9,5054.3,11805.1,8537.1,3947.4,5417.5,16025.6,23499.5,22412.5,25778.1,6034.2,6020.7,8720.8,5929.6,1204.3,5348.7,12637.6,5264.1,6795.9,11790.4,21981.7,133690.6,448517.4,66102.4,14677.0,0.0,0.0,42664.4,59745.5,7561.7,22057.9,9534.9,1856.3,1394.4,4891.8,1410.2,18.9,6.7,2.5,0.7,0.0,32.7,27.0,0.0,0.0,0.0,0.0,0.0,0.0,0.0,0.0,117.1,1290.8,3781.2,794.0,988.4,190.8,8.8,0.0,0.0,0.0,0.0,0.0,1735.1,0.0,0.0,0.0,0.0,0.0,0.0,0.0,0.0,0.0,0.0,0.0,0.0,0.0,0.0,0.0,0.0,0.0,0.0,0.0,0.0,0.0,0.0,0.0,0.0,0.0,0.0,0.0,0.0,0.0,0.0,0.0,0.0,0.0,0.0,0.0,0.0,0.0,0.0,0.0,0.0,0.0,0.0,0.0,0.0,0.0,0.0,0.0,0.0,0.0,0.0,0.0,0.0,0.0,0.0,0.0,0.0,0.0,0.0,0.0,0.0,0.0,0.0,0.0,0.0,0.0,0.0,0.0,0.0,0.0,0.0
0.0,0.0,0.0,0.0,0.0,0.0,0.0,0.0,0.0,0.0,0.0,0.0,0.0,0.0,0.0,0.0,0.0,0.0,0.0,0.0,0.0,0.0,0.0,0.0,0.0,0.0,0.0,0.0,0.0,0.0,0.0,0.0,0.0,0.0,0.0,0.0,0.0,0.0,0.0,0.0,0.0,0.0,0.0,7534.0,0.0,0.0,0.0,0.0,0.5,29.0,14.0,26.2,539.2,104.3,14347.6,0.0,2151.1,34929.9,3687.8,762.3,989.2,123991.3,136427.0,143847.8,2543.6,0.0,0.0,0.0,0.0,0.0,0.0,0.0,0.0,0.0,0.0,0.0,0.0,0.0,0.0,0.0,0.0,0.0,0.0,0.0,0.0,0.0,2110.8,26334.4,178522.0,203256.7,26669.3,9601.5,3883.3,4242.9,10678.0,26314.0,28704.6,3918.5,13781.9,12621.7,19829.6,5272.3,10236.1,15331.3,55042.7,26468.7,128803.3,30862.2,15981.5,12445.1,6143.0,5949.6,7333.9,18071.6,4443.7,20064.2,9560.8,4395.9,1141.7,616.5,2782.2,1662.3,3314.7,3835.2,2339.3,6565.9,4290.9,8978.9,19661.7,11218.2,35732.3,8246.4,11800.8,13723.8,11347.7,8095.9,1043.7,787.6,5215.1,4344.0,5479.1,7353.2,4485.4,17500.0,68095.2,150669.2,47532.7,13127.9,418.3,0.0,0.0,7818.5,9694.3,92968.7,14285.6,1698.3,640.1,1313.2,880.1,149.2,622.3,12.6,0.0,1.2,85.1,27.2,0.0,0.0,0.0,0.0,0.0,0.0,0.0,0.0,32.6,14722.2,13210.1,296.1,1791.6,318.7,12.8,0.0,0.0,0.0,0.3,1.6,0.7,0.0,0.0,0.0,0.0,0.0,0.0,0.0,0.0,0.0,0.0,0.0,0.0,0.0,0.0,0.0,0.0,0.0,0.0,0.0,0.0,0.0,0.0,0.0,0.0,0.0,0.0,0.0,0.0,0.0,0.0,0.0,0.0,0.0,0.0,0.0,0.0,0.0,0.0,0.0,0.0,0.0,0.0,0.0,0.0,0.0,0.0,0.0,0.0,0.0,0.0,0.0,0.0,0.0,0.0,0.0,0.0,0.0,0.0,0.0,0.0,0.0,0.0,0.0,0.0,0.0,0.0,0.0,0.0,0.0,0.0
0.0,0.0,0.0,0.0,0.0,0.0,0.0,0.0,0.0,0.0,0.0,0.0,0.0,0.0,0.0,0.0,0.0,0.0,0.0,0.0,0.0,0.0,0.0,0.0,0.0,0.0,0.0,0.0,0.0,0.0,0.0,0.0,0.0,0.0,0.0,0.0,0.0,0.0,0.0,0.0,0.0,0.0,0.0,1129.8,278.7,2.7,4.8,0.0,3.1,442.4,0.1,0.0,0.0,8.6,29843.5,9144.6,1611.0,2387.6,1610.4,17423.9,51077.5,64236.7,9660.6,0.0,0.0,0.0,0.0,0.0,0.0,0.0,0.0,0.0,0.0,0.0,0.0,0.0,0.0,0.0,0.0,0.0,0.0,0.0,0.0,0.0,0.0,0.0,0.0,48345.4,155711.5,6799.6,6161.7,4229.7,6819.4,8877.5,19606.0,70373.7,14044.7,1935.6,20152.5,18756.6,5398.7,26741.1,10415.4,6675.1,22613.8,17297.4,120800.2,12606.1,9996.6,55730.3,9161.4,7324.4,14950.1,95735.8,46622.5,2030.1,3719.9,11382.1,35032.4,6793.4,3549.5,1011.8,3387.9,8204.5,4079.9,16515.5,37362.8,4802.8,6461.2,10790.9,51276.3,22078.8,16567.8,3121.9,12643.8,14511.0,9241.7,12303.6,2012.0,9214.2,27427.3,4368.5,7891.9,10801.0,8564.3,12292.6,11398.5,17118.4,1220.9,0.0,0.0,37112.7,7534.2,7568.9,5413.8,1377.8,1127.6,2028.3,2785.7,878.7,413.3,95.0,0.0,2.1,97.3,23.3,0.0,0.0,0.0,0.0,0.0,0.0,356.4,0.0,10.7,87.4,1692.2,513.3,854.5,69.5,4.3,0.0,0.1,0.8,1.9,1.8,1.5,1.0,0.0,0.0,0.0,0.0,0.0,0.0,0.0,0.0,0.0,0.0,0.0,0.0,0.0,0.0,0.0,0.0,0.0,0.0,0.0,0.0,0.0,0.0,0.0,0.0,0.0,0.0,0.0,0.0,0.0,0.0,0.0,0.0,0.0,0.0,0.0,0.0,0.0,0.0,0.0,0.0,0.0,0.0,0.0,0.0,0.0,0.0,0.0,0.0,0.0,0.0,0.0,0.0,0.0,0.0,0.0,0.0,0.0,0.0,0.0,0.0,0.0,0.0,0.0,0.0,0.0,0.0,0.0,0.0,0.0
0.0,0.0,0.0,0.0,0.0,0.0,0.0,0.0,0.0,0.0,0.0,0.0,0.0,0.0,0.0,0.0,0.0,0.0,0.0,0.0,0.0,0.0,0.0,0.0,0.0,0.0,0.0,0.0,0.0,0.0,0.0,0.0,0.0,0.0,0.0,0.0,0.0,0.0,0.0,0.0,0.0,0.0,0.0,0.0,1722.0,2393.0,12.8,6820.1,5187.9,14497.1,22.2,8555.8,0.0,32.4,1480.9,969.3,10259.0,195271.5,147221.2,107822.1,13141.1,0.0,0.0,0.0,0.0,0.0,0.0,0.0,0.0,0.0,0.0,0.0,0.0,0.0,0.0,0.0,0.0,0.0,0.0,0.0,0.0,0.0,0.0,0.0,0.0,0.0,0.0,0.0,15900.1,2903.5,1243.2,5967.9,4491.7,5200.4,9288.5,5850.0,13570.6,17960.8,7714.7,25819.6,11808.8,38088.9,19749.4,17450.7,13525.1,18105.2,38968.3,10747.3,5540.6,4868.0,4212.2,3755.3,5013.5,18059.6,18321.5,7824.1,4349.9,38718.8,30592.5,83838.0,26856.4,8578.2,4146.4,1970.2,4955.9,9958.3,33113.4,8933.8,3930.3,13031.8,8419.8,26106.1,5586.9,7542.1,18762.3,721.2,3407.7,1559.0,705.7,7972.3,11651.7,5888.0,4917.9,4949.4,8624.5,19281.6,21497.6,18837.1,3729.0,0.0,0.0,2310.2,7531.2,9974.1,7504.9,1033.6,858.6,1815.6,3884.5,1056.0,3751.4,970.6,29.9,95.0,6176.7,10.1,0.0,0.0,0.0,0.0,0.0,0.0,0.0,0.0,1.8,14.7,98.9,496.4,2527.4,64.7,0.1,0.2,2455.7,1.9,1.7,1.9,0.9,1.5,0.0,0.0,0.0,0.0,0.0,0.0,0.0,0.0,0.0,0.0,0.0,0.0,0.0,0.0,0.0,0.0,0.0,0.0,0.0,0.0,0.0,0.0,0.0,0.0,0.0,0.0,0.0,0.0,0.0,0.0,0.0,0.0,0.0,0.0,0.0,0.0,0.0,0.0,0.0,0.0,0.0,0.0,0.0,0.0,0.0,0.0,0.0,0.0,0.0,0.0,0.0,0.0,0.0,0.0,0.0,0.0,0.0,0.0,0.0,0.0,0.0,0.0,0.0,0.0,0.0,0.0,0.0,0.0,0.0
0.0,0.0,0.0,0.0,0.0,0.0,0.0,0.0,0.0,0.0,0.0,0.0,0.0,0.0,0.0,0.0,0.0,0.0,0.0,0.0,0.0,0.0,0.0,0.0,0.0,0.0,0.0,0.0,0.0,0.0,0.0,0.0,0.0,0.0,0.0,0.0,0.0,0.0,0.0,0.0,0.0,0.0,0.0,0.0,149.0,8998.6,3558.0,106163.9,348737.1,810132.2,657955.4,501168.4,261429.2,58849.7,175972.1,78922.0,58184.3,123237.3,8532.4,0.0,0.0,0.0,0.0,0.0,0.0,0.0,0.0,0.0,0.0,0.0,0.0,0.0,0.0,0.0,0.0,0.0,0.0,0.0,0.0,0.0,0.0,0.0,0.0,0.0,0.0,0.0,0.0,0.0,0.0,262.1,3106.1,15649.2,6454.3,5793.0,4357.1,8516.7,13987.2,12611.4,24016.6,27101.0,53706.0,24443.2,40788.7,42797.1,10116.9,141592.7,182399.6,17597.7,27210.8,5771.8,16078.1,3675.6,4182.2,9436.4,4473.9,2333.2,4715.1,17503.3,6387.6,12244.7,14471.2,12178.6,19235.8,3399.3,5764.7,6033.0,3000.2,1991.5,3818.2,11918.9,17333.3,69453.7,21357.1,10286.2,18941.4,2044.6,273.5,2871.8,1622.5,4466.2,3561.8,12674.2,3851.4,4547.1,14345.0,14846.7,33819.4,52455.1,13403.9,0.0,0.0,80.7,24235.6,12242.9,7770.5,2345.0,537.0,361.6,477.3,1236.1,1315.7,2372.5,331.5,15015.1,176.4,0.8,0.0,0.0,0.0,0.0,0.0,0.0,0.0,0.0,0.0,0.0,1.1,1.9,3.5,0.1,0.2,0.2,1.1,1.1,1.7,1.6,1.7,1.6,0.2,0.0,0.0,0.0,0.0,0.0,0.0,0.0,0.0,0.0,0.0,0.0,0.0,0.0,0.0,0.0,0.0,0.0,0.0,0.0,0.0,0.0,0.0,0.0,0.0,0.0,0.0,0.0,0.0,0.0,0.0,0.0,0.0,0.0,0.0,0.0,0.0,0.0,0.0,0.0,0.0,0.0,0.0,0.0,0.0,0.0,0.0,0.0,0.0,0.0,0.0,0.0,0.0,0.0,0.0,0.0,0.0,0.0,0.0,0.0,0.0,0.0,0.0,0.0,0.0,0.0,0.0,0.0,0.0
0.0,0.0,0.0,0.0,0.0,0.0,0.0,0.0,0.0,0.0,0.0,0.0,0.0,0.0,0.0,0.0,0.0,0.0,0.0,0.0,0.0,0.0,0.0,0.0,0.0,0.0,0.0,0.0,0.0,0.0,0.0,0.0,0.0,0.0,0.0,0.0,0.0,0.0,0.0,0.0,9.0,0.0,0.0,0.0,0.0,0.0,91.9,916.1,3722.9,410947.7,642229.3,473536.6,412972.3,266090.5,503628.6,161832.0,40022.7,0.0,0.0,0.0,0.0,0.0,0.0,0.0,0.0,0.0,0.0,0.0,0.0,0.0,0.0,0.0,0.0,0.0,0.0,0.0,0.0,0.0,0.0,0.0,0.0,0.0,0.0,0.0,0.0,0.0,0.0,0.0,0.0,0.0,28.6,5503.1,24381.1,38550.3,59998.8,9991.6,6611.2,7586.5,43755.2,23309.2,117495.4,162667.9,28927.7,27129.6,188682.3,281006.2,136056.2,30419.3,7358.7,5409.2,4538.7,3545.5,4485.1,5138.8,2917.6,7907.7,6849.1,65783.0,66559.4,17171.2,3298.8,10549.0,7495.5,25174.5,40177.2,11569.4,10652.6,11264.7,3881.7,4229.4,6678.9,16007.9,8308.5,13535.8,4078.7,2626.6,134.6,256.3,655.0,1959.3,4176.2,4259.1,9612.9,9981.4,10484.2,21228.2,65846.9,441885.0,1491.1,0.0,0.0,445.4,22854.3,57883.4,6588.3,6934.5,551.0,264.2,386.1,624.9,843.5,4030.6,23124.0,7716.5,39.8,0.8,0.0,0.0,0.0,0.0,0.0,0.0,0.0,0.0,0.0,0.1,0.4,10.7,2.3,0.1,0.2,0.2,1.0,1.1,1.1,1.3,1.0,1.9,0.4,0.0,0.0,0.0,0.0,0.0,0.0,0.0,0.0,0.0,0.0,0.0,0.0,0.0,0.0,0.0,0.0,0.0,0.0,0.0,0.0,0.0,0.0,0.0,0.0,0.0,0.0,0.0,0.0,0.0,0.0,0.0,0.0,0.0,0.0,0.0,0.0,0.0,0.0,0.0,0.0,0.0,0.0,0.0,0.0,0.0,0.0,0.0,0.0,0.0,0.0,0.0,0.0,0.0,0.0,0.0,0.0,0.0,0.0,0.0,0.0,0.0,0.0,0.0,0.0,0.0,0.0,0.0,0.0
0.0,0.0,0.0,0.0,0.0,0.0,0.0,0.0,0.0,0.0,0.0,0.0,0.0,0.0,0.0,0.0,0.0,0.0,0.0,0.0,0.0,0.0,0.0,0.0,0.0,0.0,0.0,0.0,0.0,0.0,0.0,0.0,0.0,0.0,0.0,0.0,0.0,0.0,0.0,0.0,0.0,0.0,0.0,0.0,0.0,0.0,0.0,0.0,0.0,0.0,0.0,0.0,0.0,0.0,0.0,0.0,0.0,0.0,0.0,0.0,0.0,0.0,0.0,0.0,0.0,0.0,0.0,0.0,0.0,0.0,0.0,0.0,0.0,0.0,0.0,0.0,0.0,0.0,0.0,0.0,0.0,0.0,0.0,0.0,0.0,0.0,0.0,0.0,0.0,0.0,0.0,0.0,4434.8,116953.7,45784.2,21366.1,16120.2,14499.8,12195.0,6065.3,8652.9,18595.8,31619.9,48222.0,128501.3,487936.1,132041.7,22282.9,30254.0,7162.8,5217.9,5389.0,5285.2,20356.3,5423.8,4798.5,8040.8,27462.5,10116.0,15284.0,12563.5,5810.3,15524.7,28951.0,74557.9,50651.2,78857.7,11958.8,12665.5,5267.6,5288.3,10049.8,8171.5,91506.1,33388.3,3422.2,2394.5,472.2,555.8,2655.9,3832.3,2995.9,14818.4,7635.5,6400.5,12129.8,69394.1,112011.4,6475.0,0.0,0.0,2472.8,10314.9,7752.2,3294.1,1265.1,1497.0,1058.6,258.7,391.6,836.0,2742.6,4779.5,2173.9,50.1,8.1,0.0,0.0,0.0,0.0,0.0,0.0,0.0,0.0,0.0,0.1,0.2,0.1,0.1,0.1,0.1,0.2,0.9,1.1,1.0,1.5,14.4,1.6,0.6,0.0,0.0,0.0,0.0,0.0,0.0,0.0,0.0,0.0,0.0,0.0,0.0,0.0,0.0,0.0,0.0,0.0,0.0,0.0,0.0,0.0,0.0,0.0,0.0,0.0,0.0,0.0,0.0,0.0,0.0,0.0,0.0,0.0,0.0,0.0,0.0,0.0,0.0,0.0,0.0,0.0,0.0,0.0,0.0,0.0,0.0,0.0,0.0,0.0,0.0,0.0,0.0,0.0,0.0,0.0,0.0,0.0,0.0,0.0,0.0,0.0,0.0,0.0,0.0,0.0,0.0,0.0,0.0
0.0,0.0,0.0,0.0,0.0,0.0,0.0,0.0,0.0,0.0,0.0,0.0,0.0,0.0,0.0,0.0,0.0,0.0,0.0,0.0,0.0,0.0,0.0,0.0,0.0,0.0,0.0,0.0,0.0,0.0,0.0,0.0,0.0,0.0,0.0,0.0,0.0,0.0,0.0,0.0,6.5,0.0,0.0,0.0,0.0,0.0,0.0,0.0,0.0,0.0,0.0,0.0,0.0,0.0,0.0,0.0,0.0,0.0,0.0,0.0,0.0,0.0,0.0,0.0,0.0,0.0,0.0,0.0,0.0,0.0,0.0,0.0,0.0,0.0,0.0,0.0,0.0,0.0,0.0,0.0,0.0,0.0,0.0,0.0,0.0,0.0,0.0,0.0,0.0,0.0,0.0,0.0,0.0,0.0,56031.6,13173.2,5348.2,10811.3,7980.6,6465.8,7558.3,10271.4,13986.7,30140.0,84676.1,66637.1,33326.6,18003.6,30375.8,8538.4,7749.9,2800.5,7618.7,9082.9,5385.4,6185.0,5930.8,9480.0,12333.4,11087.8,37598.3,17878.7,17105.9,6931.3,33423.1,48234.6,41402.5,111712.9,33687.9,47347.9,5878.4,3498.1,20591.6,14856.5,10852.6,25204.2,2674.9,223.5,583.1,5825.4,6234.2,6999.2,13378.6,6109.0,4902.9,27008.7,27631.6,23616.0,6879.3,0.0,0.0,181.7,2904.2,14229.8,8697.0,2564.6,1373.2,668.4,378.7,373.1,1997.0,13286.2,3320.5,3276.7,78.9,9.6,0.0,0.0,0.0,0.0,0.0,0.0,0.0,0.0,0.0,0.1,0.2,0.1,0.2,0.2,0.2,0.2,0.8,1.1,1.0,0.9,1241.1,766.9,0.9,0.0,0.0,0.0,0.0,0.0,0.0,0.0,0.0,0.0,0.0,0.0,0.0,0.0,0.0,0.0,0.0,0.0,0.0,0.0,0.0,0.0,0.0,0.0,0.0,0.0,0.0,0.0,0.0,0.0,0.0,0.0,0.0,0.0,0.0,0.0,0.0,0.0,0.0,0.0,0.0,0.0,0.0,0.0,0.0,0.0,0.0,0.0,0.0,0.0,0.0,0.0,0.0,0.0,0.0,0.0,0.0,0.0,0.0,0.0,0.0,0.0,0.0,0.0,0.0,0.0,0.0,0.0,0.0
0.0,0.0,0.0,0.0,0.0,0.0,0.0,0.0,0.0,0.0,0.0,0.0,0.0,0.0,0.0,0.0,0.0,0.0,0.0,0.0,0.0,0.0,0.0,0.0,0.0,0.0,0.0,0.0,0.0,0.0,0.0,0.0,0.0,0.0,0.0,0.0,0.0,0.0,0.0,0.0,27.0,0.0,0.0,0.0,0.0,0.0,0.0,0.0,0.0,0.0,0.0,0.0,0.0,0.0,0.0,0.0,0.0,0.0,0.0,0.0,0.0,0.0,0.0,0.0,0.0,0.0,0.0,0.0,0.0,0.0,0.0,0.0,0.0,0.0,0.0,0.0,0.0,0.0,0.0,0.0,0.0,0.0,0.0,0.0,0.0,0.0,0.0,0.0,0.0,0.0,0.0,0.0,0.0,0.0,6836.0,27602.4,859.8,6353.6,2109.5,3319.9,7048.5,20906.0,6813.3,19174.6,29747.3,19675.6,17931.9,8349.1,5968.6,6592.9,7373.8,3815.5,6295.5,3911.3,8348.6,25683.1,17212.2,12466.3,14410.0,25573.8,18589.6,19823.1,113619.0,36300.7,144446.8,38552.9,43544.6,31981.0,41074.5,34176.0,15680.9,7031.4,14584.2,7922.1,2185.8,5567.4,18083.7,1491.1,2247.4,12625.2,5592.3,25034.5,8853.7,5803.8,15975.2,18170.4,21629.9,13408.7,6048.5,0.0,0.0,0.0,14.6,4661.9,38948.1,7680.3,2152.9,1969.8,1573.1,1045.0,3630.8,15360.2,2541.0,1176.5,117.6,456.1,23.5,39.3,24.3,0.0,0.0,0.0,0.0,0.0,0.0,0.0,0.1,2.2,0.8,0.1,0.1,0.1,0.6,1.1,1.1,1.0,1.1,1.4,0.9,0.0,0.0,0.0,0.0,0.0,0.0,0.0,0.0,0.0,0.0,0.0,0.0,0.0,0.0,0.0,0.0,0.0,0.0,0.0,0.0,0.0,0.0,0.0,0.0,0.0,0.0,0.0,0.0,0.0,0.0,0.0,0.0,0.0,0.0,0.0,0.0,0.0,0.0,0.0,0.0,0.0,0.0,0.0,0.0,0.0,0.0,0.0,0.0,0.0,0.0,0.0,0.0,0.0,0.0,0.0,0.0,0.0,0.0,0.0,0.0,0.0,0.0,0.0,0.0,0.0,0.0,0.0,0.0
0.0,0.0,0.0,0.0,0.0,0.0,0.0,0.0,0.0,0.0,0.0,0.0,0.0,0.0,0.0,0.0,0.0,0.0,0.0,0.0,0.0,0.0,0.0,0.0,0.0,0.0,0.0,0.0,0.0,0.0,0.0,0.0,0.0,0.0,0.0,0.0,0.0,0.0,0.0,0.0,0.0,0.0,0.0,0.0,0.0,0.0,0.0,0.0,0.0,1039.9,263.2,0.0,0.0,0.0,0.0,0.0,0.0,0.0,0.0,0.0,0.0,0.0,0.0,0.0,0.0,0.0,0.0,0.0,0.0,0.0,0.0,0.0,0.0,0.0,0.0,0.0,0.0,0.0,0.0,0.0,0.0,0.0,0.0,0.0,0.0,0.0,0.0,0.0,0.0,0.0,0.0,0.0,0.0,0.0,0.0,33360.5,7539.4,19139.3,6996.1,6061.5,12599.4,15920.6,20605.1,76375.4,20276.2,65495.4,66456.8,13551.4,4878.2,9748.7,3295.2,7395.8,4096.7,5988.3,50720.6,176361.1,195513.7,11799.1,20779.4,138800.0,151104.8,47920.8,253792.4,525503.7,218218.8,88608.7,138782.4,27774.6,28844.0,16424.9,64202.0,20455.8,14415.9,10648.4,16591.9,9439.4,60150.5,8932.2,2192.2,6206.8,5308.8,54544.6,26222.0,8905.1,7416.5,9357.4,19403.0,8040.8,9702.8,21941.6,0.0,0.0,1.7,852.7,110794.6,6711.3,2944.4,2819.4,12333.1,5188.2,10628.7,8279.5,2276.8,948.6,1410.9,2792.8,4356.0,5244.4,1116.7,91.5,0.0,0.0,0.0,0.0,0.0,0.0,0.2,2.3,0.6,0.5,0.8,1.2,1.3,1.1,0.9,1.0,1.1,1.2,1.4,0.0,0.0,0.0,0.0,0.0,0.0,0.0,0.0,0.0,0.0,0.0,0.0,0.0,0.0,0.0,0.0,0.0,0.0,0.0,0.0,0.0,0.0,0.0,0.0,0.0,0.0,0.0,0.0,0.0,0.0,0.0,0.0,0.0,0.0,0.0,0.0,0.0,0.0,0.0,0.0,0.0,0.0,0.0,0.0,0.0,0.0,0.0,0.0,0.0,0.0,0.0,0.0,0.0,0.0,0.0,0.0,0.0,0.0,0.0,0.0,0.0,0.0,0.0,0.0,0.0,0.0,0.0,0.0
0.0,0.0,0.0,0.0,0.0,0.0,0.0,0.0,0.0,0.0,0.0,0.0,0.0,0.0,0.0,0.0,0.0,0.0,0.0,0.0,0.0,0.0,0.0,0.0,0.0,0.0,0.0,0.0,0.0,0.0,0.0,0.0,0.0,0.0,0.0,0.0,0.0,0.0,0.0,0.0,0.0,0.0,0.0,0.0,0.0,0.0,0.0,24.4,92.0,115.4,68.5,17.6,0.0,0.0,0.0,823.7,0.0,0.0,0.0,0.0,0.0,0.0,0.0,0.0,0.0,0.0,0.0,0.0,0.0,0.0,0.0,0.0,0.0,0.0,0.0,0.0,0.0,0.0,0.0,0.0,0.0,0.0,0.0,0.0,0.0,0.0,0.0,0.0,0.0,0.0,0.0,0.0,0.0,0.0,0.0,16728.5,112368.2,126798.3,21210.0,9220.8,9782.8,13191.8,13229.7,22412.4,9410.9,12183.8,25484.0,6456.0,6116.2,30057.1,10893.7,8761.6,3897.7,32041.9,143465.0,320122.1,144100.0,9713.3,9066.7,10185.4,24668.6,234000.8,402701.7,689096.6,522924.8,123159.1,41270.2,58475.4,84747.0,30288.9,56269.3,216137.1,20868.2,13203.4,39847.1,39240.7,30445.0,4464.6,1105.5,5019.7,5357.7,9564.5,4728.7,54395.9,25413.8,8166.9,40171.9,20397.9,37812.6,23478.2,1106.9,180.6,1105.8,3741.2,9029.7,6242.4,3972.6,5783.1,17075.3,20800.6,90853.3,15420.1,9486.5,1774.3,840.4,867.6,1380.8,834.5,1187.5,52.4,7.3,0.5,0.2,0.0,0.0,0.3,0.1,1.8,2.5,1.7,2.1,2.4,2.2,1.1,1.0,0.9,1.0,1.3,1.4,0.0,0.0,0.0,0.0,0.0,0.0,0.0,0.0,0.0,0.0,0.0,0.0,0.0,0.0,0.0,0.0,0.0,0.0,0.0,0.0,0.0,0.0,0.0,0.0,0.0,0.0,0.0,0.0,0.0,0.0,0.0,0.0,0.0,0.0,0.0,0.0,0.0,0.0,0.0,0.0,0.0,0.0,0.0,0.0,0.0,0.0,0.0,0.0,0.0,0.0,0.0,0.0,0.0,0.0,0.0,0.0,0.0,0.0,0.0,0.0,0.0,0.0,0.0,0.0,0.0,0.0,0.0,0.0
0.0,0.0,0.0,0.0,0.0,0.0,0.0,0.0,0.0,0.0,0.0,0.0,0.0,0.0,0.0,0.0,0.0,0.0,0.0,0.0,0.0,0.0,0.0,0.0,0.0,0.0,0.0,0.0,0.0,0.0,0.0,0.0,0.0,0.0,0.0,0.0,0.0,0.0,0.0,0.0,0.0,0.0,0.0,0.0,0.0,6.3,0.1,0.0,0.0,0.0,0.0,0.0,0.0,0.0,4018.2,874.0,0.0,0.0,0.0,0.0,0.0,0.0,0.0,0.0,0.0,0.0,0.0,0.0,0.0,0.0,0.0,0.0,0.0,0.0,0.0,0.0,0.0,0.0,0.0,0.0,0.0,0.0,0.0,0.0,0.0,0.0,0.0,0.0,0.0,0.0,0.0,0.0,0.0,0.0,0.0,0.0,1923.8,42528.8,16475.1,3412.0,16719.1,10450.5,10348.8,37957.6,36133.6,39905.1,19303.6,4910.1,3892.1,4255.7,1291.3,3366.3,2917.4,16839.3,47796.8,36524.8,13750.4,9358.8,3250.0,15168.6,16075.4,60031.8,248727.3,1090609.6,483343.6,240868.3,190287.2,41671.6,28856.5,175723.7,83400.2,145786.8,7045.0,14340.3,30236.0,22053.0,8438.8,2927.1,3341.9,5176.8,12342.4,21844.6,13407.1,10207.4,19555.3,27557.0,10660.1,259839.9,93499.1,15854.3,9739.8,6089.2,12980.8,16286.2,5890.1,6196.9,6296.9,3862.0,5451.8,9300.7,215679.1,691794.3,50974.7,3413.4,1702.1,1063.1,1079.8,2308.1,12375.6,3126.7,431.2,1.9,1.0,0.0,0.0,1.4,4.4,2.4,2.1,1.6,1032.3,599.7,2.2,1.1,1.0,0.7,1.0,1831.2,826.0,0.2,0.0,0.0,0.0,0.0,0.0,0.0,0.0,0.0,0.0,0.0,0.0,0.0,0.0,0.0,0.0,0.0,0.0,0.0,0.0,0.0,0.0,0.0,0.0,0.0,0.0,0.0,0.0,0.0,0.0,0.0,0.0,0.0,0.0,0.0,0.0,0.0,0.0,0.0,0.0,0.0,0.0,0.0,0.0,0.0,0.0,0.0,0.0,0.0,0.0,0.0,0.0,0.0,0.0,0.0,0.0,0.0,0.0,0.0,0.0,0.0,0.0,0.0,0.0,0.0,0.0,0.0,0.0
0.0,0.0,0.0,0.0,0.0,0.0,0.0,0.0,0.0,0.0,0.0,0.0,0.0,0.0,0.0,0.0,0.0,0.0,0.0,0.0,0.0,0.0,0.0,0.0,0.0,0.0,0.0,0.0,0.0,0.0,0.0,0.0,0.0,0.0,0.0,0.0,0.0,0.0,0.0,0.0,0.0,0.0,0.0,0.0,0.0,0.0,0.0,0.0,0.0,0.0,0.0,0.0,0.0,0.0,6490.0,9438.5,1290.6,0.0,1.1,0.0,0.0,0.0,0.0,0.0,0.0,0.0,0.0,0.0,0.0,0.0,0.0,0.0,0.0,0.0,0.0,0.0,0.0,0.0,0.0,0.0,0.0,0.0,0.0,0.0,0.0,0.0,0.0,0.0,0.0,0.0,0.0,0.0,0.0,0.0,0.0,0.0,0.0,0.0,6707.9,23518.8,116086.2,1582.4,4180.3,8835.1,75592.5,46026.7,8184.6,2560.7,5560.4,12308.7,4523.9,5153.6,2496.5,4469.5,3017.4,11640.1,3705.6,4597.2,7446.3,4956.1,19237.5,52592.1,49326.9,135862.3,206144.6,436181.7,633032.2,55873.3,38935.9,82548.5,95934.4,56855.3,65965.1,13932.0,24648.5,30443.5,29183.7,3762.2,1077.8,6034.3,4680.0,13952.1,38889.6,6426.4,10762.9,6196.4,10040.6,63199.4,16897.9,5289.6,2199.5,1012.9,22873.8,29001.1,6483.1,2062.7,29807.8,11411.6,7339.1,16913.1,29392.2,215448.6,45581.0,1674.9,170.1,108.8,46.9,673.3,2939.9,857.2,136.2,0.2,4.1,0.4,0.0,1.1,21.7,2.4,2.3,1.9,48.3,296.9,2.3,1.2,1.1,1.1,0.9,58.0,3158.9,0.1,0.0,0.0,0.0,0.0,0.0,0.0,0.0,0.0,0.0,0.0,0.0,0.0,0.0,0.0,0.0,0.0,0.0,0.0,0.0,0.0,0.0,0.0,0.0,0.0,0.0,0.0,0.0,0.0,0.0,0.0,0.0,0.0,0.0,0.0,0.0,0.0,0.0,0.0,0.0,0.0,0.0,0.0,0.0,0.0,0.0,0.0,0.0,0.0,0.0,0.0,0.0,0.0,0.0,0.0,0.0,0.0,0.0,0.0,0.0,0.0,0.0,0.0,0.0,0.0,0.0,0.0,0.0
0.0,0.0,0.0,0.0,0.0,0.0,0.0,0.0,0.0,0.0,0.0,0.0,0.0,0.0,0.0,0.0,0.0,0.0,0.0,0.0,0.0,0.0,0.0,0.0,0.0,0.0,0.0,0.0,0.0,0.0,0.0,0.0,0.0,0.0,0.0,0.0,0.0,0.0,0.0,0.0,0.0,0.0,0.0,0.0,0.0,0.0,0.0,0.0,0.0,0.0,0.0,0.0,0.0,0.0,625.6,11686.7,245.7,0.0,298.2,0.0,0.0,0.0,0.0,0.0,0.0,0.0,0.0,0.0,0.0,0.0,0.0,0.0,0.0,0.0,0.0,0.0,0.0,0.0,0.0,0.0,0.0,0.0,0.0,0.0,0.0,0.0,0.0,0.0,0.0,0.0,0.0,0.0,0.0,0.0,0.0,0.0,0.0,0.0,0.0,4709.9,34622.9,4094.2,47254.0,9074.9,18618.0,17780.7,11156.3,8110.6,10575.1,10215.5,3960.9,18067.9,5966.7,4698.5,83986.8,27130.8,6893.3,3737.9,10671.8,5980.8,46334.9,37356.1,46314.2,30793.8,172566.4,139434.3,259798.4,152895.7,23475.6,32052.7,239328.4,65215.4,35876.9,26463.2,59388.9,13694.5,12747.7,37900.6,11738.3,12600.7,6896.5,11529.7,126371.9,13021.3,4226.4,2735.0,6076.6,22804.9,20817.7,9760.6,583.5,174.6,9012.2,9237.8,2189.6,9121.0,3452.9,20030.1,6818.8,8868.4,19882.6,15841.6,25324.9,2655.6,3140.3,523.9,485.9,2523.6,1370.4,31.9,0.0,0.0,0.4,0.0,0.0,0.8,10.0,2.4,2.4,1.7,1.2,1.7,1.4,0.9,0.9,0.4,4.8,147.6,5084.4,20.6,0.0,0.0,0.0,0.0,0.0,0.0,0.0,0.0,0.0,0.0,0.0,0.0,0.0,0.0,0.0,0.0,0.0,0.0,0.0,0.0,0.0,0.0,0.0,0.0,0.0,0.0,0.0,0.0,0.0,0.0,0.0,0.0,0.0,0.0,0.0,0.0,0.0,0.0,0.0,0.0,0.0,0.0,0.0,0.0,0.0,0.0,0.0,0.0,0.0,0.0,0.0,0.0,0.0,0.0,0.0,0.0,0.0,0.0,0.0,0.0,0.0,0.0,0.0,0.0,0.0,0.0,0.0
0.0,0.0,0.0,0.0,0.0,0.0,0.0,0.0,0.0,0.0,0.0,0.0,0.0,0.0,0.0,0.0,0.0,0.0,0.0,0.0,0.0,0.0,0.0,0.0,0.0,0.0,0.0,0.0,0.0,0.0,0.0,0.0,0.0,0.0,0.0,0.0,0.0,0.0,0.0,0.0,0.0,0.0,0.0,1.8,113.4,0.0,0.0,0.0,0.0,0.0,0.0,0.0,0.0,0.0,0.0,8456.7,375.5,374.5,100.0,0.0,0.0,0.0,0.0,0.0,0.0,0.0,0.0,0.0,0.0,0.0,0.0,0.0,0.0,0.0,0.0,0.0,0.0,0.0,0.0,0.0,0.0,0.0,0.0,0.0,0.0,0.0,0.0,0.0,0.0,0.0,0.0,0.0,0.0,0.0,0.0,0.0,0.0,0.0,0.0,2234.0,17748.7,29485.5,21927.1,2461.0,5520.5,2842.3,8265.7,3025.8,7092.9,4449.3,9112.5,48338.8,31343.8,49839.4,95301.7,23968.3,12298.3,7528.5,5304.8,10644.9,54305.5,3323.1,1495.3,11339.0,23645.1,4940.3,13187.6,71088.4,36357.2,26428.5,54229.7,62268.9,216857.4,24280.6,22139.1,54762.1,31521.7,154248.0,50660.8,18945.3,7299.1,13447.9,10900.7,4836.4,12859.9,8685.0,16046.0,16494.1,44452.5,12606.0,6297.7,5099.7,5398.7,933.9,2459.4,2152.8,4863.2,11316.3,8065.8,5219.9,5615.7,8720.2,10220.0,6972.3,2182.8,2009.0,2292.7,5473.3,1076.6,35.6,0.0,0.0,0.0,0.0,0.0,10.2,39.5,34.3,22.0,1.5,2.0,2.5,0.5,0.2,0.2,0.0,0.0,11.1,77.5,14.2,0.0,0.0,0.0,0.0,0.0,0.0,0.0,0.0,0.0,0.0,0.0,0.0,0.0,0.0,0.0,0.0,0.0,0.0,0.0,0.0,0.0,0.0,0.0,0.0,0.0,0.0,0.0,0.0,0.0,0.0,0.0,0.0,0.0,0.0,0.0,0.0,0.0,0.0,0.0,0.0,0.0,0.0,0.0,0.0,0.0,0.0,0.0,0.0,0.0,0.0,0.0,0.0,0.0,0.0,0.0,0.0,0.0,0.0,0.0,0.0,0.0,0.0,0.0,0.0,0.0,0.0,0.0
0.0,0.0,0.0,0.0,0.0,0.0,0.0,0.0,0.0,0.0,0.0,0.0,0.0,0.0,0.0,0.0,0.0,0.0,0.0,0.0,0.0,0.0,0.0,0.0,0.0,0.0,0.0,0.0,0.0,0.0,0.0,0.0,0.0,0.0,0.0,0.0,0.0,0.0,0.0,0.0,0.0,0.0,0.0,135.4,411.9,278.2,155.2,187.5,12.1,0.0,0.0,0.0,0.0,0.0,0.0,5663.9,2963.8,88.7,32.8,0.0,0.0,0.0,0.0,0.0,0.0,0.0,0.0,0.0,0.0,0.0,0.0,0.0,0.0,0.0,0.0,0.0,0.0,0.0,0.0,0.0,0.0,0.0,0.0,0.0,0.0,0.0,0.0,0.0,0.0,0.0,0.0,0.0,0.0,0.0,0.0,0.0,0.0,0.0,0.0,0.0,30495.0,7684.5,6353.7,2250.9,2441.2,4404.8,1216.3,5095.9,12001.6,4998.9,3682.4,14259.4,231072.1,255442.7,28450.6,5060.1,6418.6,2769.7,2368.3,0.0,838.6,1925.3,20302.0,26897.3,10904.5,19140.2,7816.3,15654.2,65287.5,65570.7,100596.3,39528.9,87415.4,44079.8,38074.9,36300.2,8991.3,8059.2,137620.0,32066.6,4886.6,2637.6,4201.8,12548.7,7869.9,5384.8,4565.5,13339.3,115435.7,9077.8,3034.1,419.7,54.8,13.2,1449.5,561.7,3143.7,17252.3,8696.7,30278.3,6900.7,4694.6,5740.0,20781.3,1335.5,4055.0,12912.7,173.9,0.0,0.0,0.0,1.0,2073.5,0.0,0.0,21.7,18.4,38.7,1.5,0.8,2.2,1.1,0.0,0.0,0.0,0.0,0.0,0.0,0.0,0.1,0.0,0.0,0.0,0.0,0.0,0.0,0.0,0.0,0.0,0.0,0.0,0.0,0.0,0.0,0.0,0.0,0.0,0.0,0.0,0.0,0.0,0.0,0.0,0.0,0.0,0.0,0.0,0.0,0.0,0.0,0.0,0.0,0.0,0.0,0.0,0.0,0.0,0.0,0.0,0.0,0.0,0.0,0.0,0.0,0.0,0.0,0.0,0.0,0.0,0.0,0.0,0.0,0.0,0.0,0.0,0.0,0.0,0.0,0.0,0.0,0.0,0.0,0.0,0.0,0.0,0.0,0.0
0.0,0.0,0.0,0.0,0.0,0.0,0.0,0.0,0.0,0.0,0.0,0.0,0.0,0.0,0.0,0.0,0.0,0.0,0.0,0.0,0.0,0.0,0.0,0.0,0.0,0.0,0.0,0.0,0.0,0.0,0.0,0.0,0.0,0.0,0.0,0.0,0.0,0.0,0.0,0.0,0.0,0.0,23.6,366.7,450.6,567.9,476.9,244.4,41.4,33.1,160.9,194.3,0.0,0.0,28.6,2421.4,33.0,497.3,2.6,0.0,0.0,0.0,0.0,0.0,0.0,0.0,0.0,0.0,0.0,0.0,0.0,0.0,0.0,0.0,0.0,0.0,0.0,0.0,0.0,0.0,0.0,0.0,0.0,0.0,0.0,0.0,0.0,0.0,0.0,0.0,0.0,0.0,0.0,0.0,0.0,0.0,0.0,0.0,0.0,0.0,12459.8,1231.8,216.8,178.2,823.5,861.4,588.2,4144.9,5601.9,42475.1,13956.6,90272.2,480598.2,55049.3,126.4,1085.1,232.9,1.2,628.7,371.6,2302.1,1612.3,10893.8,14612.5,18307.7,14189.2,20172.6,53026.5,236565.5,216712.6,202935.9,158881.9,98078.0,132618.8,273296.7,37521.4,56711.6,33407.5,18763.1,18363.1,4065.9,3744.3,1496.0,7303.0,22289.8,6594.4,4514.9,7915.6,32002.0,3844.4,337.2,544.4,1272.8,19.6,139.7,224.4,142.8,2055.4,4092.4,42865.1,6762.0,8565.4,5165.8,21046.3,3111.6,7773.6,13553.6,2730.2,171.4,13.4,3.5,5.4,0.0,0.0,0.0,0.0,0.0,21.9,0.0,0.0,0.0,0.0,0.0,0.0,0.0,0.0,0.0,0.1,0.4,0.4,0.0,0.0,0.0,0.0,0.0,0.0,0.0,0.0,0.0,0.0,0.0,0.0,0.0,0.0,0.0,0.0,0.0,0.0,0.0,0.0,0.0,0.0,0.0,0.0,0.0,0.0,0.0,0.0,0.0,0.0,0.0,0.0,0.0,0.0,0.0,0.0,0.0,0.0,0.0,0.0,0.0,0.0,0.0,0.0,0.0,0.0,0.0,0.0,0.0,0.0,0.0,0.0,0.0,0.0,0.0,0.0,0.0,0.0,0.0,0.0,0.0,0.0,0.0,0.0,0.0,0.0,0.0
0.0,0.0,0.0,0.0,0.0,0.0,0.0,0.0,0.0,0.0,0.0,0.0,0.0,0.0,0.0,0.0,0.0,0.0,0.0,0.0,0.0,0.0,0.0,0.0,0.0,0.0,0.0,0.0,0.0,0.0,0.0,0.0,0.0,0.0,0.0,0.0,0.0,0.0,0.0,0.0,0.0,62.2,223.5,389.5,545.3,327.3,10.2,0.0,46.5,242.4,198.0,0.0,0.0,139.3,184.6,0.0,127.2,979.9,0.0,0.0,0.0,0.0,0.0,0.0,0.0,0.0,0.0,0.0,0.0,0.0,0.0,0.0,0.0,0.0,0.0,0.0,0.0,0.0,0.0,0.0,0.0,0.0,0.0,0.0,0.0,0.0,0.0,0.0,0.0,0.0,0.0,0.0,0.0,0.0,0.0,0.0,0.0,0.0,0.0,0.0,0.0,1421.1,283.3,0.0,845.0,636.3,305.2,1323.6,990.7,8149.4,11309.7,6452.1,153313.2,5295.8,915.2,3824.7,6924.7,7095.8,1230.0,9213.9,17013.0,69103.4,29763.0,35151.7,22496.0,95588.7,58787.0,2178.6,32851.4,241400.3,392904.5,260952.5,189985.0,68156.7,212345.0,50799.5,71288.0,21761.3,10598.4,13371.3,6878.1,4476.4,2741.8,5771.7,6639.8,7042.3,5638.5,4073.1,13994.5,953.0,94.9,12.5,123.2,39.5,112.6,5862.7,41.4,760.9,4965.0,16760.0,4847.8,28961.2,32716.5,11302.7,33150.1,51436.8,5706.2,2048.5,53.6,1857.3,229.2,0.0,0.0,0.0,0.0,0.0,0.1,1141.5,0.0,0.0,0.0,0.0,0.0,0.0,0.0,0.2,0.4,0.5,0.6,0.4,0.0,0.0,0.0,0.0,0.0,0.0,0.0,0.0,0.0,0.0,0.0,0.0,0.0,0.0,0.0,0.0,0.0,0.0,0.0,0.0,0.0,0.0,0.0,0.0,0.0,0.0,0.0,0.0,0.0,0.0,0.0,0.0,0.0,0.0,0.0,0.0,0.0,0.0,0.0,0.0,0.0,0.0,0.0,0.0,0.0,0.0,0.0,0.0,0.0,0.0,0.0,0.0,0.0,0.0,0.0,0.0,0.0,0.0,0.0,0.0,0.0,0.0,0.0,0.0,0.0,0.0,0.0
0.0,0.0,0.0,0.0,0.0,0.0,0.0,0.0,0.0,0.0,0.0,0.0,0.0,0.0,0.0,0.0,0.0,0.0,0.0,0.0,0.0,0.0,0.0,0.0,0.0,0.0,0.0,0.0,0.0,0.0,0.0,0.0,0.0,0.0,0.0,0.0,0.0,0.0,0.0,0.0,0.0,173.5,485.8,153.2,143.4,6.6,17.0,25601.2,0.0,0.0,0.0,0.0,132.1,63.3,54.5,584.3,2380.5,73.3,0.0,0.0,0.0,0.0,0.0,0.0,0.0,0.0,0.0,0.0,0.0,0.0,0.0,0.0,0.0,0.0,0.0,0.0,0.0,0.0,0.0,0.0,0.0,0.0,0.0,0.0,0.0,0.0,0.0,0.0,0.0,0.0,0.0,0.0,0.0,0.0,0.0,0.0,0.0,0.0,0.0,0.0,0.0,0.0,2.1,896.5,103.1,1228.0,1.2,219.3,2388.8,6894.3,646.9,59.2,0.0,0.0,0.0,0.0,3.6,3095.1,7311.3,11056.2,6179.0,38799.8,19228.8,27791.3,32284.1,1680.1,678.3,49261.4,20247.4,150201.1,1231540.6,845845.3,151116.7,27315.4,32245.1,40106.4,23206.1,20490.3,23846.6,7005.4,7589.0,14819.6,884.1,3976.7,4748.7,4586.2,6889.1,11417.0,4912.2,1097.1,450.4,509.5,667.6,604.0,40.5,325.2,3378.5,299.5,1877.2,5023.2,8849.9,58099.0,124055.4,124542.4,170156.8,21819.5,7694.4,3034.0,411.4,921.4,123.7,0.0,0.0,0.0,0.0,0.4,1.0,0.3,0.0,0.0,0.2,1.1,0.0,0.0,0.1,0.5,0.5,0.6,0.5,0.5,0.1,0.0,0.0,0.0,0.0,0.0,0.0,0.0,0.0,0.0,0.0,0.0,0.0,0.0,0.0,0.0,0.0,0.0,0.0,0.0,0.0,0.0,0.0,0.0,0.0,0.0,0.0,0.0,0.0,0.0,0.0,0.0,0.0,0.0,0.0,0.0,0.0,0.0,0.0,0.0,0.0,0.0,0.0,0.0,0.0,0.0,0.0,0.0,0.0,0.0,0.0,0.0,0.0,0.0,0.0,0.0,0.0,0.0,0.0,0.0,0.0,0.0,0.0,0.0,0.0,0.0,0.0
0.0,0.0,0.0,0.0,0.0,0.0,0.0,0.0,0.0,0.0,0.0,0.0,0.0,0.0,0.0,0.0,0.0,0.0,0.0,0.0,0.0,0.0,0.0,0.0,0.0,0.0,0.0,0.0,0.0,0.0,0.0,0.0,0.0,0.0,0.0,0.0,0.0,0.0,0.0,0.0,0.0,173.5,108.4,0.0,0.0,0.0,5942.0,230984.5,0.0,0.0,0.0,199.2,3990.1,2218.2,2881.1,4153.2,163.3,0.0,0.0,0.0,0.0,0.0,0.0,0.0,0.0,0.0,0.0,0.0,0.0,0.0,0.0,0.0,0.0,0.0,0.0,0.0,0.0,0.0,0.0,0.0,0.0,0.0,0.0,0.0,0.0,0.0,0.0,0.0,0.0,0.0,0.0,0.0,0.0,0.0,0.0,0.0,0.0,0.0,0.0,0.0,0.0,0.0,0.0,20.7,542.7,0.3,248.5,10647.4,19746.7,1261.4,0.0,0.0,0.0,0.0,0.0,0.0,0.0,0.0,327.5,3075.5,1872.6,25297.2,38087.7,61519.6,1174.8,0.0,5618.5,55785.6,96523.4,227236.5,288614.5,376660.8,244684.1,45300.2,71118.3,80817.3,84696.9,41428.3,30327.1,23102.2,24150.9,8586.2,702.6,2856.9,4219.7,2984.5,15576.2,8905.3,42609.3,6075.3,922.9,53.0,653.8,351.6,170.1,11564.9,2834.0,778.9,1386.0,2338.3,4787.6,19617.4,306372.1,1103119.2,273988.2,35043.4,20739.4,11667.1,1797.4,27.7,0.0,0.0,0.0,0.0,0.6,2.0,1.3,1.0,0.1,0.0,2.9,6.6,0.0,0.1,0.5,0.5,0.5,0.5,0.5,0.5,0.2,0.0,0.0,0.0,0.0,0.0,0.0,0.0,0.0,0.0,0.0,0.0,0.0,0.0,0.0,0.0,0.0,0.0,0.0,0.0,0.0,0.0,0.0,0.0,0.0,0.0,0.0,0.0,0.0,0.0,0.0,0.0,0.0,0.0,0.0,0.0,0.0,0.0,0.0,0.0,0.0,0.0,0.0,0.0,0.0,0.0,0.0,0.0,0.0,0.0,0.0,0.0,0.0,0.0,0.0,0.0,0.0,0.0,0.0,0.0,0.0,0.0,0.0,0.0,0.0,0.0,0.0
0.0,0.0,0.0,0.0,0.0,0.0,0.0,0.0,0.0,0.0,0.0,0.0,0.0,0.0,0.0,0.0,0.0,0.0,0.0,0.0,0.0,0.0,0.0,0.0,0.0,0.0,0.0,0.0,0.0,0.0,0.0,0.0,0.0,0.0,0.0,0.0,0.0,0.0,0.0,0.0,0.0,0.0,0.0,0.0,0.0,0.0,0.0,23722.9,207.0,0.0,0.0,0.0,0.0,0.0,2385.5,937.8,49.8,0.0,0.0,0.0,0.0,0.0,0.0,0.0,0.0,0.0,0.0,0.0,0.0,0.0,0.0,0.0,0.0,0.0,0.0,0.0,0.0,0.0,0.0,0.0,0.0,0.0,0.0,0.0,0.0,0.0,0.0,0.0,0.0,0.0,0.0,0.0,0.0,0.0,0.0,0.0,0.0,0.0,0.0,0.0,0.0,0.0,0.0,11.4,3510.7,481.4,205.2,126.7,0.0,0.0,0.0,0.0,0.0,0.0,0.0,0.0,0.0,0.0,0.0,0.0,0.0,8919.4,9559.9,0.0,319.8,49942.5,20084.7,11123.0,23983.3,21006.1,57811.9,72631.2,241572.9,170647.0,262965.4,142461.3,185835.4,52216.9,44827.2,83488.2,28346.2,16903.4,6604.0,4605.2,4836.8,5131.1,9812.3,14152.0,33207.2,5380.0,2108.4,2025.4,4892.2,1809.3,65.8,1028.2,2817.8,3309.1,10705.8,5252.3,6569.2,17738.4,298649.6,1256674.9,247649.1,52104.5,66961.7,10122.0,6472.7,665.4,47.4,0.6,0.8,0.1,13.7,19.7,38.7,2.6,0.0,0.0,3.3,6.8,909.9,830.1,1159.1,7.9,0.6,0.5,0.6,0.5,0.2,0.0,0.0,0.0,0.0,0.0,0.0,0.0,0.0,0.0,0.0,0.0,0.0,0.0,0.0,0.0,0.0,0.0,0.0,0.0,0.0,0.0,0.0,0.0,0.0,0.0,0.0,0.0,0.0,0.0,0.0,0.0,0.0,0.0,0.0,0.0,0.0,0.0,0.0,0.0,0.0,0.0,0.0,0.0,0.0,0.0,0.0,0.0,0.0,0.0,0.0,0.0,0.0,0.0,0.0,0.0,0.0,0.0,0.0,0.0,0.0,0.0,0.0,0.0,0.0,0.0,0.0
0.0,0.0,0.0,0.0,0.0,0.0,0.0,0.0,0.0,0.0,0.0,0.0,0.0,0.0,0.0,0.0,0.0,0.0,0.0,0.0,0.0,0.0,0.0,0.0,0.0,0.0,0.0,0.0,0.0,0.0,0.0,0.0,0.0,0.0,0.0,0.0,0.0,0.0,0.0,0.0,0.0,2.3,1.3,0.0,0.0,0.0,0.0,1.1,937.4,26.3,1112.3,0.0,0.0,0.0,0.0,0.0,0.0,0.0,0.0,0.0,0.0,0.0,0.0,0.0,0.0,0.0,0.0,0.0,0.0,0.0,0.0,0.0,0.0,0.0,0.0,0.0,0.0,0.0,0.0,0.0,0.0,0.0,0.0,0.0,0.0,0.0,0.0,0.0,0.0,0.0,0.0,0.0,0.0,0.0,0.0,0.0,0.0,0.0,0.0,0.0,0.0,0.0,0.0,0.0,0.0,0.0,0.0,0.0,0.0,0.0,0.0,0.0,0.0,0.0,0.0,0.0,0.0,0.0,0.0,0.0,0.0,0.0,0.0,0.0,0.0,192.4,8335.1,123073.6,76422.8,1829.2,9581.8,39807.3,74141.5,328797.6,624858.2,859982.9,409917.4,172762.7,46944.2,93580.7,81518.5,37410.6,56483.7,26555.0,14402.3,11709.8,97953.9,230800.5,66359.6,62922.5,51339.8,10378.3,3199.8,862.9,1178.3,5009.3,1993.7,8714.6,39430.8,7660.8,11853.4,15423.1,108948.0,191685.4,28994.8,24391.8,54913.3,7142.7,5751.1,5383.0,723.4,89.0,78.9,113.5,2151.6,8023.0,359.7,14.7,0.0,0.0,9.7,92.2,10254.6,4875.2,1009.9,108.5,1.2,0.6,0.5,0.6,0.5,0.0,0.0,0.0,0.0,0.0,0.0,0.0,0.0,0.0,0.0,0.0,0.0,0.0,0.0,0.0,0.0,0.0,0.0,0.0,0.0,0.0,0.0,0.0,0.0,0.0,0.0,0.0,0.0,0.0,0.0,0.0,0.0,0.0,0.0,0.0,0.0,0.0,0.0,0.0,0.0,0.0,0.0,0.0,0.0,0.0,0.0,0.0,0.0,0.0,0.0,0.0,0.0,0.0,0.0,0.0,0.0,0.0,0.0,0.0,0.0,0.0,0.0,0.0,0.0,0.0,0.0
0.0,0.0,0.0,0.0,0.0,0.0,0.0,0.0,0.0,0.0,0.0,0.0,0.0,0.0,0.0,0.0,0.0,0.0,0.0,0.0,0.0,0.0,0.0,0.0,0.0,0.0,0.0,0.0,0.0,0.0,0.0,0.0,0.0,0.0,0.0,0.0,0.0,0.0,0.0,0.0,0.0,0.0,0.5,0.0,31.6,295.4,193.6,26.7,2.4,568.9,3896.4,0.0,0.0,0.0,0.0,0.0,0.0,0.0,0.0,0.0,0.0,0.0,0.0,0.0,0.0,0.0,0.0,0.0,0.0,0.0,0.0,0.0,0.0,0.0,0.0,0.0,0.0,0.0,0.0,0.0,0.0,0.0,0.0,0.0,0.0,0.0,0.0,0.0,0.0,0.0,0.0,0.0,0.0,0.0,0.0,0.0,0.0,0.0,0.0,0.0,0.0,0.0,0.0,0.0,0.0,0.0,0.0,0.0,0.0,0.0,0.0,0.0,0.0,0.0,0.0,0.0,0.0,0.0,0.0,0.0,0.0,0.0,0.0,0.0,0.0,0.0,0.0,44030.3,12415.7,57779.4,73473.1,287816.4,227314.5,207999.8,374585.0,2382986.6,2011158.0,368836.4,169246.4,91794.8,110096.2,105397.8,22361.8,15396.5,34706.1,25686.8,141621.5,136011.2,20950.0,15875.2,32659.0,8793.1,4106.1,6730.8,5060.0,7273.5,9626.3,90781.3,19044.1,16585.3,10517.4,7071.2,17688.4,25488.5,65424.4,5980.9,7160.6,5473.3,11849.8,40395.0,21119.3,955.1,304.4,96.5,111.0,161.8,72.4,8.7,16.9,107.6,377.6,11195.4,4413.3,11652.3,4419.2,104.8,1.0,0.6,0.9,1.0,0.9,0.0,0.0,0.0,0.0,0.0,0.0,0.0,0.0,0.0,0.0,0.0,0.0,0.0,0.0,0.0,0.0,0.0,0.0,0.0,0.0,0.0,0.0,0.0,0.0,0.0,0.0,0.0,0.0,0.0,0.0,0.0,0.0,0.0,0.0,0.0,0.0,0.0,0.0,0.0,0.0,0.0,0.0,0.0,0.0,0.0,0.0,0.0,0.0,0.0,0.0,0.0,0.0,0.0,0.0,0.0,0.0,0.0,0.0,0.0,0.0,0.0,0.0,0.0,0.0,0.0,0.0
0.0,0.0,0.0,0.0,0.0,0.0,0.0,0.0,0.0,0.0,0.0,0.0,0.0,0.0,0.0,0.0,0.0,0.0,0.0,0.0,0.0,0.0,0.0,0.0,0.0,0.0,0.0,0.0,0.0,0.0,0.0,0.0,0.0,0.0,0.0,0.0,0.0,0.0,0.0,0.0,0.0,0.0,0.0,0.0,457.4,0.0,0.0,0.0,0.0,445.6,123.8,0.0,0.0,0.0,0.0,0.0,0.0,0.0,0.0,0.0,0.0,0.0,0.0,0.0,0.0,0.0,0.0,0.0,0.0,0.0,0.0,0.0,0.0,0.0,0.0,0.0,0.0,0.0,0.0,0.0,0.0,0.0,0.0,0.0,0.0,0.0,0.0,0.0,0.0,0.0,0.0,0.0,0.0,0.0,0.0,0.0,0.0,0.0,0.0,0.0,0.0,0.0,0.0,0.0,0.0,0.0,0.0,0.0,0.0,0.0,0.0,0.0,0.0,0.0,0.0,0.0,0.0,0.0,0.0,0.0,0.0,0.0,0.0,0.0,0.0,0.0,0.0,0.0,0.0,1101.3,1838.6,29947.9,107354.6,84011.2,95634.3,3278398.7,1927676.7,399441.3,110549.5,99511.0,55536.5,23893.3,11481.8,6393.4,6277.5,6382.9,7851.9,6395.2,11945.6,7398.1,4890.8,10249.7,11196.9,5965.3,12228.4,7652.1,9797.9,34510.5,12801.4,5450.0,7615.2,12371.5,21792.9,81848.6,10064.6,6535.7,5841.6,3304.4,119518.3,41223.9,9383.2,5369.7,528.6,16.2,0.0,51.3,48.4,8.4,21.3,110.9,1630.5,3030.0,8.9,1548.6,762.8,7.6,1.2,1.2,1.1,1.1,1.1,0.1,0.0,0.0,0.0,0.0,0.0,0.0,0.0,0.0,0.0,0.0,0.0,0.0,0.0,0.0,0.0,0.0,0.0,0.0,0.0,0.0,0.0,0.0,0.0,0.0,0.0,0.0,0.0,0.0,0.0,0.0,0.0,0.0,0.0,0.0,0.0,0.0,0.0,0.0,0.0,0.0,0.0,0.0,0.0,0.0,0.0,0.0,0.0,0.0,0.0,0.0,0.0,0.0,0.0,0.0,0.0,0.0,0.0,0.0,0.0,0.0,0.0,0.0,0.0,0.0,0.0
0.0,0.0,0.0,0.0,0.0,0.0,0.0,0.0,0.0,0.0,0.0,0.0,0.0,0.0,0.0,0.0,0.0,0.0,0.0,0.0,0.0,0.0,0.0,0.0,0.0,0.0,0.0,0.0,0.0,0.0,0.0,0.0,0.0,0.0,0.0,0.0,0.0,0.0,0.0,0.0,0.0,0.0,0.0,650.5,54.1,0.0,62.3,11.5,10.1,524.9,0.0,0.0,0.0,0.0,0.0,0.0,0.0,0.0,0.0,0.0,0.0,0.0,0.0,0.0,0.0,0.0,0.0,0.0,0.0,0.0,0.0,0.0,0.0,0.0,0.0,0.0,0.0,0.0,0.0,0.0,0.0,0.0,0.0,0.0,0.0,0.0,0.0,0.0,0.0,0.0,0.0,0.0,0.0,0.0,0.0,0.0,0.0,0.0,0.0,0.0,0.0,0.0,0.0,0.0,0.0,0.0,0.0,0.0,0.0,0.0,0.0,0.0,0.0,0.0,0.0,0.0,0.0,0.0,0.0,0.0,0.0,0.0,0.0,0.0,0.0,0.0,0.0,0.0,0.0,0.0,0.0,0.0,0.0,0.0,52.3,711104.9,437841.5,169255.9,165471.9,129103.9,71439.8,20456.5,6127.4,10136.5,11143.4,42847.5,30511.2,28246.7,18880.3,3615.9,6570.3,3108.4,27842.6,4892.8,1719.4,3224.4,5912.3,9459.9,7881.5,3296.8,5034.6,10912.2,19161.8,14124.6,11501.7,39088.0,56212.5,6303.4,5798.9,7149.5,5366.3,2644.1,677.6,232.2,0.2,1.5,1.2,0.0,0.9,28.5,309.3,7603.6,31954.0,2925.5,111.0,5.5,1.1,1.2,1.1,1.1,1.0,0.2,0.0,0.0,0.0,0.0,0.0,0.0,0.0,0.0,0.0,0.0,0.0,0.0,0.0,0.0,0.0,0.0,0.0,0.0,0.0,0.0,0.0,0.0,0.0,0.0,0.0,0.0,0.0,0.0,0.0,0.0,0.0,0.0,0.0,0.0,0.0,0.0,0.0,0.0,0.0,0.0,0.0,0.0,0.0,0.0,0.0,0.0,0.0,0.0,0.0,0.0,0.0,0.0,0.0,0.0,0.0,0.0,0.0,0.0,0.0,0.0,0.0,0.0,0.0,0.0,0.0
0.0,0.0,0.0,0.0,0.0,0.0,0.0,0.0,0.0,0.0,0.0,0.0,0.0,0.0,0.0,0.0,0.0,0.0,0.0,0.0,0.0,0.0,0.0,0.0,0.0,0.0,0.0,0.0,0.0,0.0,0.0,0.0,0.0,0.0,0.0,0.0,0.0,0.0,0.0,0.0,0.0,0.0,369.0,22.5,0.0,0.8,2320.4,1475.9,1227.4,15.1,0.0,0.0,0.0,0.0,0.0,0.0,0.0,0.0,0.0,0.0,0.0,0.0,0.0,0.0,0.0,0.0,0.0,0.0,0.0,0.0,0.0,0.0,0.0,0.0,0.0,0.0,0.0,0.0,0.0,0.0,0.0,0.0,0.0,0.0,0.0,0.0,0.0,0.0,0.0,0.0,0.0,0.0,0.0,0.0,0.0,0.0,0.0,0.0,0.0,0.0,0.0,0.0,0.0,0.0,0.0,0.0,0.0,0.0,0.0,0.0,0.0,0.0,0.0,0.0,0.0,0.0,0.0,0.0,0.0,0.0,0.0,0.0,0.0,0.0,0.0,0.0,0.0,0.0,0.0,0.0,0.0,0.0,0.0,0.0,0.0,207863.3,425980.4,66498.0,207431.1,148576.5,62533.9,83290.5,52945.9,14854.7,3717.4,5756.4,3692.6,2967.9,3554.8,2597.9,3986.6,3347.4,2387.4,2659.0,8089.6,6264.5,35206.5,5638.7,9633.2,3179.2,3057.3,3465.0,6485.5,6548.7,3478.4,8368.2,3971.0,4850.4,5040.4,3527.2,4573.2,9348.8,4500.6,401.3,0.0,0.0,0.0,0.0,0.0,0.0,112.4,5544.5,5486.8,2199.3,334.2,0.0,0.0,0.1,0.0,0.0,0.0,0.0,0.0,0.0,0.0,0.0,0.0,0.0,0.0,0.0,0.0,0.0,0.0,0.0,0.0,0.0,0.0,0.0,0.0,0.0,0.0,0.0,0.0,0.0,0.0,0.0,0.0,0.0,0.0,0.0,0.0,0.0,0.0,0.0,0.0,0.0,0.0,0.0,0.0,0.0,0.0,0.0,0.0,0.0,0.0,0.0,0.0,0.0,0.0,0.0,0.0,0.0,0.0,0.0,0.0,0.0,0.0,0.0,0.0,0.0,0.0,0.0,0.0,0.0,0.0,0.0,0.0
0.0,0.0,0.0,0.0,0.0,0.0,0.0,0.0,0.0,0.0,0.0,0.0,0.0,0.0,0.0,0.0,0.0,0.0,0.0,0.0,0.0,0.0,0.0,0.0,0.0,0.0,0.0,0.0,0.0,0.0,0.0,0.0,0.0,0.0,0.0,0.0,0.0,0.0,0.0,0.0,0.0,0.0,0.0,0.0,0.0,31.6,0.0,0.0,0.0,0.0,0.0,0.0,0.0,0.0,0.0,0.0,0.0,0.0,0.0,0.0,0.0,0.0,0.0,0.0,0.0,0.0,0.0,0.0,0.0,0.0,0.0,0.0,0.0,0.0,0.0,0.0,0.0,0.0,0.0,0.0,0.0,0.0,0.0,0.0,0.0,0.0,0.0,0.0,0.0,0.0,0.0,0.0,0.0,0.0,0.0,0.0,0.0,0.0,0.0,0.0,0.0,0.0,0.0,0.0,0.0,0.0,0.0,0.0,0.0,0.0,0.0,0.0,0.0,0.0,0.0,0.0,0.0,0.0,0.0,0.0,0.0,0.0,0.0,0.0,0.0,0.0,0.0,0.0,0.0,0.0,0.0,0.0,0.0,0.0,0.0,460.5,359724.6,249493.8,59762.1,337072.3,161781.7,225160.7,78462.6,34054.4,48826.6,29021.3,9249.4,22473.1,15636.8,7798.6,5380.2,13652.0,8441.3,8008.5,5035.8,3472.1,5083.2,3704.4,4947.6,4125.2,10500.4,8646.8,32653.8,53105.2,17683.2,12426.5,9779.5,53101.0,14726.2,2524.0,4615.9,23320.3,18919.1,822.9,59.9,3.2,0.0,0.0,0.0,0.0,6.5,33803.0,26530.1,1489.6,4.8,0.0,0.0,0.0,0.0,0.0,0.0,0.0,0.0,0.0,0.0,0.0,0.0,0.0,0.0,0.0,0.0,0.0,0.0,0.0,0.0,0.0,0.0,0.0,0.0,0.0,0.0,0.0,0.0,0.0,0.0,0.0,0.0,0.0,0.0,0.0,0.0,0.0,0.0,0.0,0.0,0.0,0.0,0.0,0.0,0.0,0.0,0.0,0.0,0.0,0.0,0.0,0.0,0.0,0.0,0.0,0.0,0.0,0.0,0.0,0.0,0.0,0.0,0.0,0.0,0.0,0.0,0.0,0.0,0.0,0.0,0.0,0.0
0.0,0.0,0.0,0.0,0.0,0.0,0.0,0.0,0.0,0.0,0.0,0.0,0.0,0.0,0.0,0.0,0.0,0.0,0.0,0.0,0.0,0.0,0.0,0.0,0.0,0.0,0.0,0.0,0.0,0.0,0.0,0.0,0.0,0.0,0.0,0.0,0.0,0.0,0.0,0.0,0.0,0.0,0.0,0.0,0.0,30.3,4.4,0.0,0.0,0.0,0.0,0.0,0.0,0.0,0.0,0.0,0.0,0.0,0.0,0.0,0.0,0.0,0.0,0.0,0.0,0.0,0.0,0.0,0.0,0.0,0.0,0.0,0.0,0.0,0.0,0.0,0.0,0.0,0.0,0.0,0.0,0.0,0.0,0.0,0.0,0.0,0.0,0.0,0.0,0.0,0.0,0.0,0.0,0.0,0.0,0.0,0.0,0.0,0.0,0.0,0.0,0.0,0.0,0.0,0.0,0.0,0.0,0.0,0.0,0.0,0.0,0.0,0.0,0.0,0.0,0.0,0.0,0.0,0.0,0.0,0.0,0.0,0.0,0.0,0.0,0.0,0.0,0.0,0.0,0.0,0.0,0.0,0.0,0.0,0.0,0.0,108798.9,84133.4,1072.6,83990.2,119608.7,209974.9,375100.8,100905.4,346395.9,94465.8,40098.6,17479.7,14643.5,18003.5,11860.4,20114.9,5935.0,37362.6,7397.2,6477.8,7492.7,5716.6,14981.0,4025.0,2938.9,1771.3,13505.9,122285.9,8500.5,2470.1,2451.3,1530.8,4524.6,3641.3,11585.3,30522.6,154131.9,24248.3,420.4,0.1,0.0,0.0,0.0,0.0,4.5,37786.9,43819.7,659.4,0.0,0.0,0.0,0.0,0.0,0.0,0.0,0.0,0.0,0.0,0.0,0.0,0.0,0.0,0.0,0.0,0.0,0.0,0.0,0.0,0.0,0.0,0.0,0.0,0.0,0.0,0.0,0.0,0.0,0.0,0.0,0.0,0.0,0.0,0.0,0.0,0.0,0.0,0.0,0.0,0.0,0.0,0.0,0.0,0.0,0.0,0.0,0.0,0.0,0.0,0.0,0.0,0.0,0.0,0.0,0.0,0.0,0.0,0.0,0.0,0.0,0.0,0.0,0.0,0.0,0.0,0.0,0.0,0.0,0.0,0.0,0.0,0.0
0.0,0.0,0.0,0.0,0.0,0.0,0.0,0.0,0.0,0.0,0.0,0.0,0.0,0.0,0.0,0.0,0.0,0.0,0.0,0.0,0.0,0.0,0.0,0.0,0.0,0.0,0.0,0.0,0.0,0.0,0.0,0.0,0.0,0.0,0.0,0.0,0.0,0.0,0.0,0.0,0.0,0.0,0.0,0.0,0.0,145.2,285.3,0.0,0.0,0.0,0.0,0.0,0.0,0.0,0.0,0.0,0.0,0.0,0.0,0.0,0.0,0.0,0.0,0.0,0.0,0.0,0.0,0.0,0.0,0.0,0.0,0.0,0.0,0.0,0.0,0.0,0.0,0.0,0.0,0.0,0.0,0.0,0.0,0.0,0.0,0.0,0.0,0.0,0.0,0.0,0.0,0.0,0.0,0.0,0.0,0.0,0.0,0.0,0.0,0.0,0.0,0.0,0.0,0.0,0.0,0.0,0.0,0.0,0.0,0.0,0.0,0.0,0.0,0.0,0.0,0.0,0.0,0.0,0.0,0.0,0.0,0.0,0.0,0.0,0.0,0.0,0.0,0.0,0.0,0.0,0.0,0.0,0.0,0.0,0.0,0.0,927.9,62275.7,10670.3,29709.5,37819.4,35176.6,89634.0,79515.9,36904.3,32142.9,2796.4,22678.1,9189.2,22191.7,3801.1,11169.7,13388.1,7782.9,2272.7,2556.4,3407.6,10565.4,2836.3,403.7,377.3,1356.1,1560.9,4054.5,6341.0,3388.4,2145.5,6472.1,23834.4,3043.1,6805.6,84760.4,508019.7,40002.5,816.8,0.0,0.0,0.0,0.0,9.6,472.0,16642.7,1056.9,0.7,0.0,0.0,0.0,0.0,0.0,0.0,0.0,0.0,0.0,0.0,0.0,0.0,0.0,0.0,0.0,0.0,0.0,0.0,0.0,0.0,0.0,0.0,0.0,0.0,0.0,0.0,0.0,0.0,0.0,0.0,0.0,0.0,0.0,0.0,0.0,0.0,0.0,0.0,0.0,0.0,0.0,0.0,0.0,0.0,0.0,0.0,0.0,0.0,0.0,0.0,0.0,0.0,0.0,0.0,0.0,0.0,0.0,0.0,0.0,0.0,0.0,0.0,0.0,0.0,0.0,0.0,0.0,0.0,0.0,0.0,0.0,0.0,0.0
0.0,0.0,0.0,0.0,0.0,0.0,0.0,0.0,0.0,0.0,0.0,0.0,0.0,0.0,0.0,0.0,0.0,0.0,0.0,0.0,0.0,0.0,0.0,0.0,0.0,0.0,0.0,0.0,0.0,0.0,0.0,0.0,0.0,0.0,0.0,0.0,0.0,0.0,0.0,0.0,0.0,0.0,0.0,165.0,324.4,69.2,0.0,0.0,0.0,0.0,0.0,0.0,0.0,0.0,0.0,0.0,0.0,0.0,0.0,0.0,0.0,0.0,0.0,0.0,0.0,0.0,0.0,0.0,0.0,0.0,0.0,0.0,0.0,0.0,0.0,0.0,0.0,0.0,0.0,0.0,0.0,0.0,0.0,0.0,0.0,0.0,0.0,0.0,0.0,0.0,0.0,0.0,0.0,0.0,0.0,0.0,0.0,0.0,0.0,0.0,0.0,0.0,0.0,0.0,0.0,0.0,0.0,0.0,0.0,0.0,0.0,0.0,0.0,0.0,0.0,0.0,0.0,0.0,0.0,0.0,0.0,0.0,0.0,0.0,0.0,0.0,0.0,0.0,0.0,0.0,0.0,0.0,0.0,0.0,0.0,0.0,0.0,13611.1,24871.7,8157.6,40693.4,34127.7,66748.7,21335.5,34502.8,38177.4,19942.2,42489.2,28166.5,13235.3,15391.5,10099.9,6655.9,8775.1,14045.0,5655.5,1926.6,3813.9,6004.5,3130.5,937.5,4218.0,1104.3,594.1,1628.8,483.1,1883.7,2671.6,5061.5,5958.6,24361.8,14838.3,11084.1,11606.5,11147.0,359.4,278.6,139.3,1.1,18.5,34.6,879.1,325.4,0.0,0.0,0.0,0.0,0.0,0.0,0.0,0.0,0.0,0.0,0.0,0.0,0.0,0.0,0.0,0.0,0.0,0.0,0.0,0.0,0.0,0.0,0.0,0.0,0.0,0.0,0.0,0.0,0.0,0.0,0.0,0.0,0.0,0.0,0.0,0.0,0.0,0.0,0.0,0.0,0.0,0.0,0.0,0.0,0.0,0.0,0.0,0.0,0.0,0.0,0.0,0.0,0.0,0.0,0.0,0.0,0.0,0.0,0.0,0.0,0.0,0.0,0.0,0.0,0.0,0.0,0.0,0.0,0.0,0.0,0.0,0.0,0.0,0.0
0.0,0.0,0.0,0.0,0.0,0.0,0.0,0.0,0.0,0.0,0.0,0.0,0.0,0.0,0.0,0.0,0.0,0.0,0.0,0.0,0.0,0.0,0.0,0.0,0.0,0.0,0.0,0.0,0.0,0.0,0.0,0.0,0.0,0.0,0.0,0.0,0.0,0.0,0.0,0.0,0.0,0.0,0.0,94.7,283.7,0.0,0.0,0.0,0.0,0.0,0.0,0.0,0.0,0.0,0.0,0.0,0.0,0.0,0.0,0.0,0.0,0.0,0.0,0.0,0.0,0.0,0.0,0.0,0.0,0.0,0.0,0.0,0.0,0.0,0.0,0.0,0.0,0.0,0.0,0.0,0.0,0.0,0.0,0.0,0.0,0.0,0.0,0.0,0.0,0.0,0.0,0.0,0.0,0.0,0.0,0.0,0.0,0.0,0.0,0.0,0.0,0.0,0.0,0.0,0.0,0.0,0.0,0.0,0.0,0.0,0.0,0.0,0.0,0.0,0.0,0.0,0.0,0.0,0.0,0.0,0.0,0.0,0.0,0.0,0.0,0.0,0.0,0.0,0.0,0.0,0.0,0.0,0.0,0.0,0.0,0.0,0.0,28.2,17020.5,0.0,102956.1,70076.1,36532.2,36153.5,58432.2,172189.7,129262.0,111262.1,25080.0,34239.8,23871.5,57075.8,25339.8,30922.0,9528.8,1337.6,242.1,233.5,1450.1,1723.2,259.9,37.9,87.9,287.8,1123.0,2655.0,2285.2,4019.0,6438.6,13208.8,5056.8,8721.4,4545.6,13304.3,422.1,643.8,7483.8,3023.6,1044.0,2.7,184.3,1082.8,8.1,0.0,0.0,0.0,0.0,0.0,0.0,0.0,0.0,0.0,0.0,0.0,0.0,0.0,0.0,0.0,0.0,0.0,0.0,0.0,0.0,0.0,0.0,0.0,0.0,0.0,0.0,0.0,0.0,0.0,0.0,0.0,0.0,0.0,0.0,0.0,0.0,0.0,0.0,0.0,0.0,0.0,0.0,0.0,0.0,0.0,0.0,0.0,0.0,0.0,0.0,0.0,0.0,0.0,0.0,0.0,0.0,0.0,0.0,0.0,0.0,0.0,0.0,0.0,0.0,0.0,0.0,0.0,0.0,0.0,0.0,0.0,0.0,0.0,0.0
0.0,0.0,0.0,0.0,0.0,0.0,0.0,0.0,0.0,0.0,0.0,0.0,0.0,0.0,0.0,0.0,0.0,0.0,0.0,0.0,0.0,0.0,0.0,0.0,0.0,0.0,0.0,0.0,0.0,0.0,0.0,0.0,0.0,0.0,0.0,0.0,0.0,0.0,0.0,0.0,0.0,0.0,0.0,0.0,0.0,0.0,0.0,0.0,0.0,0.0,0.0,0.0,0.0,0.0,0.0,0.0,0.0,0.0,0.0,0.0,0.0,0.0,0.0,0.0,0.0,0.0,0.0,0.0,0.0,0.0,0.0,0.0,0.0,0.0,0.0,0.0,0.0,0.0,0.0,0.0,0.0,0.0,0.0,0.0,0.0,0.0,0.0,0.0,0.0,0.0,0.0,0.0,0.0,0.0,0.0,0.0,0.0,0.0,0.0,0.0,0.0,0.0,0.0,0.0,0.0,0.0,0.0,0.0,0.0,0.0,0.0,0.0,0.0,0.0,0.0,0.0,0.0,0.0,0.0,0.0,0.0,0.0,0.0,0.0,0.0,0.0,0.0,0.0,0.0,0.0,0.0,0.0,0.0,0.0,0.0,0.0,0.0,0.0,2988.3,386.6,33923.3,20586.7,16149.7,21546.1,50522.3,121326.4,134484.3,84623.2,122111.0,142018.3,148724.9,25694.8,15368.9,12884.0,7514.8,8469.5,12041.7,1245.7,11072.3,1182.6,223.8,102.6,25.1,75.9,1051.9,7843.4,2684.7,4724.3,35721.5,5798.5,5886.2,1778.2,2787.7,2617.5,5881.5,3872.4,1851.8,2336.3,10104.0,141.7,268.4,907.5,39.0,0.0,0.0,0.0,0.0,0.0,0.0,0.0,0.0,0.0,0.0,0.0,0.0,0.0,0.0,0.0,0.0,0.0,0.0,0.0,0.0,0.0,0.0,0.0,0.0,0.0,0.0,0.0,0.0,0.0,0.0,0.0,0.0,0.0,0.0,0.0,0.0,0.0,0.0,0.0,0.0,0.0,0.0,0.0,0.0,0.0,0.0,0.0,0.0,0.0,0.0,0.0,0.0,0.0,0.0,0.0,0.0,0.0,0.0,0.0,0.0,0.0,0.0,0.0,0.0,0.0,0.0,0.0,0.0,0.0,0.0,0.0,0.0,0.0,0.0
0.0,0.0,0.0,0.0,0.0,0.0,0.0,0.0,0.0,0.0,0.0,0.0,0.0,0.0,0.0,0.0,0.0,0.0,0.0,0.0,0.0,0.0,0.0,0.0,0.0,0.0,0.0,0.0,0.0,0.0,0.0,0.0,0.0,0.0,0.0,0.0,0.0,0.0,0.0,0.0,0.0,0.0,0.0,0.0,0.0,0.0,0.0,0.0,0.0,0.0,0.0,0.0,0.0,0.0,0.0,0.0,0.0,0.0,0.0,0.0,0.0,0.0,0.0,0.0,0.0,0.0,0.0,0.0,0.0,0.0,0.0,0.0,0.0,0.0,0.0,0.0,0.0,0.0,0.0,0.0,0.0,0.0,0.0,0.0,0.0,0.0,0.0,0.0,0.0,0.0,0.0,0.0,0.0,0.0,0.0,0.0,0.0,0.0,0.0,0.0,0.0,0.0,0.0,0.0,0.0,0.0,0.0,0.0,0.0,0.0,0.0,0.0,0.0,0.0,0.0,0.0,0.0,0.0,0.0,0.0,0.0,0.0,0.0,0.0,0.0,0.0,0.0,0.0,0.0,0.0,0.0,0.0,0.0,0.0,0.0,0.0,0.0,0.0,0.0,600.0,1666.8,57784.2,105033.1,467539.8,207963.0,116717.1,222851.1,166919.5,255348.5,159833.5,40844.3,17524.6,18061.1,13430.8,6505.6,4742.6,7131.2,2397.1,2470.3,1458.5,835.0,316.8,1422.6,85.4,66.7,30.5,605.3,737.5,3829.4,5170.2,3357.8,1718.3,1551.8,649.3,756.6,2905.9,9117.6,1289.6,1104.3,1249.9,196.4,1946.1,103.1,0.0,0.0,0.0,0.0,0.0,0.0,0.0,0.0,0.0,0.0,0.0,0.0,0.0,0.0,0.0,0.0,0.0,0.0,0.0,0.0,0.0,0.0,0.0,0.0,0.0,0.0,0.0,0.0,0.0,0.0,0.0,0.0,0.0,0.0,0.0,0.0,0.0,0.0,0.0,0.0,0.0,0.0,0.0,0.0,0.0,0.0,0.0,0.0,0.0,0.0,0.0,0.0,0.0,0.0,0.0,0.0,0.0,0.0,0.0,0.0,0.0,0.0,0.0,0.0,0.0,0.0,0.0,0.0,0.0,0.0,0.0,0.0,0.0,0.0
0.0,0.0,0.0,0.0,0.0,0.0,0.0,0.0,0.0,0.0,0.0,0.0,0.0,0.0,0.0,0.0,0.0,0.0,0.0,0.0,0.0,0.0,0.0,0.0,0.0,0.0,0.0,0.0,0.0,0.0,0.0,0.0,0.0,0.0,0.0,0.0,0.0,0.0,0.0,0.0,0.0,0.0,0.0,0.0,0.0,0.0,0.0,0.0,0.0,0.0,0.0,0.0,0.0,0.0,0.0,0.0,0.0,0.0,0.0,0.0,0.0,0.0,0.0,0.0,0.0,0.0,0.0,0.0,0.0,0.0,0.0,0.0,0.0,0.0,0.0,0.0,0.0,0.0,0.0,0.0,0.0,0.0,0.0,0.0,0.0,0.0,0.0,0.0,0.0,0.0,0.0,0.0,0.0,0.0,0.0,0.0,0.0,0.0,0.0,0.0,0.0,0.0,0.0,0.0,0.0,0.0,0.0,0.0,0.0,0.0,0.0,0.0,0.0,0.0,0.0,0.0,0.0,0.0,0.0,0.0,0.0,0.0,0.0,0.0,0.0,0.0,0.0,0.0,0.0,0.0,0.0,0.0,0.0,0.0,0.0,0.0,0.0,0.0,0.0,0.0,0.0,22744.2,52887.9,191834.2,146656.2,179798.5,965373.6,752954.2,180476.7,127821.6,56625.7,70088.3,65279.5,28311.5,13580.3,9924.9,8537.9,8009.0,10131.2,9694.1,2350.6,609.8,316.6,1063.9,7.0,18.0,1086.8,13.9,23.4,7.9,109.3,591.0,837.6,858.1,2889.0,598.9,892.4,6041.6,3454.3,6879.1,500.0,694.4,590.0,186.2,39.4,2.1,0.0,0.0,0.0,0.0,0.0,0.0,0.0,0.0,0.0,0.0,0.0,0.0,0.0,0.0,0.0,0.0,0.0,0.0,0.0,0.0,0.0,0.0,0.0,0.0,0.0,0.0,0.0,0.0,0.0,0.0,0.0,0.0,0.0,0.0,0.0,0.0,0.0,0.0,0.0,0.0,0.0,0.0,0.0,0.0,0.0,0.0,0.0,0.0,0.0,0.0,0.0,0.0,0.0,0.0,0.0,0.0,0.0,0.0,0.0,0.0,0.0,0.0,0.0,0.0,0.0,0.0,0.0,0.0,0.0,0.0,0.0
0.0,0.0,0.0,0.0,0.0,0.0,0.0,0.0,0.0,0.0,0.0,0.0,0.0,0.0,0.0,0.0,0.0,0.0,0.0,0.0,0.0,0.0,0.0,0.0,0.0,0.0,0.0,0.0,0.0,0.0,0.0,0.0,0.0,0.0,0.0,0.0,0.0,0.0,0.0,0.0,0.0,0.0,0.0,194.1,444.9,0.0,0.0,0.0,0.0,0.0,0.0,0.0,0.0,0.0,0.0,0.0,0.0,0.0,0.0,0.0,0.0,0.0,0.0,0.0,0.0,0.0,0.0,0.0,0.0,0.0,0.0,0.0,0.0,0.0,0.0,0.0,0.0,0.0,0.0,0.0,0.0,0.0,0.0,0.0,0.0,0.0,0.0,0.0,0.0,0.0,0.0,0.0,0.0,0.0,0.0,0.0,0.0,0.0,0.0,0.0,0.0,0.0,0.0,0.0,0.0,0.0,0.0,0.0,0.0,0.0,0.0,0.0,0.0,0.0,0.0,0.0,0.0,0.0,0.0,0.0,0.0,0.0,0.0,0.0,0.0,0.0,0.0,0.0,0.0,0.0,0.0,0.0,0.0,0.0,0.0,0.0,0.0,0.0,0.0,0.0,0.0,709.6,60641.3,114269.4,77005.0,211102.0,145710.5,148472.6,95608.0,20403.2,24597.1,39207.5,18782.6,33609.5,25863.6,33312.1,17447.6,16394.5,7920.6,6860.8,7313.7,3752.7,1930.1,249.2,25.4,49.8,82.1,12.4,13.0,0.0,0.0,1.2,0.0,44.4,1912.7,54.6,62.4,113.1,701.5,21532.6,4075.5,604.5,1558.8,294.5,1412.1,2950.1,58.4,0.0,0.0,0.0,0.0,0.0,0.7,0.2,0.0,0.0,0.0,0.0,0.0,0.0,0.0,0.0,0.0,0.0,0.0,0.0,0.0,0.0,0.0,0.0,0.0,0.0,0.0,0.0,0.0,0.0,0.0,0.0,0.0,0.0,0.0,0.0,0.0,0.0,0.0,0.0,0.0,0.0,0.0,0.0,0.0,0.0,0.0,0.0,0.0,0.0,0.0,0.0,0.0,0.0,0.0,0.0,0.0,0.0,0.0,0.0,0.0,0.0,0.0,0.0,0.0,0.0,0.0,0.0,0.0,0.0,0.0
0.0,0.0,0.0,0.0,0.0,0.0,0.0,0.0,0.0,0.0,0.0,0.0,0.0,0.0,0.0,0.0,0.0,0.0,0.0,0.0,0.0,0.0,0.0,0.0,0.0,0.0,0.0,0.0,0.0,0.0,0.0,0.0,0.0,0.0,0.0,0.0,0.0,0.0,0.0,0.0,0.0,0.0,0.0,0.0,0.0,0.0,0.0,0.0,0.0,0.0,0.0,0.0,0.0,0.0,0.0,0.0,0.0,0.0,0.0,0.0,0.0,0.0,0.0,0.0,0.0,0.0,0.0,0.0,0.0,0.0,0.0,0.0,0.0,0.0,0.0,0.0,0.0,0.0,0.0,0.0,0.0,0.0,0.0,0.0,0.0,0.0,0.0,0.0,0.0,0.0,0.0,0.0,0.0,0.0,0.0,0.0,0.0,0.0,0.0,0.0,0.0,0.0,0.0,0.0,0.0,0.0,0.0,0.0,0.0,0.0,0.0,0.0,0.0,0.0,0.0,0.0,0.0,0.0,0.0,0.0,0.0,0.0,0.0,0.0,0.0,0.0,0.0,0.0,0.0,0.0,0.0,0.0,0.0,0.0,0.0,0.0,0.0,0.0,0.0,0.0,0.0,539.8,8440.2,48447.4,48101.1,73680.3,23007.9,0.0,17253.1,2802.9,0.0,0.0,0.0,27367.7,96092.1,83961.7,17740.7,68526.9,11570.7,9633.2,9918.6,5806.8,3104.2,1604.7,132.0,14.5,204.5,87.5,4.0,0.0,0.0,0.8,0.0,0.0,0.0,0.0,20.6,2005.4,203.3,1915.8,2506.2,5732.4,929.7,14.2,0.0,114.0,481.7,0.0,0.0,0.0,0.2,1.7,0.7,0.1,0.0,0.0,0.0,0.0,0.0,0.0,0.0,0.0,0.0,0.0,0.0,0.0,0.0,0.0,0.0,0.0,0.0,0.0,0.0,0.0,0.0,0.0,0.0,0.0,0.0,0.0,0.0,0.0,0.0,0.0,0.0,0.0,0.0,0.0,0.0,0.0,0.0,0.0,0.0,0.0,0.0,0.0,0.0,0.0,0.0,0.0,0.0,0.0,0.0,0.0,0.0,0.0,0.0,0.0,0.0,0.0,0.0,0.0,0.0,0.0,0.0,0.0,0.0
0.0,0.0,0.0,0.0,0.0,0.0,0.0,0.0,0.0,0.0,0.0,0.0,0.0,0.0,0.0,0.0,0.0,0.0,0.0,0.0,0.0,0.0,0.0,0.0,0.0,0.0,0.0,0.0,0.0,0.0,0.0,0.0,0.0,0.0,0.0,0.0,0.0,0.0,0.0,0.0,0.0,0.0,0.0,0.0,0.0,0.0,0.0,0.0,0.0,0.0,0.0,0.0,0.0,0.0,0.0,0.0,0.0,0.0,0.0,0.0,0.0,0.0,0.0,0.0,0.0,0.0,0.0,0.0,0.0,0.0,0.0,0.0,0.0,0.0,0.0,0.0,0.0,0.0,0.0,0.0,0.0,0.0,0.0,0.0,0.0,0.0,0.0,0.0,0.0,0.0,0.0,0.0,0.0,0.0,0.0,0.0,0.0,0.0,0.0,0.0,0.0,0.0,0.0,0.0,0.0,0.0,0.0,0.0,0.0,0.0,0.0,0.0,0.0,0.0,0.0,0.0,0.0,0.0,0.0,0.0,0.0,0.0,0.0,0.0,0.0,0.0,0.0,0.0,0.0,0.0,0.0,0.0,0.0,0.0,0.0,0.0,0.0,0.0,0.0,0.0,0.0,5380.4,29730.1,61991.4,34970.1,0.0,0.0,0.0,0.0,0.0,0.0,0.0,0.0,0.0,539.0,4649.1,38666.4,15243.1,17629.2,25080.3,10496.5,14038.0,3838.5,553.2,334.4,1979.4,262.5,23.8,5.8,3.1,0.8,0.0,0.0,0.2,0.1,196.5,45.0,1777.1,1202.0,3977.1,597.6,415.9,2360.7,3953.6,8.3,0.0,2322.2,1066.2,1239.2,64.9,1.9,0.4,0.4,0.1,0.0,0.0,0.0,0.0,0.0,0.0,0.0,0.0,0.0,0.0,0.0,0.0,0.0,0.0,0.0,0.0,0.0,0.0,0.0,0.0,0.0,0.0,0.0,0.0,0.0,0.0,0.0,0.0,0.0,0.0,0.0,0.0,0.0,0.0,0.0,0.0,0.0,0.0,0.0,0.0,0.0,0.0,0.0,0.0,0.0,0.0,0.0,0.0,0.0,0.0,0.0,0.0,0.0,0.0,0.0,0.0,0.0,0.0,0.0,0.0,0.0,0.0,0.0
0.0,0.0,0.0,0.0,0.0,0.0,0.0,0.0,0.0,0.0,0.0,0.0,0.0,0.0,0.0,0.0,0.0,0.0,0.0,0.0,0.0,0.0,0.0,0.0,0.0,0.0,0.0,0.0,0.0,0.0,0.0,0.0,0.0,0.0,0.0,0.0,0.0,0.0,0.0,0.0,0.0,0.0,0.0,0.0,0.0,0.0,0.0,0.0,0.0,0.0,0.0,0.0,0.0,0.0,0.0,0.0,0.0,0.0,0.0,0.0,0.0,0.0,0.0,0.0,0.0,0.0,0.0,0.0,0.0,0.0,0.0,0.0,0.0,0.0,0.0,0.0,0.0,0.0,0.0,0.0,0.0,0.0,0.0,0.0,0.0,0.0,0.0,0.0,0.0,0.0,0.0,0.0,0.0,0.0,0.0,0.0,0.0,0.0,0.0,0.0,0.0,0.0,0.0,0.0,0.0,0.0,0.0,0.0,0.0,0.0,0.0,0.0,0.0,0.0,0.0,0.0,0.0,0.0,0.0,0.0,0.0,0.0,0.0,0.0,0.0,0.0,0.0,0.0,0.0,0.0,0.0,0.0,0.0,0.0,0.0,0.0,0.0,0.0,0.0,0.0,0.0,184.2,14.8,55081.1,6659.9,2584.9,355.8,0.0,0.0,0.0,0.0,0.0,0.0,0.0,0.0,1033.3,17137.1,11305.4,17403.8,13019.6,36153.5,8075.3,7933.7,3084.4,3639.8,156.9,3.2,3.9,2.1,0.3,1.3,0.0,0.0,0.3,0.3,65.8,1131.9,1104.4,4313.8,1038.9,1501.1,920.2,587.9,38550.1,14957.9,10.3,0.0,1655.9,18671.1,4428.9,0.5,0.0,0.0,0.0,0.0,0.0,0.0,0.0,0.0,0.0,0.0,0.0,0.0,0.0,0.0,0.0,0.0,0.0,0.0,0.0,0.0,0.0,0.0,0.0,0.0,0.0,0.0,0.0,0.0,0.0,0.0,0.0,0.0,0.0,0.0,0.0,0.0,0.0,0.0,0.0,0.0,0.0,0.0,0.0,0.0,0.0,0.0,0.0,0.0,0.0,0.0,0.0,0.0,0.0,0.0,0.0,0.0,0.0,0.0,0.0,0.0,0.0,0.0,0.0,0.0,0.0,0.0
0.0,0.0,0.0,0.0,0.0,0.0,0.0,0.0,0.0,0.0,0.0,0.0,0.0,0.0,0.0,0.0,0.0,0.0,0.0,0.0,0.0,0.0,0.0,0.0,0.0,0.0,0.0,0.0,0.0,0.0,0.0,0.0,0.0,0.0,0.0,0.0,0.0,0.0,0.0,0.0,0.0,0.0,0.0,0.0,0.0,0.0,0.0,0.0,0.0,0.0,0.0,0.0,0.0,0.0,0.0,0.0,0.0,0.0,0.0,0.0,0.0,0.0,0.0,0.0,0.0,0.0,0.0,0.0,0.0,0.0,0.0,0.0,0.0,0.0,0.0,0.0,0.0,0.0,0.0,0.0,0.0,0.0,0.0,0.0,0.0,0.0,0.0,0.0,0.0,0.0,0.0,0.0,0.0,0.0,0.0,0.0,0.0,0.0,0.0,0.0,0.0,0.0,0.0,0.0,0.0,0.0,0.0,0.0,0.0,0.0,0.0,0.0,0.0,0.0,0.0,0.0,0.0,0.0,0.0,0.0,0.0,0.0,0.0,0.0,0.0,0.0,0.0,0.0,0.0,0.0,0.0,0.0,0.0,0.0,0.0,0.0,0.0,0.0,0.0,0.0,0.0,9648.0,0.2,21569.1,31247.2,4384.5,13.4,0.0,0.0,0.0,0.0,0.0,0.0,0.0,0.0,0.0,4691.1,7708.9,7523.0,4924.4,4898.3,5852.2,7915.7,7881.1,5583.0,1703.4,36.2,1.4,0.4,0.1,7.4,0.2,0.0,0.0,0.0,949.6,4046.8,4359.8,3886.9,79.1,19.3,25.9,61.3,790.4,5138.4,7929.2,0.0,0.0,0.0,249.2,28.7,0.0,0.0,0.0,0.0,0.0,0.0,0.0,0.0,0.0,0.0,0.0,0.0,0.0,0.0,0.0,0.0,0.0,0.0,0.0,0.0,0.0,0.0,0.0,0.0,0.0,0.0,0.0,0.0,0.0,0.0,0.0,0.0,0.0,0.0,0.0,0.0,0.0,0.0,0.0,0.0,0.0,0.0,0.0,0.0,0.0,0.0,0.0,0.0,0.0,0.0,0.0,0.0,0.0,0.0,0.0,0.0,0.0,0.0,0.0,0.0,0.0,0.0,0.0,0.0,0.0,0.0
0.0,0.0,0.0,0.0,0.0,0.0,0.0,0.0,0.0,0.0,0.0,0.0,0.0,0.0,0.0,0.0,0.0,0.0,0.0,0.0,0.0,0.0,0.0,0.0,0.0,0.0,0.0,0.0,0.0,0.0,0.0,0.0,0.0,0.0,0.0,0.0,0.0,0.0,0.0,0.0,0.0,0.0,0.0,0.0,0.0,0.0,0.0,0.0,0.0,0.0,0.0,0.0,0.0,0.0,0.0,0.0,0.0,0.0,0.0,0.0,0.0,0.0,0.0,0.0,0.0,0.0,0.0,0.0,0.0,0.0,0.0,0.0,0.0,0.0,0.0,0.0,0.0,0.0,0.0,0.0,0.0,0.0,0.0,0.0,0.0,0.0,0.0,0.0,0.0,0.0,0.0,0.0,0.0,0.0,0.0,0.0,0.0,0.0,0.0,0.0,0.0,0.0,0.0,0.0,0.0,0.0,0.0,0.0,0.0,0.0,0.0,0.0,0.0,0.0,0.0,0.0,0.0,0.0,0.0,0.0,0.0,0.0,0.0,0.0,0.0,0.0,0.0,0.0,0.0,0.0,0.0,0.0,0.0,0.0,0.0,0.0,0.0,0.0,0.0,0.0,0.0,899.6,2.9,6.1,500.3,0.0,0.0,0.0,0.0,0.0,0.0,0.0,0.0,0.0,0.0,0.0,70.4,5529.9,21382.0,8740.0,9945.7,5094.7,12891.9,7968.2,3600.1,1534.7,57.7,4933.3,1.0,2.2,108.6,0.7,66.9,1093.7,386.5,13.0,480.1,16429.0,5668.1,30.1,0.0,0.0,0.3,309.9,1314.3,2307.0,657.3,0.0,0.0,224.6,66.0,0.0,0.8,0.0,0.0,0.0,0.0,0.0,0.0,0.0,0.0,0.0,0.0,0.0,0.0,0.0,0.0,0.0,0.0,0.0,0.0,0.0,0.0,0.0,0.0,0.0,0.0,0.0,0.0,0.0,0.0,0.0,0.0,0.0,0.0,0.0,0.0,0.0,0.0,0.0,0.0,0.0,0.0,0.0,0.0,0.0,0.0,0.0,0.0,0.0,0.0,0.0,0.0,0.0,0.0,0.0,0.0,0.0,0.0,0.0,0.0,0.0,0.0,0.0,0.0,0.0,0.0
0.0,0.0,0.0,0.0,0.0,0.0,0.0,0.0,0.0,0.0,0.0,0.0,0.0,0.0,0.0,0.0,0.0,0.0,0.0,0.0,0.0,0.0,0.0,0.0,0.0,0.0,0.0,0.0,0.0,0.0,0.0,0.0,0.0,0.0,0.0,0.0,0.0,0.0,0.0,0.0,0.0,0.0,0.0,0.0,0.0,0.0,0.0,0.0,0.0,0.0,0.0,0.0,0.0,0.0,0.0,0.0,0.0,0.0,0.0,0.0,0.0,0.0,0.0,0.0,0.0,0.0,0.0,0.0,0.0,0.0,0.0,0.0,0.0,0.0,0.0,0.0,0.0,0.0,0.0,0.0,0.0,0.0,0.0,0.0,0.0,0.0,0.0,0.0,0.0,0.0,0.0,0.0,0.0,0.0,0.0,0.0,0.0,0.0,0.0,0.0,0.0,0.0,0.0,0.0,0.0,0.0,0.0,0.0,0.0,0.0,0.0,0.0,0.0,0.0,0.0,0.0,0.0,0.0,0.0,0.0,0.0,0.0,0.0,0.0,0.0,0.0,0.0,0.0,0.0,0.0,0.0,0.0,0.0,0.0,0.0,0.0,0.0,0.0,0.0,0.0,0.0,0.0,0.0,0.0,0.0,0.0,0.0,0.0,0.0,0.0,0.0,0.0,0.0,0.0,0.0,0.0,0.0,233.0,3525.9,2086.6,8468.8,12421.0,57288.5,29174.1,2155.4,3918.8,3184.9,3396.9,278.0,2125.1,422.9,21.1,178.0,644.7,3547.3,2401.3,502.9,3841.8,153.7,28.7,0.0,0.0,1.4,15.2,494.9,2749.7,2655.7,11712.1,0.0,18.0,196.9,52.4,100.5,216.9,0.0,0.0,0.0,0.0,0.0,0.0,0.0,0.0,0.0,0.0,0.0,0.0,0.0,0.0,0.0,0.0,0.0,0.0,0.0,0.0,0.0,0.0,0.0,0.0,0.0,0.0,0.0,0.0,0.0,0.0,0.0,0.0,0.0,0.0,0.0,0.0,0.0,0.0,0.0,0.0,0.0,0.0,0.0,0.0,0.0,0.0,0.0,0.0,0.0,0.0,0.0,0.0,0.0,0.0,0.0,0.0,0.0,0.0,0.0,0.0,0.0,0.0,0.0
0.0,0.0,0.0,0.0,0.0,0.0,0.0,0.0,0.0,0.0,0.0,0.0,0.0,0.0,0.0,0.0,0.0,0.0,0.0,0.0,0.0,0.0,0.0,0.0,0.0,0.0,0.0,0.0,0.0,0.0,0.0,0.0,0.0,0.0,0.0,0.0,0.0,0.0,0.0,0.0,0.0,0.0,0.0,0.0,0.0,0.0,0.0,0.0,0.0,0.0,0.0,0.0,0.0,0.0,0.0,0.0,0.0,0.0,0.0,0.0,0.0,0.0,0.0,0.0,0.0,0.0,0.0,0.0,0.0,0.0,0.0,0.0,0.0,0.0,0.0,0.0,0.0,0.0,0.0,0.0,0.0,0.0,0.0,0.0,0.0,0.0,0.0,0.0,0.0,0.0,0.0,0.0,0.0,0.0,0.0,0.0,0.0,0.0,0.0,0.0,0.0,0.0,0.0,0.0,0.0,0.0,0.0,0.0,0.0,0.0,0.0,0.0,0.0,0.0,0.0,0.0,0.0,0.0,0.0,0.0,0.0,0.0,0.0,0.0,0.0,0.0,0.0,0.0,0.0,0.0,0.0,0.0,0.0,0.0,0.0,0.0,0.0,0.0,0.0,0.0,0.0,0.0,0.0,0.0,0.0,0.0,0.0,0.0,0.0,0.0,0.0,0.0,0.0,0.0,0.0,0.0,0.7,72.2,981.1,3472.8,5099.7,4994.8,6144.6,1586.3,648.4,2172.2,2045.0,937.7,120.9,351.5,1979.6,326.1,6.4,2305.4,11209.3,9274.8,6560.2,1902.9,95.5,12.1,14.3,35.6,0.0,299.6,3453.5,6127.3,1522.5,2773.4,330.9,0.0,152.7,25.8,122.2,58.5,90.1,0.0,0.0,0.0,0.0,0.0,0.0,0.0,0.0,0.0,0.0,0.0,0.0,0.0,0.0,0.0,0.0,0.0,0.0,0.0,0.0,0.0,0.0,0.0,0.0,0.0,0.0,0.0,0.0,0.0,0.0,0.0,0.0,0.0,0.0,0.0,0.0,0.0,0.0,0.0,0.0,0.0,0.0,0.0,0.0,0.0,0.0,0.0,0.0,0.0,0.0,0.0,0.0,0.0,0.0,0.0,0.0,0.0,0.0,0.0,0.0,0.0,0.0
0.0,0.0,0.0,0.0,0.0,0.0,0.0,0.0,0.0,0.0,0.0,0.0,0.0,0.0,0.0,0.0,0.0,0.0,0.0,0.0,0.0,0.0,0.0,0.0,0.0,0.0,0.0,0.0,0.0,0.0,0.0,0.0,0.0,0.0,0.0,0.0,0.0,0.0,0.0,0.0,0.0,0.0,0.0,0.0,0.0,0.0,0.0,0.0,0.0,0.0,0.0,0.0,0.0,0.0,0.0,0.0,0.0,0.0,0.0,0.0,0.0,0.0,0.0,0.0,0.0,0.0,0.0,0.0,0.0,0.0,0.0,0.0,0.0,0.0,0.0,0.0,0.0,0.0,0.0,0.0,0.0,0.0,0.0,0.0,0.0,0.0,0.0,0.0,0.0,0.0,0.0,0.0,0.0,0.0,0.0,0.0,0.0,0.0,0.0,0.0,0.0,0.0,0.0,0.0,0.0,0.0,0.0,0.0,0.0,0.0,0.0,0.0,0.0,0.0,0.0,0.0,0.0,0.0,0.0,0.0,0.0,0.0,0.0,0.0,0.0,0.0,0.0,0.0,0.0,0.0,0.0,0.0,0.0,0.0,0.0,0.0,0.0,0.0,0.0,0.0,0.0,0.0,0.0,0.0,0.0,0.0,0.0,0.0,0.0,0.0,0.0,0.0,0.0,0.0,0.0,0.0,0.0,0.0,43.8,1789.0,6526.2,10802.3,1790.3,431.1,6.1,7.5,828.9,367.6,266.9,243.3,4952.9,5256.0,2403.4,3738.8,5853.0,2247.6,7643.7,222.1,0.0,2874.5,1614.9,143.5,262.3,213.4,2892.2,98.7,26.7,345.4,952.2,0.8,0.0,0.0,0.0,0.0,0.0,0.0,0.0,0.0,0.0,0.0,0.0,0.0,0.0,0.0,0.0,0.0,0.0,0.0,0.0,0.0,0.0,0.0,0.0,0.0,0.0,0.0,0.0,0.0,0.0,0.0,0.0,0.0,0.0,0.0,0.0,0.0,0.0,0.0,0.0,0.0,0.0,0.0,0.0,0.0,0.0,0.0,0.0,0.0,0.0,0.0,0.0,0.0,0.0,0.0,0.0,0.0,0.0,0.0,0.0,0.0,0.0,0.0,0.0,0.0,0.0,0.0,0.0
0.0,0.0,0.0,0.0,0.0,0.0,0.0,0.0,0.0,0.0,0.0,0.0,0.0,0.0,0.0,0.0,0.0,0.0,0.0,0.0,0.0,0.0,0.0,0.0,0.0,0.0,0.0,0.0,0.0,0.0,0.0,0.0,0.0,0.0,0.0,0.0,0.0,0.0,0.0,0.0,0.0,0.0,0.0,0.0,0.0,0.0,0.0,0.0,0.0,0.0,0.0,0.0,0.0,0.0,0.0,0.0,0.0,0.0,0.0,0.0,0.0,0.0,0.0,0.0,0.0,0.0,0.0,0.0,0.0,0.0,0.0,0.0,0.0,0.0,0.0,0.0,0.0,0.0,0.0,0.0,0.0,0.0,0.0,0.0,0.0,0.0,0.0,0.0,0.0,0.0,0.0,0.0,0.0,0.0,0.0,0.0,0.0,0.0,0.0,0.0,0.0,0.0,0.0,0.0,0.0,0.0,0.0,0.0,0.0,0.0,0.0,0.0,0.0,0.0,0.0,0.0,0.0,0.0,0.0,0.0,0.0,0.0,0.0,0.0,0.0,0.0,0.0,0.0,0.0,0.0,0.0,0.0,0.0,0.0,0.0,0.0,0.0,0.0,0.0,0.0,0.0,0.0,0.0,0.0,0.0,0.0,0.0,0.0,0.0,0.0,0.0,0.0,0.0,0.0,0.0,0.0,0.0,0.0,0.9,234.4,4423.1,3845.5,233.7,91.3,0.0,8.8,50.9,334.4,736.8,347.0,1188.2,10708.9,6258.2,4103.4,429.0,2256.7,563.5,132.3,5.4,526.6,281.1,286.8,1574.1,69.3,147.7,0.0,0.0,2.8,380.8,2303.8,0.0,0.0,0.0,0.0,0.0,0.0,0.0,0.0,0.0,0.0,0.0,0.0,0.0,0.0,0.0,0.0,0.0,0.0,0.0,0.0,0.0,0.0,0.0,0.0,0.0,0.0,0.0,0.0,0.0,0.0,0.0,0.0,0.0,0.0,0.0,0.0,0.0,0.0,0.0,0.0,0.0,0.0,0.0,0.0,0.0,0.0,0.0,0.0,0.0,0.0,0.0,0.0,0.0,0.0,0.0,0.0,0.0,0.0,0.0,0.0,0.0,0.0,0.0,0.0,0.0,0.0,0.0
0.0,0.0,0.0,0.0,0.0,0.0,0.0,0.0,0.0,0.0,0.0,0.0,0.0,0.0,0.0,0.0,0.0,0.0,0.0,0.0,0.0,0.0,0.0,0.0,0.0,0.0,0.0,0.0,0.0,0.0,0.0,0.0,0.0,0.0,0.0,0.0,0.0,0.0,0.0,0.0,0.0,0.0,0.0,0.0,0.0,0.0,0.0,0.0,0.0,0.0,0.0,0.0,0.0,0.0,0.0,0.0,0.0,0.0,0.0,0.0,0.0,0.0,0.0,0.0,0.0,0.0,0.0,0.0,0.0,0.0,0.0,0.0,0.0,0.0,0.0,0.0,0.0,0.0,0.0,0.0,0.0,0.0,0.0,0.0,0.0,0.0,0.0,0.0,0.0,0.0,0.0,0.0,0.0,0.0,0.0,0.0,0.0,0.0,0.0,0.0,0.0,0.0,0.0,0.0,0.0,0.0,0.0,0.0,0.0,0.0,0.0,0.0,0.0,0.0,0.0,0.0,0.0,0.0,0.0,0.0,0.0,0.0,0.0,0.0,0.0,0.0,0.0,0.0,0.0,0.0,0.0,0.0,0.0,0.0,0.0,0.0,0.0,0.0,0.0,0.0,0.0,0.0,0.0,0.0,0.0,0.0,0.0,0.0,0.0,0.0,0.0,0.0,0.0,0.0,0.0,0.0,0.0,0.0,0.0,0.0,453.7,2155.6,3660.6,112.0,110.9,461.5,1239.7,55.8,231.4,699.3,1304.2,1297.3,884.0,501.6,277.8,42.4,87.8,46.3,23.8,6.7,5.1,284.6,4302.5,1112.7,9.3,0.0,0.0,0.0,39.1,6377.6,293.2,0.0,0.0,0.0,0.0,0.0,0.0,0.0,0.0,0.0,0.0,0.0,0.0,0.0,0.0,0.0,0.0,0.0,0.0,0.0,0.0,0.0,0.0,0.0,0.0,0.0,0.0,0.0,0.0,0.0,0.0,0.0,0.0,0.0,0.0,0.0,0.0,0.0,0.0,0.0,0.0,0.0,0.0,0.0,0.0,0.0,0.0,0.0,0.0,0.0,0.0,0.0,0.0,0.0,0.0,0.0,0.0,0.0,0.0,0.0,0.0,0.0,0.0,0.0,0.0,0.0,0.0
0.0,0.0,0.0,0.0,0.0,0.0,0.0,0.0,0.0,0.0,0.0,0.0,0.0,0.0,0.0,0.0,0.0,0.0,0.0,0.0,0.0,0.0,0.0,0.0,0.0,0.0,0.0,0.0,0.0,0.0,0.0,0.0,0.0,0.0,0.0,0.0,0.0,0.0,0.0,0.0,0.0,0.0,0.0,0.0,0.0,0.0,0.0,0.0,0.0,0.0,0.0,0.0,0.0,0.0,0.0,0.0,0.0,0.0,0.0,0.0,0.0,0.0,0.0,0.0,0.0,0.0,0.0,0.0,0.0,0.0,0.0,0.0,0.0,0.0,0.0,0.0,0.0,0.0,0.0,0.0,0.0,0.0,0.0,0.0,0.0,0.0,0.0,0.0,0.0,0.0,0.0,0.0,0.0,0.0,0.0,0.0,0.0,0.0,0.0,0.0,0.0,0.0,0.0,0.0,0.0,0.0,0.0,0.0,0.0,0.0,0.0,0.0,0.0,0.0,0.0,0.0,0.0,0.0,0.0,0.0,0.0,0.0,0.0,0.0,0.0,0.0,0.0,0.0,0.0,0.0,0.0,0.0,0.0,0.0,0.0,0.0,0.0,0.0,0.0,0.0,0.0,0.0,0.0,0.0,0.0,0.0,0.0,0.0,0.0,0.0,0.0,0.0,0.0,0.0,0.0,0.0,0.0,0.0,0.0,0.0,0.0,370.1,2838.8,2993.4,222.1,2340.4,3590.0,323.2,1609.0,139.6,2351.6,1892.3,108.0,128.5,40.4,27.3,3.8,24.3,8.7,0.0,0.0,20.6,11328.1,3383.3,279.9,0.0,0.0,0.0,9.8,208.2,439.2,0.0,0.0,0.0,0.0,0.0,0.0,0.0,0.0,0.0,0.0,0.0,0.0,0.0,0.0,0.0,0.0,0.0,0.0,0.0,0.0,0.0,0.0,0.0,0.0,0.0,0.0,0.0,0.0,0.0,0.0,0.0,0.0,0.0,0.0,0.0,0.0,0.0,0.0,0.0,0.0,0.0,0.0,0.0,0.0,0.0,0.0,0.0,0.0,0.0,0.0,0.0,0.0,0.0,0.0,0.0,0.0,0.0,0.0,0.0,0.0,0.0,0.0,0.0,0.0,0.0,0.0
0.0,0.0,0.0,0.0,0.0,0.0,0.0,0.0,0.0,0.0,0.0,0.0,0.0,0.0,0.0,0.0,0.0,0.0,0.0,0.0,0.0,0.0,0.0,0.0,0.0,0.0,0.0,0.0,0.0,0.0,0.0,0.0,0.0,0.0,0.0,0.0,0.0,0.0,0.0,0.0,0.0,0.0,0.0,0.0,0.0,0.0,0.0,0.0,0.0,0.0,0.0,0.0,0.0,0.0,0.0,0.0,0.0,0.0,0.0,0.0,0.0,0.0,0.0,0.0,0.0,0.0,0.0,0.0,0.0,0.0,0.0,0.0,0.0,0.0,0.0,0.0,0.0,0.0,0.0,0.0,0.0,0.0,0.0,0.0,0.0,0.0,0.0,0.0,0.0,0.0,0.0,0.0,0.0,0.0,0.0,0.0,0.0,0.0,0.0,0.0,0.0,0.0,0.0,0.0,0.0,0.0,0.0,0.0,0.0,0.0,0.0,0.0,0.0,0.0,0.0,0.0,0.0,0.0,0.0,0.0,0.0,0.0,0.0,0.0,0.0,0.0,0.0,0.0,0.0,0.0,0.0,0.0,0.0,0.0,0.0,0.0,0.0,0.0,0.0,0.0,0.0,0.0,0.0,0.0,0.0,0.0,0.0,0.0,0.0,0.0,0.0,0.0,0.0,0.0,0.0,0.0,0.0,0.0,0.0,0.0,0.0,0.0,675.9,2331.0,1338.5,2507.9,8633.8,540.0,640.0,2076.0,3851.9,4814.3,614.2,506.3,85.5,5.0,36.3,48.9,10.9,0.0,0.0,1.0,1300.7,7092.8,1562.9,5.0,0.0,0.0,0.0,10.5,27.1,0.0,0.0,0.0,0.0,0.0,0.0,0.0,0.0,0.0,0.0,0.0,0.0,0.0,0.0,0.0,0.0,0.0,0.0,0.0,0.0,0.0,0.0,0.0,0.0,0.0,0.0,0.0,0.0,0.0,0.0,0.0,0.0,0.0,0.0,0.0,0.0,0.0,0.0,0.0,0.0,0.0,0.0,0.0,0.0,0.0,0.0,0.0,0.0,0.0,0.0,0.0,0.0,0.0,0.0,0.0,0.0,0.0,0.0,0.0,0.0,0.0,0.0,0.0,0.0,0.0,0.0
0.0,0.0,0.0,0.0,0.0,0.0,0.0,0.0,0.0,0.0,0.0,0.0,0.0,0.0,0.0,0.0,0.0,0.0,0.0,0.0,0.0,0.0,0.0,0.0,0.0,0.0,0.0,0.0,0.0,0.0,0.0,0.0,0.0,0.0,0.0,0.0,0.0,0.0,0.0,0.0,0.0,0.0,0.0,0.0,0.0,0.0,0.0,0.0,0.0,0.0,0.0,0.0,0.0,0.0,0.0,0.0,0.0,0.0,0.0,0.0,0.0,0.0,0.0,0.0,0.0,0.0,0.0,0.0,0.0,0.0,0.0,0.0,0.0,0.0,0.0,0.0,0.0,0.0,0.0,0.0,0.0,0.0,0.0,0.0,0.0,0.0,0.0,0.0,0.0,0.0,0.0,0.0,0.0,0.0,0.0,0.0,0.0,0.0,0.0,0.0,0.0,0.0,0.0,0.0,0.0,0.0,0.0,0.0,0.0,0.0,0.0,0.0,0.0,0.0,0.0,0.0,0.0,0.0,0.0,0.0,0.0,0.0,0.0,0.0,0.0,0.0,0.0,0.0,0.0,0.0,0.0,0.0,0.0,0.0,0.0,0.0,0.0,0.0,0.0,0.0,0.0,0.0,0.0,0.0,0.0,0.0,0.0,0.0,0.0,0.0,0.0,0.0,0.0,0.0,0.0,0.0,0.0,0.0,0.0,0.0,0.0,0.0,0.0,528.3,3607.3,4913.4,1667.4,108.3,88.1,1254.8,39503.7,47742.9,1959.9,537.8,538.7,106.5,51.3,39.7,6.9,0.0,0.0,79.8,1467.1,2612.2,1284.8,29.2,0.0,0.0,0.0,0.0,0.0,0.0,0.0,0.0,0.0,0.0,0.0,0.0,0.0,0.0,0.0,0.0,0.0,0.0,0.0,0.0,0.0,0.0,0.0,0.0,0.0,0.0,0.0,0.0,0.0,0.0,0.0,0.0,0.0,0.0,0.0,0.0,0.0,0.0,0.0,0.0,0.0,0.0,0.0,0.0,0.0,0.0,0.0,0.0,0.0,0.0,0.0,0.0,0.0,0.0,0.0,0.0,0.0,0.0,0.0,0.0,0.0,0.0,0.0,0.0,0.0,0.0,0.0,0.0,0.0,0.0,0.0
0.0,0.0,0.0,0.0,0.0,0.0,0.0,0.0,0.0,0.0,0.0,0.0,0.0,0.0,0.0,0.0,0.0,0.0,0.0,0.0,0.0,0.0,0.0,0.0,0.0,0.0,0.0,0.0,0.0,0.0,0.0,0.0,0.0,0.0,0.0,0.0,0.0,0.0,0.0,0.0,0.0,0.0,0.0,0.0,0.0,0.0,0.0,0.0,0.0,0.0,0.0,0.0,0.0,0.0,0.0,0.0,0.0,0.0,0.0,0.0,0.0,0.0,0.0,0.0,0.0,0.0,0.0,0.0,0.0,0.0,0.0,0.0,0.0,0.0,0.0,0.0,0.0,0.0,0.0,0.0,0.0,0.0,0.0,0.0,0.0,0.0,0.0,0.0,0.0,0.0,0.0,0.0,0.0,0.0,0.0,0.0,0.0,0.0,0.0,0.0,0.0,0.0,0.0,0.0,0.0,0.0,0.0,0.0,0.0,0.0,0.0,0.0,0.0,0.0,0.0,0.0,0.0,0.0,0.0,0.0,0.0,0.0,0.0,0.0,0.0,0.0,0.0,0.0,0.0,0.0,0.0,0.0,0.0,0.0,0.0,0.0,0.0,0.0,0.0,0.0,0.0,0.0,0.0,0.0,0.0,0.0,0.0,0.0,0.0,0.0,0.0,0.0,0.0,0.0,0.0,0.0,0.0,0.0,0.0,0.0,0.0,0.0,0.0,1809.8,623.3,1786.8,3358.0,43.8,888.0,2311.7,22282.1,2886.1,338.6,280.7,950.8,649.7,53.9,80.0,40.4,0.0,7.4,49.7,0.0,0.0,0.0,0.0,0.0,0.0,0.0,0.0,0.0,0.0,0.0,0.0,0.0,0.0,0.0,0.0,0.0,0.0,0.0,0.0,0.0,0.0,0.0,0.0,0.0,0.0,0.0,0.0,0.0,0.0,0.0,0.0,0.0,0.0,0.0,0.0,0.0,0.0,0.0,0.0,0.0,0.0,0.0,0.0,0.0,0.0,0.0,0.0,0.0,0.0,0.0,0.0,0.0,0.0,0.0,0.0,0.0,0.0,0.0,0.0,0.0,0.0,0.0,0.0,0.0,0.0,0.0,0.0,0.0,0.0,0.0,0.0,0.0,0.0,0.0
0.0,0.0,0.0,0.0,0.0,0.0,0.0,0.0,0.0,0.0,0.0,0.0,0.0,0.0,0.0,0.0,0.0,0.0,0.0,0.0,0.0,0.0,0.0,0.0,0.0,0.0,0.0,0.0,0.0,0.0,0.0,0.0,0.0,0.0,0.0,0.0,0.0,0.0,0.0,0.0,0.0,0.0,0.0,0.0,0.0,0.0,0.0,0.0,0.0,0.0,0.0,0.0,0.0,0.0,0.0,0.0,0.0,0.0,0.0,0.0,0.0,0.0,0.0,0.0,0.0,0.0,0.0,0.0,0.0,0.0,0.0,0.0,0.0,0.0,0.0,0.0,0.0,0.0,0.0,0.0,0.0,0.0,0.0,0.0,0.0,0.0,0.0,0.0,0.0,0.0,0.0,0.0,0.0,0.0,0.0,0.0,0.0,0.0,0.0,0.0,0.0,0.0,0.0,0.0,0.0,0.0,0.0,0.0,0.0,0.0,0.0,0.0,0.0,0.0,0.0,0.0,0.0,0.0,0.0,0.0,0.0,0.0,0.0,0.0,0.0,0.0,0.0,0.0,0.0,0.0,0.0,0.0,0.0,0.0,0.0,0.0,0.0,0.0,0.0,0.0,0.0,0.0,0.0,0.0,0.0,0.0,0.0,0.0,0.0,0.0,0.0,0.0,0.0,0.0,0.0,0.0,0.0,0.0,0.0,0.0,0.0,0.0,0.0,119.6,0.0,0.0,1541.9,72.7,1478.2,14.7,2278.7,1052.7,2374.6,173.9,361.7,164.4,16.5,0.0,0.0,0.0,0.0,0.0,0.0,0.0,0.0,0.0,0.0,0.0,0.0,0.0,0.0,0.0,0.0,0.0,0.0,0.0,0.0,0.0,0.0,0.0,0.0,0.0,0.0,0.0,0.0,0.0,0.0,0.0,0.0,0.0,0.0,0.0,0.0,0.0,0.0,0.0,0.0,0.0,0.0,0.0,0.0,0.0,0.0,0.0,0.0,0.0,0.0,0.0,0.0,0.0,0.0,0.0,0.0,0.0,0.0,0.0,0.0,0.0,0.0,0.0,0.0,0.0,0.0,0.0,0.0,0.0,0.0,0.0,0.0,0.0,0.0,0.0,0.0,0.0,0.0,0.0,0.0
0.0,0.0,0.0,0.0,0.0,0.0,0.0,0.0,0.0,0.0,0.0,0.0,0.0,0.0,0.0,0.0,0.0,0.0,0.0,0.0,0.0,0.0,0.0,0.0,0.0,0.0,0.0,0.0,0.0,0.0,0.0,0.0,0.0,0.0,0.0,0.0,0.0,0.0,0.0,0.0,0.0,0.0,0.0,0.0,0.0,0.0,0.0,0.0,0.0,0.0,0.0,0.0,0.0,0.0,0.0,0.0,0.0,0.0,0.0,0.0,0.0,0.0,0.0,0.0,0.0,0.0,0.0,0.0,0.0,0.0,0.0,0.0,0.0,0.0,0.0,0.0,0.0,0.0,0.0,0.0,0.0,0.0,0.0,0.0,0.0,0.0,0.0,0.0,0.0,0.0,0.0,0.0,0.0,0.0,0.0,0.0,0.0,0.0,0.0,0.0,0.0,0.0,0.0,0.0,0.0,0.0,0.0,0.0,0.0,0.0,0.0,0.0,0.0,0.0,0.0,0.0,0.0,0.0,0.0,0.0,0.0,0.0,0.0,0.0,0.0,0.0,0.0,0.0,0.0,0.0,0.0,0.0,0.0,0.0,0.0,0.0,0.0,0.0,0.0,0.0,0.0,0.0,0.0,0.0,0.0,0.0,0.0,0.0,0.0,0.0,0.0,0.0,0.0,0.0,0.0,0.0,0.0,0.0,0.0,0.0,0.0,208.5,0.0,0.0,0.0,0.0,507.2,53607.2,7271.9,824.9,663.9,413.8,555.2,0.0,0.0,0.0,0.0,0.0,0.0,0.0,0.0,0.0,0.0,0.0,0.0,0.0,0.0,0.0,0.0,0.0,0.0,0.0,0.0,0.0,0.0,0.0,0.0,0.0,0.0,0.0,0.0,0.0,0.0,0.0,0.0,0.0,0.0,0.0,0.0,0.0,0.0,0.0,0.0,0.0,0.0,0.0,0.0,0.0,0.0,0.0,0.0,0.0,0.0,0.0,0.0,0.0,0.0,0.0,0.0,0.0,0.0,0.0,0.0,0.0,0.0,0.0,0.0,0.0,0.0,0.0,0.0,0.0,0.0,0.0,0.0,0.0,0.0,0.0,0.0,0.0,0.0,0.0,0.0,0.0,0.0,0.0,0.0
0.0,0.0,0.0,0.0,0.0,0.0,0.0,0.0,0.0,0.0,0.0,0.0,0.0,0.0,0.0,0.0,0.0,0.0,0.0,0.0,0.0,0.0,0.0,0.0,0.0,0.0,0.0,0.0,0.0,0.0,0.0,0.0,0.0,0.0,0.0,0.0,0.0,0.0,0.0,0.0,0.0,0.0,0.0,0.0,0.0,0.0,0.0,0.0,0.0,0.0,0.0,0.0,0.0,0.0,0.0,0.0,0.0,0.0,0.0,0.0,0.0,0.0,0.0,0.0,0.0,0.0,0.0,0.0,0.0,0.0,0.0,0.0,0.0,0.0,0.0,0.0,0.0,0.0,0.0,0.0,0.0,0.0,0.0,0.0,0.0,0.0,0.0,0.0,0.0,0.0,0.0,0.0,0.0,0.0,0.0,0.0,0.0,0.0,0.0,0.0,0.0,0.0,0.0,0.0,0.0,0.0,0.0,0.0,0.0,0.0,0.0,0.0,0.0,0.0,0.0,0.0,0.0,0.0,0.0,0.0,0.0,0.0,0.0,0.0,0.0,0.0,0.0,0.0,0.0,0.0,0.0,0.0,0.0,0.0,0.0,0.0,0.0,0.0,0.0,0.0,0.0,0.0,0.0,0.0,0.0,0.0,0.0,0.0,0.0,0.0,0.0,0.0,0.0,0.0,0.0,0.0,0.0,0.0,0.0,0.0,345.6,2248.7,1239.6,241.6,0.0,0.0,0.0,12536.5,0.0,0.0,0.0,0.0,0.0,0.0,0.0,0.0,0.0,0.0,0.0,0.0,0.0,0.0,0.0,0.0,0.0,0.0,0.0,0.0,0.0,0.0,0.0,0.0,0.0,0.0,0.0,0.0,0.0,0.0,0.0,0.0,0.0,0.0,0.0,0.0,0.0,0.0,0.0,0.0,0.0,0.0,0.0,0.0,0.0,0.0,0.0,0.0,0.0,0.0,0.0,0.0,0.0,0.0,0.0,0.0,0.0,0.0,0.0,0.0,0.0,0.0,0.0,0.0,0.0,0.0,0.0,0.0,0.0,0.0,0.0,0.0,0.0,0.0,0.0,0.0,0.0,0.0,0.0,0.0,0.0,0.0,0.0,0.0,0.0,0.0,0.0,0.0,0.0
0.0,0.0,0.0,0.0,0.0,0.0,0.0,0.0,0.0,0.0,0.0,0.0,0.0,0.0,0.0,0.0,0.0,0.0,0.0,0.0,0.0,0.0,0.0,0.0,0.0,0.0,0.0,0.0,0.0,0.0,0.0,0.0,0.0,0.0,0.0,0.0,0.0,0.0,0.0,0.0,0.0,0.0,0.0,0.0,0.0,0.0,0.0,0.0,0.0,0.0,0.0,0.0,0.0,0.0,0.0,0.0,0.0,0.0,0.0,0.0,0.0,0.0,0.0,0.0,0.0,0.0,0.0,0.0,0.0,0.0,0.0,0.0,0.0,0.0,0.0,0.0,0.0,0.0,0.0,0.0,0.0,0.0,0.0,0.0,0.0,0.0,0.0,0.0,0.0,0.0,0.0,0.0,0.0,0.0,0.0,0.0,0.0,0.0,0.0,0.0,0.0,0.0,0.0,0.0,0.0,0.0,0.0,0.0,0.0,0.0,0.0,0.0,0.0,0.0,0.0,0.0,0.0,0.0,0.0,0.0,0.0,0.0,0.0,0.0,0.0,0.0,0.0,0.0,0.0,0.0,0.0,0.0,0.0,0.0,0.0,0.0,0.0,0.0,0.0,0.0,0.0,0.0,0.0,0.0,0.0,0.0,0.0,0.0,0.0,0.0,0.0,0.0,0.0,0.0,0.0,0.0,0.0,0.0,266.0,13021.0,2375.5,2057.5,1266.9,0.3,0.0,0.0,0.0,0.0,0.0,0.0,0.0,0.0,0.0,0.0,0.0,0.0,0.0,0.0,0.0,0.0,0.0,0.0,0.0,0.0,0.0,0.0,0.0,0.0,0.0,0.0,0.0,0.0,0.0,0.0,0.0,0.0,0.0,0.0,0.0,0.0,0.0,0.0,0.0,0.0,0.0,0.0,0.0,0.0,0.0,0.0,0.0,0.0,0.0,0.0,0.0,0.0,0.0,0.0,0.0,0.0,0.0,0.0,0.0,0.0,0.0,0.0,0.0,0.0,0.0,0.0,0.0,0.0,0.0,0.0,0.0,0.0,0.0,0.0,0.0,0.0,0.0,0.0,0.0,0.0,0.0,0.0,0.0,0.0,0.0,0.0,0.0,0.0,0.0,0.0,0.0,0.0,0.0
0.0,0.0,0.0,0.0,0.0,0.0,0.0,0.0,0.0,0.0,0.0,0.0,0.0,0.0,0.0,0.0,0.0,0.0,0.0,0.0,0.0,0.0,0.0,0.0,0.0,0.0,0.0,0.0,0.0,0.0,0.0,0.0,0.0,0.0,0.0,0.0,0.0,0.0,0.0,0.0,0.0,0.0,0.0,0.0,0.0,0.0,0.0,0.0,0.0,0.0,0.0,0.0,0.0,0.0,0.0,0.0,0.0,0.0,0.0,0.0,0.0,0.0,0.0,0.0,0.0,0.0,0.0,0.0,0.0,0.0,0.0,0.0,0.0,0.0,0.0,0.0,0.0,0.0,0.0,0.0,0.0,0.0,0.0,0.0,0.0,0.0,0.0,0.0,0.0,0.0,0.0,0.0,0.0,0.0,0.0,0.0,0.0,0.0,0.0,0.0,0.0,0.0,0.0,0.0,0.0,0.0,0.0,0.0,0.0,0.0,0.0,0.0,0.0,0.0,0.0,0.0,0.0,0.0,0.0,0.0,0.0,0.0,0.0,0.0,0.0,0.0,0.0,0.0,0.0,0.0,0.0,0.0,0.0,0.0,0.0,0.0,0.0,0.0,0.0,0.0,0.0,0.0,0.0,0.0,0.0,0.0,0.0,0.0,0.0,0.0,0.0,0.0,0.0,0.0,0.0,0.0,0.0,0.0,175.7,0.0,0.0,0.0,0.0,0.0,0.0,0.0,0.0,0.0,0.0,0.0,0.0,0.0,0.0,0.0,0.0,0.0,0.0,0.0,0.0,0.0,0.0,0.0,0.0,0.0,0.0,0.0,0.0,0.0,0.0,0.0,0.0,0.0,0.0,0.0,0.0,0.0,0.0,0.0,0.0,0.0,0.0,0.0,0.0,0.0,0.0,0.0,0.0,0.0,0.0,0.0,0.0,0.0,0.0,0.0,0.0,0.0,0.0,0.0,0.0,0.0,0.0,0.0,0.0,0.0,0.0,0.0,0.0,0.0,0.0,0.0,0.0,0.0,0.0,0.0,0.0,0.0,0.0,0.0,0.0,0.0,0.0,0.0,0.0,0.0,0.0,0.0,0.0,0.0,0.0,0.0,0.0,0.0,0.0,0.0,0.0,0.0,0.0
0.0,0.0,0.0,0.0,0.0,0.0,0.0,0.0,0.0,0.0,0.0,0.0,0.0,0.0,0.0,0.0,0.0,0.0,0.0,0.0,0.0,0.0,0.0,0.0,0.0,0.0,0.0,0.0,0.0,0.0,0.0,0.0,0.0,0.0,0.0,0.0,0.0,0.0,0.0,0.0,0.0,0.0,0.0,0.0,0.0,0.0,0.0,0.0,0.0,0.0,0.0,0.0,0.0,0.0,0.0,0.0,0.0,0.0,0.0,0.0,0.0,0.0,0.0,0.0,0.0,0.0,0.0,0.0,0.0,0.0,0.0,0.0,0.0,0.0,0.0,0.0,0.0,0.0,0.0,0.0,0.0,0.0,0.0,0.0,0.0,0.0,0.0,0.0,0.0,0.0,0.0,0.0,0.0,0.0,0.0,0.0,0.0,0.0,0.0,0.0,0.0,0.0,0.0,0.0,0.0,0.0,0.0,0.0,0.0,0.0,0.0,0.0,0.0,0.0,0.0,0.0,0.0,0.0,0.0,0.0,0.0,0.0,0.0,0.0,0.0,0.0,0.0,0.0,0.0,0.0,0.0,0.0,0.0,0.0,0.0,0.0,0.0,0.0,0.0,0.0,0.0,0.0,0.0,0.0,0.0,0.0,0.0,0.0,0.0,0.0,0.0,0.0,0.0,0.0,0.0,0.0,0.0,0.0,0.0,0.0,0.0,0.0,0.0,0.0,0.0,0.0,0.0,0.0,0.0,0.0,0.0,0.0,0.0,0.0,0.0,0.0,0.0,0.0,0.0,0.0,0.0,0.0,0.0,0.0,0.0,0.0,0.0,0.0,0.0,0.0,0.0,0.0,0.0,0.0,0.0,0.0,0.0,0.0,0.0,0.0,0.0,0.0,0.0,0.0,0.0,0.0,0.0,0.0,0.0,0.0,0.0,0.0,0.0,0.0,0.0,0.0,0.0,0.0,0.0,0.0,0.0,0.0,0.0,0.0,0.0,0.0,0.0,0.0,0.0,0.0,0.0,0.0,0.0,0.0,0.0,0.0,0.0,0.0,0.0,0.0,0.0,0.0,0.0,0.0,0.0,0.0,0.0,0.0,0.0,0.0,0.0,0.0,0.0,0.0,0.0,0.0,0.0
0.0,0.0,0.0,0.0,0.0,0.0,0.0,0.0,0.0,0.0,0.0,0.0,0.0,0.0,0.0,0.0,0.0,0.0,0.0,0.0,0.0,0.0,0.0,0.0,0.0,0.0,0.0,0.0,0.0,0.0,0.0,0.0,0.0,0.0,0.0,0.0,0.0,0.0,0.0,0.0,0.0,0.0,0.0,0.0,0.0,0.0,0.0,0.0,0.0,0.0,0.0,0.0,0.0,0.0,0.0,0.0,0.0,0.0,0.0,0.0,0.0,0.0,0.0,0.0,0.0,0.0,0.0,0.0,0.0,0.0,0.0,0.0,0.0,0.0,0.0,0.0,0.0,0.0,0.0,0.0,0.0,0.0,0.0,0.0,0.0,0.0,0.0,0.0,0.0,0.0,0.0,0.0,0.0,0.0,0.0,0.0,0.0,0.0,0.0,0.0,0.0,0.0,0.0,0.0,0.0,0.0,0.0,0.0,0.0,0.0,0.0,0.0,0.0,0.0,0.0,0.0,0.0,0.0,0.0,0.0,0.0,0.0,0.0,0.0,0.0,0.0,0.0,0.0,0.0,0.0,0.0,0.0,0.0,0.0,0.0,0.0,0.0,0.0,0.0,0.0,0.0,0.0,0.0,0.0,0.0,0.0,0.0,0.0,0.0,0.0,0.0,0.0,0.0,0.0,0.0,0.0,0.0,0.0,0.0,0.0,0.0,0.0,0.0,0.0,0.0,0.0,0.0,0.0,0.0,0.0,0.0,0.0,0.0,0.0,0.0,0.0,0.0,0.0,0.0,0.0,0.0,0.0,0.0,0.0,0.0,0.0,0.0,0.0,0.0,0.0,0.0,0.0,0.0,0.0,0.0,0.0,0.0,0.0,0.0,0.0,0.0,0.0,0.0,0.0,0.0,0.0,0.0,0.0,0.0,0.0,0.0,0.0,0.0,0.0,0.0,0.0,0.0,0.0,0.0,0.0,0.0,0.0,0.0,0.0,0.0,0.0,0.0,0.0,0.0,0.0,0.0,0.0,0.0,0.0,0.0,0.0,0.0,0.0,0.0,0.0,0.0,0.0,0.0,0.0,0.0,0.0,0.0,0.0,0.0,0.0,0.0,0.0,0.0,0.0,0.0,0.0,0.0
0.0,0.0,0.0,0.0,0.0,0.0,0.0,0.0,0.0,0.0,0.0,0.0,0.0,0.0,0.0,0.0,0.0,0.0,0.0,0.0,0.0,0.0,0.0,0.0,0.0,0.0,0.0,0.0,0.0,0.0,0.0,0.0,0.0,0.0,0.0,0.0,0.0,0.0,0.0,0.0,0.0,0.0,0.0,0.0,0.0,0.0,0.0,0.0,0.0,0.0,0.0,0.0,0.0,0.0,0.0,0.0,0.0,0.0,0.0,0.0,0.0,0.0,0.0,0.0,0.0,0.0,0.0,0.0,0.0,0.0,0.0,0.0,0.0,0.0,0.0,0.0,0.0,0.0,0.0,0.0,0.0,0.0,0.0,0.0,0.0,0.0,0.0,0.0,0.0,0.0,0.0,0.0,0.0,0.0,0.0,0.0,0.0,0.0,0.0,0.0,0.0,0.0,0.0,0.0,0.0,0.0,0.0,0.0,0.0,0.0,0.0,0.0,0.0,0.0,0.0,0.0,0.0,0.0,0.0,0.0,0.0,0.0,0.0,0.0,0.0,0.0,0.0,0.0,0.0,0.0,0.0,0.0,0.0,0.0,0.0,0.0,0.0,0.0,0.0,0.0,0.0,0.0,0.0,0.0,0.0,0.0,0.0,0.0,0.0,0.0,0.0,0.0,0.0,0.0,0.0,0.0,0.0,0.0,0.0,0.0,0.0,0.0,0.0,0.0,0.0,0.0,0.0,0.0,0.0,0.0,0.0,0.0,0.0,0.0,0.0,0.0,0.0,0.0,0.0,0.0,0.0,0.0,0.0,0.0,0.0,0.0,0.0,0.0,0.0,0.0,0.0,0.0,0.0,0.0,0.0,0.0,0.0,0.0,0.0,0.0,0.0,0.0,0.0,0.0,0.0,0.0,0.0,0.0,0.0,0.0,0.0,0.0,0.0,0.0,0.0,0.0,0.0,0.0,0.0,0.0,0.0,0.0,0.0,0.0,0.0,0.0,0.0,0.0,0.0,0.0,0.0,0.0,0.0,0.0,0.0,0.0,0.0,0.0,0.0,0.0,0.0,0.0,0.0,0.0,0.0,0.0,0.0,0.0,0.0,0.0,0.0,0.0,0.0,0.0,0.0,0.0,0.0
0.0,0.0,0.0,0.0,0.0,0.0,0.0,0.0,0.0,0.0,0.0,0.0,0.0,0.0,0.0,0.0,0.0,0.0,0.0,0.0,0.0,0.0,0.0,0.0,0.0,0.0,0.0,0.0,0.0,0.0,0.0,0.0,0.0,0.0,0.0,0.0,0.0,0.0,0.0,0.0,0.0,0.0,0.0,0.0,0.0,0.0,0.0,0.0,0.0,0.0,0.0,0.0,0.0,0.0,0.0,0.0,0.0,0.0,0.0,0.0,0.0,0.0,0.0,0.0,0.0,0.0,0.0,0.0,0.0,0.0,0.0,0.0,0.0,0.0,0.0,0.0,0.0,0.0,0.0,0.0,0.0,0.0,0.0,0.0,0.0,0.0,0.0,0.0,0.0,0.0,0.0,0.0,0.0,0.0,0.0,0.0,0.0,0.0,0.0,0.0,0.0,0.0,0.0,0.0,0.0,0.0,0.0,0.0,0.0,0.0,0.0,0.0,0.0,0.0,0.0,0.0,0.0,0.0,0.0,0.0,0.0,0.0,0.0,0.0,0.0,0.0,0.0,0.0,0.0,0.0,0.0,0.0,0.0,0.0,0.0,0.0,0.0,0.0,0.0,0.0,0.0,0.0,0.0,0.0,0.0,0.0,0.0,0.0,0.0,0.0,0.0,0.0,0.0,0.0,0.0,0.0,0.0,0.0,0.0,0.0,0.0,0.0,0.0,0.0,0.0,0.0,0.0,0.0,0.0,0.0,0.0,0.0,0.0,0.0,0.0,0.0,0.0,0.0,0.0,0.0,0.0,0.0,0.0,0.0,0.0,0.0,0.0,0.0,0.0,0.0,0.0,0.0,0.0,0.0,0.0,0.0,0.0,0.0,0.0,0.0,0.0,0.0,0.0,0.0,0.0,0.0,0.0,0.0,0.0,0.0,0.0,0.0,0.0,0.0,0.0,0.0,0.0,0.0,0.0,0.0,0.0,0.0,0.0,0.0,0.0,0.0,0.0,0.0,0.0,0.0,0.0,0.0,0.0,0.0,0.0,0.0,0.0,0.0,0.0,0.0,0.0,0.0,0.0,0.0,0.0,0.0,0.0,0.0,0.0,0.0,0.0,0.0,0.0,0.0,0.0,0.0,0.0
0.0,0.0,0.0,0.0,0.0,0.0,0.0,0.0,0.0,0.0,0.0,0.0,0.0,0.0,0.0,0.0,0.0,0.0,0.0,0.0,0.0,0.0,0.0,0.0,0.0,0.0,0.0,0.0,0.0,0.0,0.0,0.0,0.0,0.0,0.0,0.0,0.0,0.0,0.0,0.0,0.0,0.0,0.0,0.0,0.0,0.0,0.0,0.0,0.0,0.0,0.0,0.0,0.0,0.0,0.0,0.0,0.0,0.0,0.0,0.0,0.0,0.0,0.0,0.0,0.0,0.0,0.0,0.0,0.0,0.0,0.0,0.0,0.0,0.0,0.0,0.0,0.0,0.0,0.0,0.0,0.0,0.0,0.0,0.0,0.0,0.0,0.0,0.0,0.0,0.0,0.0,0.0,0.0,0.0,0.0,0.0,0.0,0.0,0.0,0.0,0.0,0.0,0.0,0.0,0.0,0.0,0.0,0.0,0.0,0.0,0.0,0.0,0.0,0.0,0.0,0.0,0.0,0.0,0.0,0.0,0.0,0.0,0.0,0.0,0.0,0.0,0.0,0.0,0.0,0.0,0.0,0.0,0.0,0.0,0.0,0.0,0.0,0.0,0.0,0.0,0.0,0.0,0.0,0.0,0.0,0.0,0.0,0.0,0.0,0.0,0.0,0.0,0.0,0.0,0.0,0.0,0.0,0.0,0.0,0.0,0.0,0.0,0.0,0.0,0.0,0.0,0.0,0.0,0.0,0.0,0.0,0.0,0.0,0.0,0.0,0.0,0.0,0.0,0.0,0.0,0.0,0.0,0.0,0.0,0.0,0.0,0.0,0.0,0.0,0.0,0.0,0.0,0.0,0.0,0.0,0.0,0.0,0.0,0.0,0.0,0.0,0.0,0.0,0.0,0.0,0.0,0.0,0.0,0.0,0.0,0.0,0.0,0.0,0.0,0.0,0.0,0.0,0.0,0.0,0.0,0.0,0.0,0.0,0.0,0.0,0.0,0.0,0.0,0.0,0.0,0.0,0.0,0.0,0.0,0.0,0.0,0.0,0.0,0.0,0.0,0.0,0.0,0.0,0.0,0.0,0.0,0.0,0.0,0.0,0.0,0.0,0.0,0.0,0.0,0.0,0.0,0.0
0.0,0.0,0.0,0.0,0.0,0.0,0.0,0.0,0.0,0.0,0.0,0.0,0.0,0.0,0.0,0.0,0.0,0.0,0.0,0.0,0.0,0.0,0.0,0.0,0.0,0.0,0.0,0.0,0.0,0.0,0.0,0.0,0.0,0.0,0.0,0.0,0.0,0.0,0.0,0.0,0.0,0.0,0.0,0.0,0.0,0.0,0.0,0.0,0.0,0.0,0.0,0.0,0.0,0.0,0.0,0.0,0.0,0.0,0.0,0.0,0.0,0.0,0.0,0.0,0.0,0.0,0.0,0.0,0.0,0.0,0.0,0.0,0.0,0.0,0.0,0.0,0.0,0.0,0.0,0.0,0.0,0.0,0.0,0.0,0.0,0.0,0.0,0.0,0.0,0.0,0.0,0.0,0.0,0.0,0.0,0.0,0.0,0.0,0.0,0.0,0.0,0.0,0.0,0.0,0.0,0.0,0.0,0.0,0.0,0.0,0.0,0.0,0.0,0.0,0.0,0.0,0.0,0.0,0.0,0.0,0.0,0.0,0.0,0.0,0.0,0.0,0.0,0.0,0.0,0.0,0.0,0.0,0.0,0.0,0.0,0.0,0.0,0.0,0.0,0.0,0.0,0.0,0.0,0.0,0.0,0.0,0.0,0.0,0.0,0.0,0.0,0.0,0.0,0.0,0.0,0.0,0.0,0.0,0.0,0.0,0.0,0.0,0.0,0.0,0.0,0.0,0.0,0.0,0.0,0.0,0.0,0.0,0.0,0.0,0.0,0.0,0.0,0.0,0.0,0.0,0.0,0.0,0.0,0.0,0.0,0.0,0.0,0.0,0.0,0.0,0.0,0.0,0.0,0.0,0.0,0.0,0.0,0.0,0.0,0.0,0.0,0.0,0.0,0.0,0.0,0.0,0.0,0.0,0.0,0.0,0.0,0.0,0.0,0.0,0.0,0.0,0.0,0.0,0.0,0.0,0.0,0.0,0.0,0.0,0.0,0.0,0.0,0.0,0.0,0.0,0.0,0.0,0.0,0.0,0.0,0.0,0.0,0.0,0.0,0.0,0.0,0.0,0.0,0.0,0.0,0.0,0.0,0.0,0.0,0.0,0.0,0.0,0.0,0.0,0.0,0.0,0.0
0.0,0.0,0.0,0.0,0.0,0.0,0.0,0.0,0.0,0.0,0.0,0.0,0.0,0.0,0.0,0.0,0.0,0.0,0.0,0.0,0.0,0.0,0.0,0.0,0.0,0.0,0.0,0.0,0.0,0.0,0.0,0.0,0.0,0.0,0.0,0.0,0.0,0.0,0.0,0.0,0.0,0.0,0.0,0.0,0.0,0.0,0.0,0.0,0.0,0.0,0.0,0.0,0.0,0.0,0.0,0.0,0.0,0.0,0.0,0.0,0.0,0.0,0.0,0.0,0.0,0.0,0.0,0.0,0.0,0.0,0.0,0.0,0.0,0.0,0.0,0.0,0.0,0.0,0.0,0.0,0.0,0.0,0.0,0.0,0.0,0.0,0.0,0.0,0.0,0.0,0.0,0.0,0.0,0.0,0.0,0.0,0.0,0.0,0.0,0.0,0.0,0.0,0.0,0.0,0.0,0.0,0.0,0.0,0.0,0.0,0.0,0.0,0.0,0.0,0.0,0.0,0.0,0.0,0.0,0.0,0.0,0.0,0.0,0.0,0.0,0.0,0.0,0.0,0.0,0.0,0.0,0.0,0.0,0.0,0.0,0.0,0.0,0.0,0.0,0.0,0.0,0.0,0.0,0.0,0.0,0.0,0.0,0.0,0.0,0.0,0.0,0.0,0.0,0.0,0.0,0.0,0.0,0.0,0.0,0.0,0.0,0.0,0.0,0.0,0.0,0.0,0.0,0.0,0.0,0.0,0.0,0.0,0.0,0.0,0.0,0.0,0.0,0.0,0.0,0.0,0.0,0.0,0.0,0.0,0.0,0.0,0.0,0.0,0.0,0.0,0.0,0.0,0.0,0.0,0.0,0.0,0.0,0.0,0.0,0.0,0.0,0.0,0.0,0.0,0.0,0.0,0.0,0.0,0.0,0.0,0.0,0.0,0.0,0.0,0.0,0.0,0.0,0.0,0.0,0.0,0.0,0.0,0.0,0.0,0.0,0.0,0.0,0.0,0.0,0.0,0.0,0.0,0.0,0.0,0.0,0.0,0.0,0.0,0.0,0.0,0.0,0.0,0.0,0.0,0.0,0.0,0.0,0.0,0.0,0.0,0.0,0.0,0.0,0.0,0.0,0.0,0.0
0.0,0.0,0.0,0.0,0.0,0.0,0.0,0.0,0.0,0.0,0.0,0.0,0.0,0.0,0.0,0.0,0.0,0.0,0.0,0.0,0.0,0.0,0.0,0.0,0.0,0.0,0.0,0.0,0.0,0.0,0.0,0.0,0.0,0.0,0.0,0.0,0.0,0.0,0.0,0.0,0.0,0.0,0.0,0.0,0.0,0.0,0.0,0.0,0.0,0.0,0.0,0.0,0.0,0.0,0.0,0.0,0.0,0.0,0.0,0.0,0.0,0.0,0.0,0.0,0.0,0.0,0.0,0.0,0.0,0.0,0.0,0.0,0.0,0.0,0.0,0.0,0.0,0.0,0.0,0.0,0.0,0.0,0.0,0.0,0.0,0.0,0.0,0.0,0.0,0.0,0.0,0.0,0.0,0.0,0.0,0.0,0.0,0.0,0.0,0.0,0.0,0.0,0.0,0.0,0.0,0.0,0.0,0.0,0.0,0.0,0.0,0.0,0.0,0.0,0.0,0.0,0.0,0.0,0.0,0.0,0.0,0.0,0.0,0.0,0.0,0.0,0.0,0.0,0.0,0.0,0.0,0.0,0.0,0.0,0.0,0.0,0.0,0.0,0.0,0.0,0.0,0.0,0.0,0.0,0.0,0.0,0.0,0.0,0.0,0.0,0.0,0.0,0.0,0.0,0.0,0.0,0.0,0.0,0.0,0.0,0.0,0.0,0.0,0.0,0.0,0.0,0.0,0.0,0.0,0.0,0.0,0.0,0.0,0.0,0.0,0.0,0.0,0.0,0.0,0.0,0.0,0.0,0.0,0.0,0.0,0.0,0.0,0.0,0.0,0.0,0.0,0.0,0.0,0.0,0.0,0.0,0.0,0.0,0.0,0.0,0.0,0.0,0.0,0.0,0.0,0.0,0.0,0.0,0.0,0.0,0.0,0.0,0.0,0.0,0.0,0.0,0.0,0.0,0.0,0.0,0.0,0.0,0.0,0.0,0.0,0.0,0.0,0.0,0.0,0.0,0.0,0.0,0.0,0.0,0.0,0.0,0.0,0.0,0.0,0.0,0.0,0.0,0.0,0.0,0.0,0.0,0.0,0.0,0.0,0.0,0.0,0.0,0.0,0.0,0.0,0.0,0.0
0.0,0.0,0.0,0.0,0.0,0.0,0.0,0.0,0.0,0.0,0.0,0.0,0.0,0.0,0.0,0.0,0.0,0.0,0.0,0.0,0.0,0.0,0.0,0.0,0.0,0.0,0.0,0.0,0.0,0.0,0.0,0.0,0.0,0.0,0.0,0.0,0.0,0.0,0.0,0.0,0.0,0.0,0.0,0.0,0.0,0.0,0.0,0.0,0.0,0.0,0.0,0.0,0.0,0.0,0.0,0.0,0.0,0.0,0.0,0.0,0.0,0.0,0.0,0.0,0.0,0.0,0.0,0.0,0.0,0.0,0.0,0.0,0.0,0.0,0.0,0.0,0.0,0.0,0.0,0.0,0.0,0.0,0.0,0.0,0.0,0.0,0.0,0.0,0.0,0.0,0.0,0.0,0.0,0.0,0.0,0.0,0.0,0.0,0.0,0.0,0.0,0.0,0.0,0.0,0.0,0.0,0.0,0.0,0.0,0.0,0.0,0.0,0.0,0.0,0.0,0.0,0.0,0.0,0.0,0.0,0.0,0.0,0.0,0.0,0.0,0.0,0.0,0.0,0.0,0.0,0.0,0.0,0.0,0.0,0.0,0.0,0.0,0.0,0.0,0.0,0.0,0.0,0.0,0.0,0.0,0.0,0.0,0.0,0.0,0.0,0.0,0.0,0.0,0.0,0.0,0.0,0.0,0.0,0.0,0.0,0.0,0.0,0.0,0.0,0.0,0.0,0.0,0.0,0.0,0.0,0.0,0.0,0.0,0.0,0.0,0.0,0.0,0.0,0.0,0.0,0.0,0.0,0.0,0.0,0.0,0.0,0.0,0.0,0.0,0.0,0.0,0.0,0.0,0.0,0.0,0.0,0.0,0.0,0.0,0.0,0.0,0.0,0.0,0.0,0.0,0.0,0.0,0.0,0.0,0.0,0.0,0.0,0.0,0.0,0.0,0.0,0.0,0.0,0.0,0.0,0.0,0.0,0.0,0.0,0.0,0.0,0.0,0.0,0.0,0.0,0.0,0.0,0.0,0.0,0.0,0.0,0.0,0.0,0.0,0.0,0.0,0.0,0.0,0.0,0.0,0.0,0.0,0.0,0.0,0.0,0.0,0.0,0.0,0.0,0.0,0.0,0.0
0.0,0.0,0.0,0.0,0.0,0.0,0.0,0.0,0.0,0.0,0.0,0.0,0.0,0.0,0.0,0.0,0.0,0.0,0.0,0.0,0.0,0.0,0.0,0.0,0.0,0.0,0.0,0.0,0.0,0.0,0.0,0.0,0.0,0.0,0.0,0.0,0.0,0.0,0.0,0.0,0.0,0.0,0.0,0.0,0.0,0.0,0.0,0.0,0.0,0.0,0.0,0.0,0.0,0.0,0.0,0.0,0.0,0.0,0.0,0.0,0.0,0.0,0.0,0.0,0.0,0.0,0.0,0.0,0.0,0.0,0.0,0.0,0.0,0.0,0.0,0.0,0.0,0.0,0.0,0.0,0.0,0.0,0.0,0.0,0.0,0.0,0.0,0.0,0.0,0.0,0.0,0.0,0.0,0.0,0.0,0.0,0.0,0.0,0.0,0.0,0.0,0.0,0.0,0.0,0.0,0.0,0.0,0.0,0.0,0.0,0.0,0.0,0.0,0.0,0.0,0.0,0.0,0.0,0.0,0.0,0.0,0.0,0.0,0.0,0.0,0.0,0.0,0.0,0.0,0.0,0.0,0.0,0.0,0.0,0.0,0.0,0.0,0.0,0.0,0.0,0.0,0.0,0.0,0.0,0.0,0.0,0.0,0.0,0.0,0.0,0.0,0.0,0.0,0.0,0.0,0.0,0.0,0.0,0.0,0.0,0.0,0.0,0.0,0.0,0.0,0.0,0.0,0.0,0.0,0.0,0.0,0.0,0.0,0.0,0.0,0.0,0.0,0.0,0.0,0.0,0.0,0.0,0.0,0.0,0.0,0.0,0.0,0.0,0.0,0.0,0.0,0.0,0.0,0.0,0.0,0.0,0.0,0.0,0.0,0.0,0.0,0.0,0.0,0.0,0.0,0.0,0.0,0.0,0.0,0.0,0.0,0.0,0.0,0.0,0.0,0.0,0.0,0.0,0.0,0.0,0.0,0.0,0.0,0.0,0.0,0.0,0.0,0.0,0.0,0.0,0.0,0.0,0.0,0.0,0.0,0.0,0.0,0.0,0.0,0.0,0.0,0.0,0.0,0.0,0.0,0.0,0.0,0.0,0.0,0.0,0.0,0.0,0.0,0.0,0.0,0.0,0.0
0.0,0.0,0.0,0.0,0.0,0.0,0.0,0.0,0.0,0.0,0.0,0.0,0.0,0.0,0.0,0.0,0.0,0.0,0.0,0.0,0.0,0.0,0.0,0.0,0.0,0.0,0.0,0.0,0.0,0.0,0.0,0.0,0.0,0.0,0.0,0.0,0.0,0.0,0.0,0.0,0.0,0.0,0.0,0.0,0.0,0.0,0.0,0.0,0.0,0.0,0.0,0.0,0.0,0.0,0.0,0.0,0.0,0.0,0.0,0.0,0.0,0.0,0.0,0.0,0.0,0.0,0.0,0.0,0.0,0.0,0.0,0.0,0.0,0.0,0.0,0.0,0.0,0.0,0.0,0.0,0.0,0.0,0.0,0.0,0.0,0.0,0.0,0.0,0.0,0.0,0.0,0.0,0.0,0.0,0.0,0.0,0.0,0.0,0.0,0.0,0.0,0.0,0.0,0.0,0.0,0.0,0.0,0.0,0.0,0.0,0.0,0.0,0.0,0.0,0.0,0.0,0.0,0.0,0.0,0.0,0.0,0.0,0.0,0.0,0.0,0.0,0.0,0.0,0.0,0.0,0.0,0.0,0.0,0.0,0.0,0.0,0.0,0.0,0.0,0.0,0.0,0.0,0.0,0.0,0.0,0.0,0.0,0.0,0.0,0.0,0.0,0.0,0.0,0.0,0.0,0.0,0.0,0.0,0.0,0.0,0.0,0.0,0.0,0.0,0.0,0.0,0.0,0.0,0.0,0.0,0.0,0.0,0.0,0.0,0.0,0.0,0.0,0.0,0.0,0.0,0.0,0.0,0.0,0.0,0.0,0.0,0.0,0.0,0.0,0.0,0.0,0.0,0.0,0.0,0.0,0.0,0.0,0.0,0.0,0.0,0.0,0.0,0.0,0.0,0.0,0.0,0.0,0.0,0.0,0.0,0.0,0.0,0.0,0.0,0.0,0.0,0.0,0.0,0.0,0.0,0.0,0.0,0.0,0.0,0.0,0.0,0.0,0.0,0.0,0.0,0.0,0.0,0.0,0.0,0.0,0.0,0.0,0.0,0.0,0.0,0.0,0.0,0.0,0.0,0.0,0.0,0.0,0.0,0.0,0.0,0.0,0.0,0.0,0.0,0.0,0.0,0.0
0.0,0.0,0.0,0.0,0.0,0.0,0.0,0.0,0.0,0.0,0.0,0.0,0.0,0.0,0.0,0.0,0.0,0.0,0.0,0.0,0.0,0.0,0.0,0.0,0.0,0.0,0.0,0.0,0.0,0.0,0.0,0.0,0.0,0.0,0.0,0.0,0.0,0.0,0.0,0.0,0.0,0.0,0.0,0.0,0.0,0.0,0.0,0.0,0.0,0.0,0.0,0.0,0.0,0.0,0.0,0.0,0.0,0.0,0.0,0.0,0.0,0.0,0.0,0.0,0.0,0.0,0.0,0.0,0.0,0.0,0.0,0.0,0.0,0.0,0.0,0.0,0.0,0.0,0.0,0.0,0.0,0.0,0.0,0.0,0.0,0.0,0.0,0.0,0.0,0.0,0.0,0.0,0.0,0.0,0.0,0.0,0.0,0.0,0.0,0.0,0.0,0.0,0.0,0.0,0.0,0.0,0.0,0.0,0.0,0.0,0.0,0.0,0.0,0.0,0.0,0.0,0.0,0.0,0.0,0.0,0.0,0.0,0.0,0.0,0.0,0.0,0.0,0.0,0.0,0.0,0.0,0.0,0.0,0.0,0.0,0.0,0.0,0.0,0.0,0.0,0.0,0.0,0.0,0.0,0.0,0.0,0.0,0.0,0.0,0.0,0.0,0.0,0.0,0.0,0.0,0.0,0.0,0.0,0.0,0.0,0.0,0.0,0.0,0.0,0.0,0.0,0.0,0.0,0.0,0.0,0.0,0.0,0.0,0.0,0.0,0.0,0.0,0.0,0.0,0.0,0.0,0.0,0.0,0.0,0.0,0.0,0.0,0.0,0.0,0.0,0.0,0.0,0.0,0.0,0.0,0.0,0.0,0.0,0.0,0.0,0.0,0.0,0.0,0.0,0.0,0.0,0.0,0.0,0.0,0.0,0.0,0.0,0.0,0.0,0.0,0.0,0.0,0.0,0.0,0.0,0.0,0.0,0.0,0.0,0.0,0.0,0.0,0.0,0.0,0.0,0.0,0.0,0.0,0.0,0.0,0.0,0.0,0.0,0.0,0.0,0.0,0.0,0.0,0.0,0.0,0.0,0.0,0.0,0.0,0.0,0.0,0.0,0.0,0.0,0.0,0.0,0.0
0.0,0.0,0.0,0.0,0.0,0.0,0.0,0.0,0.0,0.0,0.0,0.0,0.0,0.0,0.0,0.0,0.0,0.0,0.0,0.0,0.0,0.0,0.0,0.0,0.0,0.0,0.0,0.0,0.0,0.0,0.0,0.0,0.0,0.0,0.0,0.0,0.0,0.0,0.0,0.0,0.0,0.0,0.0,0.0,0.0,0.0,0.0,0.0,0.0,0.0,0.0,0.0,0.0,0.0,0.0,0.0,0.0,0.0,0.0,0.0,0.0,0.0,0.0,0.0,0.0,0.0,0.0,0.0,0.0,0.0,0.0,0.0,0.0,0.0,0.0,0.0,0.0,0.0,0.0,0.0,0.0,0.0,0.0,0.0,0.0,0.0,0.0,0.0,0.0,0.0,0.0,0.0,0.0,0.0,0.0,0.0,0.0,0.0,0.0,0.0,0.0,0.0,0.0,0.0,0.0,0.0,0.0,0.0,0.0,0.0,0.0,0.0,0.0,0.0,0.0,0.0,0.0,0.0,0.0,0.0,0.0,0.0,0.0,0.0,0.0,0.0,0.0,0.0,0.0,0.0,0.0,0.0,0.0,0.0,0.0,0.0,0.0,0.0,0.0,0.0,0.0,0.0,0.0,0.0,0.0,0.0,0.0,0.0,0.0,0.0,0.0,0.0,0.0,0.0,0.0,0.0,0.0,0.0,0.0,0.0,0.0,0.0,0.0,0.0,0.0,0.0,0.0,0.0,0.0,0.0,0.0,0.0,0.0,0.0,0.0,0.0,0.0,0.0,0.0,0.0,0.0,0.0,0.0,0.0,0.0,0.0,0.0,0.0,0.0,0.0,0.0,0.0,0.0,0.0,0.0,0.0,0.0,0.0,0.0,0.0,0.0,0.0,0.0,0.0,0.0,0.0,0.0,0.0,0.0,0.0,0.0,0.0,0.0,0.0,0.0,0.0,0.0,0.0,0.0,0.0,0.0,0.0,0.0,0.0,0.0,0.0,0.0,0.0,0.0,0.0,0.0,0.0,0.0,0.0,0.0,0.0,0.0,0.0,0.0,0.0,0.0,0.0,0.0,0.0,0.0,0.0,0.0,0.0,0.0,0.0,0.0,0.0,0.0,0.0,0.0,0.0,0.0
0.0,0.0,0.0,0.0,0.0,0.0,0.0,0.0,0.0,0.0,0.0,0.0,0.0,0.0,0.0,0.0,0.0,0.0,0.0,0.0,0.0,0.0,0.0,0.0,0.0,0.0,0.0,0.0,0.0,0.0,0.0,0.0,0.0,0.0,0.0,0.0,0.0,0.0,0.0,0.0,0.0,0.0,0.0,0.0,0.0,0.0,0.0,0.0,0.0,0.0,0.0,0.0,0.0,0.0,0.0,0.0,0.0,0.0,0.0,0.0,0.0,0.0,0.0,0.0,0.0,0.0,0.0,0.0,0.0,0.0,0.0,0.0,0.0,0.0,0.0,0.0,0.0,0.0,0.0,0.0,0.0,0.0,0.0,0.0,0.0,0.0,0.0,0.0,0.0,0.0,0.0,0.0,0.0,0.0,0.0,0.0,0.0,0.0,0.0,0.0,0.0,0.0,0.0,0.0,0.0,0.0,0.0,0.0,0.0,0.0,0.0,0.0,0.0,0.0,0.0,0.0,0.0,0.0,0.0,0.0,0.0,0.0,0.0,0.0,0.0,0.0,0.0,0.0,0.0,0.0,0.0,0.0,0.0,0.0,0.0,0.0,0.0,0.0,0.0,0.0,0.0,0.0,0.0,0.0,0.0,0.0,0.0,0.0,0.0,0.0,0.0,0.0,0.0,0.0,0.0,0.0,0.0,0.0,0.0,0.0,0.0,0.0,0.0,0.0,0.0,0.0,0.0,0.0,0.0,0.0,0.0,0.0,0.0,0.0,0.0,0.0,0.0,0.0,0.0,0.0,0.0,0.0,0.0,0.0,0.0,0.0,0.0,0.0,0.0,0.0,0.0,0.0,0.0,0.0,0.0,0.0,0.0,0.0,0.0,0.0,0.0,0.0,0.0,0.0,0.0,0.0,0.0,0.0,0.0,0.0,0.0,0.0,0.0,0.0,0.0,0.0,0.0,0.0,0.0,0.0,0.0,0.0,0.0,0.0,0.0,0.0,0.0,0.0,0.0,0.0,0.0,0.0,0.0,0.0,0.0,0.0,0.0,0.0,0.0,0.0,0.0,0.0,0.0,0.0,0.0,0.0,0.0,0.0,0.0,0.0,0.0,0.0,0.0,0.0,0.0,0.0,0.0
0.0,0.0,0.0,0.0,0.0,0.0,0.0,0.0,0.0,0.0,0.0,0.0,0.0,0.0,0.0,0.0,0.0,0.0,0.0,0.0,0.0,0.0,0.0,0.0,0.0,0.0,0.0,0.0,0.0,0.0,0.0,0.0,0.0,0.0,0.0,0.0,0.0,0.0,0.0,0.0,0.0,0.0,0.0,0.0,0.0,0.0,0.0,0.0,0.0,0.0,0.0,0.0,0.0,0.0,0.0,0.0,0.0,0.0,0.0,0.0,0.0,0.0,0.0,0.0,0.0,0.0,0.0,0.0,0.0,0.0,0.0,0.0,0.0,0.0,0.0,0.0,0.0,0.0,0.0,0.0,0.0,0.0,0.0,0.0,0.0,0.0,0.0,0.0,0.0,0.0,0.0,0.0,0.0,0.0,0.0,0.0,0.0,0.0,0.0,0.0,0.0,0.0,0.0,0.0,0.0,0.0,0.0,0.0,0.0,0.0,0.0,0.0,0.0,0.0,0.0,0.0,0.0,0.0,0.0,0.0,0.0,0.0,0.0,0.0,0.0,0.0,0.0,0.0,0.0,0.0,0.0,0.0,0.0,0.0,0.0,0.0,0.0,0.0,0.0,0.0,0.0,0.0,0.0,0.0,0.0,0.0,0.0,0.0,0.0,0.0,0.0,0.0,0.0,0.0,0.0,0.0,0.0,0.0,0.0,0.0,0.0,0.0,0.0,0.0,0.0,0.0,0.0,0.0,0.0,0.0,0.0,0.0,0.0,0.0,0.0,0.0,0.0,0.0,0.0,0.0,0.0,0.0,0.0,0.0,0.0,0.0,0.0,0.0,0.0,0.0,0.0,0.0,0.0,0.0,0.0,0.0,0.0,0.0,0.0,0.0,0.0,0.0,0.0,0.0,0.0,0.0,0.0,0.0,0.0,0.0,0.0,0.0,0.0,0.0,0.0,0.0,0.0,0.0,0.0,0.0,0.0,0.0,0.0,0.0,0.0,0.0,0.0,0.0,0.0,0.0,0.0,0.0,0.0,0.0,0.0,0.0,0.0,0.0,0.0,0.0,0.0,0.0,0.0,0.0,0.0,0.0,0.0,0.0,0.0,0.0,0.0,0.0,0.0,0.0,0.0,0.0,0.0
0.0,0.0,0.0,0.0,0.0,0.0,0.0,0.0,0.0,0.0,0.0,0.0,0.0,0.0,0.0,0.0,0.0,0.0,0.0,0.0,0.0,0.0,0.0,0.0,0.0,0.0,0.0,0.0,0.0,0.0,0.0,0.0,0.0,0.0,0.0,0.0,0.0,0.0,0.0,0.0,0.0,0.0,0.0,0.0,0.0,0.0,0.0,0.0,0.0,0.0,0.0,0.0,0.0,0.0,0.0,0.0,0.0,0.0,0.0,0.0,0.0,0.0,0.0,0.0,0.0,0.0,0.0,0.0,0.0,0.0,0.0,0.0,0.0,0.0,0.0,0.0,0.0,0.0,0.0,0.0,0.0,0.0,0.0,0.0,0.0,0.0,0.0,0.0,0.0,0.0,0.0,0.0,0.0,0.0,0.0,0.0,0.0,0.0,0.0,0.0,0.0,0.0,0.0,0.0,0.0,0.0,0.0,0.0,0.0,0.0,0.0,0.0,0.0,0.0,0.0,0.0,0.0,0.0,0.0,0.0,0.0,0.0,0.0,0.0,0.0,0.0,0.0,0.0,0.0,0.0,0.0,0.0,0.0,0.0,0.0,0.0,0.0,0.0,0.0,0.0,0.0,0.0,0.0,0.0,0.0,0.0,0.0,0.0,0.0,0.0,0.0,0.0,0.0,0.0,0.0,0.0,0.0,0.0,0.0,0.0,0.0,0.0,0.0,0.0,0.0,0.0,0.0,0.0,0.0,0.0,0.0,0.0,0.0,0.0,0.0,0.0,0.0,0.0,0.0,0.0,0.0,0.0,0.0,0.0,0.0,0.0,0.0,0.0,0.0,0.0,0.0,0.0,0.0,0.0,0.0,0.0,0.0,0.0,0.0,0.0,0.0,0.0,0.0,0.0,0.0,0.0,0.0,0.0,0.0,0.0,0.0,0.0,0.0,0.0,0.0,0.0,0.0,0.0,0.0,0.0,0.0,0.0,0.0,0.0,0.0,0.0,0.0,0.0,0.0,0.0,0.0,0.0,0.0,0.0,0.0,0.0,0.0,0.0,0.0,0.0,0.0,0.0,0.0,0.0,0.0,0.0,0.0,0.0,0.0,0.0,0.0,0.0,0.0,0.0,0.0,0.0,0.0
0.0,0.0,0.0,0.0,0.0,0.0,0.0,0.0,0.0,0.0,0.0,0.0,0.0,0.0,0.0,0.0,0.0,0.0,0.0,0.0,0.0,0.0,0.0,0.0,0.0,0.0,0.0,0.0,0.0,0.0,0.0,0.0,0.0,0.0,0.0,0.0,0.0,0.0,0.0,0.0,0.0,0.0,0.0,0.0,0.0,0.0,0.0,0.0,0.0,0.0,0.0,0.0,0.0,0.0,0.0,0.0,0.0,0.0,0.0,0.0,0.0,0.0,0.0,0.0,0.0,0.0,0.0,0.0,0.0,0.0,0.0,0.0,0.0,0.0,0.0,0.0,0.0,0.0,0.0,0.0,0.0,0.0,0.0,0.0,0.0,0.0,0.0,0.0,0.0,0.0,0.0,0.0,0.0,0.0,0.0,0.0,0.0,0.0,0.0,0.0,0.0,0.0,0.0,0.0,0.0,0.0,0.0,0.0,0.0,0.0,0.0,0.0,0.0,0.0,0.0,0.0,0.0,0.0,0.0,0.0,0.0,0.0,0.0,0.0,0.0,0.0,0.0,0.0,0.0,0.0,0.0,0.0,0.0,0.0,0.0,0.0,0.0,0.0,0.0,0.0,0.0,0.0,0.0,0.0,0.0,0.0,0.0,0.0,0.0,0.0,0.0,0.0,0.0,0.0,0.0,0.0,0.0,0.0,0.0,0.0,0.0,0.0,0.0,0.0,0.0,0.0,0.0,0.0,0.0,0.0,0.0,0.0,0.0,0.0,0.0,0.0,0.0,0.0,0.0,0.0,0.0,0.0,0.0,0.0,0.0,0.0,0.0,0.0,0.0,0.0,0.0,0.0,0.0,0.0,0.0,0.0,0.0,0.0,0.0,0.0,0.0,0.0,0.0,0.0,0.0,0.0,0.0,0.0,0.0,0.0,0.0,0.0,0.0,0.0,0.0,0.0,0.0,0.0,0.0,0.0,0.0,0.0,0.0,0.0,0.0,0.0,0.0,0.0,0.0,0.0,0.0,0.0,0.0,0.0,0.0,0.0,0.0,0.0,0.0,0.0,0.0,0.0,0.0,0.0,0.0,0.0,0.0,0.0,0.0,0.0,0.0,0.0,0.0,0.0,0.0,0.0,0.0
0.0,0.0,0.0,0.0,0.0,0.0,0.0,0.0,0.0,0.0,0.0,0.0,0.0,0.0,0.0,0.0,0.0,0.0,0.0,0.0,0.0,0.0,0.0,0.0,0.0,0.0,0.0,0.0,0.0,0.0,0.0,0.0,0.0,0.0,0.0,0.0,0.0,0.0,0.0,0.0,0.0,0.0,0.0,0.0,0.0,0.0,0.0,0.0,0.0,0.0,0.0,0.0,0.0,0.0,0.0,0.0,0.0,0.0,0.0,0.0,0.0,0.0,0.0,0.0,0.0,0.0,0.0,0.0,0.0,0.0,0.0,0.0,0.0,0.0,0.0,0.0,0.0,0.0,0.0,0.0,0.0,0.0,0.0,0.0,0.0,0.0,0.0,0.0,0.0,0.0,0.0,0.0,0.0,0.0,0.0,0.0,0.0,0.0,0.0,0.0,0.0,0.0,0.0,0.0,0.0,0.0,0.0,0.0,0.0,0.0,0.0,0.0,0.0,0.0,0.0,0.0,0.0,0.0,0.0,0.0,0.0,0.0,0.0,0.0,0.0,0.0,0.0,0.0,0.0,0.0,0.0,0.0,0.0,0.0,0.0,0.0,0.0,0.0,0.0,0.0,0.0,0.0,0.0,0.0,0.0,0.0,0.0,0.0,0.0,0.0,0.0,0.0,0.0,0.0,0.0,0.0,0.0,0.0,0.0,0.0,0.0,0.0,0.0,0.0,0.0,0.0,0.0,0.0,0.0,0.0,0.0,0.0,0.0,0.0,0.0,0.0,0.0,0.0,0.0,0.0,0.0,0.0,0.0,0.0,0.0,0.0,0.0,0.0,0.0,0.0,0.0,0.0,0.0,0.0,0.0,0.0,0.0,0.0,0.0,0.0,0.0,0.0,0.0,0.0,0.0,0.0,0.0,0.0,0.0,0.0,0.0,0.0,0.0,0.0,0.0,0.0,0.0,0.0,0.0,0.0,0.0,0.0,0.0,0.0,0.0,0.0,0.0,0.0,0.0,0.0,0.0,0.0,0.0,0.0,0.0,0.0,0.0,0.0,0.0,0.0,0.0,0.0,0.0,0.0,0.0,0.0,0.0,0.0,0.0,0.0,0.0,0.0,0.0,0.0,0.0,0.0,0.0
0.0,0.0,0.0,0.0,0.0,0.0,0.0,0.0,0.0,0.0,0.0,0.0,0.0,0.0,0.0,0.0,0.0,0.0,0.0,0.0,0.0,0.0,0.0,0.0,0.0,0.0,0.0,0.0,0.0,0.0,0.0,0.0,0.0,0.0,0.0,0.0,0.0,0.0,0.0,0.0,0.0,0.0,0.0,0.0,0.0,0.0,0.0,0.0,0.0,0.0,0.0,0.0,0.0,0.0,0.0,0.0,0.0,0.0,0.0,0.0,0.0,0.0,0.0,0.0,0.0,0.0,0.0,0.0,0.0,0.0,0.0,0.0,0.0,0.0,0.0,0.0,0.0,0.0,0.0,0.0,0.0,0.0,0.0,0.0,0.0,0.0,0.0,0.0,0.0,0.0,0.0,0.0,0.0,0.0,0.0,0.0,0.0,0.0,0.0,0.0,0.0,0.0,0.0,0.0,0.0,0.0,0.0,0.0,0.0,0.0,0.0,0.0,0.0,0.0,0.0,0.0,0.0,0.0,0.0,0.0,0.0,0.0,0.0,0.0,0.0,0.0,0.0,0.0,0.0,0.0,0.0,0.0,0.0,0.0,0.0,0.0,0.0,0.0,0.0,0.0,0.0,0.0,0.0,0.0,0.0,0.0,0.0,0.0,0.0,0.0,0.0,0.0,0.0,0.0,0.0,0.0,0.0,0.0,0.0,0.0,0.0,0.0,0.0,0.0,0.0,0.0,0.0,0.0,0.0,0.0,0.0,0.0,0.0,0.0,0.0,0.0,0.0,0.0,0.0,0.0,0.0,0.0,0.0,0.0,0.0,0.0,0.0,0.0,0.0,0.0,0.0,0.0,0.0,0.0,0.0,0.0,0.0,0.0,0.0,0.0,0.0,0.0,0.0,0.0,0.0,0.0,0.0,0.0,0.0,0.0,0.0,0.0,0.0,0.0,0.0,0.0,0.0,0.0,0.0,0.0,0.0,0.0,0.0,0.0,0.0,0.0,0.0,0.0,0.0,0.0,0.0,0.0,0.0,0.0,0.0,0.0,0.0,0.0,0.0,0.0,0.0,0.0,0.0,0.0,0.0,0.0,0.0,0.0,0.0,0.0,0.0,0.0,0.0,0.0,0.0,0.0,0.0
0.0,0.0,0.0,0.0,0.0,0.0,0.0,0.0,0.0,0.0,0.0,0.0,0.0,0.0,0.0,0.0,0.0,0.0,0.0,0.0,0.0,0.0,0.0,0.0,0.0,0.0,0.0,0.0,0.0,0.0,0.0,0.0,0.0,0.0,0.0,0.0,0.0,0.0,0.0,0.0,0.0,0.0,0.0,0.0,0.0,0.0,0.0,0.0,0.0,0.0,0.0,0.0,0.0,0.0,0.0,0.0,0.0,0.0,0.0,0.0,0.0,0.0,0.0,0.0,0.0,0.0,0.0,0.0,0.0,0.0,0.0,0.0,0.0,0.0,0.0,0.0,0.0,0.0,0.0,0.0,0.0,0.0,0.0,0.0,0.0,0.0,0.0,0.0,0.0,0.0,0.0,0.0,0.0,0.0,0.0,0.0,0.0,0.0,0.0,0.0,0.0,0.0,0.0,0.0,0.0,0.0,0.0,0.0,0.0,0.0,0.0,0.0,0.0,0.0,0.0,0.0,0.0,0.0,0.0,0.0,0.0,0.0,0.0,0.0,0.0,0.0,0.0,0.0,0.0,0.0,0.0,0.0,0.0,0.0,0.0,0.0,0.0,0.0,0.0,0.0,0.0,0.0,0.0,0.0,0.0,0.0,0.0,0.0,0.0,0.0,0.0,0.0,0.0,0.0,0.0,0.0,0.0,0.0,0.0,0.0,0.0,0.0,0.0,0.0,0.0,0.0,0.0,0.0,0.0,0.0,0.0,0.0,0.0,0.0,0.0,0.0,0.0,0.0,0.0,0.0,0.0,0.0,0.0,0.0,0.0,0.0,0.0,0.0,0.0,0.0,0.0,0.0,0.0,0.0,0.0,0.0,0.0,0.0,0.0,0.0,0.0,0.0,0.0,0.0,0.0,0.0,0.0,0.0,0.0,0.0,0.0,0.0,0.0,0.0,0.0,0.0,0.0,0.0,0.0,0.0,0.0,0.0,0.0,0.0,0.0,0.0,0.0,0.0,0.0,0.0,0.0,0.0,0.0,0.0,0.0,0.0,0.0,0.0,0.0,0.0,0.0,0.0,0.0,0.0,0.0,0.0,0.0,0.0,0.0,0.0,0.0,0.0,0.0,0.0,0.0,0.0,0.0
0.0,0.0,0.0,0.0,0.0,0.0,0.0,0.0,0.0,0.0,0.0,0.0,0.0,0.0,0.0,0.0,0.0,0.0,0.0,0.0,0.0,0.0,0.0,0.0,0.0,0.0,0.0,0.0,0.0,0.0,0.0,0.0,0.0,0.0,0.0,0.0,0.0,0.0,0.0,0.0,0.0,0.0,0.0,0.0,0.0,0.0,0.0,0.0,0.0,0.0,0.0,0.0,0.0,0.0,0.0,0.0,0.0,0.0,0.0,0.0,0.0,0.0,0.0,0.0,0.0,0.0,0.0,0.0,0.0,0.0,0.0,0.0,0.0,0.0,0.0,0.0,0.0,0.0,0.0,0.0,0.0,0.0,0.0,0.0,0.0,0.0,0.0,0.0,0.0,0.0,0.0,0.0,0.0,0.0,0.0,0.0,0.0,0.0,0.0,0.0,0.0,0.0,0.0,0.0,0.0,0.0,0.0,0.0,0.0,0.0,0.0,0.0,0.0,0.0,0.0,0.0,0.0,0.0,0.0,0.0,0.0,0.0,0.0,0.0,0.0,0.0,0.0,0.0,0.0,0.0,0.0,0.0,0.0,0.0,0.0,0.0,0.0,0.0,0.0,0.0,0.0,0.0,0.0,0.0,0.0,0.0,0.0,0.0,0.0,0.0,0.0,0.0,0.0,0.0,0.0,0.0,0.0,0.0,0.0,0.0,0.0,0.0,0.0,0.0,0.0,0.0,0.0,0.0,0.0,0.0,0.0,0.0,0.0,0.0,0.0,0.0,0.0,0.0,0.0,0.0,0.0,0.0,0.0,0.0,0.0,0.0,0.0,0.0,0.0,0.0,0.0,0.0,0.0,0.0,0.0,0.0,0.0,0.0,0.0,0.0,0.0,0.0,0.0,0.0,0.0,0.0,0.0,0.0,0.0,0.0,0.0,0.0,0.0,0.0,0.0,0.0,0.0,0.0,0.0,0.0,0.0,0.0,0.0,0.0,0.0,0.0,0.0,0.0,0.0,0.0,0.0,0.0,0.0,0.0,0.0,0.0,0.0,0.0,0.0,0.0,0.0,0.0,0.0,0.0,0.0,0.0,0.0,0.0,0.0,0.0,0.0,0.0,0.0,0.0,0.0,0.0,0.0
0.0,0.0,0.0,0.0,0.0,0.0,0.0,0.0,0.0,0.0,0.0,0.0,0.0,0.0,0.0,0.0,0.0,0.0,0.0,0.0,0.0,0.0,0.0,0.0,0.0,0.0,0.0,0.0,0.0,0.0,0.0,0.0,0.0,0.0,0.0,0.0,0.0,0.0,0.0,0.0,0.0,0.0,0.0,0.0,0.0,0.0,0.0,0.0,0.0,0.0,0.0,0.0,0.0,0.0,0.0,0.0,0.0,0.0,0.0,0.0,0.0,0.0,0.0,0.0,0.0,0.0,0.0,0.0,0.0,0.0,0.0,0.0,0.0,0.0,0.0,0.0,0.0,0.0,0.0,0.0,0.0,0.0,0.0,0.0,0.0,0.0,0.0,0.0,0.0,0.0,0.0,0.0,0.0,0.0,0.0,0.0,0.0,0.0,0.0,0.0,0.0,0.0,0.0,0.0,0.0,0.0,0.0,0.0,0.0,0.0,0.0,0.0,0.0,0.0,0.0,0.0,0.0,0.0,0.0,0.0,0.0,0.0,0.0,0.0,0.0,0.0,0.0,0.0,0.0,0.0,0.0,0.0,0.0,0.0,0.0,0.0,0.0,0.0,0.0,0.0,0.0,0.0,0.0,0.0,0.0,0.0,0.0,0.0,0.0,0.0,0.0,0.0,0.0,0.0,0.0,0.0,0.0,0.0,0.0,0.0,0.0,0.0,0.0,0.0,0.0,0.0,0.0,0.0,0.0,0.0,0.0,0.0,0.0,0.0,0.0,0.0,0.0,0.0,0.0,0.0,0.0,0.0,0.0,0.0,0.0,0.0,0.0,0.0,0.0,0.0,0.0,0.0,0.0,0.0,0.0,0.0,0.0,0.0,0.0,0.0,0.0,0.0,0.0,0.0,0.0,0.0,0.0,0.0,0.0,0.0,0.0,0.0,0.0,0.0,0.0,0.0,0.0,0.0,0.0,0.0,0.0,0.0,0.0,0.0,0.0,0.0,0.0,0.0,0.0,0.0,0.0,0.0,0.0,0.0,0.0,0.0,0.0,0.0,0.0,0.0,0.0,0.0,0.0,0.0,0.0,0.0,0.0,0.0,0.0,0.0,0.0,0.0,0.0,0.0,0.0,0.0,0.0
0.0,0.0,0.0,0.0,0.0,0.0,0.0,0.0,0.0,0.0,0.0,0.0,0.0,0.0,0.0,0.0,0.0,0.0,0.0,0.0,0.0,0.0,0.0,0.0,0.0,0.0,0.0,0.0,0.0,0.0,0.0,0.0,0.0,0.0,0.0,0.0,0.0,0.0,0.0,0.0,0.0,0.0,0.0,0.0,0.0,0.0,0.0,0.0,0.0,0.0,0.0,0.0,0.0,0.0,0.0,0.0,0.0,0.0,0.0,0.0,0.0,0.0,0.0,0.0,0.0,0.0,0.0,0.0,0.0,0.0,0.0,0.0,0.0,0.0,0.0,0.0,0.0,0.0,0.0,0.0,0.0,0.0,0.0,0.0,0.0,0.0,0.0,0.0,0.0,0.0,0.0,0.0,0.0,0.0,0.0,0.0,0.0,0.0,0.0,0.0,0.0,0.0,0.0,0.0,0.0,0.0,0.0,0.0,0.0,0.0,0.0,0.0,0.0,0.0,0.0,0.0,0.0,0.0,0.0,0.0,0.0,0.0,0.0,0.0,0.0,0.0,0.0,0.0,0.0,0.0,0.0,0.0,0.0,0.0,0.0,0.0,0.0,0.0,0.0,0.0,0.0,0.0,0.0,0.0,0.0,0.0,0.0,0.0,0.0,0.0,0.0,0.0,0.0,0.0,0.0,0.0,0.0,0.0,0.0,0.0,0.0,0.0,0.0,0.0,0.0,0.0,0.0,0.0,0.0,0.0,0.0,0.0,0.0,0.0,0.0,0.0,0.0,0.0,0.0,0.0,0.0,0.0,0.0,0.0,0.0,0.0,0.0,0.0,0.0,0.0,0.0,0.0,0.0,0.0,0.0,0.0,0.0,0.0,0.0,0.0,0.0,0.0,0.0,0.0,0.0,0.0,0.0,0.0,0.0,0.0,0.0,0.0,0.0,0.0,0.0,0.0,0.0,0.0,0.0,0.0,0.0,0.0,0.0,0.0,0.0,0.0,0.0,0.0,0.0,0.0,0.0,0.0,0.0,0.0,0.0,0.0,0.0,0.0,0.0,0.0,0.0,0.0,0.0,0.0,0.0,0.0,0.0,0.0,0.0,0.0,0.0,0.0,0.0,0.0,0.0,0.0,0.0
0.0,0.0,0.0,0.0,0.0,0.0,0.0,0.0,0.0,0.0,0.0,0.0,0.0,0.0,0.0,0.0,0.0,0.0,0.0,0.0,0.0,0.0,0.0,0.0,0.0,0.0,0.0,0.0,0.0,0.0,0.0,0.0,0.0,0.0,0.0,0.0,0.0,0.0,0.0,0.0,0.0,0.0,0.0,0.0,0.0,0.0,0.0,0.0,0.0,0.0,0.0,0.0,0.0,0.0,0.0,0.0,0.0,0.0,0.0,0.0,0.0,0.0,0.0,0.0,0.0,0.0,0.0,0.0,0.0,0.0,0.0,0.0,0.0,0.0,0.0,0.0,0.0,0.0,0.0,0.0,0.0,0.0,0.0,0.0,0.0,0.0,0.0,0.0,0.0,0.0,0.0,0.0,0.0,0.0,0.0,0.0,0.0,0.0,0.0,0.0,0.0,0.0,0.0,0.0,0.0,0.0,0.0,0.0,0.0,0.0,0.0,0.0,0.0,0.0,0.0,0.0,0.0,0.0,0.0,0.0,0.0,0.0,0.0,0.0,0.0,0.0,0.0,0.0,0.0,0.0,0.0,0.0,0.0,0.0,0.0,0.0,0.0,0.0,0.0,0.0,0.0,0.0,0.0,0.0,0.0,0.0,0.0,0.0,0.0,0.0,0.0,0.0,0.0,0.0,0.0,0.0,0.0,0.0,0.0,0.0,0.0,0.0,0.0,0.0,0.0,0.0,0.0,0.0,0.0,0.0,0.0,0.0,0.0,0.0,0.0,0.0,0.0,0.0,0.0,0.0,0.0,0.0,0.0,0.0,0.0,0.0,0.0,0.0,0.0,0.0,0.0,0.0,0.0,0.0,0.0,0.0,0.0,0.0,0.0,0.0,0.0,0.0,0.0,0.0,0.0,0.0,0.0,0.0,0.0,0.0,0.0,0.0,0.0,0.0,0.0,0.0,0.0,0.0,0.0,0.0,0.0,0.0,0.0,0.0,0.0,0.0,0.0,0.0,0.0,0.0,0.0,0.0,0.0,0.0,0.0,0.0,0.0,0.0,0.0,0.0,0.0,0.0,0.0,0.0,0.0,0.0,0.0,0.0,0.0,0.0,0.0,0.0,0.0,0.0,0.0,0.0,0.0
0.0,0.0,0.0,0.0,0.0,0.0,0.0,0.0,0.0,0.0,0.0,0.0,0.0,0.0,0.0,0.0,0.0,0.0,0.0,0.0,0.0,0.0,0.0,0.0,0.0,0.0,0.0,0.0,0.0,0.0,0.0,0.0,0.0,0.0,0.0,0.0,0.0,0.0,0.0,0.0,0.0,0.0,0.0,0.0,0.0,0.0,0.0,0.0,0.0,0.0,0.0,0.0,0.0,0.0,0.0,0.0,0.0,0.0,0.0,0.0,0.0,0.0,0.0,0.0,0.0,0.0,0.0,0.0,0.0,0.0,0.0,0.0,0.0,0.0,0.0,0.0,0.0,0.0,0.0,0.0,0.0,0.0,0.0,0.0,0.0,0.0,0.0,0.0,0.0,0.0,0.0,0.0,0.0,0.0,0.0,0.0,0.0,0.0,0.0,0.0,0.0,0.0,0.0,0.0,0.0,0.0,0.0,0.0,0.0,0.0,0.0,0.0,0.0,0.0,0.0,0.0,0.0,0.0,0.0,0.0,0.0,0.0,0.0,0.0,0.0,0.0,0.0,0.0,0.0,0.0,0.0,0.0,0.0,0.0,0.0,0.0,0.0,0.0,0.0,0.0,0.0,0.0,0.0,0.0,0.0,0.0,0.0,0.0,0.0,0.0,0.0,0.0,0.0,0.0,0.0,0.0,0.0,0.0,0.0,0.0,0.0,0.0,0.0,0.0,0.0,0.0,0.0,0.0,0.0,0.0,0.0,0.0,0.0,0.0,0.0,0.0,0.0,0.0,0.0,0.0,0.0,0.0,0.0,0.0,0.0,0.0,0.0,0.0,0.0,0.0,0.0,0.0,0.0,0.0,0.0,0.0,0.0,0.0,0.0,0.0,0.0,0.0,0.0,0.0,0.0,0.0,0.0,0.0,0.0,0.0,0.0,0.0,0.0,0.0,0.0,0.0,0.0,0.0,0.0,0.0,0.0,0.0,0.0,0.0,0.0,0.0,0.0,0.0,0.0,0.0,0.0,0.0,0.0,0.0,0.0,0.0,0.0,0.0,0.0,0.0,0.0,0.0,0.0,0.0,0.0,0.0,0.0,0.0,0.0,0.0,0.0,0.0,0.0,0.0,0.0,0.0,0.0
0.0,0.0,0.0,0.0,0.0,0.0,0.0,0.0,0.0,0.0,0.0,0.0,0.0,0.0,0.0,0.0,0.0,0.0,0.0,0.0,0.0,0.0,0.0,0.0,0.0,0.0,0.0,0.0,0.0,0.0,0.0,0.0,0.0,0.0,0.0,0.0,0.0,0.0,0.0,0.0,0.0,0.0,0.0,0.0,0.0,0.0,0.0,0.0,0.0,0.0,0.0,0.0,0.0,0.0,0.0,0.0,0.0,0.0,0.0,0.0,0.0,0.0,0.0,0.0,0.0,0.0,0.0,0.0,0.0,0.0,0.0,0.0,0.0,0.0,0.0,0.0,0.0,0.0,0.0,0.0,0.0,0.0,0.0,0.0,0.0,0.0,0.0,0.0,0.0,0.0,0.0,0.0,0.0,0.0,0.0,0.0,0.0,0.0,0.0,0.0,0.0,0.0,0.0,0.0,0.0,0.0,0.0,0.0,0.0,0.0,0.0,0.0,0.0,0.0,0.0,0.0,0.0,0.0,0.0,0.0,0.0,0.0,0.0,0.0,0.0,0.0,0.0,0.0,0.0,0.0,0.0,0.0,0.0,0.0,0.0,0.0,0.0,0.0,0.0,0.0,0.0,0.0,0.0,0.0,0.0,0.0,0.0,0.0,0.0,0.0,0.0,0.0,0.0,0.0,0.0,0.0,0.0,0.0,0.0,0.0,0.0,0.0,0.0,0.0,0.0,0.0,0.0,0.0,0.0,0.0,0.0,0.0,0.0,0.0,0.0,0.0,0.0,0.0,0.0,0.0,0.0,0.0,0.0,0.0,0.0,0.0,0.0,0.0,0.0,0.0,0.0,0.0,0.0,0.0,0.0,0.0,0.0,0.0,0.0,0.0,0.0,0.0,0.0,0.0,0.0,0.0,0.0,0.0,0.0,0.0,0.0,0.0,0.0,0.0,0.0,0.0,0.0,0.0,0.0,0.0,0.0,0.0,0.0,0.0,0.0,0.0,0.0,0.0,0.0,0.0,0.0,0.0,0.0,0.0,0.0,0.0,0.0,0.0,0.0,0.0,0.0,0.0,0.0,0.0,0.0,0.0,0.0,0.0,0.0,0.0,0.0,0.0,0.0,0.0,0.0,0.0,0.0
0.0,0.0,0.0,0.0,0.0,0.0,0.0,0.0,0.0,0.0,0.0,0.0,0.0,0.0,0.0,0.0,0.0,0.0,0.0,0.0,0.0,0.0,0.0,0.0,0.0,0.0,0.0,0.0,0.0,0.0,0.0,0.0,0.0,0.0,0.0,0.0,0.0,0.0,0.0,0.0,0.0,0.0,0.0,0.0,0.0,0.0,0.0,0.0,0.0,0.0,0.0,0.0,0.0,0.0,0.0,0.0,0.0,0.0,0.0,0.0,0.0,0.0,0.0,0.0,0.0,0.0,0.0,0.0,0.0,0.0,0.0,0.0,0.0,0.0,0.0,0.0,0.0,0.0,0.0,0.0,0.0,0.0,0.0,0.0,0.0,0.0,0.0,0.0,0.0,0.0,0.0,0.0,0.0,0.0,0.0,0.0,0.0,0.0,0.0,0.0,0.0,0.0,0.0,0.0,0.0,0.0,0.0,0.0,0.0,0.0,0.0,0.0,0.0,0.0,0.0,0.0,0.0,0.0,0.0,0.0,0.0,0.0,0.0,0.0,0.0,0.0,0.0,0.0,0.0,0.0,0.0,0.0,0.0,0.0,0.0,0.0,0.0,0.0,0.0,0.0,0.0,0.0,0.0,0.0,0.0,0.0,0.0,0.0,0.0,0.0,0.0,0.0,0.0,0.0,0.0,0.0,0.0,0.0,0.0,0.0,0.0,0.0,0.0,0.0,0.0,0.0,0.0,0.0,0.0,0.0,0.0,0.0,0.0,0.0,0.0,0.0,0.0,0.0,0.0,0.0,0.0,0.0,0.0,0.0,0.0,0.0,0.0,0.0,0.0,0.0,0.0,0.0,0.0,0.0,0.0,0.0,0.0,0.0,0.0,0.0,0.0,0.0,0.0,0.0,0.0,0.0,0.0,0.0,0.0,0.0,0.0,0.0,0.0,0.0,0.0,0.0,0.0,0.0,0.0,0.0,0.0,0.0,0.0,0.0,0.0,0.0,0.0,0.0,0.0,0.0,0.0,0.0,0.0,0.0,0.0,0.0,0.0,0.0,0.0,0.0,0.0,0.0,0.0,0.0,0.0,0.0,0.0,0.0,0.0,0.0,0.0,0.0,0.0,0.0,0.0,0.0,0.0
0.0,0.0,0.0,0.0,0.0,0.0,0.0,0.0,0.0,0.0,0.0,0.0,0.0,0.0,0.0,0.0,0.0,0.0,0.0,0.0,0.0,0.0,0.0,0.0,0.0,0.0,0.0,0.0,0.0,0.0,0.0,0.0,0.0,0.0,0.0,0.0,0.0,0.0,0.0,0.0,0.0,0.0,0.0,0.0,0.0,0.0,0.0,0.0,0.0,0.0,0.0,0.0,0.0,0.0,0.0,0.0,0.0,0.0,0.0,0.0,0.0,0.0,0.0,0.0,0.0,0.0,0.0,0.0,0.0,0.0,0.0,0.0,0.0,0.0,0.0,0.0,0.0,0.0,0.0,0.0,0.0,0.0,0.0,0.0,0.0,0.0,0.0,0.0,0.0,0.0,0.0,0.0,0.0,0.0,0.0,0.0,0.0,0.0,0.0,0.0,0.0,0.0,0.0,0.0,0.0,0.0,0.0,0.0,0.0,0.0,0.0,0.0,0.0,0.0,0.0,0.0,0.0,0.0,0.0,0.0,0.0,0.0,0.0,0.0,0.0,0.0,0.0,0.0,0.0,0.0,0.0,0.0,0.0,0.0,0.0,0.0,0.0,0.0,0.0,0.0,0.0,0.0,0.0,0.0,0.0,0.0,0.0,0.0,0.0,0.0,0.0,0.0,0.0,0.0,0.0,0.0,0.0,0.0,0.0,0.0,0.0,0.0,0.0,0.0,0.0,0.0,0.0,0.0,0.0,0.0,0.0,0.0,0.0,0.0,0.0,0.0,0.0,0.0,0.0,0.0,0.0,0.0,0.0,0.0,0.0,0.0,0.0,0.0,0.0,0.0,0.0,0.0,0.0,0.0,0.0,0.0,0.0,0.0,0.0,0.0,0.0,0.0,0.0,0.0,0.0,0.0,0.0,0.0,0.0,0.0,0.0,0.0,0.0,0.0,0.0,0.0,0.0,0.0,0.0,0.0,0.0,0.0,0.0,0.0,0.0,0.0,0.0,0.0,0.0,0.0,0.0,0.0,0.0,0.0,0.0,0.0,0.0,0.0,0.0,0.0,0.0,0.0,0.0,0.0,0.0,0.0,0.0,0.0,0.0,0.0,0.0,0.0,0.0,0.0,0.0,0.0,0.0
0.0,0.0,0.0,0.0,0.0,0.0,0.0,0.0,0.0,0.0,0.0,0.0,0.0,0.0,0.0,0.0,0.0,0.0,0.0,0.0,0.0,0.0,0.0,0.0,0.0,0.0,0.0,0.0,0.0,0.0,0.0,0.0,0.0,0.0,0.0,0.0,0.0,0.0,0.0,0.0,0.0,0.0,0.0,0.0,0.0,0.0,0.0,0.0,0.0,0.0,0.0,0.0,0.0,0.0,0.0,0.0,0.0,0.0,0.0,0.0,0.0,0.0,0.0,0.0,0.0,0.0,0.0,0.0,0.0,0.0,0.0,0.0,0.0,0.0,0.0,0.0,0.0,0.0,0.0,0.0,0.0,0.0,0.0,0.0,0.0,0.0,0.0,0.0,0.0,0.0,0.0,0.0,0.0,0.0,0.0,0.0,0.0,0.0,0.0,0.0,0.0,0.0,0.0,0.0,0.0,0.0,0.0,0.0,0.0,0.0,0.0,0.0,0.0,0.0,0.0,0.0,0.0,0.0,0.0,0.0,0.0,0.0,0.0,0.0,0.0,0.0,0.0,0.0,0.0,0.0,0.0,0.0,0.0,0.0,0.0,0.0,0.0,0.0,0.0,0.0,0.0,0.0,0.0,0.0,0.0,0.0,0.0,0.0,0.0,0.0,0.0,0.0,0.0,0.0,0.0,0.0,0.0,0.0,0.0,0.0,0.0,0.0,0.0,0.0,0.0,0.0,0.0,0.0,0.0,0.0,0.0,0.0,0.0,0.0,0.0,0.0,0.0,0.0,0.0,0.0,0.0,0.0,0.0,0.0,0.0,0.0,0.0,0.0,0.0,0.0,0.0,0.0,0.0,0.0,0.0,0.0,0.0,0.0,0.0,0.0,0.0,0.0,0.0,0.0,0.0,0.0,0.0,0.0,0.0,0.0,0.0,0.0,0.0,0.0,0.0,0.0,0.0,0.0,0.0,0.0,0.0,0.0,0.0,0.0,0.0,0.0,0.0,0.0,0.0,0.0,0.0,0.0,0.0,0.0,0.0,0.0,0.0,0.0,0.0,0.0,0.0,0.0,0.0,0.0,0.0,0.0,0.0,0.0,0.0,0.0,0.0,0.0,0.0,0.0,0.0,0.0,0.0
0.0,0.0,0.0,0.0,0.0,0.0,0.0,0.0,0.0,0.0,0.0,0.0,0.0,0.0,0.0,0.0,0.0,0.0,0.0,0.0,0.0,0.0,0.0,0.0,0.0,0.0,0.0,0.0,0.0,0.0,0.0,0.0,0.0,0.0,0.0,0.0,0.0,0.0,0.0,0.0,0.0,0.0,0.0,0.0,0.0,0.0,0.0,0.0,0.0,0.0,0.0,0.0,0.0,0.0,0.0,0.0,0.0,0.0,0.0,0.0,0.0,0.0,0.0,0.0,0.0,0.0,0.0,0.0,0.0,0.0,0.0,0.0,0.0,0.0,0.0,0.0,0.0,0.0,0.0,0.0,0.0,0.0,0.0,0.0,0.0,0.0,0.0,0.0,0.0,0.0,0.0,0.0,0.0,0.0,0.0,0.0,0.0,0.0,0.0,0.0,0.0,0.0,0.0,0.0,0.0,0.0,0.0,0.0,0.0,0.0,0.0,0.0,0.0,0.0,0.0,0.0,0.0,0.0,0.0,0.0,0.0,0.0,0.0,0.0,0.0,0.0,0.0,0.0,0.0,0.0,0.0,0.0,0.0,0.0,0.0,0.0,0.0,0.0,0.0,0.0,0.0,0.0,0.0,0.0,0.0,0.0,0.0,0.0,0.0,0.0,0.0,0.0,0.0,0.0,0.0,0.0,0.0,0.0,0.0,0.0,0.0,0.0,0.0,0.0,0.0,0.0,0.0,0.0,0.0,0.0,0.0,0.0,0.0,0.0,0.0,0.0,0.0,0.0,0.0,0.0,0.0,0.0,0.0,0.0,0.0,0.0,0.0,0.0,0.0,0.0,0.0,0.0,0.0,0.0,0.0,0.0,0.0,0.0,0.0,0.0,0.0,0.0,0.0,0.0,0.0,0.0,0.0,0.0,0.0,0.0,0.0,0.0,0.0,0.0,0.0,0.0,0.0,0.0,0.0,0.0,0.0,0.0,0.0,0.0,0.0,0.0,0.0,0.0,0.0,0.0,0.0,0.0,0.0,0.0,0.0,0.0,0.0,0.0,0.0,0.0,0.0,0.0,0.0,0.0,0.0,0.0,0.0,0.0,0.0,0.0,0.0,0.0,0.0,0.0,0.0,0.0,0.0
0.0,0.0,0.0,0.0,0.0,0.0,0.0,0.0,0.0,0.0,0.0,0.0,0.0,0.0,0.0,0.0,0.0,0.0,0.0,0.0,0.0,0.0,0.0,0.0,0.0,0.0,0.0,0.0,0.0,0.0,0.0,0.0,0.0,0.0,0.0,0.0,0.0,0.0,0.0,0.0,0.0,0.0,0.0,0.0,0.0,0.0,0.0,0.0,0.0,0.0,0.0,0.0,0.0,0.0,0.0,0.0,0.0,0.0,0.0,0.0,0.0,0.0,0.0,0.0,0.0,0.0,0.0,0.0,0.0,0.0,0.0,0.0,0.0,0.0,0.0,0.0,0.0,0.0,0.0,0.0,0.0,0.0,0.0,0.0,0.0,0.0,0.0,0.0,0.0,0.0,0.0,0.0,0.0,0.0,0.0,0.0,0.0,0.0,0.0,0.0,0.0,0.0,0.0,0.0,0.0,0.0,0.0,0.0,0.0,0.0,0.0,0.0,0.0,0.0,0.0,0.0,0.0,0.0,0.0,0.0,0.0,0.0,0.0,0.0,0.0,0.0,0.0,0.0,0.0,0.0,0.0,0.0,0.0,0.0,0.0,0.0,0.0,0.0,0.0,0.0,0.0,0.0,0.0,0.0,0.0,0.0,0.0,0.0,0.0,0.0,0.0,0.0,0.0,0.0,0.0,0.0,0.0,0.0,0.0,0.0,0.0,0.0,0.0,0.0,0.0,0.0,0.0,0.0,0.0,0.0,0.0,0.0,0.0,0.0,0.0,0.0,0.0,0.0,0.0,0.0,0.0,0.0,0.0,0.0,0.0,0.0,0.0,0.0,0.0,0.0,0.0,0.0,0.0,0.0,0.0,0.0,0.0,0.0,0.0,0.0,0.0,0.0,0.0,0.0,0.0,0.0,0.0,0.0,0.0,0.0,0.0,0.0,0.0,0.0,0.0,0.0,0.0,0.0,0.0,0.0,0.0,0.0,0.0,0.0,0.0,0.0,0.0,0.0,0.0,0.0,0.0,0.0,0.0,0.0,0.0,0.0,0.0,0.0,0.0,0.0,0.0,0.0,0.0,0.0,0.0,0.0,0.0,0.0,0.0,0.0,0.0,0.0,0.0,0.0,0.0,0.0,0.0
0.0,0.0,0.0,0.0,0.0,0.0,0.0,0.0,0.0,0.0,0.0,0.0,0.0,0.0,0.0,0.0,0.0,0.0,0.0,0.0,0.0,0.0,0.0,0.0,0.0,0.0,0.0,0.0,0.0,0.0,0.0,0.0,0.0,0.0,0.0,0.0,0.0,0.0,0.0,0.0,0.0,0.0,0.0,0.0,0.0,0.0,0.0,0.0,0.0,0.0,0.0,0.0,0.0,0.0,0.0,0.0,0.0,0.0,0.0,0.0,0.0,0.0,0.0,0.0,0.0,0.0,0.0,0.0,0.0,0.0,0.0,0.0,0.0,0.0,0.0,0.0,0.0,0.0,0.0,0.0,0.0,0.0,0.0,0.0,0.0,0.0,0.0,0.0,0.0,0.0,0.0,0.0,0.0,0.0,0.0,0.0,0.0,0.0,0.0,0.0,0.0,0.0,0.0,0.0,0.0,0.0,0.0,0.0,0.0,0.0,0.0,0.0,0.0,0.0,0.0,0.0,0.0,0.0,0.0,0.0,0.0,0.0,0.0,0.0,0.0,0.0,0.0,0.0,0.0,0.0,0.0,0.0,0.0,0.0,0.0,0.0,0.0,0.0,0.0,0.0,0.0,0.0,0.0,0.0,0.0,0.0,0.0,0.0,0.0,0.0,0.0,0.0,0.0,0.0,0.0,0.0,0.0,0.0,0.0,0.0,0.0,0.0,0.0,0.0,0.0,0.0,0.0,0.0,0.0,0.0,0.0,0.0,0.0,0.0,0.0,0.0,0.0,0.0,0.0,0.0,0.0,0.0,0.0,0.0,0.0,0.0,0.0,0.0,0.0,0.0,0.0,0.0,0.0,0.0,0.0,0.0,0.0,0.0,0.0,0.0,0.0,0.0,0.0,0.0,0.0,0.0,0.0,0.0,0.0,0.0,0.0,0.0,0.0,0.0,0.0,0.0,0.0,0.0,0.0,0.0,0.0,0.0,0.0,0.0,0.0,0.0,0.0,0.0,0.0,0.0,0.0,0.0,0.0,0.0,0.0,0.0,0.0,0.0,0.0,0.0,0.0,0.0,0.0,0.0,0.0,0.0,0.0,0.0,0.0,0.0,0.0,0.0,0.0,0.0,0.0,0.0,0.0
0.0,0.0,0.0,0.0,0.0,0.0,0.0,0.0,0.0,0.0,0.0,0.0,0.0,0.0,0.0,0.0,0.0,0.0,0.0,0.0,0.0,0.0,0.0,0.0,0.0,0.0,0.0,0.0,0.0,0.0,0.0,0.0,0.0,0.0,0.0,0.0,0.0,0.0,0.0,0.0,0.0,0.0,0.0,0.0,0.0,0.0,0.0,0.0,0.0,0.0,0.0,0.0,0.0,0.0,0.0,0.0,0.0,0.0,0.0,0.0,0.0,0.0,0.0,0.0,0.0,0.0,0.0,0.0,0.0,0.0,0.0,0.0,0.0,0.0,0.0,0.0,0.0,0.0,0.0,0.0,0.0,0.0,0.0,0.0,0.0,0.0,0.0,0.0,0.0,0.0,0.0,0.0,0.0,0.0,0.0,0.0,0.0,0.0,0.0,0.0,0.0,0.0,0.0,0.0,0.0,0.0,0.0,0.0,0.0,0.0,0.0,0.0,0.0,0.0,0.0,0.0,0.0,0.0,0.0,0.0,0.0,0.0,0.0,0.0,0.0,0.0,0.0,0.0,0.0,0.0,0.0,0.0,0.0,0.0,0.0,0.0,0.0,0.0,0.0,0.0,0.0,0.0,0.0,0.0,0.0,0.0,0.0,0.0,0.0,0.0,0.0,0.0,0.0,0.0,0.0,0.0,0.0,0.0,0.0,0.0,0.0,0.0,0.0,0.0,0.0,0.0,0.0,0.0,0.0,0.0,0.0,0.0,0.0,0.0,0.0,0.0,0.0,0.0,0.0,0.0,0.0,0.0,0.0,0.0,0.0,0.0,0.0,0.0,0.0,0.0,0.0,0.0,0.0,0.0,0.0,0.0,0.0,0.0,0.0,0.0,0.0,0.0,0.0,0.0,0.0,0.0,0.0,0.0,0.0,0.0,0.0,0.0,0.0,0.0,0.0,0.0,0.0,0.0,0.0,0.0,0.0,0.0,0.0,0.0,0.0,0.0,0.0,0.0,0.0,0.0,0.0,0.0,0.0,0.0,0.0,0.0,0.0,0.0,0.0,0.0,0.0,0.0,0.0,0.0,0.0,0.0,0.0,0.0,0.0,0.0,0.0,0.0,0.0,0.0,0.0,0.0,0.0
0.0,0.0,0.0,0.0,0.0,0.0,0.0,0.0,0.0,0.0,0.0,0.0,0.0,0.0,0.0,0.0,0.0,0.0,0.0,0.0,0.0,0.0,0.0,0.0,0.0,0.0,0.0,0.0,0.0,0.0,0.0,0.0,0.0,0.0,0.0,0.0,0.0,0.0,0.0,0.0,0.0,0.0,0.0,0.0,0.0,0.0,0.0,0.0,0.0,0.0,0.0,0.0,0.0,0.0,0.0,0.0,0.0,0.0,0.0,0.0,0.0,0.0,0.0,0.0,0.0,0.0,0.0,0.0,0.0,0.0,0.0,0.0,0.0,0.0,0.0,0.0,0.0,0.0,0.0,0.0,0.0,0.0,0.0,0.0,0.0,0.0,0.0,0.0,0.0,0.0,0.0,0.0,0.0,0.0,0.0,0.0,0.0,0.0,0.0,0.0,0.0,0.0,0.0,0.0,0.0,0.0,0.0,0.0,0.0,0.0,0.0,0.0,0.0,0.0,0.0,0.0,0.0,0.0,0.0,0.0,0.0,0.0,0.0,0.0,0.0,0.0,0.0,0.0,0.0,0.0,0.0,0.0,0.0,0.0,0.0,0.0,0.0,0.0,0.0,0.0,0.0,0.0,0.0,0.0,0.0,0.0,0.0,0.0,0.0,0.0,0.0,0.0,0.0,0.0,0.0,0.0,0.0,0.0,0.0,0.0,0.0,0.0,0.0,0.0,0.0,0.0,0.0,0.0,0.0,0.0,0.0,0.0,0.0,0.0,0.0,0.0,0.0,0.0,0.0,0.0,0.0,0.0,0.0,0.0,0.0,0.0,0.0,0.0,0.0,0.0,0.0,0.0,0.0,0.0,0.0,0.0,0.0,0.0,0.0,0.0,0.0,0.0,0.0,0.0,0.0,0.0,0.0,0.0,0.0,0.0,0.0,0.0,0.0,0.0,0.0,0.0,0.0,0.0,0.0,0.0,0.0,0.0,0.0,0.0,0.0,0.0,0.0,0.0,0.0,0.0,0.0,0.0,0.0,0.0,0.0,0.0,0.0,0.0,0.0,0.0,0.0,0.0,0.0,0.0,0.0,0.0,0.0,0.0,0.0,0.0,0.0,0.0,0.0,0.0,0.0,0.0,0.0
0.0,0.0,0.0,0.0,0.0,0.0,0.0,0.0,0.0,0.0,0.0,0.0,0.0,0.0,0.0,0.0,0.0,0.0,0.0,0.0,0.0,0.0,0.0,0.0,0.0,0.0,0.0,0.0,0.0,0.0,0.0,0.0,0.0,0.0,0.0,0.0,0.0,0.0,0.0,0.0,0.0,0.0,0.0,0.0,0.0,0.0,0.0,0.0,0.0,0.0,0.0,0.0,0.0,0.0,0.0,0.0,0.0,0.0,0.0,0.0,0.0,0.0,0.0,0.0,0.0,0.0,0.0,0.0,0.0,0.0,0.0,0.0,0.0,0.0,0.0,0.0,0.0,0.0,0.0,0.0,0.0,0.0,0.0,0.0,0.0,0.0,0.0,0.0,0.0,0.0,0.0,0.0,0.0,0.0,0.0,0.0,0.0,0.0,0.0,0.0,0.0,0.0,0.0,0.0,0.0,0.0,0.0,0.0,0.0,0.0,0.0,0.0,0.0,0.0,0.0,0.0,0.0,0.0,0.0,0.0,0.0,0.0,0.0,0.0,0.0,0.0,0.0,0.0,0.0,0.0,0.0,0.0,0.0,0.0,0.0,0.0,0.0,0.0,0.0,0.0,0.0,0.0,0.0,0.0,0.0,0.0,0.0,0.0,0.0,0.0,0.0,0.0,0.0,0.0,0.0,0.0,0.0,0.0,0.0,0.0,0.0,0.0,0.0,0.0,0.0,0.0,0.0,0.0,0.0,0.0,0.0,0.0,0.0,0.0,0.0,0.0,0.0,0.0,0.0,0.0,0.0,0.0,0.0,0.0,0.0,0.0,0.0,0.0,0.0,0.0,0.0,0.0,0.0,0.0,0.0,0.0,0.0,0.0,0.0,0.0,0.0,0.0,0.0,0.0,0.0,0.0,0.0,0.0,0.0,0.0,0.0,0.0,0.0,0.0,0.0,0.0,0.0,0.0,0.0,0.0,0.0,0.0,0.0,0.0,0.0,0.0,0.0,0.0,0.0,0.0,0.0,0.0,0.0,0.0,0.0,0.0,0.0,0.0,0.0,0.0,0.0,0.0,0.0,0.0,0.0,0.0,0.0,0.0,0.0,0.0,0.0,0.0,0.0,0.0,0.0,0.0,0.0
0.0,0.0,0.0,0.0,0.0,0.0,0.0,0.0,0.0,0.0,0.0,0.0,0.0,0.0,0.0,0.0,0.0,0.0,0.0,0.0,0.0,0.0,0.0,0.0,0.0,0.0,0.0,0.0,0.0,0.0,0.0,0.0,0.0,0.0,0.0,0.0,0.0,0.0,0.0,0.0,0.0,0.0,0.0,0.0,0.0,0.0,0.0,0.0,0.0,0.0,0.0,0.0,0.0,0.0,0.0,0.0,0.0,0.0,0.0,0.0,0.0,0.0,0.0,0.0,0.0,0.0,0.0,0.0,0.0,0.0,0.0,0.0,0.0,0.0,0.0,0.0,0.0,0.0,0.0,0.0,0.0,0.0,0.0,0.0,0.0,0.0,0.0,0.0,0.0,0.0,0.0,0.0,0.0,0.0,0.0,0.0,0.0,0.0,0.0,0.0,0.0,0.0,0.0,0.0,0.0,0.0,0.0,0.0,0.0,0.0,0.0,0.0,0.0,0.0,0.0,0.0,0.0,0.0,0.0,0.0,0.0,0.0,0.0,0.0,0.0,0.0,0.0,0.0,0.0,0.0,0.0,0.0,0.0,0.0,0.0,0.0,0.0,0.0,0.0,0.0,0.0,0.0,0.0,0.0,0.0,0.0,0.0,0.0,0.0,0.0,0.0,0.0,0.0,0.0,0.0,0.0,0.0,0.0,0.0,0.0,0.0,0.0,0.0,0.0,0.0,0.0,0.0,0.0,0.0,0.0,0.0,0.0,0.0,0.0,0.0,0.0,0.0,0.0,0.0,0.0,0.0,0.0,0.0,0.0,0.0,0.0,0.0,0.0,0.0,0.0,0.0,0.0,0.0,0.0,0.0,0.0,0.0,0.0,0.0,0.0,0.0,0.0,0.0,0.0,0.0,0.0,0.0,0.0,0.0,0.0,0.0,0.0,0.0,0.0,0.0,0.0,0.0,0.0,0.0,0.0,0.0,0.0,0.0,0.0,0.0,0.0,0.0,0.0,0.0,0.0,0.0,0.0,0.0,0.0,0.0,0.0,0.0,0.0,0.0,0.0,0.0,0.0,0.0,0.0,0.0,0.0,0.0,0.0,0.0,0.0,0.0,0.0,0.0,0.0,0.0,0.0,0.0
0.0,0.0,0.0,0.0,0.0,0.0,0.0,0.0,0.0,0.0,0.0,0.0,0.0,0.0,0.0,0.0,0.0,0.0,0.0,0.0,0.0,0.0,0.0,0.0,0.0,0.0,0.0,0.0,0.0,0.0,0.0,0.0,0.0,0.0,0.0,0.0,0.0,0.0,0.0,0.0,0.0,0.0,0.0,0.0,0.0,0.0,0.0,0.0,0.0,0.0,0.0,0.0,0.0,0.0,0.0,0.0,0.0,0.0,0.0,0.0,0.0,0.0,0.0,0.0,0.0,0.0,0.0,0.0,0.0,0.0,0.0,0.0,0.0,0.0,0.0,0.0,0.0,0.0,0.0,0.0,0.0,0.0,0.0,0.0,0.0,0.0,0.0,0.0,0.0,0.0,0.0,0.0,0.0,0.0,0.0,0.0,0.0,0.0,0.0,0.0,0.0,0.0,0.0,0.0,0.0,0.0,0.0,0.0,0.0,0.0,0.0,0.0,0.0,0.0,0.0,0.0,0.0,0.0,0.0,0.0,0.0,0.0,0.0,0.0,0.0,0.0,0.0,0.0,0.0,0.0,0.0,0.0,0.0,0.0,0.0,0.0,0.0,0.0,0.0,0.0,0.0,0.0,0.0,0.0,0.0,0.0,0.0,0.0,0.0,0.0,0.0,0.0,0.0,0.0,0.0,0.0,0.0,0.0,0.0,0.0,0.0,0.0,0.0,0.0,0.0,0.0,0.0,0.0,0.0,0.0,0.0,0.0,0.0,0.0,0.0,0.0,0.0,0.0,0.0,0.0,0.0,0.0,0.0,0.0,0.0,0.0,0.0,0.0,0.0,0.0,0.0,0.0,0.0,0.0,0.0,0.0,0.0,0.0,0.0,0.0,0.0,0.0,0.0,0.0,0.0,0.0,0.0,0.0,0.0,0.0,0.0,0.0,0.0,0.0,0.0,0.0,0.0,0.0,0.0,0.0,0.0,0.0,0.0,0.0,0.0,0.0,0.0,0.0,0.0,0.0,0.0,0.0,0.0,0.0,0.0,0.0,0.0,0.0,0.0,0.0,0.0,0.0,0.0,0.0,0.0,0.0,0.0,0.0,0.0,0.0,0.0,0.0,0.0,0.0,0.0,0.0,0.0
0.0,0.0,0.0,0.0,0.0,0.0,0.0,0.0,0.0,0.0,0.0,0.0,0.0,0.0,0.0,0.0,0.0,0.0,0.0,0.0,0.0,0.0,0.0,0.0,0.0,0.0,0.0,0.0,0.0,0.0,0.0,0.0,0.0,0.0,0.0,0.0,0.0,0.0,0.0,0.0,0.0,0.0,0.0,0.0,0.0,0.0,0.0,0.0,0.0,0.0,0.0,0.0,0.0,0.0,0.0,0.0,0.0,0.0,0.0,0.0,0.0,0.0,0.0,0.0,0.0,0.0,0.0,0.0,0.0,0.0,0.0,0.0,0.0,0.0,0.0,0.0,0.0,0.0,0.0,0.0,0.0,0.0,0.0,0.0,0.0,0.0,0.0,0.0,0.0,0.0,0.0,0.0,0.0,0.0,0.0,0.0,0.0,0.0,0.0,0.0,0.0,0.0,0.0,0.0,0.0,0.0,0.0,0.0,0.0,0.0,0.0,0.0,0.0,0.0,0.0,0.0,0.0,0.0,0.0,0.0,0.0,0.0,0.0,0.0,0.0,0.0,0.0,0.0,0.0,0.0,0.0,0.0,0.0,0.0,0.0,0.0,0.0,0.0,0.0,0.0,0.0,0.0,0.0,0.0,0.0,0.0,0.0,0.0,0.0,0.0,0.0,0.0,0.0,0.0,0.0,0.0,0.0,0.0,0.0,0.0,0.0,0.0,0.0,0.0,0.0,0.0,0.0,0.0,0.0,0.0,0.0,0.0,0.0,0.0,0.0,0.0,0.0,0.0,0.0,0.0,0.0,0.0,0.0,0.0,0.0,0.0,0.0,0.0,0.0,0.0,0.0,0.0,0.0,0.0,0.0,0.0,0.0,0.0,0.0,0.0,0.0,0.0,0.0,0.0,0.0,0.0,0.0,0.0,0.0,0.0,0.0,0.0,0.0,0.0,0.0,0.0,0.0,0.0,0.0,0.0,0.0,0.0,0.0,0.0,0.0,0.0,0.0,0.0,0.0,0.0,0.0,0.0,0.0,0.0,0.0,0.0,0.0,0.0,0.0,0.0,0.0,0.0,0.0,0.0,0.0,0.0,0.0,0.0,0.0,0.0,0.0,0.0,0.0,0.0,0.0,0.0,0.0
0.0,0.0,0.0,0.0,0.0,0.0,0.0,0.0,0.0,0.0,0.0,0.0,0.0,0.0,0.0,0.0,0.0,0.0,0.0,0.0,0.0,0.0,0.0,0.0,0.0,0.0,0.0,0.0,0.0,0.0,0.0,0.0,0.0,0.0,0.0,0.0,0.0,0.0,0.0,0.0,0.0,0.0,0.0,0.0,0.0,0.0,0.0,0.0,0.0,0.0,0.0,0.0,0.0,0.0,0.0,0.0,0.0,0.0,0.0,0.0,0.0,0.0,0.0,0.0,0.0,0.0,0.0,0.0,0.0,0.0,0.0,0.0,0.0,0.0,0.0,0.0,0.0,0.0,0.0,0.0,0.0,0.0,0.0,0.0,0.0,0.0,0.0,0.0,0.0,0.0,0.0,0.0,0.0,0.0,0.0,0.0,0.0,0.0,0.0,0.0,0.0,0.0,0.0,0.0,0.0,0.0,0.0,0.0,0.0,0.0,0.0,0.0,0.0,0.0,0.0,0.0,0.0,0.0,0.0,0.0,0.0,0.0,0.0,0.0,0.0,0.0,0.0,0.0,0.0,0.0,0.0,0.0,0.0,0.0,0.0,0.0,0.0,0.0,0.0,0.0,0.0,0.0,0.0,0.0,0.0,0.0,0.0,0.0,0.0,0.0,0.0,0.0,0.0,0.0,0.0,0.0,0.0,0.0,0.0,0.0,0.0,0.0,0.0,0.0,0.0,0.0,0.0,0.0,0.0,0.0,0.0,0.0,0.0,0.0,0.0,0.0,0.0,0.0,0.0,0.0,0.0,0.0,0.0,0.0,0.0,0.0,0.0,0.0,0.0,0.0,0.0,0.0,0.0,0.0,0.0,0.0,0.0,0.0,0.0,0.0,0.0,0.0,0.0,0.0,0.0,0.0,0.0,0.0,0.0,0.0,0.0,0.0,0.0,0.0,0.0,0.0,0.0,0.0,0.0,0.0,0.0,0.0,0.0,0.0,0.0,0.0,0.0,0.0,0.0,0.0,0.0,0.0,0.0,0.0,0.0,0.0,0.0,0.0,0.0,0.0,0.0,0.0,0.0,0.0,0.0,0.0,0.0,0.0,0.0,0.0,0.0,0.0,0.0,0.0,0.0,0.0,0.0
