0.0,0.0,0.0,0.0,0.0,0.0,0.0,0.0,0.0,0.0,0.0,0.0,0.0,0.0,0.0,0.0,0.0,0.0,0.0,0.0,0.0,0.0,0.0,0.0,0.0,0.0,0.0,0.0,0.0,0.0,0.0,0.0,0.0,0.0,0.0,0.0,0.0,0.0,0.0,0.0,0.0,0.0,0.0,0.0,0.0,0.0,0.0,0.0,0.0,0.0,0.0,0.0,0.0,0.0,0.0,0.0,0.0,0.0,0.0,0.0,0.0,0.0,0.0,0.0,0.0,0.0,0.0,0.0,0.0,0.0,0.0,0.0,0.0,0.0,0.0,0.0,0.0,0.0,0.0,0.0,0.0,0.0,0.0,0.0,0.0,0.0,0.0,0.0,0.0,0.0,0.0,0.0,0.0,0.0,0.0,0.0,0.0,0.0,0.0,0.0,0.0,0.0,0.0,0.0,0.0,0.0,0.0,0.0,0.0,0.0,0.0,0.0,0.0,0.0,0.0,0.0,0.0,0.0,0.0,0.0,0.0,0.0,0.0,0.0,0.0,0.0,0.0,0.0,0.0
0.0,0.0,0.0,0.0,0.0,0.0,0.0,0.0,0.0,0.0,0.0,0.0,0.0,0.0,0.0,0.0,0.0,0.0,0.0,0.0,0.0,0.0,0.0,0.0,0.0,0.0,0.0,0.0,0.0,0.0,0.0,0.0,0.0,0.0,0.0,0.0,0.0,0.0,0.0,0.0,0.0,0.0,0.0,0.0,0.0,0.0,0.0,0.0,0.0,0.0,0.0,0.0,0.0,0.0,0.0,0.0,0.0,0.0,0.0,0.0,0.0,0.0,0.0,0.0,0.0,0.0,0.0,0.0,0.0,0.0,0.0,0.0,0.0,0.0,0.0,0.0,0.0,0.0,0.0,0.0,0.0,0.0,0.0,0.0,0.0,0.0,0.0,0.0,0.0,0.0,0.0,0.0,0.0,0.0,0.0,0.0,0.0,0.0,0.0,0.0,0.0,0.0,0.0,0.0,0.0,0.0,0.0,0.0,0.0,0.0,0.0,0.0,0.0,0.0,0.0,0.0,0.0,0.0,0.0,0.0,0.0,0.0,0.0,0.0,0.0,0.0,0.0,0.0,0.0
0.0,0.0,0.0,0.0,0.0,0.0,0.0,0.0,0.0,0.0,0.0,0.0,0.0,0.0,0.0,0.0,0.0,0.0,0.0,0.0,0.0,0.0,0.0,0.0,0.0,0.0,0.0,0.0,0.0,0.0,0.0,0.0,0.0,0.0,0.0,0.0,0.0,0.0,0.0,0.0,0.0,0.0,0.0,0.0,0.0,0.0,0.0,0.0,0.0,0.0,0.0,0.0,0.0,0.0,0.0,0.0,0.0,0.0,0.0,0.0,0.0,0.0,0.0,0.0,0.0,0.0,0.0,0.0,0.0,0.0,0.0,0.0,0.0,0.0,0.0,0.0,0.0,0.0,0.0,0.0,0.0,0.0,0.0,0.0,0.0,0.0,0.0,0.0,0.0,0.0,0.0,0.0,0.0,0.0,0.0,0.0,0.0,0.0,0.0,0.0,0.0,0.0,0.0,0.0,0.0,0.0,0.0,0.0,0.0,0.0,0.0,0.0,0.0,0.0,0.0,0.0,0.0,0.0,0.0,0.0,0.0,0.0,0.0,0.0,0.0,0.0,0.0,0.0,0.0
0.0,0.0,0.0,0.0,0.0,0.0,0.0,0.0,0.0,0.0,0.0,0.0,0.0,0.0,0.0,0.0,0.0,0.0,0.0,0.0,0.0,0.0,0.0,0.0,0.0,0.0,0.0,0.0,0.0,0.0,0.0,0.0,0.0,0.0,0.0,0.0,0.0,0.0,0.0,0.0,0.0,0.0,0.0,0.0,0.0,0.0,0.0,0.0,0.0,0.0,0.0,0.0,0.0,0.0,0.0,0.0,0.0,0.0,0.0,0.0,0.0,0.0,0.0,0.0,0.0,0.0,0.0,0.0,0.0,0.0,0.0,0.0,0.0,0.0,0.0,0.0,0.0,0.0,0.0,0.0,0.0,0.0,0.0,0.0,0.0,0.0,0.0,0.0,0.0,0.0,0.0,0.0,0.0,0.0,0.0,0.0,0.0,0.0,0.0,0.0,0.0,0.0,0.0,0.0,0.0,0.0,0.0,0.0,0.0,0.0,0.0,0.0,0.0,0.0,0.0,0.0,0.0,0.0,0.0,0.0,0.0,0.0,0.0,0.0,0.0,0.0,0.0,0.0,0.0
0.0,0.0,0.0,0.0,0.0,0.0,0.0,0.0,0.0,0.0,0.0,0.0,0.0,0.0,0.0,0.0,0.0,0.0,0.0,0.0,0.0,0.0,0.0,0.0,0.0,0.0,0.0,0.0,0.0,0.0,0.0,0.0,0.0,0.0,0.0,0.0,0.0,0.0,0.0,0.0,0.0,0.0,0.0,0.0,0.0,0.0,0.0,0.0,0.0,0.0,0.0,0.0,0.0,0.0,0.0,0.0,0.0,0.0,0.0,0.0,0.0,0.0,0.0,0.0,0.0,0.0,0.0,0.0,0.0,0.0,0.0,0.0,0.0,0.0,0.0,0.0,0.0,0.0,0.0,0.0,0.0,0.0,0.0,0.0,0.0,0.0,0.0,0.0,0.0,0.0,0.0,0.0,0.0,0.0,0.0,0.0,0.0,0.0,0.0,0.0,0.0,0.0,0.0,0.0,0.0,0.0,0.0,0.0,0.0,0.0,0.0,0.0,0.0,0.0,0.0,0.0,0.0,0.0,0.0,0.0,0.0,0.0,0.0,0.0,0.0,0.0,0.0,0.0,0.0
0.0,0.0,0.0,0.0,0.0,0.0,0.0,0.0,0.0,0.0,0.0,0.0,0.0,0.0,0.0,0.0,0.0,0.0,0.0,0.0,0.0,0.0,0.0,0.0,0.0,0.0,0.0,0.0,0.0,0.0,0.0,0.0,0.0,0.0,0.0,0.0,0.0,0.0,0.0,0.0,0.0,0.0,0.0,0.0,0.0,0.0,0.0,0.0,0.0,0.0,0.0,0.0,0.0,0.0,0.0,0.0,0.0,0.0,0.0,0.0,0.0,0.0,0.0,0.0,0.0,0.0,0.0,0.0,0.0,0.0,0.0,0.0,0.0,0.0,0.0,0.0,0.0,0.0,0.0,0.0,0.0,0.0,0.0,0.0,0.0,0.0,0.0,0.0,0.0,0.0,0.0,0.0,0.0,0.0,0.0,0.0,0.0,0.0,0.0,0.0,0.0,0.0,0.0,0.0,0.0,0.0,0.0,0.0,0.0,0.0,0.0,0.0,0.0,0.0,0.0,0.0,0.0,0.0,0.0,0.0,0.0,0.0,0.0,0.0,0.0,0.0,0.0,0.0,0.0
0.0,0.0,0.0,0.0,0.0,0.0,0.0,0.0,0.0,0.0,0.0,0.0,0.0,0.0,0.0,0.0,0.0,0.0,0.0,0.0,0.0,0.0,0.0,0.0,0.0,0.0,0.0,0.0,0.0,0.0,0.0,0.0,0.0,0.0,0.0,0.0,0.0,0.0,0.0,0.0,0.0,0.0,0.0,0.0,0.0,0.0,0.0,0.0,0.0,0.0,0.0,0.0,0.0,0.0,0.0,0.0,0.0,0.0,0.0,0.0,0.0,0.0,0.0,0.0,0.0,0.0,0.0,0.0,0.0,0.0,0.0,0.0,0.0,0.0,0.0,0.0,0.0,0.0,0.0,0.0,0.0,0.0,0.0,0.0,0.0,0.0,0.0,0.0,0.0,0.0,0.0,0.0,0.0,0.0,0.0,0.0,0.0,0.0,0.0,0.0,0.0,0.0,0.0,0.0,0.0,0.0,0.0,0.0,0.0,0.0,0.0,0.0,0.0,0.0,0.0,0.0,0.0,0.0,0.0,0.0,0.0,0.0,0.0,0.0,0.0,0.0,0.0,0.0,0.0
0.0,0.0,0.0,0.0,0.0,0.0,0.0,0.0,0.0,0.0,0.0,0.0,0.0,0.0,0.0,0.0,0.0,0.0,0.0,0.0,0.0,0.0,0.0,0.0,0.0,0.0,0.0,0.0,0.0,0.0,0.0,0.0,0.0,0.0,0.0,0.0,0.0,0.0,0.0,0.0,0.0,0.0,0.0,0.0,0.0,0.0,0.0,0.0,0.0,0.0,0.0,0.0,0.0,0.0,0.0,0.0,0.0,0.0,0.0,0.0,0.0,0.0,0.0,0.0,0.0,0.0,0.0,0.0,0.0,0.0,0.0,0.0,0.0,0.0,0.0,0.0,0.0,0.0,0.0,0.0,0.0,0.0,0.0,0.0,0.0,0.0,0.0,0.0,0.0,0.0,0.0,0.0,0.0,0.0,0.0,0.0,0.0,0.0,0.0,0.0,0.0,0.0,0.0,0.0,0.0,0.0,0.0,0.0,0.0,0.0,0.0,0.0,0.0,0.0,0.0,0.0,0.0,0.0,0.0,0.0,0.0,0.0,0.0,0.0,0.0,0.0,0.0,0.0,0.0
0.0,0.0,0.0,0.0,0.0,0.0,0.0,0.0,0.0,0.0,0.0,0.0,0.0,0.0,0.0,0.0,0.0,0.0,0.0,0.0,0.0,0.0,0.0,0.0,0.0,0.0,0.0,0.0,0.0,0.0,0.0,0.0,0.0,0.0,0.0,0.0,0.0,0.0,0.0,0.0,0.0,0.0,0.0,0.0,0.0,0.0,0.0,0.0,0.0,0.0,0.0,0.0,0.0,0.0,0.0,0.0,0.0,0.0,0.0,0.0,0.0,0.0,0.0,0.0,0.0,0.0,0.0,0.0,0.0,0.0,0.0,0.0,0.0,0.0,0.0,0.0,0.0,0.0,0.0,0.0,0.0,0.0,0.0,0.0,0.0,0.0,0.0,0.0,0.0,0.0,0.0,0.0,0.0,0.0,0.0,0.0,0.0,0.0,0.0,0.0,0.0,0.0,0.0,0.0,0.0,0.0,0.0,0.0,0.0,0.0,0.0,0.0,0.0,0.0,0.0,0.0,0.0,0.0,0.0,0.0,0.0,0.0,0.0,0.0,0.0,0.0,0.0,0.0,0.0
0.0,0.0,0.0,0.0,0.0,0.0,0.0,0.0,0.0,0.0,0.0,0.0,0.0,0.0,0.0,0.0,0.0,0.0,0.0,0.0,0.0,0.0,0.0,0.0,0.0,0.0,0.0,0.0,0.0,0.0,0.0,0.0,0.0,0.0,0.0,0.0,0.0,0.0,0.0,0.0,0.0,0.0,0.0,0.0,0.0,0.0,0.0,0.0,0.0,0.0,0.0,0.0,0.0,0.0,0.0,0.0,0.0,0.0,0.0,0.0,0.0,0.0,0.0,0.0,0.0,0.0,0.0,0.0,0.0,0.0,0.0,0.0,0.0,0.0,0.0,0.0,0.0,0.0,0.0,0.0,0.0,0.0,0.0,0.0,0.0,0.0,0.0,0.0,0.0,0.0,0.0,0.0,0.0,0.0,0.0,0.0,0.0,0.0,0.0,0.0,0.0,0.0,0.0,0.0,0.0,0.0,0.0,0.0,0.0,0.0,0.0,0.0,0.0,0.0,0.0,0.0,0.0,0.0,0.0,0.0,0.0,0.0,0.0,0.0,0.0,0.0,0.0,0.0,0.0
0.0,0.0,0.0,0.0,0.0,0.0,0.0,0.0,0.0,0.0,0.0,0.0,0.0,0.0,0.0,0.0,0.0,0.0,0.0,0.0,0.0,0.0,0.0,0.0,0.0,0.0,0.0,0.0,0.0,0.0,0.0,0.0,0.0,0.0,0.0,0.0,0.0,0.0,0.0,0.0,0.0,0.0,0.0,0.0,0.0,0.0,0.0,0.0,0.0,0.0,0.0,0.0,0.0,0.0,0.0,0.0,0.0,0.0,0.0,0.0,0.0,0.0,0.0,0.0,0.0,0.0,0.0,0.0,0.0,0.0,0.0,0.0,0.0,0.0,0.0,0.0,0.0,0.0,0.0,0.0,0.0,0.0,0.0,0.0,0.0,0.0,0.0,0.0,0.0,0.0,0.0,0.0,0.0,0.0,0.0,0.0,0.0,0.0,0.0,0.0,0.0,0.0,0.0,0.0,0.0,0.0,0.0,0.0,0.0,0.0,0.0,0.0,0.0,0.0,0.0,0.0,0.0,0.0,0.0,0.0,0.0,0.0,0.0,0.0,0.0,0.0,0.0,0.0,0.0
0.0,0.0,0.0,0.0,0.0,0.0,0.0,0.0,0.0,0.0,0.0,0.0,0.0,0.0,0.0,0.0,0.0,0.0,0.0,0.0,0.0,0.0,0.0,0.0,0.0,0.0,0.0,0.0,0.0,0.0,0.0,0.0,0.0,0.0,0.0,0.0,0.0,0.0,0.0,0.0,0.0,0.0,0.0,0.0,0.0,0.0,0.0,0.0,0.0,0.0,0.0,0.0,0.0,0.0,0.0,0.0,0.0,0.0,0.0,0.0,0.0,0.0,0.0,0.0,0.0,0.0,0.0,0.0,0.0,0.0,0.0,0.0,0.0,0.0,0.0,0.0,0.0,0.0,0.0,0.0,0.0,0.0,0.0,0.0,0.0,0.0,0.0,0.0,0.0,0.0,0.0,0.0,0.0,0.0,0.0,0.0,0.0,0.0,0.0,0.0,0.0,0.0,0.0,0.0,0.0,0.0,0.0,0.0,0.0,0.0,0.0,0.0,0.0,0.0,0.0,0.0,0.0,0.0,0.0,0.0,0.0,0.0,0.0,0.0,0.0,0.0,0.0,0.0,0.0
0.0,0.0,0.0,0.0,0.0,0.0,0.0,0.0,0.0,0.0,0.0,0.0,0.0,0.0,0.0,0.0,0.0,0.0,0.0,0.0,0.0,0.0,0.0,0.0,0.0,0.0,0.0,0.0,0.0,0.0,0.0,0.0,0.0,0.0,0.0,0.0,0.0,0.0,0.0,0.0,0.0,0.0,0.0,0.0,0.0,0.0,0.0,0.0,0.0,0.0,0.0,0.0,0.0,0.0,0.0,0.0,0.0,0.0,0.0,0.0,0.0,0.0,0.0,0.0,0.0,0.0,0.0,0.0,0.0,0.0,0.0,0.0,0.0,0.0,0.0,0.0,0.0,0.0,0.0,0.0,0.0,0.0,0.0,0.0,0.0,0.0,0.0,0.0,0.0,0.0,0.0,0.0,0.0,0.0,0.0,0.0,0.0,0.0,0.0,0.0,0.0,0.0,0.0,0.0,0.0,0.0,0.0,0.0,0.0,0.0,0.0,0.0,0.0,0.0,0.0,0.0,0.0,0.0,0.0,0.0,0.0,0.0,0.0,0.0,0.0,0.0,0.0,0.0,0.0
0.0,0.0,0.0,0.0,0.0,0.0,0.0,0.0,0.0,0.0,0.0,0.0,0.0,0.0,0.0,0.0,0.0,0.0,0.0,0.0,0.0,0.0,0.0,0.0,0.0,0.0,0.0,0.0,0.0,0.0,0.0,0.0,0.0,0.0,0.0,0.0,0.0,0.0,0.0,0.0,0.0,0.0,0.0,0.0,0.0,0.0,0.0,0.0,0.0,0.0,0.0,0.0,0.0,0.0,0.0,0.0,0.0,0.0,0.0,0.0,0.0,0.0,0.0,0.0,0.0,0.0,0.0,0.0,0.0,0.0,0.0,0.0,0.0,0.0,0.0,0.0,0.0,0.0,0.0,0.0,0.0,0.0,0.0,0.0,0.0,0.0,0.0,0.0,0.0,0.0,0.0,0.0,0.0,0.0,0.0,0.0,0.0,0.0,0.0,0.0,0.0,0.0,0.0,0.0,0.0,0.0,0.0,0.0,0.0,0.0,0.0,0.0,0.0,0.0,0.0,0.0,0.0,0.0,0.0,0.0,0.0,0.0,0.0,0.0,0.0,0.0,0.0,0.0,0.0
0.0,0.0,0.0,0.0,0.0,0.0,0.0,0.0,0.0,0.0,0.0,0.0,0.0,0.0,0.0,0.0,0.0,0.0,0.0,0.0,0.0,0.0,0.0,0.0,0.0,0.0,0.0,0.0,0.0,0.0,0.0,0.0,0.0,0.0,0.0,0.0,0.0,0.0,0.0,0.0,0.0,0.0,0.0,0.0,0.0,0.0,0.0,0.0,0.0,0.0,0.0,0.0,0.0,0.0,0.0,0.0,0.0,0.0,0.0,0.0,0.0,0.0,0.0,0.0,0.0,0.0,0.0,0.0,0.0,0.0,0.0,0.0,0.0,0.0,0.0,0.0,0.0,0.0,0.0,0.0,0.0,0.0,0.0,0.0,0.0,0.0,0.0,0.0,0.0,0.0,0.0,0.0,0.0,0.0,0.0,0.0,0.0,0.0,0.0,0.0,0.0,0.0,0.0,0.0,0.0,0.0,0.0,0.0,0.0,0.0,0.0,0.0,0.0,0.0,0.0,0.0,0.0,0.0,0.0,0.0,0.0,0.0,0.0,0.0,0.0,0.0,0.0,0.0,0.0
0.0,0.0,0.0,0.0,0.0,0.0,0.0,0.0,0.0,0.0,0.0,0.0,0.0,0.0,0.0,0.0,0.0,0.0,0.0,0.0,0.0,0.0,0.0,0.0,0.0,0.0,0.0,0.0,0.0,0.0,0.0,0.0,0.0,0.0,0.0,0.0,0.0,0.0,0.0,0.0,0.0,0.0,0.0,0.0,0.0,0.0,0.0,0.0,0.0,0.0,0.0,0.0,0.0,0.0,0.0,0.0,0.0,0.0,0.0,0.0,0.0,0.0,0.0,0.0,0.0,0.0,0.0,0.0,0.0,0.0,0.0,0.0,0.0,0.0,0.0,0.0,0.0,0.0,0.0,0.0,0.0,0.0,0.0,0.0,0.0,0.0,0.0,0.0,0.0,0.0,0.0,0.0,0.0,0.0,0.0,0.0,0.0,0.0,0.0,0.0,0.0,0.0,0.0,0.0,0.0,0.0,0.0,0.0,0.0,0.0,0.0,0.0,0.0,0.0,0.0,0.0,0.0,0.0,0.0,0.0,0.0,0.0,0.0,0.0,0.0,0.0,0.0,0.0,0.0
0.0,0.0,0.0,0.0,0.0,0.0,0.0,0.0,0.0,0.0,0.0,0.0,0.0,0.0,0.0,0.0,0.0,0.0,0.0,0.0,0.0,0.0,0.0,0.0,0.0,0.0,0.0,0.0,0.0,0.0,0.0,0.0,0.0,0.0,0.0,0.0,0.0,0.0,0.0,0.0,0.0,0.0,0.0,0.0,0.0,0.0,0.0,0.0,0.0,0.0,0.0,0.0,0.0,0.0,0.0,0.0,0.0,0.0,0.0,0.0,0.0,0.0,0.0,0.0,0.0,0.0,0.0,0.0,0.0,0.0,0.0,0.0,0.0,0.0,0.0,0.0,0.0,0.0,0.0,0.0,0.0,0.0,0.0,0.0,0.0,0.0,0.0,0.0,0.0,0.0,0.0,0.0,0.0,0.0,0.0,0.0,0.0,0.0,0.0,0.0,0.0,0.0,0.0,0.0,0.0,0.0,0.0,0.0,0.0,0.0,0.0,0.0,0.0,0.0,0.0,0.0,0.0,0.0,0.0,0.0,0.0,0.0,0.0,0.0,0.0,0.0,0.0,0.0,0.0
0.0,0.0,0.0,0.0,0.0,0.0,0.0,0.0,0.0,0.0,0.0,0.0,0.0,0.0,0.0,0.0,0.0,0.0,0.0,0.0,0.0,0.0,0.0,0.0,0.0,0.0,0.0,0.0,0.0,0.0,0.0,0.0,0.0,0.0,0.0,0.0,0.0,0.0,0.0,0.0,0.0,0.0,0.0,0.0,0.0,0.0,0.0,0.0,0.0,0.0,0.0,0.0,0.0,0.0,0.0,0.0,0.0,0.0,0.0,0.0,0.0,0.0,0.0,0.0,0.0,0.0,0.0,0.0,0.0,0.0,0.0,0.0,0.0,0.0,0.0,0.0,0.0,0.0,0.0,0.0,0.0,0.0,0.0,0.0,0.0,0.0,0.0,0.0,0.0,0.0,0.0,0.0,0.0,0.0,0.0,0.0,0.0,0.0,0.0,0.0,0.0,0.0,0.0,0.0,0.0,0.0,0.0,0.0,0.0,0.0,0.0,0.0,0.0,0.0,0.0,0.0,0.0,0.0,0.0,0.0,0.0,0.0,0.0,0.0,0.0,0.0,0.0,0.0,0.0
0.0,0.0,0.0,0.0,0.0,0.0,0.0,0.0,0.0,0.0,0.0,0.0,0.0,0.0,0.0,0.0,0.0,0.0,0.0,0.0,0.0,0.0,0.0,0.0,0.0,0.0,0.0,0.0,0.0,0.0,0.0,0.0,0.0,0.0,0.0,0.0,0.0,0.0,0.0,0.0,0.0,0.0,0.0,0.0,0.0,0.0,0.0,0.0,0.0,0.0,0.0,0.0,0.0,0.0,0.0,0.0,0.0,0.0,0.0,0.0,0.0,0.0,0.0,0.0,0.0,0.0,0.0,0.0,0.0,0.0,0.0,0.0,0.0,0.0,0.0,0.0,0.0,0.0,0.0,0.0,0.0,0.0,0.0,0.0,0.0,0.0,0.0,0.0,0.0,0.0,0.0,0.0,0.0,0.0,0.0,0.0,0.0,0.0,0.0,0.0,0.0,0.0,0.0,0.0,0.0,0.0,0.0,0.0,0.0,0.0,0.0,0.0,0.0,0.0,0.0,0.0,0.0,0.0,0.0,0.0,0.0,0.0,0.0,0.0,0.0,0.0,0.0,0.0,0.0
0.0,0.0,0.0,0.0,0.0,0.0,0.0,0.0,0.0,0.0,0.0,0.0,0.0,0.0,0.0,0.0,0.0,0.0,0.0,0.0,0.0,0.0,0.0,0.0,0.0,0.0,0.0,0.0,0.0,0.0,0.0,0.0,0.0,0.0,0.0,0.0,0.0,0.0,0.0,0.0,0.0,0.0,0.0,0.0,0.0,0.0,0.0,0.0,0.0,0.0,0.0,0.0,0.0,0.0,0.0,0.0,0.0,0.0,0.0,0.0,0.0,0.0,0.0,0.0,0.0,0.0,0.0,0.0,0.0,0.0,0.0,0.0,0.0,0.0,0.0,0.0,0.0,0.0,0.0,0.0,0.0,0.0,0.0,0.0,0.0,0.0,0.0,0.0,0.0,0.0,0.0,0.0,0.0,0.0,0.0,0.0,0.0,0.0,0.0,0.0,0.0,0.0,0.0,0.0,0.0,0.0,0.0,0.0,0.0,0.0,0.0,0.0,0.0,0.0,0.0,0.0,0.0,0.0,0.0,0.0,0.0,0.0,0.0,0.0,0.0,0.0,0.0,0.0,0.0
0.0,0.0,0.0,0.0,0.0,0.0,0.0,0.0,0.0,0.0,0.0,0.0,0.0,0.0,0.0,0.0,0.0,0.0,0.0,0.0,0.0,0.0,0.0,0.0,0.0,0.0,0.0,0.0,0.0,0.0,0.0,0.0,0.0,0.0,0.0,0.0,0.0,0.0,0.0,0.0,0.0,0.0,0.0,0.0,0.0,0.0,0.0,0.0,0.0,0.0,0.0,0.0,0.0,0.0,0.0,0.0,0.0,0.0,0.0,0.0,0.0,0.0,0.0,0.0,0.0,0.0,0.0,0.0,0.0,0.0,0.0,0.0,0.0,0.0,0.0,0.0,0.0,0.0,0.0,0.0,0.0,0.0,0.0,0.0,0.0,0.0,0.0,0.0,0.0,0.0,0.0,0.0,0.0,0.0,0.0,0.0,0.0,0.0,0.0,0.0,0.0,0.0,0.0,0.0,0.0,0.0,0.0,0.0,0.0,0.0,0.0,0.0,0.0,0.0,0.0,0.0,0.0,0.0,0.0,0.0,0.0,0.0,0.0,0.0,0.0,0.0,0.0,0.0,0.0
0.0,0.0,0.0,0.0,0.0,0.0,0.0,0.0,0.0,0.0,0.0,0.0,0.0,0.0,0.0,0.0,0.0,0.0,0.0,0.0,0.0,0.0,0.0,0.0,0.0,0.0,0.0,0.0,0.0,0.0,0.0,0.0,0.0,0.0,0.0,0.0,0.0,0.0,0.0,0.0,0.0,0.0,0.0,0.0,0.0,0.0,0.0,0.0,0.0,0.0,0.0,0.0,0.0,0.0,0.0,0.0,0.0,0.0,0.0,0.0,0.0,0.0,0.0,0.0,0.0,0.0,0.0,0.0,0.0,0.0,0.0,0.0,0.0,0.0,0.0,0.0,0.0,0.0,0.0,0.0,0.0,0.0,0.0,0.0,0.0,0.0,0.0,0.0,0.0,0.0,0.0,0.0,0.0,0.0,0.0,0.0,0.0,0.0,0.0,0.0,0.0,0.0,0.0,0.0,0.0,0.0,0.0,0.0,0.0,0.0,0.0,0.0,0.0,0.0,0.0,0.0,0.0,0.0,0.0,0.0,0.0,0.0,0.0,0.0,0.0,0.0,0.0,0.0,0.0
0.0,0.0,0.0,0.0,0.0,0.0,0.0,0.0,0.0,0.0,0.0,0.0,0.0,0.0,0.0,0.0,0.0,0.0,0.0,0.0,0.0,0.0,0.0,0.0,0.0,0.0,0.0,0.0,0.0,0.0,0.0,0.0,0.0,0.0,0.0,0.0,0.0,0.0,0.0,0.0,0.0,0.0,0.0,0.0,0.0,0.0,0.0,0.0,0.0,0.0,0.0,0.0,0.0,0.0,0.0,0.0,0.0,0.0,0.0,0.0,0.0,0.0,0.0,0.0,0.0,0.0,0.0,0.0,0.0,0.0,0.0,0.0,0.0,0.0,0.0,0.0,0.0,0.0,0.0,0.0,0.0,0.0,0.0,0.0,0.0,0.0,0.0,0.0,0.0,0.0,0.0,0.0,0.0,0.0,0.0,0.0,0.0,0.0,0.0,0.0,0.0,0.0,0.0,0.0,0.0,0.0,0.0,0.0,0.0,0.0,0.0,0.0,0.0,0.0,0.0,0.0,0.0,0.0,0.0,0.0,0.0,0.0,0.0,0.0,0.0,0.0,0.0,0.0,0.0
0.0,0.0,0.0,0.0,0.0,0.0,0.0,0.0,0.0,0.0,0.0,0.0,0.0,0.0,0.0,0.0,0.0,0.0,0.0,0.0,0.0,0.0,0.0,0.0,0.0,0.0,0.0,0.0,0.0,0.0,0.0,0.0,0.0,0.0,0.0,0.0,0.0,0.0,0.0,0.0,0.0,0.0,0.0,0.0,0.0,0.0,0.0,0.0,0.0,0.0,0.0,0.0,0.0,0.0,0.0,0.0,0.0,0.0,0.0,0.0,0.0,0.0,0.0,0.0,0.0,0.0,0.0,0.0,0.0,0.0,0.0,0.0,0.0,0.0,0.0,0.0,0.0,0.0,0.0,0.0,0.0,0.0,0.0,0.0,0.0,0.0,0.0,0.0,0.0,0.0,0.0,0.0,0.0,0.0,0.0,0.0,0.0,0.0,0.0,0.0,0.0,0.0,0.0,0.0,0.0,0.0,0.0,0.0,0.0,0.0,0.0,0.0,0.0,0.0,0.0,0.0,0.0,0.0,0.0,0.0,0.0,0.0,0.0,0.0,0.0,0.0,0.0,0.0,0.0
0.0,0.0,0.0,0.0,0.0,0.0,0.0,0.0,0.0,0.0,0.0,0.0,0.0,0.0,0.0,0.0,0.0,0.0,0.0,0.0,0.0,0.0,0.0,0.0,0.0,0.0,0.0,0.0,0.0,0.0,0.0,0.0,0.0,0.0,0.0,0.0,0.0,0.0,0.0,0.0,0.0,0.0,0.0,0.0,0.0,0.0,0.0,0.0,0.0,0.0,0.0,0.0,0.0,0.0,0.0,0.0,0.0,0.0,0.0,0.0,0.0,0.0,0.0,0.0,0.0,0.0,0.0,0.0,0.0,0.0,0.0,0.0,0.0,0.0,0.0,0.0,0.0,0.0,0.0,0.0,0.0,0.0,0.0,0.0,0.0,0.0,0.0,0.0,0.0,0.0,0.0,0.0,0.0,0.0,0.0,0.0,0.0,0.0,0.0,0.0,0.0,0.0,0.0,0.0,0.0,0.0,0.0,0.0,0.0,0.0,0.0,0.0,0.0,0.0,0.0,0.0,0.0,0.0,0.0,0.0,0.0,0.0,0.0,0.0,0.0,0.0,0.0,0.0,0.0
0.0,0.0,0.0,0.0,0.0,0.0,0.0,0.0,0.0,0.0,0.0,0.0,0.0,0.0,0.0,0.0,0.0,0.0,0.0,0.0,0.0,0.0,0.0,0.0,0.0,0.0,0.0,0.0,0.0,0.0,0.0,0.0,0.0,0.0,0.0,0.0,0.0,0.0,0.0,0.0,0.0,0.0,0.0,0.0,0.0,0.0,0.0,0.0,0.0,0.0,0.0,0.0,0.0,0.0,0.0,0.0,0.0,0.0,0.0,0.0,0.0,0.0,0.0,0.0,0.0,0.0,0.0,0.0,0.0,0.0,0.0,0.0,0.0,0.0,0.0,0.0,0.0,0.0,0.0,0.0,0.0,0.0,0.0,0.0,0.0,0.0,0.0,0.0,0.0,0.0,0.0,0.0,0.0,0.0,0.0,0.0,0.0,0.0,0.0,0.0,0.0,0.0,0.0,0.0,0.0,0.0,0.0,0.0,0.0,0.0,0.0,0.0,0.0,0.0,0.0,0.0,0.0,0.0,0.0,0.0,0.0,0.0,0.0,0.0,0.0,0.0,0.0,0.0,0.0
0.0,0.0,0.0,0.0,0.0,0.0,0.0,0.0,0.0,0.0,0.0,0.0,0.0,0.0,0.0,0.0,0.0,0.0,0.0,0.0,0.0,0.0,0.0,0.0,0.0,0.0,0.0,0.0,0.0,0.0,0.0,0.0,0.0,0.0,0.0,0.0,0.0,0.0,0.0,0.0,0.0,0.0,0.0,0.0,0.0,0.0,0.0,0.0,0.0,0.0,0.0,0.0,0.0,0.0,0.0,0.0,0.0,0.0,0.0,0.0,0.0,0.0,0.0,0.0,0.0,0.0,0.0,0.0,0.0,0.0,0.0,0.0,0.0,0.0,0.0,0.0,0.0,0.0,0.0,0.0,0.0,0.0,0.0,0.0,0.0,0.0,0.0,0.0,0.0,0.0,0.0,0.0,0.0,0.0,0.0,0.0,0.0,0.0,0.0,0.0,0.0,0.0,0.0,0.0,0.0,0.0,0.0,0.0,0.0,0.0,0.0,0.0,0.0,0.0,0.0,0.0,0.0,0.0,0.0,0.0,0.0,0.0,0.0,0.0,0.0,0.0,0.0,0.0,0.0
0.0,0.0,0.0,0.0,0.0,0.0,0.0,0.0,0.0,0.0,0.0,0.0,0.0,0.0,0.0,0.0,0.0,0.0,0.0,0.0,0.0,0.0,0.0,0.0,0.0,0.0,0.0,0.0,0.0,0.0,0.0,0.0,0.0,0.0,0.0,0.0,0.0,0.0,0.0,0.0,0.0,0.0,0.0,0.0,0.0,0.0,0.0,0.0,0.0,0.0,0.0,0.0,0.0,0.0,0.0,0.0,0.0,0.0,0.0,0.0,0.0,0.0,0.0,0.0,0.0,0.0,0.0,0.0,0.0,0.0,0.0,0.0,0.0,0.0,0.0,0.0,0.0,0.0,0.0,0.0,0.0,0.0,0.0,0.0,0.0,0.0,0.0,0.0,0.0,0.0,0.0,0.0,0.0,0.0,0.0,0.0,0.0,0.0,0.0,0.0,0.0,0.0,0.0,0.0,0.0,0.0,0.0,0.0,0.0,0.0,0.0,0.0,0.0,0.0,0.0,0.0,0.0,0.0,0.0,0.0,0.0,0.0,0.0,0.0,0.0,0.0,0.0,0.0,0.0
0.0,0.0,0.0,0.0,0.0,0.0,0.0,0.0,0.0,0.0,0.0,0.0,0.0,0.0,0.0,0.0,0.0,0.0,0.0,0.0,0.0,0.0,0.0,0.0,0.0,0.0,0.0,0.0,0.0,0.0,0.0,0.0,0.0,0.0,0.0,0.0,0.0,0.0,0.0,0.0,0.0,0.0,0.0,0.0,0.0,0.0,0.0,0.0,0.0,0.0,0.0,0.0,0.0,0.0,0.0,0.0,0.0,0.0,0.0,0.0,0.0,0.0,0.0,0.0,0.0,0.0,0.0,0.0,0.0,0.0,0.0,0.0,0.0,0.0,0.0,0.0,0.0,0.0,0.0,0.0,0.0,0.0,0.0,0.0,0.0,0.0,0.0,0.0,0.0,0.0,0.0,0.0,0.0,0.0,0.0,0.0,0.0,0.0,0.0,0.0,0.0,0.0,0.0,0.0,0.0,0.0,0.0,0.0,0.0,0.0,0.0,0.0,0.0,0.0,0.0,0.0,0.0,0.0,0.0,0.0,0.0,0.0,0.0,0.0,0.0,0.0,0.0,0.0,0.0
0.0,0.0,0.0,0.0,0.0,0.0,0.0,0.0,0.0,0.0,0.0,0.0,0.0,0.0,0.0,0.0,0.0,0.0,0.0,0.0,0.0,0.0,0.0,0.0,0.0,0.0,0.0,0.0,0.0,0.0,0.0,0.0,0.0,0.0,0.0,0.0,0.0,0.0,0.0,0.0,0.0,0.0,0.0,0.0,0.0,0.0,0.0,0.0,0.0,0.0,0.0,0.0,0.0,0.0,0.0,0.0,0.0,0.0,0.0,0.0,0.0,0.0,0.0,0.0,0.0,0.0,0.0,0.0,0.0,0.0,0.0,0.0,0.0,0.0,0.0,0.0,0.0,0.0,0.0,0.0,0.0,0.0,0.0,0.0,0.0,0.0,0.0,0.0,0.0,0.0,0.0,0.0,0.0,0.0,0.0,0.0,0.0,0.0,0.0,0.0,0.0,0.0,0.0,0.0,0.0,0.0,0.0,0.0,0.0,0.0,0.0,0.0,0.0,0.0,0.0,0.0,0.0,0.0,0.0,0.0,0.0,0.0,0.0,0.0,0.0,0.0,0.0,0.0,0.0
0.0,0.0,0.0,0.0,0.0,0.0,0.0,0.0,0.0,0.0,0.0,0.0,0.0,0.0,0.0,0.0,0.0,0.0,0.0,0.0,0.0,0.0,0.0,0.0,0.0,0.0,0.0,0.0,0.0,0.0,0.0,0.0,0.0,0.0,0.0,0.0,0.0,0.0,0.0,0.0,0.0,0.0,0.0,0.0,0.0,0.0,0.0,0.0,0.0,0.0,0.0,0.0,0.0,0.0,0.0,0.0,0.0,0.0,0.0,0.0,0.0,0.0,0.0,0.0,0.0,0.0,0.0,0.0,0.0,0.0,0.0,0.0,0.0,0.0,0.0,0.0,0.0,0.0,0.0,0.0,0.0,0.0,0.0,0.0,0.0,0.0,0.0,0.0,0.0,0.0,0.0,0.0,0.0,0.0,0.0,0.0,0.0,0.0,0.0,0.0,0.0,0.0,0.0,0.0,0.0,0.0,0.0,0.0,0.0,0.0,0.0,0.0,0.0,0.0,0.0,0.0,0.0,0.0,0.0,0.0,0.0,0.0,0.0,0.0,0.0,0.0,0.0,0.0,0.0
0.0,0.0,0.0,0.0,0.0,0.0,0.0,0.0,0.0,0.0,0.0,0.0,0.0,0.0,0.0,0.0,0.0,0.0,0.0,0.0,0.0,0.0,0.0,0.0,0.0,0.0,0.0,0.0,0.0,0.0,0.0,0.0,0.0,0.0,0.0,0.0,0.0,0.0,0.0,0.0,0.0,0.0,0.0,0.0,0.0,0.0,0.0,0.0,0.0,0.0,0.0,0.0,0.0,0.0,0.0,0.0,0.0,0.0,0.0,0.0,0.0,0.0,0.0,0.0,0.0,0.0,0.0,0.0,0.0,0.0,0.0,0.0,0.0,0.0,0.0,0.0,0.0,0.0,0.0,0.0,0.0,0.0,0.0,0.0,0.0,0.0,0.0,0.0,0.0,0.0,0.0,0.0,0.0,0.0,0.0,0.0,0.0,0.0,0.0,0.0,0.0,0.0,0.0,0.0,0.0,0.0,0.0,0.0,0.0,0.0,0.0,0.0,0.0,0.0,0.0,0.0,0.0,0.0,0.0,0.0,0.0,0.0,0.0,0.0,0.0,0.0,0.0,0.0,0.0
0.0,0.0,0.0,0.0,0.0,0.0,0.0,0.0,0.0,0.0,0.0,0.0,0.0,0.0,0.0,0.0,0.0,0.0,0.0,0.0,0.0,0.0,0.0,0.0,0.0,0.0,0.0,0.0,0.0,0.0,0.0,0.0,0.0,0.0,0.0,0.0,0.0,0.0,0.0,0.0,0.0,0.0,0.0,0.0,0.0,0.0,0.0,0.0,0.0,0.0,0.0,0.0,0.0,0.0,0.0,0.0,0.0,0.0,0.0,0.0,0.0,0.0,0.0,0.0,0.0,0.0,0.0,0.0,0.0,0.0,0.0,0.0,0.0,0.0,0.0,0.0,0.0,0.0,0.0,0.0,0.0,0.0,0.0,0.0,0.0,0.0,0.0,0.0,0.0,0.0,0.0,0.0,0.0,0.0,0.0,0.0,0.0,0.0,0.0,0.0,0.0,0.0,0.0,0.0,0.0,0.0,0.0,0.0,0.0,0.0,0.0,0.0,0.0,0.0,0.0,0.0,0.0,0.0,0.0,0.0,0.0,0.0,0.0,0.0,0.0,0.0,0.0,0.0,0.0
0.0,0.0,0.0,0.0,0.0,0.0,0.0,0.0,0.0,0.0,0.0,0.0,0.0,0.0,0.0,0.0,0.0,0.0,0.0,0.0,0.0,0.0,0.0,0.0,0.0,0.0,0.0,0.0,0.0,0.0,0.0,0.0,0.0,0.0,0.0,0.0,0.0,0.0,0.0,0.0,0.0,0.0,0.0,0.0,0.0,0.0,0.0,0.0,0.0,0.0,0.0,0.0,0.0,0.0,0.0,0.0,0.0,0.0,0.0,0.0,0.0,0.0,0.0,0.0,0.0,0.0,0.0,0.0,0.0,0.0,0.0,0.0,0.0,0.0,0.0,0.0,0.0,0.0,0.0,0.0,0.0,0.0,0.0,0.0,0.0,0.0,0.0,0.0,0.0,0.0,0.0,0.0,0.0,0.0,0.0,0.0,0.0,0.0,0.0,0.0,0.0,0.0,0.0,0.0,0.0,0.0,0.0,0.0,0.0,0.0,0.0,0.0,0.0,0.0,0.0,0.0,0.0,0.0,0.0,0.0,0.0,0.0,0.0,0.0,0.0,0.0,0.0,0.0,0.0
0.0,0.0,0.0,0.0,0.0,0.0,0.0,0.0,0.0,0.0,0.0,0.0,0.0,0.0,0.0,0.0,0.0,0.0,0.0,0.0,0.0,0.0,0.0,0.0,0.0,0.0,0.0,0.0,0.0,0.0,0.0,0.0,0.0,0.0,0.0,0.0,0.0,0.0,0.0,0.0,0.0,0.0,0.0,0.0,0.0,0.0,0.0,0.0,0.0,0.0,0.0,0.0,0.0,0.0,0.0,0.0,0.0,0.0,0.0,0.0,0.0,0.0,0.0,0.0,0.0,0.0,0.0,0.0,0.0,0.0,0.0,0.0,0.0,0.0,0.0,0.0,0.0,0.0,0.0,0.0,0.0,0.0,0.0,0.0,0.0,0.0,0.0,0.0,0.0,0.0,0.0,0.0,0.0,0.0,0.0,0.0,0.0,0.0,0.0,0.0,0.0,0.0,0.0,0.0,0.0,0.0,0.0,0.0,0.0,0.0,0.0,0.0,0.0,0.0,0.0,0.0,0.0,0.0,0.0,0.0,0.0,0.0,0.0,0.0,0.0,0.0,0.0,0.0,0.0
0.0,0.0,0.0,0.0,0.0,0.0,0.0,0.0,0.0,0.0,0.0,0.0,0.0,0.0,0.0,0.0,0.0,0.0,0.0,0.0,0.0,0.0,0.0,0.0,0.0,0.0,0.0,0.0,0.0,0.0,0.0,0.0,0.0,0.0,0.0,0.0,0.0,0.0,0.0,0.0,0.0,0.0,0.0,0.0,0.0,0.0,0.0,0.0,0.0,0.0,0.0,0.0,0.0,0.0,0.0,0.0,0.0,0.0,0.0,0.0,0.0,0.0,0.0,0.0,0.0,0.0,0.0,0.0,0.0,0.0,0.0,0.0,0.0,0.0,0.0,0.0,0.0,0.0,0.0,0.0,0.0,0.0,0.0,0.0,0.0,0.0,0.0,0.0,0.0,0.0,0.0,0.0,0.0,0.0,0.0,0.0,0.0,0.0,0.0,0.0,0.0,0.0,0.0,0.0,0.0,0.0,0.0,0.0,0.0,0.0,0.0,0.0,0.0,0.0,0.0,0.0,0.0,0.0,0.0,0.0,0.0,0.0,0.0,0.0,0.0,0.0,0.0,0.0,0.0
0.0,0.0,0.0,0.0,0.0,0.0,0.0,0.0,0.0,0.0,0.0,0.0,0.0,0.0,0.0,0.0,0.0,0.0,0.0,0.0,0.0,0.0,0.0,0.0,0.0,0.0,0.0,0.0,0.0,0.0,0.0,0.0,0.0,0.0,0.0,0.0,0.0,0.0,0.0,0.0,0.0,0.0,0.0,0.0,0.0,0.0,0.0,0.0,0.0,0.0,0.0,0.0,0.0,0.0,0.0,0.0,0.0,0.0,0.0,0.0,0.0,0.0,0.0,0.0,0.0,0.0,0.0,0.0,0.0,0.0,0.0,0.0,0.0,0.0,0.0,0.0,0.0,0.0,0.0,0.0,0.0,0.0,0.0,0.0,0.0,0.0,0.0,0.0,0.0,0.0,0.0,0.0,0.0,0.0,0.0,0.0,0.0,0.0,0.0,0.0,0.0,0.0,0.0,0.0,0.0,0.0,0.0,0.0,0.0,0.0,0.0,0.0,0.0,0.0,0.0,0.0,0.0,0.0,0.0,0.0,0.0,0.0,0.0,0.0,0.0,0.0,0.0,0.0,0.0
0.0,0.0,0.0,0.0,0.0,0.0,0.0,0.0,0.0,0.0,0.0,0.0,0.0,0.0,0.0,0.0,0.0,0.0,0.0,0.0,0.0,0.0,0.0,0.0,0.0,0.0,0.0,0.0,0.0,0.0,0.0,0.0,0.0,0.0,0.0,0.0,0.0,0.0,0.0,0.0,0.0,0.0,0.0,0.0,0.0,0.0,0.0,0.0,0.0,0.0,0.0,0.0,0.0,0.0,0.0,0.0,0.0,0.0,0.0,0.0,0.0,0.0,0.0,0.0,0.0,0.0,0.0,0.0,0.0,0.0,0.0,0.0,0.0,0.0,0.0,0.0,0.0,0.0,0.0,0.0,0.0,0.0,0.0,0.0,0.0,0.0,0.0,0.0,0.0,0.0,0.0,0.0,0.0,0.0,0.0,0.0,0.0,0.0,0.0,0.0,0.0,0.0,0.0,0.0,0.0,0.0,0.0,0.0,0.0,0.0,0.0,0.0,0.0,0.0,0.0,0.0,0.0,0.0,0.0,0.0,0.0,0.0,0.0,0.0,0.0,0.0,0.0,0.0,0.0
0.0,0.0,0.0,0.0,0.0,0.0,0.0,0.0,0.0,0.0,0.0,0.0,0.0,0.0,0.0,0.0,0.0,0.0,0.0,0.0,0.0,0.0,0.0,0.0,0.0,0.0,0.0,0.0,0.0,0.0,0.0,0.0,0.0,0.0,0.0,0.0,0.0,0.0,0.0,0.0,0.0,0.0,0.0,0.0,0.0,0.0,0.0,0.0,0.0,0.0,0.0,0.0,0.0,0.0,0.0,0.0,0.0,0.0,0.0,0.0,0.0,0.0,0.0,0.0,0.0,0.0,0.0,0.0,0.0,0.0,0.0,0.0,0.0,0.0,0.0,0.0,0.0,0.0,0.0,0.0,0.0,0.0,0.0,0.0,0.0,0.0,0.0,0.0,0.0,0.0,0.0,0.0,0.0,0.0,0.0,0.0,0.0,0.0,0.0,0.0,0.0,0.0,0.0,0.0,0.0,0.0,0.0,0.0,0.0,0.0,0.0,0.0,0.0,0.0,0.0,0.0,0.0,0.0,0.0,0.0,0.0,0.0,0.0,0.0,0.0,0.0,0.0,0.0,0.0
0.0,0.0,0.0,0.0,0.0,0.0,0.0,0.0,0.0,0.0,0.0,0.0,0.0,0.0,0.0,0.0,0.0,0.0,0.0,0.0,0.0,0.0,0.0,0.0,0.0,0.0,0.0,0.0,0.0,0.0,0.0,0.0,0.0,0.0,0.0,0.0,0.0,0.0,0.0,0.0,0.0,0.0,0.0,0.0,0.0,0.0,0.0,0.0,0.0,0.0,0.0,0.0,0.0,0.0,0.0,0.0,0.0,0.0,0.0,0.0,0.0,0.0,0.0,0.0,0.0,0.0,0.0,0.0,0.0,0.0,0.0,0.0,0.0,0.0,0.0,0.0,0.0,0.0,0.0,0.0,0.0,0.0,0.0,0.0,0.0,0.0,0.0,0.0,0.0,0.0,0.0,0.0,0.0,0.0,0.0,0.0,0.0,0.0,0.0,0.0,0.0,0.0,0.0,0.0,0.0,0.0,0.0,0.0,0.0,0.0,0.0,0.0,0.0,0.0,0.0,0.0,0.0,0.0,0.0,0.0,0.0,0.0,0.0,0.0,0.0,0.0,0.0,0.0,0.0
0.0,0.0,0.0,0.0,0.0,0.0,0.0,0.0,0.0,0.0,0.0,0.0,0.0,0.0,0.0,0.0,0.0,0.0,0.0,0.0,0.0,0.0,0.0,0.0,0.0,0.0,0.0,0.0,0.0,0.0,0.0,0.0,0.0,0.0,0.0,0.0,0.0,0.0,0.0,0.0,0.0,0.0,0.0,0.0,0.0,0.0,0.0,0.0,0.0,0.0,0.0,0.0,0.0,0.0,0.0,0.0,0.0,0.0,0.0,0.0,0.0,0.0,0.0,0.0,0.0,0.0,0.0,0.0,0.0,0.0,0.0,0.0,0.0,0.0,0.0,0.0,0.0,0.0,0.0,0.0,0.0,0.0,0.0,0.0,0.0,0.0,0.0,0.0,0.0,0.0,0.0,0.0,0.0,0.0,0.0,0.0,0.0,0.0,0.0,0.0,0.0,0.0,0.0,0.0,0.0,0.0,0.0,0.0,0.0,0.0,0.0,0.0,0.0,0.0,0.0,0.0,0.0,0.0,0.0,0.0,0.0,0.0,0.0,0.0,0.0,0.0,0.0,0.0,0.0
0.0,0.0,0.0,0.0,0.0,0.0,0.0,0.0,0.0,0.0,0.0,0.0,0.0,0.0,0.0,0.0,0.0,0.0,0.0,0.0,0.0,0.0,0.0,0.0,0.0,0.0,0.0,0.0,0.0,0.0,0.0,0.0,0.0,0.0,0.0,0.0,0.0,0.0,0.0,0.0,0.0,0.0,0.0,0.0,0.0,0.0,0.0,0.0,0.0,0.0,0.0,0.0,0.0,0.0,0.0,0.0,0.0,0.0,0.0,0.0,0.0,0.0,0.0,0.0,0.0,523.8,454.7,9684.1,0.0,1102.3,15868.2,3819.6,0.0,0.0,0.0,0.0,0.0,0.0,0.0,0.0,0.0,0.0,0.0,0.0,0.0,0.0,0.0,0.0,0.0,0.0,0.0,0.0,0.0,0.0,0.0,0.0,0.0,0.0,0.0,0.0,0.0,0.0,0.0,0.0,0.0,0.0,0.0,0.0,0.0,0.0,0.0,0.0,0.0,0.0,0.0,0.0,0.0,0.0,0.0,0.0,0.0,0.0,0.0,0.0,0.0,0.0,0.0,0.0,0.0
0.0,0.0,0.0,0.0,0.0,0.0,0.0,0.0,0.0,0.0,0.0,0.0,0.0,0.0,0.0,0.0,0.0,0.0,0.0,0.0,0.0,0.0,0.0,0.0,0.0,0.0,0.0,0.0,0.0,0.0,0.0,0.0,0.0,0.0,0.0,0.0,0.0,0.0,0.0,0.0,0.0,0.0,0.0,0.0,0.0,0.0,0.0,0.0,0.0,0.0,0.0,0.0,0.0,0.0,0.0,0.0,0.0,0.0,0.0,0.0,0.0,0.0,0.0,50.0,1671.5,4197.8,5003.7,20072.1,3281.2,7351.3,9060.1,89057.4,6897.5,1397.4,28835.5,12728.9,4826.6,4199.6,1590.0,0.0,0.0,0.0,0.0,0.0,0.0,0.0,0.0,0.0,0.0,0.0,0.0,0.0,0.0,0.0,0.0,0.0,0.0,0.0,0.0,0.0,0.0,0.0,0.0,0.0,0.0,0.0,0.0,0.0,0.0,0.0,0.0,0.0,0.0,0.0,0.0,0.0,0.0,0.0,0.0,0.0,0.0,0.0,0.0,0.0,0.0,0.0,0.0,0.0,0.0
0.0,0.0,0.0,0.0,0.0,0.0,0.0,0.0,0.0,0.0,0.0,0.0,0.0,0.0,0.0,0.0,0.0,0.0,0.0,0.0,0.0,0.0,0.0,0.0,0.0,0.0,0.0,0.0,0.0,0.0,0.0,0.0,0.0,0.0,0.0,0.0,0.0,0.0,0.0,0.0,0.0,0.0,0.0,0.0,0.0,0.0,0.0,0.0,0.0,0.0,0.0,0.0,0.0,0.0,0.0,0.0,0.0,0.0,0.0,0.0,1730.7,148008.6,621051.1,177266.8,339412.6,25687.0,56954.4,4102.8,2639.3,623.0,1635.8,4256.4,3193.7,127.0,3021.6,274.6,105.3,5277.1,48645.0,9822.7,0.0,0.0,0.0,0.0,0.0,0.0,0.0,0.0,0.0,0.0,0.0,0.0,0.0,0.0,0.0,0.0,0.0,0.0,0.0,0.0,0.0,0.0,0.0,0.0,0.0,0.0,0.0,0.0,0.0,0.0,0.0,0.0,0.0,0.0,0.0,0.0,0.0,0.0,0.0,0.0,0.0,0.0,0.0,0.0,0.0,0.0,0.0,0.0,0.0
0.0,0.0,0.0,0.0,0.0,0.0,0.0,0.0,0.0,0.0,0.0,0.0,0.0,0.0,0.0,0.0,0.0,0.0,0.0,0.0,0.0,0.0,0.0,0.0,0.0,0.0,0.0,0.0,0.0,0.0,0.0,0.0,0.0,0.0,0.0,0.0,0.0,0.0,0.0,0.0,0.0,0.0,0.0,0.0,0.0,0.0,0.0,0.0,0.0,0.0,0.0,0.0,0.0,0.0,0.0,0.0,0.0,1102.2,117878.1,163883.2,840771.4,1418581.1,1793549.0,357251.2,40894.2,36283.7,3848.3,653.2,357.3,310.6,9563.5,277.5,210.3,565.3,2162.8,77468.9,8943.8,7866.1,1502.0,1460.3,17096.1,8490.1,22511.9,7068.2,0.0,0.0,0.0,0.0,0.0,0.0,0.0,0.0,0.0,0.0,0.0,0.0,0.0,0.0,0.0,0.0,0.0,0.0,0.0,0.0,0.0,0.0,0.0,0.0,0.0,0.0,0.0,0.0,0.0,0.0,0.0,0.0,0.0,0.0,0.0,0.0,0.0,0.0,0.0,0.0,0.0,0.0,0.0,0.0,0.0
0.0,0.0,0.0,0.0,0.0,0.0,0.0,0.0,0.0,0.0,0.0,0.0,0.0,0.0,0.0,0.0,0.0,0.0,0.0,0.0,0.0,0.0,0.0,0.0,0.0,0.0,0.0,0.0,0.0,0.0,0.0,0.0,0.0,0.0,0.0,0.0,0.0,0.0,0.0,0.0,0.0,0.0,0.0,0.0,0.0,0.0,0.0,0.0,0.0,0.0,0.0,0.0,0.0,0.0,0.0,7306.7,1028.5,31908.2,52870.6,301077.7,289312.1,499139.1,598538.3,243338.6,153124.5,9545.8,17803.4,28428.6,50506.5,61598.3,111013.2,926.5,2013.4,13749.2,33551.8,175551.9,4010.2,36313.9,51380.4,6298.8,22042.6,9934.7,3555.0,11056.0,16471.2,7816.9,18226.3,8930.7,8873.3,1354.7,1023.9,1047.9,135.5,1476.0,0.0,27.4,1332.0,0.0,0.0,0.0,0.0,0.0,0.0,0.0,0.0,0.0,0.0,0.0,0.0,0.0,0.0,0.0,0.0,0.0,0.0,0.0,0.0,0.0,0.0,0.0,0.0,0.0,0.0,0.0,0.0,0.0,0.0,0.0,0.0
0.0,0.0,0.0,0.0,0.0,0.0,0.0,0.0,0.0,0.0,0.0,0.0,0.0,0.0,0.0,0.0,0.0,0.0,0.0,0.0,0.0,0.0,0.0,0.0,0.0,0.0,0.0,0.0,0.0,0.0,0.0,0.0,0.0,0.0,0.0,0.0,0.0,0.0,0.0,0.0,0.0,0.0,0.0,0.0,0.0,0.0,0.0,0.0,0.0,0.0,1.4,0.3,40682.9,177467.0,148815.8,102937.7,6842.9,2807.7,441.6,4308.6,29779.8,289642.4,537797.0,467920.0,1063918.1,163946.4,71069.6,154753.4,3497.4,8722.6,10715.4,3851.6,13871.6,5358.3,3476.1,3039.3,3230.1,404.1,537.2,38597.8,290975.7,161661.3,244204.1,74589.8,5500.1,1790.9,17890.1,5853.3,45490.4,6199.3,1020.9,423.0,7752.0,364.5,419.1,5076.0,41746.5,50268.0,593.8,0.0,0.0,0.0,0.0,0.0,0.0,0.0,0.0,0.0,0.0,0.0,0.0,0.0,0.0,0.0,0.0,0.0,0.0,0.0,0.0,0.0,0.0,0.0,0.0,0.0,0.0,0.0,0.0,0.0,0.0
0.0,0.0,0.0,0.0,0.0,0.0,0.0,0.0,0.0,0.0,0.0,0.0,0.0,0.0,0.0,0.0,0.0,0.0,0.0,0.0,0.0,0.0,0.0,0.0,0.0,0.0,0.0,0.0,0.0,0.0,0.0,0.0,0.0,0.0,0.0,0.0,0.0,0.0,0.0,0.0,0.0,0.0,0.0,0.0,0.0,0.0,0.0,0.0,21.6,0.0,4.3,17833.6,49135.1,3482.0,1097.8,4793.4,7760.1,14400.1,22666.8,59099.1,157338.3,474395.0,26851.1,40805.0,613521.1,162965.5,24423.1,8508.3,2248.3,946.6,6027.7,770.1,64.9,2051.6,27113.4,3181.6,35.8,182.3,24.8,4901.4,4014.1,28058.4,138913.5,394054.8,654253.8,53672.4,85693.4,10509.9,21425.4,5728.9,45.3,7055.7,21250.3,9247.3,41998.3,115769.0,27607.4,15583.2,16.0,0.0,0.0,0.0,0.0,0.0,0.0,0.0,0.0,0.0,0.0,0.0,0.0,0.0,0.0,0.0,0.0,0.0,0.0,0.0,0.0,0.0,0.0,0.0,0.0,0.0,0.0,0.0,0.0,0.0,0.0
0.0,0.0,0.0,0.0,0.0,0.0,0.0,0.0,0.0,0.0,0.0,0.0,0.0,0.0,0.0,0.0,0.0,0.0,0.0,0.0,0.0,0.0,0.0,0.0,0.0,0.0,0.0,0.0,0.0,0.0,0.0,0.0,0.0,0.0,0.0,0.0,79.6,32.3,0.0,0.0,0.0,0.0,0.0,0.0,0.0,0.0,0.0,0.0,37.8,0.0,1.9,39158.4,124561.0,1034.8,1165.3,3441.9,22058.9,41709.5,42302.1,130375.2,102005.0,25457.2,56085.5,26232.4,54221.7,15327.2,2732.5,6625.7,5920.1,0.0,488.8,2417.2,46.3,5573.9,28554.6,934.7,85.3,1134.4,166.8,8.3,783.6,596.9,1400.1,201530.2,1106200.6,61031.0,12047.3,57693.0,284727.4,87337.6,13318.9,30538.9,74817.6,323583.2,40506.8,17502.1,15893.8,144.0,0.0,0.0,0.0,0.0,0.0,0.0,0.0,0.0,0.0,0.0,0.0,0.0,0.0,0.0,0.0,0.0,0.0,0.0,0.0,0.0,0.0,0.0,0.0,0.0,0.0,0.0,0.0,0.0,0.0,0.0,0.0
0.0,0.0,0.0,0.0,0.0,0.0,0.0,0.0,0.0,0.0,0.0,0.0,0.0,0.0,0.0,0.0,0.0,0.0,0.0,0.0,0.0,0.0,0.0,0.0,0.0,0.0,0.0,0.0,0.0,0.0,0.0,0.0,0.0,0.0,0.0,0.0,0.7,0.0,0.0,0.0,0.0,0.0,0.0,0.0,0.0,0.0,0.0,0.0,0.0,0.0,14133.5,572410.1,6749.6,24024.0,73101.3,127036.6,83813.3,228819.6,809962.7,36820.5,18617.4,1748.6,2612.6,419.4,28377.3,30115.4,1948.8,5343.4,20306.7,7646.3,170.1,2033.8,134.7,32.3,707.7,148.0,232.7,63.8,20502.9,112013.9,9331.8,97.3,60.2,6560.5,10101.1,348.5,2058.2,11319.2,490728.8,916995.7,604512.5,58233.2,68837.1,22795.2,655121.1,1556272.4,21993.5,195.6,0.0,0.0,0.0,0.0,0.0,0.0,0.0,0.0,0.0,0.0,0.0,0.0,0.0,0.0,0.0,0.0,0.0,0.0,0.0,0.0,0.0,0.0,0.0,0.0,0.0,0.0,0.0,0.0,0.0,0.0,0.0
0.0,0.0,0.0,0.0,0.0,0.0,0.0,0.0,0.0,0.0,0.0,0.0,0.0,0.0,0.0,0.0,0.0,0.0,0.0,0.0,0.0,0.0,0.0,0.0,0.0,0.0,0.0,0.0,0.0,0.0,0.0,0.0,0.0,0.0,0.0,0.0,0.0,0.0,0.0,0.0,0.0,0.0,0.0,0.0,0.0,0.0,0.0,6.0,4093.7,165582.1,1111831.5,765254.6,6645.4,36375.7,618201.3,9341.7,178076.2,244369.2,11155.6,10828.2,767.8,1087.6,69.3,4039.5,60785.8,194284.2,373053.5,2836.7,1812.3,99.5,52.1,4192.3,1386.7,5164.8,278.7,425.3,1274.6,333.3,38.5,27582.8,58766.2,12983.4,2034.3,20487.1,30850.9,845.6,1865.3,1324.8,36149.8,499676.3,1076617.3,354395.5,108689.4,158856.6,463954.4,299204.1,17.2,8.4,0.0,0.0,0.0,0.0,0.0,0.0,0.0,0.0,0.0,0.0,0.0,0.0,0.0,0.0,0.0,0.0,0.0,0.0,0.0,0.0,0.0,0.0,0.0,0.0,0.0,0.0,0.0,0.0,0.0,0.0,0.0
0.0,0.0,0.0,0.0,0.0,0.0,0.0,0.0,0.0,0.0,0.0,0.0,0.0,0.0,0.0,0.0,0.0,0.0,0.0,0.0,0.0,0.0,0.0,0.0,0.0,0.0,0.0,0.0,0.0,0.0,0.0,0.0,0.0,0.0,0.0,0.0,0.0,0.0,0.0,0.0,0.0,0.0,0.0,0.0,0.0,0.0,0.0,0.0,0.0,2621856.9,4953001.0,563645.0,147200.2,39450.2,13565.1,5000.5,5238.9,2455.2,412.9,37.9,9482.6,847.6,716.8,1714.2,12072.9,31698.5,25091.4,436.7,24.1,10.5,16.8,102.6,250.7,128.1,152.6,3.5,69.9,153.8,87.4,3040.4,13295.8,332.2,598.3,5909.3,7824.2,369.4,227.9,179.0,876.6,5275.5,14384.4,5433.4,6300.9,1053.3,136632.0,375.9,66.3,120.7,0.0,0.0,0.0,0.0,0.0,0.0,0.0,0.0,0.0,0.0,0.0,0.0,0.0,0.0,0.0,0.0,0.0,0.0,0.0,0.0,0.0,0.0,0.0,0.0,0.0,0.0,0.0,0.0,0.0,0.0,0.0
0.0,0.0,0.0,0.0,0.0,0.0,0.0,0.0,0.0,0.0,0.0,0.0,0.0,0.0,0.0,0.0,0.0,0.0,0.0,0.0,0.0,0.0,0.0,0.0,0.0,0.0,0.0,0.0,0.0,0.0,0.0,0.0,0.0,0.0,0.0,0.0,0.0,0.0,0.0,0.0,0.0,0.0,0.0,0.0,0.0,4.7,8441.5,71072.3,376716.0,1890381.1,1552173.2,108141.6,64726.3,21875.5,1917.9,203.4,246.9,969.4,1188.7,13910.4,2102.7,15.8,3191.1,378.0,866.1,23613.6,7469.8,0.0,264.4,272.0,10.0,0.3,0.0,2.9,12.1,5.0,15.2,8.2,21.1,116.9,323.1,643.5,864.0,849.7,1793.5,5777.5,132555.1,5172.4,9467.1,109.4,132.1,60.9,855.9,10.5,4814.2,6496.4,475.1,1.6,0.0,0.0,0.0,0.0,0.0,0.0,0.0,0.0,0.0,0.0,0.0,0.0,0.0,0.0,0.0,0.0,0.0,0.0,0.0,0.0,0.0,0.0,0.0,0.0,0.0,0.0,0.0,0.0,0.0,0.0,0.0
0.0,0.0,0.0,0.0,0.0,0.0,0.0,0.0,0.0,0.0,0.0,0.0,0.0,0.0,0.0,0.0,0.0,0.0,0.0,0.0,0.0,0.0,0.0,0.0,0.0,0.0,0.0,0.0,0.0,0.0,0.0,0.0,0.0,0.0,0.0,0.0,0.0,0.0,0.0,0.0,0.0,0.0,55.9,12460.1,15831.7,2049561.8,1957081.5,978584.4,488039.3,1188208.0,1064456.6,385666.7,5279.3,444.0,42678.5,263.7,202.6,1678.0,1.8,117.3,285.7,19.9,188.8,9.0,84.1,1149.7,0.0,3040.1,0.0,1.8,8.8,20.1,3.0,0.0,35.7,8.4,41.2,89.6,56.6,239.5,203.5,390.0,733.5,1212.1,723.2,60727.3,46466.1,33825.4,77332.4,17268.6,1301.4,181.0,30.8,39.9,157.7,62.6,273.9,0.0,0.0,0.0,0.0,0.0,0.0,0.0,0.0,0.0,0.0,0.0,0.0,0.0,0.0,0.0,0.0,0.0,0.0,0.0,0.0,0.0,0.0,0.0,0.0,0.0,0.0,0.0,0.0,0.0,0.0,0.0,0.0
0.0,0.0,0.0,0.0,0.0,0.0,0.0,0.0,0.0,0.0,0.0,0.0,0.0,0.0,0.0,0.0,0.0,0.0,0.0,0.0,0.0,0.0,0.0,0.0,0.0,0.0,0.0,0.0,0.0,0.0,0.0,0.0,0.0,0.0,0.0,0.0,0.0,0.0,0.0,1016.0,19966.0,12895.1,9760.9,400770.0,13013.9,152239.0,34495.9,31720.8,25558.9,376684.9,42556.6,14946.8,40072.0,0.4,2057.5,57.0,15.4,2.2,2.5,8.0,83.8,0.0,0.7,368.4,28.1,27.3,0.5,1884.0,448.9,5.3,30.8,92.6,110.0,61.1,22.2,102.5,387.9,5509.0,218.8,4092.5,527.2,128.5,1819.0,29208.7,6753.6,35789.7,13165.6,6133.3,12557.1,11277.4,7056.1,4406.5,676.0,4.2,3497.5,806.4,138.5,0.0,0.0,0.0,0.0,0.0,0.0,0.0,0.0,0.0,0.0,0.0,0.0,0.0,0.0,0.0,0.0,0.0,0.0,0.0,0.0,0.0,0.0,0.0,0.0,0.0,0.0,0.0,0.0,0.0,0.0,0.0,0.0
0.0,0.0,0.0,0.0,0.0,0.0,0.0,0.0,0.0,0.0,0.0,0.0,0.0,0.0,0.0,0.0,0.0,0.0,0.0,0.0,0.0,0.0,0.0,0.0,0.0,0.0,0.0,0.0,0.0,0.0,0.0,0.0,500.5,2280.6,0.0,0.0,0.0,336.0,701.2,35525.0,45015.7,567.8,5340.5,1853.7,334.1,14210.0,1233.8,4440.5,345344.7,243567.8,12750.2,611.1,3557.2,10225.1,0.0,0.5,280.9,1157.0,29.4,2.3,215.1,3293.8,1642.5,194.1,58.8,16.6,44.3,2.1,677.2,14685.4,220.1,279.5,33.1,14.5,11.8,34.0,344.3,275.4,24.2,1323.7,37.7,273.7,3197.1,24076.3,178044.7,124198.3,18410.4,48218.2,17444.9,709.3,8567.0,14811.2,480.0,3896.4,1786.6,539.8,32.1,0.0,0.0,0.0,0.0,0.0,0.0,0.0,0.0,0.0,0.0,0.0,0.0,0.0,0.0,0.0,0.0,0.0,0.0,0.0,0.0,0.0,0.0,0.0,0.0,0.0,0.0,0.0,0.0,0.0,0.0,0.0,0.0
0.0,0.0,0.0,0.0,0.0,0.0,0.0,0.0,0.0,0.0,0.0,0.0,0.0,0.0,0.0,0.0,0.0,0.0,0.0,0.0,0.0,0.0,0.0,0.0,0.0,0.0,0.0,0.0,0.0,0.0,0.0,3230.0,13.3,83.6,0.0,0.0,14.6,529.9,858.3,752.1,96.5,379.9,527.7,108.5,29.0,259950.6,49748.2,7605.4,26752.0,22049.5,10109.8,15.3,871.6,0.0,184.3,52.2,2001.1,212.5,19.2,0.0,9.0,18.0,117.4,390.1,351.7,13.1,69.4,35.1,32.8,303.9,600.1,96.0,598.8,8.8,40.4,10.1,13.9,95.9,40.7,239.5,546.6,197.2,547.7,24862.7,10531.6,1591.7,8405.2,5695.5,806.4,5253.5,1681.0,1970.5,8758.1,16757.6,46182.0,204208.6,173.2,0.0,0.0,0.0,0.0,0.0,0.0,0.0,0.0,0.0,0.0,0.0,0.0,0.0,0.0,0.0,0.0,0.0,0.0,0.0,0.0,0.0,0.0,0.0,0.0,0.0,0.0,0.0,0.0,0.0,0.0,0.0,0.0
0.0,0.0,0.0,0.0,0.0,0.0,0.0,0.0,0.0,0.0,0.0,0.0,0.0,0.0,0.0,0.0,0.0,0.0,0.0,0.0,0.0,0.0,0.0,0.0,0.0,0.0,0.0,0.0,0.0,0.0,1202.1,131.8,49.1,0.0,0.1,7.4,36.2,130.0,431.9,358.6,19554.5,641.2,193.9,3838.3,83983.5,742583.7,45762.5,3499.3,340.4,125.2,42.5,4.9,24.4,31.0,1013.7,47849.4,169.8,0.0,0.0,0.0,3.4,28.2,0.7,5.9,8.9,19.1,16.7,773.1,4385.6,68.1,3.5,0.7,0.0,5.8,150.7,25.3,5.9,549.9,298.9,290.4,11964.0,16120.9,9760.2,619.5,42353.1,374.5,654.3,2658.3,896.2,2338.8,593.3,2458.5,3358.7,1782.2,364.3,2122.5,4484.8,0.0,0.0,0.0,0.0,0.0,0.0,0.0,0.0,0.0,0.0,0.0,0.0,0.0,0.0,0.0,0.0,0.0,0.0,0.0,0.0,0.0,0.0,0.0,0.0,0.0,0.0,0.0,0.0,0.0,0.0,0.0,0.0
0.0,0.0,0.0,0.0,0.0,0.0,0.0,0.0,0.0,0.0,0.0,0.0,0.0,0.0,0.0,0.0,0.0,0.0,0.0,0.0,0.0,0.0,0.0,0.0,0.0,0.0,0.0,0.0,19.1,882.5,1684.6,959.8,16054.3,515.1,147.7,175.2,76.5,55.1,8.9,24.5,40.4,0.0,4926.7,881.2,257931.2,136769.2,40.4,10516.5,0.0,33.2,1.8,31.3,42.4,614.8,191441.6,207048.5,8291.4,0.0,10.0,83.5,7.1,12.3,0.0,3.8,1165.3,279.5,31.1,509.7,62.6,3.5,0.5,3.6,0.0,12.8,317.3,367.0,21762.5,49269.1,8950.3,489.8,1117.1,4300.7,1743.1,82.1,495.2,2030.1,1524.0,1950.4,4898.1,3729.2,3194.7,5948.4,8656.0,1071.6,115.7,81.0,0.0,0.0,0.0,0.0,0.0,0.0,0.0,0.0,0.0,0.0,0.0,0.0,0.0,0.0,0.0,0.0,0.0,0.0,0.0,0.0,0.0,0.0,0.0,0.0,0.0,0.0,0.0,0.0,0.0,0.0,0.0,0.0,0.0
0.0,0.0,0.0,0.0,0.0,0.0,0.0,0.0,0.0,0.0,0.0,0.0,0.0,0.0,0.0,0.0,0.0,0.0,0.0,0.0,0.0,0.0,0.0,0.0,0.0,0.0,0.0,0.0,366.4,1235.6,2398.3,2868.4,730.0,151.3,243.4,272.1,36.5,0.0,0.0,0.0,0.0,0.2,29.8,11.2,62.2,111148.8,1002.1,22229.1,2974.1,48.0,6.0,22542.1,4852.9,846.2,835424.6,1396854.1,2.8,3.1,1560.2,77.6,5.5,4.2,56.2,196.3,22.1,120.0,30.8,596.1,24414.8,81.2,133.5,1398.1,44.0,3.8,336.6,7629.4,469141.9,25022.8,2874.6,1356.7,316.1,260.1,131.7,438.8,55828.7,46534.4,6562.0,5844.4,389934.5,33363.7,8252.0,11502.1,16807.8,3711.3,588.6,706.6,0.0,0.0,0.0,0.0,0.0,0.0,0.0,0.0,0.0,0.0,0.0,0.0,0.0,0.0,0.0,0.0,0.0,0.0,0.0,0.0,0.0,0.0,0.0,0.0,0.0,0.0,0.0,0.0,0.0,0.0,0.0,0.0,0.0
0.0,0.0,0.0,0.0,0.0,0.0,0.0,0.0,0.0,0.0,0.0,0.0,0.0,0.0,0.0,0.0,0.0,0.0,0.0,0.0,0.0,0.0,0.0,0.0,0.0,0.0,0.0,11.7,376.4,948.6,2663.7,10042.0,184.9,134.6,166.7,18.3,0.0,0.0,0.0,0.0,0.0,16293.7,11.0,8.3,0.3,6142.3,11.5,3237.2,3507.0,10773.6,70702.2,33215.9,46004.0,1204.4,179.9,5417.0,5974.6,2.3,3.1,0.0,0.0,24.9,541.6,488.5,11.0,2.8,49.7,4466.3,11718.2,68.9,59.5,1.1,9.5,198.0,7828.5,1044.9,265293.1,4511.6,2242.9,5291.8,2303.4,1409.8,448.5,1827.1,5835.6,23740.7,5933.3,7601.9,239881.4,24758.7,4357.0,1934.9,6511.2,29875.2,3280.9,956.4,0.0,0.0,0.0,0.0,0.0,0.0,0.0,0.0,0.0,0.0,0.0,0.0,0.0,0.0,0.0,0.0,0.0,0.0,0.0,0.0,0.0,0.0,0.0,0.0,0.0,0.0,0.0,0.0,0.0,0.0,0.0,0.0,0.0
0.0,0.0,0.0,0.0,0.0,0.0,0.0,0.0,0.0,0.0,0.0,0.0,0.0,0.0,0.0,0.0,0.0,0.0,0.0,0.0,0.0,0.0,13.7,132.8,0.0,0.0,6.5,964.5,428.6,754.4,745.1,131.1,106.8,7.6,0.0,0.0,0.0,0.0,0.0,1098.4,58.3,73478.9,44.0,14.5,0.0,766.0,5.6,771.2,1929.2,14.7,329.2,2433.2,66109.5,1986.7,1607.6,74.9,23713.8,7.9,1502.9,3092.9,114.9,24.2,52.9,7882.2,1230.9,71.7,17.3,29.7,1797.6,65.2,32.2,94.5,0.0,42.8,16154.5,959.2,984.4,298.4,849.5,1783.8,4192.5,31.2,1472.0,12968.0,7425.5,1058.2,1546.3,9545.2,8813.4,26571.6,12387.5,395.6,684.2,630.9,5577.5,326.0,0.0,0.0,0.0,0.0,0.0,0.0,0.0,0.0,0.0,0.0,0.0,0.0,0.0,0.0,0.0,0.0,0.0,0.0,0.0,0.0,0.0,0.0,0.0,0.0,0.0,0.0,0.0,0.0,0.0,0.0,0.0,0.0,0.0
0.0,0.0,0.0,0.0,0.0,0.0,0.0,0.0,0.0,0.0,0.0,0.0,0.0,0.0,0.0,0.0,0.0,0.0,0.0,0.0,0.0,64.2,219.8,8744.3,2458.5,684.8,1274.8,473.1,382.4,8117.6,8507.5,0.0,0.0,0.0,0.0,8.4,59.8,2927.6,129.1,16834.9,1534.5,103.5,21407.1,875.4,497.1,310.4,446.7,271.0,1824.0,73.6,258.1,958.1,2168.4,13.2,2.5,0.0,4808.6,15183.5,2363.4,290.8,49.5,9.5,294.7,49.8,3.3,8.9,2.1,0.1,142.7,23.0,62.0,1449.0,10262.7,12515.8,1060.6,186.2,64.1,128.4,9.1,3.4,54.8,39.1,353.0,810.3,1502.5,7.8,80.2,7948.0,397.3,3245.6,2924.7,10288.2,12473.6,247.9,157.5,36.2,0.0,0.0,0.0,0.0,0.0,0.0,0.0,0.0,0.0,0.0,0.0,0.0,0.0,0.0,0.0,0.0,0.0,0.0,0.0,0.0,0.0,0.0,0.0,0.0,0.0,0.0,0.0,0.0,0.0,0.0,0.0,0.0,0.0
0.0,0.0,0.0,0.0,0.0,0.0,0.0,0.0,0.0,0.0,0.0,0.0,0.0,0.0,0.0,0.0,0.0,0.0,0.0,0.0,0.0,189.2,1060.5,52405.1,12668.5,1374.4,871.7,539.5,4840.9,1079.8,0.0,0.0,0.0,7052.2,463.3,537.7,107.9,9.9,1484.3,32211.6,87.0,464.3,2293.4,679.2,2374.5,3263.5,32323.7,4204.2,13309.0,1380.2,2616.9,360.6,719.2,4.0,5.7,0.0,51.1,176505.8,4016.4,393.6,6.9,0.3,42.2,47.6,86.2,293.3,0.0,6564.4,183.2,141.7,15.2,19.4,76862.8,30719.7,3472.8,2457.2,297.9,187.2,5.8,1.1,0.5,1.8,11.0,0.1,0.0,2.4,175.5,3470.3,2087.1,3975.6,8299.6,369.8,369.4,28053.5,5678.8,10.5,0.0,0.0,0.0,0.0,0.0,0.0,0.0,0.0,0.0,0.0,0.0,0.0,0.0,0.0,0.0,0.0,0.0,0.0,0.0,0.0,0.0,0.0,0.0,0.0,0.0,0.0,0.0,0.0,0.0,0.0,0.0,0.0,0.0
0.0,0.0,0.0,0.0,0.0,0.0,0.0,0.0,0.0,0.0,0.0,0.0,0.0,0.0,0.0,0.0,0.0,0.0,0.0,0.0,101.3,639.0,1080.2,1560.8,1104.4,1098.7,28659.9,117.5,0.6,0.0,0.0,0.0,283.4,42005.4,3991.6,1057.9,76.5,86.6,996.1,66772.8,80.6,82.2,925.5,1600.9,362.3,11033.4,706879.4,550533.1,690.0,74833.9,39225.6,2199.1,609.2,14.1,417.1,2.2,12900.8,2984.5,55196.8,272.8,2765.9,1.3,0.0,1.0,9.6,3.0,0.0,0.0,7.2,10.9,97.8,1576.0,28331.8,937.0,2638.4,16564.9,3497.5,205.9,2288.5,5.0,36.1,62.1,131.0,64.3,61.7,351.4,3675.0,3313.4,491.5,132.7,440.3,4256.0,1481.4,692.1,209.0,0.0,0.0,0.0,0.0,0.0,0.0,0.0,0.0,0.0,0.0,0.0,0.0,0.0,0.0,0.0,0.0,0.0,0.0,0.0,0.0,0.0,0.0,0.0,0.0,0.0,0.0,0.0,0.0,0.0,0.0,0.0,0.0,0.0,0.0
0.0,0.0,0.0,0.0,0.0,0.0,0.0,0.0,0.0,0.0,0.0,0.0,0.0,0.0,0.0,0.0,0.0,0.0,0.0,0.0,491.0,563.1,515.6,328.7,77.9,0.0,0.8,0.0,0.0,0.0,0.0,3032.7,1291.4,3700.3,3775.6,55.9,274.7,79.9,2631.1,1797.3,1555.9,1720.8,3884.9,90.4,43464.9,286005.0,1950776.5,947344.3,5561.7,48304.3,44108.9,5495.6,1078.2,2404.0,113.9,30.2,7219.5,1369.0,2636.8,4559.5,4334.4,32.8,309.6,848.9,3.6,0.1,2.8,4.2,1.2,9.7,343.0,1261.6,13395.9,1173.2,18.0,94.6,1124.0,69.8,288.0,1399.4,5353.5,272.8,3456.7,26846.7,25471.7,15723.0,2004.7,3460.3,5007.1,11115.0,960.4,1461.4,176.9,10064.9,750.6,0.0,0.0,0.0,0.0,0.0,0.0,0.0,0.0,0.0,0.0,0.0,0.0,0.0,0.0,0.0,0.0,0.0,0.0,0.0,0.0,0.0,0.0,0.0,0.0,0.0,0.0,0.0,0.0,0.0,0.0,0.0,0.0,0.0,0.0
0.0,0.0,0.0,0.0,0.0,0.0,0.0,0.0,0.0,0.0,0.0,0.0,0.0,0.0,0.0,0.0,0.0,0.0,0.0,0.0,283038.8,146.2,1.1,0.3,0.0,0.0,0.0,0.0,0.0,263.2,1534.3,201175.1,2433.2,227.7,875339.8,15169.5,8356.7,5992.5,55700.1,1922.2,85988.9,7819.9,32999.4,39762.0,42405.3,285725.3,407309.4,25777.6,266.2,18436.9,26062.2,86612.7,157.0,698.3,42.1,28.0,62.0,224.3,1257.2,1036.9,1653.0,11512.0,3176.0,6284.0,13.4,2208.2,13612.3,7.7,0.1,9.2,469.7,183.6,5771.4,3853.9,9.4,2371.0,443.7,28.8,337.6,300.9,202.4,221.5,190.8,261.0,5041.9,84802.0,6095.9,17038.3,16349.0,77569.7,503.0,58.9,362.2,6999.4,31.3,0.0,0.0,0.0,0.0,0.0,0.0,0.0,0.0,0.0,0.0,0.0,0.0,0.0,0.0,0.0,0.0,0.0,0.0,0.0,0.0,0.0,0.0,0.0,0.0,0.0,0.0,0.0,0.0,0.0,0.0,0.0,0.0,0.0,0.0
0.0,0.0,0.0,0.0,0.0,0.0,0.0,0.0,0.0,0.0,0.0,0.0,0.0,0.0,0.0,0.0,0.0,0.0,0.0,0.0,1443.1,0.0,0.0,0.0,0.0,0.0,0.0,0.0,531.1,39516.6,26866.1,5431.4,1069.0,596.0,1556.5,9494.7,2233.0,1465.6,2867.4,14552.0,234981.7,13271.8,509159.2,526976.0,2297.9,9323.5,6783.1,1620.6,22125.6,969.9,143.0,9223.0,395.3,12693.2,1202.6,4373.5,7957.9,2.4,1014.1,139.5,1889.7,9466.5,7991.2,6490.1,7854.2,64606.1,520561.7,83811.5,80913.2,19770.7,1053.7,3414.0,6109.8,84254.9,6047.3,229.0,598.5,28.3,139.6,546.3,194.9,240.5,7634.4,1656.2,1236.1,2733.4,329.8,53.0,26.4,192.9,48.9,787.0,6189.5,1446.9,139.9,0.0,0.0,0.0,0.0,0.0,0.0,0.0,0.0,0.0,0.0,0.0,0.0,0.0,0.0,0.0,0.0,0.0,0.0,0.0,0.0,0.0,0.0,0.0,0.0,0.0,0.0,0.0,0.0,0.0,0.0,0.0,0.0,0.0,0.0
0.0,0.0,0.0,0.0,0.0,0.0,0.0,0.0,0.0,0.0,0.0,0.0,0.0,0.0,0.0,0.0,0.0,0.0,0.0,0.0,0.0,0.0,0.0,0.0,44.0,0.0,0.0,61883.5,95763.9,402597.7,62018.2,1875.8,1589.0,702.4,2903.5,3762.9,7083.9,2698.8,569.3,32964.3,56799.5,22243.3,12681.4,7670.6,6364.0,8299.5,15102.9,86.0,4408.3,149.3,11559.7,2709.8,307.7,701.8,3002.6,2140.6,31.1,0.5,286.4,791.8,586.9,303.5,12704.3,13111.3,58175.3,519889.5,670468.4,377682.9,230031.0,147279.5,30954.4,2564.0,6442.4,1002.4,130773.8,7993.5,1536.4,103.8,320.9,5506.2,2604.0,3353.3,30982.0,5768.3,1413.9,316.2,26.9,31.6,191.5,6798.6,897.3,5990.0,4980.6,6178.7,505.6,0.0,0.0,0.0,0.0,0.0,0.0,0.0,0.0,0.0,0.0,0.0,0.0,0.0,0.0,0.0,0.0,0.0,0.0,0.0,0.0,0.0,0.0,0.0,0.0,0.0,0.0,0.0,0.0,0.0,0.0,0.0,0.0,0.0,0.0
0.0,0.0,0.0,0.0,0.0,0.0,0.0,0.0,0.0,0.0,0.0,0.0,0.0,0.0,0.0,0.0,0.0,0.0,0.0,0.0,0.0,0.0,0.0,0.0,20920.9,88910.0,8860.0,18638.5,168809.4,3950.7,3373.4,627.8,2982.4,906.5,1840.6,1983.2,11166.5,14728.9,2398.0,540.8,16980.2,4075.5,7862.7,2636.1,671.8,2602.4,1113.4,2291.3,7038.2,726.3,3122.6,3329.8,4324.4,2938.7,3000.2,1320.5,462.6,220.7,43.6,300.5,6.4,35.5,9091.6,3674.6,30.5,1071.4,38400.0,5441.2,343.5,1056.7,2278.7,4564.4,4916.8,30.7,20325.4,85395.8,5660.1,21.4,5.3,782.6,2222.9,4481.6,2450.6,39248.7,4436.9,387.7,827.3,297.0,794.3,1323.2,438.2,562.5,10172.4,115796.9,674.1,0.0,0.0,0.0,0.0,0.0,0.0,0.0,0.0,0.0,0.0,0.0,0.0,0.0,0.0,0.0,0.0,0.0,0.0,0.0,0.0,0.0,0.0,0.0,0.0,0.0,0.0,0.0,0.0,0.0,0.0,0.0,0.0,0.0,0.0
0.0,0.0,0.0,0.0,0.0,0.0,0.0,0.0,0.0,0.0,0.0,0.0,0.0,0.0,0.0,0.0,0.0,0.0,0.0,0.0,0.0,0.0,0.0,5479.6,331591.7,157220.9,36512.6,5111.1,14842.5,3955.2,1535.0,4323.0,1916.2,6445.3,121.1,2312.3,4531.1,946.6,9326.5,2180.7,119783.0,2038.5,2453.9,457.6,32500.8,48.6,463.1,13524.8,29854.6,9519.5,4714.9,3156.1,3074.8,7059.1,1643.2,7030.1,1221.8,11.0,13.0,1.8,10.1,1.8,111.6,18094.6,285.8,1538.9,10.5,683.2,14549.9,217.9,992.2,790.6,9716.3,5346.3,8632.1,9190.5,3183.9,1166.5,259.4,2713.0,2673.6,4789.4,3964.9,24826.8,6785.8,1720.6,3453.6,2454.1,4043.1,2988.4,2840.6,2040.7,3639.4,20422.6,284.3,0.0,0.0,0.0,0.0,0.0,0.0,0.0,0.0,0.0,0.0,0.0,0.0,0.0,0.0,0.0,0.0,0.0,0.0,0.0,0.0,0.0,0.0,0.0,0.0,0.0,0.0,0.0,0.0,0.0,0.0,0.0,0.0,0.0,0.0
0.0,0.0,0.0,0.0,0.0,0.0,0.0,0.0,0.0,0.0,0.0,0.0,0.0,0.0,0.0,0.0,0.0,0.0,0.0,0.0,0.0,0.0,1797.9,46860.6,213622.5,15292.4,29711.0,15750.1,4807.9,6455.1,3874.9,4868.9,879.3,675.0,430.0,1996.9,1213.0,3503.9,502.4,187.4,43.9,671.4,516.4,1369.9,6814.5,75.3,94.3,7720.4,4867.0,311.5,880.6,2061.3,6204.6,8696.5,4069.8,2409.2,697.2,6.8,7.4,23.7,7.7,1145.8,1.1,6.2,4641.0,6211.3,0.2,1717.7,5061.7,4572.1,183.7,8.6,74.1,669.4,22176.5,604.8,64.4,1271.5,1090.1,1215.7,69012.6,35296.7,1159.3,347.8,66.5,1356.8,69833.4,791.4,387.1,3005.4,652.7,757.5,1013.5,2886.8,0.0,0.0,0.0,0.0,0.0,0.0,0.0,0.0,0.0,0.0,0.0,0.0,0.0,0.0,0.0,0.0,0.0,0.0,0.0,0.0,0.0,0.0,0.0,0.0,0.0,0.0,0.0,0.0,0.0,0.0,0.0,0.0,0.0,0.0,0.0
0.0,0.0,0.0,0.0,0.0,0.0,0.0,0.0,0.0,0.0,0.0,0.0,0.0,0.0,0.0,0.0,0.0,0.0,0.0,0.0,0.0,32533.7,33466.2,107348.2,28291.3,8884.1,8261.1,13592.0,10744.8,9398.0,7753.6,7805.4,1452.0,410.4,820.3,5030.8,1268.8,952.1,7184.2,1158.3,29.0,362.8,2942.2,178.0,460.7,452.6,1080.3,579.3,79.2,101.8,3579.3,5835.6,12418.5,3624.1,4476.6,2780.4,2677.0,4632.4,2141.1,723.4,9664.7,42.7,0.3,1.3,941.9,21237.1,468.3,895.6,292.1,65.8,864.3,5022.2,2427.4,616.3,99.3,306.8,30.8,27.7,923.5,1079.1,11686.5,1833.8,140.1,1309.5,233.4,2072.7,4044.8,297.3,478.2,1387.3,452.9,551.3,1309.8,3732.0,0.0,0.0,0.0,0.0,0.0,0.0,0.0,0.0,0.0,0.0,0.0,0.0,0.0,0.0,0.0,0.0,0.0,0.0,0.0,0.0,0.0,0.0,0.0,0.0,0.0,0.0,0.0,0.0,0.0,0.0,0.0,0.0,0.0,0.0,0.0
0.0,0.0,0.0,0.0,0.0,0.0,0.0,0.0,0.0,0.0,0.0,0.0,0.0,0.0,0.0,0.0,0.0,0.0,0.0,13.3,44440.2,894604.3,67189.0,12296.3,9196.6,4343.0,6402.0,14092.0,11210.4,13975.0,4183.8,6145.8,3032.0,4044.0,17932.3,1411.4,3389.7,74773.6,8674.8,16109.0,367.9,79.2,61.5,18972.4,1796.2,46.9,251.0,358.9,531.5,707.1,9215.7,32318.3,5316.1,4555.6,8173.8,6626.2,2442.5,2254.7,449.1,721.9,195.8,81.8,76.2,18.0,33.1,29067.3,312.6,36.8,16197.1,113.1,771.3,249.1,8650.5,140.0,1760.8,32.5,159.1,50.2,118.3,90.8,1400.9,1349.7,277.6,233.1,600.2,366.3,547.5,1703.4,136.1,808.5,93.9,200.5,265.7,12590.3,0.0,0.0,0.0,0.0,0.0,0.0,0.0,0.0,0.0,0.0,0.0,0.0,0.0,0.0,0.0,0.0,0.0,0.0,0.0,0.0,0.0,0.0,0.0,0.0,0.0,0.0,0.0,0.0,0.0,0.0,0.0,0.0,0.0,0.0,0.0
0.0,0.0,0.0,0.0,0.0,0.0,0.0,0.0,0.0,0.0,0.0,0.0,0.0,0.0,0.0,0.0,0.0,0.0,0.0,11989.3,41905.5,18029.5,9118.8,5683.9,7332.3,11345.6,9173.9,13049.4,11901.7,6518.7,14667.7,17068.3,16810.1,15436.8,12715.1,13977.4,14163.5,3163.4,1069.7,1155.1,7313.7,2710.3,20588.6,5584.2,357.8,54.9,37.0,499.5,310.3,1108.8,1807.9,9772.8,1545.4,616.2,56910.4,580.6,23295.4,726.7,594.3,2212.6,360.9,149459.0,754.4,49.3,3367.3,30.0,51.0,8.4,30572.1,399.6,75.2,6.7,40.1,306.5,215.4,26.5,807.3,347.8,220.6,2571.8,1215.0,476.2,1336.1,384.8,1096.8,575.6,140.9,210.8,2587.6,565.4,75.3,17.8,444.2,2963.9,0.0,0.0,0.0,0.0,0.0,0.0,0.0,0.0,0.0,0.0,0.0,0.0,0.0,0.0,0.0,0.0,0.0,0.0,0.0,0.0,0.0,0.0,0.0,0.0,0.0,0.0,0.0,0.0,0.0,0.0,0.0,0.0,0.0,0.0,0.0
0.0,0.0,0.0,0.0,0.0,0.0,0.0,0.0,0.0,0.0,0.0,0.0,0.0,0.0,0.0,0.0,0.0,0.0,0.0,3513.0,11672.9,6200.0,12407.5,6954.5,10807.8,14246.6,6610.4,20723.6,6400.0,4630.2,6082.3,136712.8,22190.5,6828.2,2397.3,2339.2,1089.1,523.1,1290.1,46.7,1004.6,151.6,836.5,987.4,650.9,253.7,33.6,167.8,1201.7,2520.2,18068.4,1100.1,620.9,1973.1,55505.7,12026.3,33231.4,793.4,3184.6,6706.0,15911.4,24744.4,837.7,88.7,63.6,67.5,1.7,4.1,113.4,12.9,3.4,1010.1,17083.1,1227.0,67.7,601.3,1941.9,16291.4,1468.4,7735.9,5201.3,380.6,436.9,211.7,8159.4,428.7,286.0,104.9,5610.6,7586.5,103.7,246.0,590.0,158.8,0.0,0.0,0.0,0.0,0.0,0.0,0.0,0.0,0.0,0.0,0.0,0.0,0.0,0.0,0.0,0.0,0.0,0.0,0.0,0.0,0.0,0.0,0.0,0.0,0.0,0.0,0.0,0.0,0.0,0.0,0.0,0.0,0.0,0.0,0.0
0.0,0.0,0.0,0.0,0.0,0.0,0.0,0.0,0.0,0.0,0.0,0.0,0.0,0.0,0.0,0.0,0.0,0.0,0.0,741.6,2508.4,8048.0,5406.4,1615.1,2865.8,4293.9,7128.1,6921.7,2122.7,2142.5,5163.8,45896.6,7751.5,6449.3,1666.0,6139.3,7420.7,550.8,14.9,8.7,2.6,260.5,26376.8,6696.7,8483.8,134.4,155.4,1248.2,244.1,4710.6,1743.1,1358.0,2954.8,481.3,558.2,8026.7,13718.0,1503.1,8960.5,38237.5,19400.2,2240.8,29363.2,2808.5,1327.9,297.5,23.4,0.0,547.7,9.7,1.4,43.1,20096.2,1588.4,4365.5,60.3,1003.0,13389.4,725.9,1432.4,148997.2,1118.7,2443.4,141.6,419.5,248.6,51.0,83.6,360.6,1533.3,114.7,225.8,540.5,2354.6,0.0,0.0,0.0,0.0,0.0,0.0,0.0,0.0,0.0,0.0,0.0,0.0,0.0,0.0,0.0,0.0,0.0,0.0,0.0,0.0,0.0,0.0,0.0,0.0,0.0,0.0,0.0,0.0,0.0,0.0,0.0,0.0,0.0,0.0,0.0
0.0,0.0,0.0,0.0,0.0,0.0,0.0,0.0,0.0,0.0,0.0,0.0,0.0,0.0,0.0,0.0,0.0,0.0,0.0,7778.1,5165.9,4709.3,3323.2,953.0,4934.6,1021.4,1787.8,2902.9,1994.9,1237.8,4345.5,255585.9,563147.0,3043.6,302.9,490.1,191.6,8393.6,18.2,9547.5,1727291.7,175842.1,145070.5,142.0,0.0,1.9,1241.0,10662.5,42950.7,227591.3,170808.2,4233.6,2891.9,656.1,613.2,6938.1,8870.6,233.8,799.2,304.6,386.5,3867.1,37137.2,136.5,185.2,13186.8,1021.2,9.1,10.4,10.1,188.6,35.4,32.0,90.4,227.2,7805.6,4637.0,161.7,25.6,250.5,10675.7,5095.5,1545.7,108.3,293.8,31.9,141.4,1186.7,2102.6,326.8,670.1,798.1,494.6,149.1,0.0,0.0,0.0,0.0,0.0,0.0,0.0,0.0,0.0,0.0,0.0,0.0,0.0,0.0,0.0,0.0,0.0,0.0,0.0,0.0,0.0,0.0,0.0,0.0,0.0,0.0,0.0,0.0,0.0,0.0,0.0,0.0,0.0,0.0,0.0
0.0,0.0,0.0,0.0,0.0,0.0,0.0,0.0,0.0,0.0,0.0,0.0,0.0,0.0,0.0,0.0,0.0,0.0,0.0,2906.6,2962.7,3561.8,34581.7,5142.0,3057.8,3689.2,5154.8,124882.3,5043.3,1458.5,4578.5,46768.5,116893.1,61.7,160.0,74.9,0.6,55.9,92.6,22461.8,373821.8,1369.8,51.8,3836.8,1066.5,19.1,17.8,75.0,2682.9,308370.2,271967.6,9229.8,9418.1,557.1,2309.2,317.5,425.5,1303.8,19.3,10325.9,4897.3,21417.2,26782.2,520.9,18017.9,7952.3,95.8,20.1,9831.7,24.8,52.4,16.6,41.5,56.4,85.7,703.9,117.9,180.9,940.9,2346.9,5019.1,634.1,308.8,66.9,131.7,14.4,26.0,148.4,2418.2,105.3,406.5,235.7,2273.2,60.0,0.0,0.0,0.0,0.0,0.0,0.0,0.0,0.0,0.0,0.0,0.0,0.0,0.0,0.0,0.0,0.0,0.0,0.0,0.0,0.0,0.0,0.0,0.0,0.0,0.0,0.0,0.0,0.0,0.0,0.0,0.0,0.0,0.0,0.0,0.0
0.0,0.0,0.0,0.0,0.0,0.0,0.0,0.0,0.0,0.0,0.0,0.0,0.0,0.0,0.0,0.0,0.0,0.0,0.0,2926.9,2486.6,27890.9,5079.7,4168.9,10640.9,6235.4,3186.6,9048.4,2955.8,60171.5,225403.6,16461.3,256.2,281.7,57.3,48.9,16.3,22.5,140.2,815.7,28.0,15.2,357.6,40255.7,16605.6,4765.2,115.4,87.0,2439.9,16777.0,10725.3,126142.9,43467.8,1988.9,154.5,2901.5,7609.6,5858.3,701.1,1025.5,1877.3,6665.7,33938.9,3144.8,475.7,537.3,89.5,2986.0,955.8,55.5,231.2,208.7,127.1,54.7,139.3,161.5,2039.1,28232.4,413.3,2154.3,125.6,548.7,36.5,24.0,89.0,123.5,26.3,90.7,563.3,167.6,333.6,130.4,672.8,90.6,0.0,0.0,0.0,0.0,0.0,0.0,0.0,0.0,0.0,0.0,0.0,0.0,0.0,0.0,0.0,0.0,0.0,0.0,0.0,0.0,0.0,0.0,0.0,0.0,0.0,0.0,0.0,0.0,0.0,0.0,0.0,0.0,0.0,0.0,0.0
0.0,0.0,0.0,0.0,0.0,0.0,0.0,0.0,0.0,0.0,0.0,0.0,0.0,0.0,0.0,0.0,0.0,0.0,0.0,556181.6,30712.2,16699.2,14622.1,1928.6,797.3,1093.7,33.2,39994.1,3036.4,1204.5,38.9,43.9,653.3,1058.6,1197.6,34.1,63.1,38.8,587.8,19.5,551.3,86.3,117.4,690.2,3991.4,3541.1,57.6,345.4,123.2,178.4,2977.0,5138.8,5373.0,26639.4,3415.1,4929.9,15001.1,2005.9,1359.7,10802.3,7304.8,5795.5,30619.2,8483.2,898.8,874.2,394.0,409.9,616.1,24.7,39.9,80424.8,609.7,777.0,707.8,662.0,8188.9,244.8,99.4,3174.5,2309.6,2298.5,105.4,52.1,495.9,81.5,13.0,102.3,412.5,47.0,135.5,678.5,1204.7,0.0,0.0,0.0,0.0,0.0,0.0,0.0,0.0,0.0,0.0,0.0,0.0,0.0,0.0,0.0,0.0,0.0,0.0,0.0,0.0,0.0,0.0,0.0,0.0,0.0,0.0,0.0,0.0,0.0,0.0,0.0,0.0,0.0,0.0,0.0,0.0
0.0,0.0,0.0,0.0,0.0,0.0,0.0,0.0,0.0,0.0,0.0,0.0,0.0,0.0,0.0,0.0,0.0,0.0,0.0,11212.8,34084.6,6277.8,8945.3,1641.3,432.1,1123.6,815.2,39.7,29.5,57.9,998.0,161.3,2179.5,172.7,16727.1,296.3,121.0,103.7,1747.6,24.9,69.3,94.5,46.7,222.4,126.4,144.8,57.3,42.4,479.3,602.8,3886.2,17564.8,3118.7,2510.8,816.4,1602.0,1584.2,1195.5,19012.5,6840.9,5476.1,12335.1,28966.8,14246.9,12919.1,1808.7,1240.2,37143.2,330.7,43.5,65.2,5100.6,200.3,102.2,129.6,254.1,260.8,125.3,96.2,1141.4,224.7,394.7,51.1,57.0,100.0,64.6,512.2,4753.9,70.2,161.6,246.9,897.7,1440.4,0.0,0.0,0.0,0.0,0.0,0.0,0.0,0.0,0.0,0.0,0.0,0.0,0.0,0.0,0.0,0.0,0.0,0.0,0.0,0.0,0.0,0.0,0.0,0.0,0.0,0.0,0.0,0.0,0.0,0.0,0.0,0.0,0.0,0.0,0.0,0.0
0.0,0.0,0.0,0.0,0.0,0.0,0.0,0.0,0.0,0.0,0.0,0.0,0.0,0.0,0.0,0.0,0.0,0.0,89.9,19438.5,12255.4,26336.0,14164.7,8068.3,4217.8,5694.2,1689.5,225.3,20.9,87.6,31.7,185.9,393.4,456.1,24483.3,51.4,136.7,352.6,33.7,4.7,5.0,3817.2,8546.7,20188.2,63440.0,1404.5,39.8,59.9,318.4,3094.6,82.2,92.6,391.3,2585.2,96.7,1632.9,4784.2,6451.8,36930.2,80322.4,197375.5,216914.6,1539707.2,647824.9,290860.1,53445.0,2511.6,209.8,137.8,146.8,409.2,9818.7,102.2,251.0,3217.3,53279.5,1020.5,371.6,105.4,247.7,133.8,8570.7,2257.4,57.4,160.8,77.5,627.0,246.8,165.5,167.1,788.3,2943.9,267.9,0.0,0.0,0.0,0.0,0.0,0.0,0.0,0.0,0.0,0.0,0.0,0.0,0.0,0.0,0.0,0.0,0.0,0.0,0.0,0.0,0.0,0.0,0.0,0.0,0.0,0.0,0.0,0.0,0.0,0.0,0.0,0.0,0.0,0.0,0.0,0.0
0.0,0.0,0.0,0.0,0.0,0.0,0.0,0.0,0.0,0.0,0.0,0.0,0.0,0.0,0.0,0.0,0.0,0.0,2270.0,46282.1,8751.6,5118.0,109139.7,1167724.8,37708.6,277.9,100.1,2198.6,573.7,2414.9,3861.2,107.2,1228.0,374.7,48.1,32.5,6750.2,1498.3,743.8,13.8,34.3,3851.2,20404.4,207.6,59.4,33.8,31.1,1507.8,163.2,81.4,248.8,311.8,61.8,521.6,7578.5,12910.9,101.2,802.3,150277.9,163154.3,306777.8,152432.2,581822.4,129701.4,227439.0,6707.9,92027.4,711.4,811.4,6846.6,537.9,236.7,107.8,116.7,118.9,4019.3,653.3,168.9,217.4,717.2,59.4,66.4,678.6,242.5,831.4,199.0,4411.2,299.6,1012.0,971.9,608.3,519.7,542.1,0.0,0.0,0.0,0.0,0.0,0.0,0.0,0.0,0.0,0.0,0.0,0.0,0.0,0.0,0.0,0.0,0.0,0.0,0.0,0.0,0.0,0.0,0.0,0.0,0.0,0.0,0.0,0.0,0.0,0.0,0.0,0.0,0.0,0.0,0.0,0.0
0.0,0.0,0.0,0.0,0.0,0.0,0.0,0.0,0.0,0.0,0.0,0.0,0.0,0.0,0.0,0.0,0.0,0.0,2005.4,9173.3,6758.7,2906.8,28135.9,265803.8,13426.6,173.7,39.8,5057.9,32.8,55.9,252.2,430.6,105.9,655.0,155.2,606.5,3563.4,25.9,355.3,13276.2,70.5,30.6,80.8,272.2,128.6,97.9,734.1,1075.5,342.8,5828.1,36.5,170.4,93.1,176.2,467.2,44.4,70.6,4592.9,2658.8,2259.2,5175.5,1572.5,10553.6,4261.9,2142.4,879.6,3390.8,1049.6,1362.1,9920.6,215.0,1999.1,142.4,106.7,556.6,3985.6,1438.1,218.7,86.5,63.5,390.3,104.3,127.4,7702.3,323.2,377.6,3382.1,319.3,214.0,331.8,771.9,606.4,202.6,0.0,0.0,0.0,0.0,0.0,0.0,0.0,0.0,0.0,0.0,0.0,0.0,0.0,0.0,0.0,0.0,0.0,0.0,0.0,0.0,0.0,0.0,0.0,0.0,0.0,0.0,0.0,0.0,0.0,0.0,0.0,0.0,0.0,0.0,0.0,0.0
0.0,0.0,0.0,0.0,0.0,0.0,0.0,0.0,0.0,0.0,0.0,0.0,0.0,0.0,0.0,0.0,0.0,0.0,105.0,2354.9,4667.9,1445.9,4746.4,4402.0,424.0,425.9,49.5,17.2,17.3,24.7,254.0,524.3,571.2,95.6,34.4,31.5,21.5,11629.4,247.6,9034.2,6853.1,5950.5,47877.3,18450.4,1442.4,351.4,19526.1,47780.8,428.3,550.5,1026.1,108.2,192.4,151.5,82.5,170.4,93.4,14670.9,2051.2,291.0,1989.4,2163.3,210.4,23424.2,2035.9,208.0,4265.8,711.8,19152.8,1189.2,394.6,143.5,909.5,426.4,5297.7,1378.2,1630.3,154.3,66.2,149.5,278.8,2507.9,205.2,835.9,726.2,997.4,1176.0,620.8,1895.6,485.6,553.9,997.9,946.6,0.0,0.0,0.0,0.0,0.0,0.0,0.0,0.0,0.0,0.0,0.0,0.0,0.0,0.0,0.0,0.0,0.0,0.0,0.0,0.0,0.0,0.0,0.0,0.0,0.0,0.0,0.0,0.0,0.0,0.0,0.0,0.0,0.0,0.0,0.0,0.0
0.0,0.0,0.0,0.0,0.0,0.0,0.0,0.0,0.0,0.0,0.0,0.0,0.0,0.0,0.0,0.0,0.0,0.0,240.0,1462.9,4648.1,2158.3,35285.2,2582.4,416.4,308.9,447.6,4248.7,204.2,76.3,301.8,132.9,74.7,41.3,5.2,765.4,21.7,209.3,753.4,259.4,11983.6,14721.5,14912.9,11726.7,586.2,2667.8,6996.0,7015.7,4689.4,77.4,124.1,147.6,1177.2,3614.3,71.2,134.9,98.6,6100.2,104.7,110.4,240.7,1016.4,410.3,2327.8,21299.2,983.1,1098.1,498.7,19229.0,178.2,1495.9,122.2,4928.3,6176.3,6762.2,18648.8,24294.1,89.8,89.8,513.8,194.6,461.9,313.2,1201.7,118.6,7932.6,1656.1,290.5,685.6,408.7,1557.1,1411.5,372.5,0.0,0.0,0.0,0.0,0.0,0.0,0.0,0.0,0.0,0.0,0.0,0.0,0.0,0.0,0.0,0.0,0.0,0.0,0.0,0.0,0.0,0.0,0.0,0.0,0.0,0.0,0.0,0.0,0.0,0.0,0.0,0.0,0.0,0.0,0.0,0.0
0.0,0.0,0.0,0.0,0.0,0.0,0.0,0.0,0.0,0.0,0.0,0.0,0.0,0.0,0.0,0.0,0.0,0.0,346.1,1913.3,4850.9,1257.6,4411.0,2354.7,160.6,342.8,12176.2,1456.8,51.3,32.3,4.5,8.5,40.7,34.7,23.6,40.4,40.5,96.7,2302.6,7729.1,280352.3,1591.2,401.8,11401.0,9907.7,13971.7,6963.7,5698.9,19377.6,1558.8,466.9,11376.8,291.5,1258.1,227.4,1831.4,109.1,9019.8,864.5,310.4,319.1,1655.3,607.4,5099.0,2255.6,1666.2,8214.7,2763.1,658.1,9616.8,1064.7,6632.4,575.1,988.1,110823.3,7941.2,1671.3,76.1,129.9,199.5,2484.1,341.3,1211.9,407.2,255.1,3216.4,19058.0,1199.0,329.0,804.3,1531.4,14058.4,248.5,0.0,0.0,0.0,0.0,0.0,0.0,0.0,0.0,0.0,0.0,0.0,0.0,0.0,0.0,0.0,0.0,0.0,0.0,0.0,0.0,0.0,0.0,0.0,0.0,0.0,0.0,0.0,0.0,0.0,0.0,0.0,0.0,0.0,0.0,0.0,0.0
0.0,0.0,0.0,0.0,0.0,0.0,0.0,0.0,0.0,0.0,0.0,0.0,0.0,0.0,0.0,0.0,0.0,0.0,971.3,2636.9,15582.5,3870.8,11938.0,1543.0,594.7,885.4,360050.8,30864.9,2804.0,53649.8,5.8,51.2,284.0,40.8,33.3,44.2,263.0,1219.5,921.4,427.4,15177.2,1211.2,12039.8,3718.7,216043.1,87895.1,8409.9,2990.2,22459.6,159913.1,873.0,20911.8,2178.8,524.1,227.0,831.9,200.1,2059.3,281.5,1051.6,426.5,5594.2,685.1,3918.4,3295.7,2141.7,2576.1,303.6,172.8,232.0,2108.0,6085.1,3786.8,161.6,1545.3,303.3,374.0,187.6,193.9,226.5,1744.3,943.9,21350.4,1542.0,1379.2,557.0,637.6,2749.8,644.8,15028.4,1159.7,1697.2,191.7,0.0,0.0,0.0,0.0,0.0,0.0,0.0,0.0,0.0,0.0,0.0,0.0,0.0,0.0,0.0,0.0,0.0,0.0,0.0,0.0,0.0,0.0,0.0,0.0,0.0,0.0,0.0,0.0,0.0,0.0,0.0,0.0,0.0,0.0,0.0,0.0
0.0,0.0,0.0,0.0,0.0,0.0,0.0,0.0,0.0,0.0,0.0,0.0,0.0,0.0,0.0,0.0,0.0,0.0,2056.6,5046.1,4235.2,5256.3,971835.1,7195.9,2107.2,1208.6,760.3,3484.3,15466.4,123399.8,154.4,522.6,703.5,204.7,272.1,47.2,1524.0,1557.2,3225.4,371.8,1667.5,34265.5,365.8,7955.8,10456.9,9203.2,29408.8,5730.1,456.5,82029.4,8298.0,4765.9,509.2,15319.1,3126.2,517.3,1800.6,2314.4,902.7,1144.2,539.0,4630.5,1832.8,424.2,809.2,1111.2,1600.2,134.9,241.9,165.5,1854.4,1149.7,4424.7,346.3,1322.7,185.8,263.2,626.0,566.6,227.7,1505.0,1229.3,1736.7,512.5,876.2,1077.4,3905.8,3303.9,648.5,2153.2,1414.8,1410.3,162.1,0.0,0.0,0.0,0.0,0.0,0.0,0.0,0.0,0.0,0.0,0.0,0.0,0.0,0.0,0.0,0.0,0.0,0.0,0.0,0.0,0.0,0.0,0.0,0.0,0.0,0.0,0.0,0.0,0.0,0.0,0.0,0.0,0.0,0.0,0.0,0.0
0.0,0.0,0.0,0.0,0.0,0.0,0.0,0.0,0.0,0.0,0.0,0.0,0.0,0.0,0.0,0.0,0.0,0.0,2325.5,2506.4,2201.3,14957.0,23719.9,865102.7,3786.5,3953.8,1753.0,53.2,1744.7,735.3,80031.2,1967.4,11074.1,203235.1,63.1,44.1,271.1,185.1,1140.7,147.8,805.2,7906.6,16293.6,251.0,1643.8,1987.0,901.1,1236.1,307.2,2291.8,24225.8,183.6,5402.1,3513.3,6028.1,5282.6,3619.0,3140.9,1811.0,272.5,375.6,841.4,869.6,2062.9,2970.0,2687.7,5795.1,399.4,391.0,107.2,104.6,569.2,2047.5,1990.5,1132.7,208.2,715.4,1054.4,152.0,209.9,348.6,1100.4,2080.6,3760.1,905.5,828.9,1933.1,649.8,2026.6,2327.0,1603.9,4371.0,187.4,0.0,0.0,0.0,0.0,0.0,0.0,0.0,0.0,0.0,0.0,0.0,0.0,0.0,0.0,0.0,0.0,0.0,0.0,0.0,0.0,0.0,0.0,0.0,0.0,0.0,0.0,0.0,0.0,0.0,0.0,0.0,0.0,0.0,0.0,0.0,0.0
0.0,0.0,0.0,0.0,0.0,0.0,0.0,0.0,0.0,0.0,0.0,0.0,0.0,0.0,0.0,0.0,0.0,0.0,2824.2,4220.1,17498.0,9357.0,775818.3,7479598.4,5426.0,42482.0,7193.6,15732.5,432.9,262.3,2103.7,229588.4,1199.6,3020.2,101.3,150.0,3755.9,3673.4,66295.0,44355.4,1440.0,14124.4,3373.7,636.0,483.2,512.9,596.7,1434.2,4478.3,1226.6,8569.7,195.7,11268.3,1373.0,23542.1,4038.9,3884.6,29048.3,4478.4,238.2,2683.4,6375.6,1659.9,2322.8,639.4,2187.9,3609.9,376.1,625.4,114.3,128.7,1135.7,1469.4,370.3,383.0,180.1,253.6,3781.7,423.2,478.3,272.2,961.8,2081.8,1450.2,4099.2,2634.0,46009.0,7514.3,1405.5,2830.1,2316.6,1147.7,93.7,0.0,0.0,0.0,0.0,0.0,0.0,0.0,0.0,0.0,0.0,0.0,0.0,0.0,0.0,0.0,0.0,0.0,0.0,0.0,0.0,0.0,0.0,0.0,0.0,0.0,0.0,0.0,0.0,0.0,0.0,0.0,0.0,0.0,0.0,0.0,0.0
0.0,0.0,0.0,0.0,0.0,0.0,0.0,0.0,0.0,0.0,0.0,0.0,0.0,0.0,0.0,0.0,0.0,0.0,7085.6,7822.1,16205.1,97011.0,188968.4,66469.4,1928.3,2915.9,563.5,2216.3,3098.4,229.6,6938.4,10374.9,10432.9,1208.0,2450.4,223.5,371.1,312.1,1949.4,7707.9,4851.0,6145.1,3037.6,1291.1,167.1,131.5,1166.0,6289.7,2622.2,4586.9,1026.4,3876.0,2678.3,2049.7,960.6,4363.8,5189.2,365.3,1355.8,367.8,2348.5,870.7,2196.8,9921.8,1771.4,6739.5,24443.6,211.5,435.4,206.6,1403.6,3645.4,6918.1,861.2,217.4,140.5,99.7,557.0,776.9,2062.5,2997.1,725.0,111130.3,2839.0,2603.7,671.7,8494.4,1452.7,1123.8,1991.1,1666.6,4867.6,665.9,0.0,0.0,0.0,0.0,0.0,0.0,0.0,0.0,0.0,0.0,0.0,0.0,0.0,0.0,0.0,0.0,0.0,0.0,0.0,0.0,0.0,0.0,0.0,0.0,0.0,0.0,0.0,0.0,0.0,0.0,0.0,0.0,0.0,0.0,0.0,0.0
0.0,0.0,0.0,0.0,0.0,0.0,0.0,0.0,0.0,0.0,0.0,0.0,0.0,0.0,0.0,0.0,0.0,0.0,9271.4,17628.4,85383.0,5485.5,3595.2,5312.1,10168.7,1184.9,1368.9,438647.2,301670.8,1464.5,2134.8,1066.2,13490.0,2430.5,2602.4,1036.1,3845.7,1780.3,3475.0,1120.1,2809.2,137268.7,10327.0,4667.9,3633.2,960.4,2693.7,2949.2,479.4,7533.6,2269.8,1452.9,2542.9,2240.4,1098.8,1302.1,32476.5,1289.5,2117.5,2380.1,2866.5,705.3,3684.0,3242.9,1424.2,9171.7,1793.4,243.2,301.1,167.3,368.2,373.4,737.0,717.0,316.3,18790.4,235.2,325.3,3886.4,1013.4,1796.2,1443.0,2845.1,809.2,632.4,759.5,498.3,1176.1,3416.7,1878.0,1196.7,3032.8,67.8,0.0,0.0,0.0,0.0,0.0,0.0,0.0,0.0,0.0,0.0,0.0,0.0,0.0,0.0,0.0,0.0,0.0,0.0,0.0,0.0,0.0,0.0,0.0,0.0,0.0,0.0,0.0,0.0,0.0,0.0,0.0,0.0,0.0,0.0,0.0,0.0
0.0,0.0,0.0,0.0,0.0,0.0,0.0,0.0,0.0,0.0,0.0,0.0,0.0,0.0,0.0,0.0,0.0,0.0,24265.0,6335.8,2866.9,2299.2,153.7,15020.7,57771.2,14173.2,13886.5,1729.1,1494.9,775.8,5605.9,16193.3,4560.8,16655.7,32138.7,33641.1,3675.2,3219.5,5385.8,13290.5,2988.4,6869.4,2598.4,942.2,3280.0,440.0,12579.3,21440.9,8624.8,21098.6,1741.0,2311.4,18039.5,3302.5,1652.7,1935.9,2214.3,1061.2,2330.0,10032.8,1145.1,1010.4,2190.4,5290.4,14913.6,2908.9,4988.5,789.0,228.9,670.7,3024.7,742.9,3825.4,733.4,1604.1,897.7,876.6,1804.9,1640.2,1040.1,565.2,1134.9,1356.4,428.7,504.5,2455.1,683.8,3926.9,6107.3,2453.5,3862.3,58843.5,12.5,0.0,0.0,0.0,0.0,0.0,0.0,0.0,0.0,0.0,0.0,0.0,0.0,0.0,0.0,0.0,0.0,0.0,0.0,0.0,0.0,0.0,0.0,0.0,0.0,0.0,0.0,0.0,0.0,0.0,0.0,0.0,0.0,0.0,0.0,0.0,0.0
0.0,0.0,0.0,0.0,0.0,0.0,0.0,0.0,0.0,0.0,0.0,0.0,0.0,0.0,0.0,0.0,0.0,0.0,6761.1,1813.6,3569.2,2714.1,746.2,1172.5,81044.3,1644.4,54.7,5882.2,903.3,2031.1,430.7,6463.8,83142.5,851330.5,55102.4,24053.6,6105.5,1231.7,5295.2,29233.6,6194.4,14137.7,8811.0,1824.2,4493.8,3895.4,4893.9,4614.3,5094.4,7297.6,12095.1,2466.0,2511.2,1164.9,171.9,1200.7,1825.3,6743.5,2041.2,19286.9,2751.6,3083.5,5820.5,4861.7,45415.0,3019.2,2813.1,3559.8,219.0,529.2,1009.3,2731.9,805.0,4116.6,1719.2,1197.4,318.1,1262.4,929.0,837.2,1892.8,472.6,982.7,367.8,1051.2,886.5,1146.4,681.9,7241.6,3828.2,2474.2,6930.6,0.0,0.0,0.0,0.0,0.0,0.0,0.0,0.0,0.0,0.0,0.0,0.0,0.0,0.0,0.0,0.0,0.0,0.0,0.0,0.0,0.0,0.0,0.0,0.0,0.0,0.0,0.0,0.0,0.0,0.0,0.0,0.0,0.0,0.0,0.0,0.0,0.0
0.0,0.0,0.0,0.0,0.0,0.0,0.0,0.0,0.0,0.0,0.0,0.0,0.0,0.0,0.0,0.0,0.0,0.0,11030.2,648.8,30086.1,8086.8,7799.3,562323.7,1146276.0,7246.1,398.0,10057.4,16289.2,1060.9,5103.3,14033.3,99154.0,1227640.8,73528.0,12865.3,50949.1,13195.3,4965.5,2511.9,36741.6,6616.0,3758.9,14839.2,4476.7,119980.8,16420.8,117889.5,10276.3,8311.8,20071.9,5145.6,4893.2,8413.1,3454.1,2541.1,10424.7,5734.0,21044.9,6278.8,870.5,3387.4,3428.6,2246.3,10302.8,5644.0,2628.0,3296.9,722.6,5957.7,1342.1,1664.5,2583.1,1741.5,587.0,2401.5,693.7,907.8,2303.8,974.6,1267.4,878.6,6434.0,785.5,2771.4,5202.9,9299.9,1591.0,388.8,2445.2,3572.5,2066.1,0.0,0.0,0.0,0.0,0.0,0.0,0.0,0.0,0.0,0.0,0.0,0.0,0.0,0.0,0.0,0.0,0.0,0.0,0.0,0.0,0.0,0.0,0.0,0.0,0.0,0.0,0.0,0.0,0.0,0.0,0.0,0.0,0.0,0.0,0.0,0.0,0.0
0.0,0.0,0.0,0.0,0.0,0.0,0.0,0.0,0.0,0.0,0.0,0.0,0.0,0.0,0.0,0.0,0.0,0.0,1672.0,1950.0,3212.2,8984.0,64106.8,62099.5,308012.7,17150.4,46.3,31913.6,44005.8,18385.1,26022.9,13534.9,19501.4,116125.9,242884.6,641859.5,257851.1,139165.3,7249.3,6535.2,13054.0,30791.8,66258.4,14746.2,8967.9,6534.7,8809.8,46499.9,40186.8,8077.4,33668.6,7408.6,43738.8,1529.3,4875.6,4639.7,4485.9,15045.4,2875.1,6229.4,766.9,5830.9,3020.8,4022.8,31272.2,62759.5,4438.6,2250.0,2247.2,1994.9,929.9,5967.8,2868.6,2624.2,3142.5,14906.8,3637.3,1880.7,31489.3,1482.1,2898.1,1024.1,11452.8,1049.2,798.6,1056.9,1227.9,641.9,2121.1,2828.0,5075.6,4783.2,0.0,0.0,0.0,0.0,0.0,0.0,0.0,0.0,0.0,0.0,0.0,0.0,0.0,0.0,0.0,0.0,0.0,0.0,0.0,0.0,0.0,0.0,0.0,0.0,0.0,0.0,0.0,0.0,0.0,0.0,0.0,0.0,0.0,0.0,0.0,0.0,0.0
0.0,0.0,0.0,0.0,0.0,0.0,0.0,0.0,0.0,0.0,0.0,0.0,0.0,0.0,0.0,0.0,0.0,0.0,0.0,0.0,817.5,3356.7,2846.0,753939.0,71555.7,940.1,0.0,37.7,335827.0,21506.1,6749.4,9126.3,7046.0,22083.6,45382.1,679982.6,453382.9,287402.7,36866.2,14619.9,20952.2,132371.5,478129.8,59160.4,12057.0,6916.5,10057.4,5468.3,29073.1,643435.6,398252.2,11339.2,21403.7,2917.7,2876.7,27970.4,54257.9,60399.2,15754.0,54777.9,4276.5,7056.0,4154.5,4535.7,7154.8,18948.5,4956.2,5415.3,5985.4,5012.0,6628.3,4778.8,4067.2,20178.7,1173.8,1589.7,2124.0,754.5,3252.6,3035.8,2767.6,1312.7,7777.1,1308.1,2186.7,1310.5,966.4,1674.7,2545.6,36662.8,8231.0,18230.2,0.0,0.0,0.0,0.0,0.0,0.0,0.0,0.0,0.0,0.0,0.0,0.0,0.0,0.0,0.0,0.0,0.0,0.0,0.0,0.0,0.0,0.0,0.0,0.0,0.0,0.0,0.0,0.0,0.0,0.0,0.0,0.0,0.0,0.0,0.0,0.0,0.0
0.0,0.0,0.0,0.0,0.0,0.0,0.0,0.0,0.0,0.0,0.0,0.0,0.0,0.0,0.0,0.0,0.0,0.0,0.0,0.0,0.0,0.0,6.9,7800.8,3260.9,0.0,0.0,0.0,29997.8,25680.3,3807.7,84521.6,16130.1,19406.5,20623.1,43700.1,17936.6,29222.1,122239.0,124684.1,32215.8,358209.5,1974834.8,596980.7,42113.4,10831.8,41109.3,27608.1,44794.0,166660.2,38186.1,72088.4,9808.0,43655.1,27546.0,191330.8,316280.9,27370.6,4311.0,13591.6,6781.4,3130.3,5745.2,2293.7,5569.4,12158.2,33471.1,7500.5,35221.2,4317.5,25707.9,3934.8,7005.2,3904.2,2579.5,4909.2,5356.1,3042.1,2994.2,1489.5,2946.6,4511.3,4203.5,2112.4,4318.4,7226.6,2322.9,6858.3,3970.2,15070.8,4760.1,47294.2,0.0,0.0,0.0,0.0,0.0,0.0,0.0,0.0,0.0,0.0,0.0,0.0,0.0,0.0,0.0,0.0,0.0,0.0,0.0,0.0,0.0,0.0,0.0,0.0,0.0,0.0,0.0,0.0,0.0,0.0,0.0,0.0,0.0,0.0,0.0,0.0,0.0
0.0,0.0,0.0,0.0,0.0,0.0,0.0,0.0,0.0,0.0,0.0,0.0,0.0,0.0,0.0,0.0,0.0,0.0,0.0,0.0,0.0,0.0,0.0,0.0,0.0,0.0,0.0,0.0,0.0,1.5,17959.7,14742.4,4444.0,13693.5,14621.2,14960.6,13992.3,11776.1,17342.9,12960.0,22425.3,259805.6,2111660.0,1375408.2,99324.7,37363.8,16181.0,29366.6,17327.5,71577.4,17332.9,31076.9,7366.5,4164.4,15489.8,6232.2,37151.4,3849.2,4740.9,41435.7,57275.3,3340.5,9100.8,18897.4,265254.0,14982.1,13214.9,9281.9,11071.4,7509.6,16543.5,8849.3,214683.2,19365.9,37196.2,5455.6,24192.9,2560.5,7528.1,2115.1,3733.9,4748.8,213147.0,3126.7,4301.9,66553.6,4662.6,2053.4,3486.2,6581.1,27471.7,721473.2,0.0,0.0,0.0,0.0,0.0,0.0,0.0,0.0,0.0,0.0,0.0,0.0,0.0,0.0,0.0,0.0,0.0,0.0,0.0,0.0,0.0,0.0,0.0,0.0,0.0,0.0,0.0,0.0,0.0,0.0,0.0,0.0,0.0,0.0,0.0,0.0,0.0
0.0,0.0,0.0,0.0,0.0,0.0,0.0,0.0,0.0,0.0,0.0,0.0,0.0,0.0,0.0,0.0,0.0,0.0,0.0,0.0,0.0,0.0,0.0,0.0,0.0,0.0,0.0,0.0,0.0,0.0,1546.8,10689.9,30522.1,16161.4,39103.2,43422.4,243422.9,12210.7,7703.5,27180.8,44098.8,73897.9,228437.7,89056.0,40631.9,43411.4,13552.6,7478.4,16403.7,13581.9,12300.5,46100.3,13591.2,5658.5,2519.1,2378.6,3589.9,3444.2,30178.7,3546.4,44179.8,3288.2,3334.8,7218.2,59038.8,57134.9,107077.5,7630.5,8419.1,120072.7,11583.7,20773.9,40620.3,10365.6,7644.1,4327.6,5203.1,8903.9,2579.4,2444.2,12419.4,5296.2,12736.2,4981.9,2219.3,11556.7,2497.2,1895.3,663.9,2495.6,43077.2,8675.9,0.0,0.0,0.0,0.0,0.0,0.0,0.0,0.0,0.0,0.0,0.0,0.0,0.0,0.0,0.0,0.0,0.0,0.0,0.0,0.0,0.0,0.0,0.0,0.0,0.0,0.0,0.0,0.0,0.0,0.0,0.0,0.0,0.0,0.0,0.0,0.0,0.0
0.0,0.0,0.0,0.0,0.0,0.0,0.0,0.0,0.0,0.0,0.0,0.0,0.0,0.0,0.0,0.0,0.0,0.0,0.0,0.0,0.0,0.0,0.0,0.0,0.0,0.0,0.0,0.0,0.0,0.0,80.0,21592.5,34064.6,621308.8,623017.8,101392.9,13417.5,16377.6,9409.4,38143.3,39571.8,37717.0,40775.1,31860.3,10749.8,5938.8,5934.2,4293.3,30575.0,15800.5,34476.0,661442.1,98595.3,49272.9,19957.5,7497.6,3060.1,6024.9,9109.1,126616.6,23582.9,8037.3,9521.5,7854.8,14224.6,267801.9,510766.9,6903.2,8272.7,8650.8,12196.4,24339.2,14546.2,8230.6,6029.6,19924.9,12022.8,3403.8,8912.7,4882.6,20997.1,11341.0,23091.1,5757.8,5696.5,4007.6,11629.3,2461.6,4559.9,689.0,319.8,1247.7,0.0,0.0,0.0,0.0,0.0,0.0,0.0,0.0,0.0,0.0,0.0,0.0,0.0,0.0,0.0,0.0,0.0,0.0,0.0,0.0,0.0,0.0,0.0,0.0,0.0,0.0,0.0,0.0,0.0,0.0,0.0,0.0,0.0,0.0,0.0,0.0,0.0
0.0,0.0,0.0,0.0,0.0,0.0,0.0,0.0,0.0,0.0,0.0,0.0,0.0,0.0,0.0,0.0,0.0,0.0,0.0,0.0,0.0,0.0,0.0,0.0,0.0,0.0,0.0,0.0,0.0,0.0,0.0,24942.0,128820.4,2009012.6,1997869.7,488567.7,72358.9,22374.0,16774.3,22467.8,108763.5,159952.7,37773.9,37318.5,42808.2,15824.5,8191.2,4145.5,15180.8,27960.9,67460.9,52901.2,70377.3,7633.6,23380.6,14873.4,20436.3,8243.7,24075.3,149002.6,24017.1,7186.1,11552.5,5672.6,11584.4,7652.3,13791.6,11137.5,14365.5,8532.8,11865.6,8970.3,18377.1,5305.5,7554.6,6277.7,9360.0,5926.8,8897.6,34177.3,9525.6,13810.3,8561.8,3163.3,8974.6,987.2,871.7,938.1,7044.2,132.9,375.5,197.4,0.0,0.0,0.0,0.0,0.0,0.0,0.0,0.0,0.0,0.0,0.0,0.0,0.0,0.0,0.0,0.0,0.0,0.0,0.0,0.0,0.0,0.0,0.0,0.0,0.0,0.0,0.0,0.0,0.0,0.0,0.0,0.0,0.0,0.0,0.0,0.0,0.0
0.0,0.0,0.0,0.0,0.0,0.0,0.0,0.0,0.0,0.0,0.0,0.0,0.0,0.0,0.0,0.0,0.0,0.0,0.0,0.0,0.0,0.0,0.0,0.0,0.0,0.0,0.0,0.0,0.0,0.0,0.0,0.0,79245.1,648041.1,435927.9,66544.5,54324.3,12480.5,17655.7,19627.5,50874.9,99304.0,31250.0,45611.8,7207.5,16338.8,2520.7,4870.8,5856.3,22124.7,34282.2,31112.9,30130.3,34687.2,11001.0,8462.6,4541.4,6188.4,33853.8,196632.4,82645.8,81174.3,29446.3,20479.8,10584.0,10303.9,14495.5,9589.7,16290.7,10381.6,16391.7,15544.9,26110.6,11757.9,6318.0,10539.4,10402.8,38049.0,12214.8,20123.4,12198.6,12521.6,16880.8,6395.7,33631.3,6795.9,13.3,275.1,1931.9,227.7,625.7,399.0,0.0,0.0,0.0,0.0,0.0,0.0,0.0,0.0,0.0,0.0,0.0,0.0,0.0,0.0,0.0,0.0,0.0,0.0,0.0,0.0,0.0,0.0,0.0,0.0,0.0,0.0,0.0,0.0,0.0,0.0,0.0,0.0,0.0,0.0,0.0,0.0,0.0
0.0,0.0,0.0,0.0,0.0,0.0,0.0,0.0,0.0,0.0,0.0,0.0,0.0,0.0,0.0,0.0,0.0,0.0,0.0,0.0,0.0,0.0,0.0,0.0,0.0,0.0,0.0,0.0,0.0,0.0,0.0,0.0,11829.7,4826.2,25942.3,13636.0,18250.5,11379.9,83340.6,51193.4,18324.3,112048.2,22328.4,20048.3,20946.0,20631.8,5312.9,5230.7,30365.4,159660.4,24432.8,53742.9,50634.4,48895.8,132332.3,35835.8,26554.4,13802.4,44894.9,1145243.7,430734.5,28928.1,11423.0,8134.2,4941.3,14226.8,8510.4,8979.6,8223.1,9805.1,5470.4,7341.2,16176.4,11609.8,24009.4,8668.5,25655.8,24247.5,45366.7,26538.4,20138.0,15766.1,8887.8,9055.6,6057.6,2253.7,146.8,2914.7,1090.6,200.0,579.3,14393.1,0.0,0.0,0.0,0.0,0.0,0.0,0.0,0.0,0.0,0.0,0.0,0.0,0.0,0.0,0.0,0.0,0.0,0.0,0.0,0.0,0.0,0.0,0.0,0.0,0.0,0.0,0.0,0.0,0.0,0.0,0.0,0.0,0.0,0.0,0.0,0.0,0.0
0.0,0.0,0.0,0.0,0.0,0.0,0.0,0.0,0.0,0.0,0.0,0.0,0.0,0.0,0.0,0.0,0.0,0.0,0.0,0.0,0.0,0.0,0.0,0.0,0.0,0.0,0.0,0.0,0.0,0.0,0.0,0.0,0.0,21.7,177966.3,89586.2,11169.9,18699.8,11743.7,17196.2,24406.4,45138.5,17558.0,29665.0,105809.9,10410.3,5253.3,14760.2,19108.8,69029.5,17912.1,256109.6,239913.6,35714.0,36273.7,12983.0,12637.3,6816.3,22065.3,134909.8,50024.6,25587.6,9040.6,7396.0,7234.9,5842.2,26002.3,62835.6,21317.4,35762.4,13031.7,10160.0,8539.5,9086.8,93778.4,21253.3,54097.4,86069.5,158005.6,13277.5,27320.3,23667.4,4242.7,4529.9,2672.9,609.4,280.3,2369.7,503.9,636.8,1051.5,104.4,0.0,0.0,0.0,0.0,0.0,0.0,0.0,0.0,0.0,0.0,0.0,0.0,0.0,0.0,0.0,0.0,0.0,0.0,0.0,0.0,0.0,0.0,0.0,0.0,0.0,0.0,0.0,0.0,0.0,0.0,0.0,0.0,0.0,0.0,0.0,0.0,0.0
0.0,0.0,0.0,0.0,0.0,0.0,0.0,0.0,0.0,0.0,0.0,0.0,0.0,0.0,0.0,0.0,0.0,0.0,0.0,0.0,0.0,0.0,0.0,0.0,0.0,0.0,0.0,0.0,0.0,0.0,0.0,0.0,0.0,327.4,90859.1,32948.0,13431.2,8421.6,12702.0,11910.7,20368.6,342589.2,15393.3,9638.9,18220.7,16030.6,10103.6,6171.4,6955.3,35366.7,4802.9,13610.2,28385.4,22231.8,72023.2,20091.7,13683.2,17090.9,25091.7,40097.4,13560.0,7871.4,20899.2,4574.6,6512.4,11257.7,143061.0,426523.7,88035.3,13066.4,10513.4,22354.5,9026.5,26115.0,26620.6,61900.3,690316.3,622179.5,68034.1,21153.7,8208.8,8524.5,2876.2,29188.8,4009.2,789.4,994.1,18718.4,445.8,2.7,1.7,887.8,0.0,0.0,0.0,0.0,0.0,0.0,0.0,0.0,0.0,0.0,0.0,0.0,0.0,0.0,0.0,0.0,0.0,0.0,0.0,0.0,0.0,0.0,0.0,0.0,0.0,0.0,0.0,0.0,0.0,0.0,0.0,0.0,0.0,0.0,0.0,0.0,0.0
0.0,0.0,0.0,0.0,0.0,0.0,0.0,0.0,0.0,0.0,0.0,0.0,0.0,0.0,0.0,0.0,0.0,0.0,0.0,0.0,0.0,0.0,0.0,0.0,0.0,0.0,0.0,0.0,0.0,0.0,0.0,0.0,0.0,0.0,4915.9,175905.2,18707.9,52855.4,9564.5,27019.7,11928.1,28748.4,21336.9,26775.5,6377.4,10620.5,41057.6,50588.6,12070.0,77464.2,2441.3,24350.6,42745.1,72872.2,355623.6,38358.2,17016.0,15769.1,46470.5,8088.1,19302.8,9763.1,4799.9,7233.2,7247.0,8989.7,29990.1,34707.4,40209.6,15831.7,10642.7,35582.2,9811.5,40800.8,70240.6,81229.4,1119794.7,544898.4,79584.5,26969.7,10060.6,5449.8,2849.8,4051.4,25461.8,1353.7,1028.5,796.2,332.2,6.2,96.3,8762.0,0.0,0.0,0.0,0.0,0.0,0.0,0.0,0.0,0.0,0.0,0.0,0.0,0.0,0.0,0.0,0.0,0.0,0.0,0.0,0.0,0.0,0.0,0.0,0.0,0.0,0.0,0.0,0.0,0.0,0.0,0.0,0.0,0.0,0.0,0.0,0.0,0.0
0.0,0.0,0.0,0.0,0.0,0.0,0.0,0.0,0.0,0.0,0.0,0.0,0.0,0.0,0.0,0.0,0.0,0.0,0.0,0.0,0.0,0.0,0.0,0.0,0.0,0.0,0.0,0.0,0.0,0.0,0.0,0.0,0.0,26.3,1161.3,28723.7,16919.6,9453.3,11428.1,20395.6,14520.2,41174.8,17033.2,30149.3,20124.1,3070.5,33618.3,67808.0,20088.4,20347.2,2774.7,13581.7,16525.3,9805.8,28219.3,30048.9,37839.0,51841.5,23686.1,19543.8,14229.5,10093.4,6439.7,25395.9,12306.3,13710.3,26535.5,21159.9,16425.0,52855.7,24953.5,19036.8,8731.7,21983.3,162445.1,31432.6,102155.1,90448.3,31026.8,10211.1,3619.1,21460.4,24411.5,2836.4,26287.9,3847.4,276.2,21.6,352.4,22.3,271.2,811.5,0.0,0.0,0.0,0.0,0.0,0.0,0.0,0.0,0.0,0.0,0.0,0.0,0.0,0.0,0.0,0.0,0.0,0.0,0.0,0.0,0.0,0.0,0.0,0.0,0.0,0.0,0.0,0.0,0.0,0.0,0.0,0.0,0.0,0.0,0.0,0.0,0.0
0.0,0.0,0.0,0.0,0.0,0.0,0.0,0.0,0.0,0.0,0.0,0.0,0.0,0.0,0.0,0.0,0.0,0.0,0.0,0.0,0.0,0.0,0.0,0.0,0.0,0.0,0.0,0.0,0.0,0.0,0.0,0.0,0.0,152.2,14767.3,59514.0,49149.5,14807.1,119791.8,12264.2,8327.8,41948.7,16780.8,7450.0,4918.9,11479.4,17185.0,335230.4,236222.7,34961.8,19330.8,10556.5,41313.3,7699.4,18644.8,7498.3,64326.2,12950.8,92732.1,177319.0,37328.1,10416.2,3574.2,7577.4,7716.0,36916.6,8852.5,15958.3,15434.2,93270.4,17850.9,11352.8,10748.2,14372.5,21516.5,20522.0,38053.9,18009.5,19018.7,13194.6,2229.2,24245.7,122539.6,1165.2,5359.7,7089.6,92.1,120.0,36.1,7.5,75.0,51.7,0.0,0.0,0.0,0.0,0.0,0.0,0.0,0.0,0.0,0.0,0.0,0.0,0.0,0.0,0.0,0.0,0.0,0.0,0.0,0.0,0.0,0.0,0.0,0.0,0.0,0.0,0.0,0.0,0.0,0.0,0.0,0.0,0.0,0.0,0.0,0.0,0.0
0.0,0.0,0.0,0.0,0.0,0.0,0.0,0.0,0.0,0.0,0.0,0.0,0.0,0.0,0.0,0.0,0.0,0.0,0.0,0.0,0.0,0.0,0.0,0.0,0.0,0.0,0.0,0.0,0.0,0.0,0.0,0.0,0.0,4.8,67417.9,314173.5,47839.7,35098.5,11708.8,17129.8,10928.4,129718.2,29982.6,17238.1,22649.4,13267.5,62690.3,22145.2,120922.6,55543.9,21830.6,11679.5,12592.8,30186.5,16099.4,16591.3,42494.1,13798.2,13920.1,28814.8,17993.9,9502.9,7942.1,7819.5,7191.4,30158.4,23277.8,130740.9,218805.8,18840.3,13858.2,15093.1,20983.8,12299.4,51911.8,13573.5,127090.2,19156.8,24204.3,9434.5,8842.8,6470.1,5185.7,2494.5,196.6,229.2,20.7,31.8,2610.4,39.0,887.6,1.2,0.0,0.0,0.0,0.0,0.0,0.0,0.0,0.0,0.0,0.0,0.0,0.0,0.0,0.0,0.0,0.0,0.0,0.0,0.0,0.0,0.0,0.0,0.0,0.0,0.0,0.0,0.0,0.0,0.0,0.0,0.0,0.0,0.0,0.0,0.0,0.0,0.0
0.0,0.0,0.0,0.0,0.0,0.0,0.0,0.0,0.0,0.0,0.0,0.0,0.0,0.0,0.0,0.0,0.0,0.0,0.0,0.0,0.0,0.0,0.0,0.0,0.0,0.0,0.0,0.0,0.0,0.0,0.0,0.0,0.0,65.3,67734.6,19927.4,22065.3,12860.7,7630.7,28345.3,15885.5,19527.6,10090.9,3301.2,8917.7,12119.6,6302.3,14838.8,5587.5,27510.4,36388.0,10594.2,20214.4,6283.8,6856.9,11626.9,12137.0,34548.1,19086.8,33042.1,16072.0,30910.8,63229.6,25350.7,49348.2,16455.4,34991.2,36171.2,28550.0,26154.3,11481.1,17218.3,8639.4,120738.1,22129.1,16650.0,28267.7,13820.9,10280.2,4140.3,2788.1,12768.6,5141.7,1790.3,996.5,34.6,56.2,51.4,57.4,3.0,2.5,0.8,0.0,0.0,0.0,0.0,0.0,0.0,0.0,0.0,0.0,0.0,0.0,0.0,0.0,0.0,0.0,0.0,0.0,0.0,0.0,0.0,0.0,0.0,0.0,0.0,0.0,0.0,0.0,0.0,0.0,0.0,0.0,0.0,0.0,0.0,0.0,0.0,0.0
0.0,0.0,0.0,0.0,0.0,0.0,0.0,0.0,0.0,0.0,0.0,0.0,0.0,0.0,0.0,0.0,0.0,0.0,0.0,0.0,0.0,0.0,0.0,0.0,0.0,0.0,0.0,0.0,0.0,0.0,0.0,0.0,0.0,27053.7,26633.9,182354.8,324274.0,25294.9,8433.5,19627.4,8750.9,11144.5,6763.3,8784.0,37458.6,3341.0,1429.9,4652.8,8004.7,5948.1,10825.9,18467.5,16451.0,10197.9,7019.8,3178.5,18023.9,25142.8,90655.5,271140.8,21061.0,15592.5,12026.2,14018.1,21756.8,16962.7,36881.8,129861.0,13671.9,88475.2,22728.0,13525.8,17018.3,32086.3,21918.3,16727.8,15641.8,7378.6,3253.0,7272.5,2877.5,3222.3,721.6,0.0,415.7,2852.3,153.5,102.5,33.6,159.6,0.8,1.3,0.0,0.0,0.0,0.0,0.0,0.0,0.0,0.0,0.0,0.0,0.0,0.0,0.0,0.0,0.0,0.0,0.0,0.0,0.0,0.0,0.0,0.0,0.0,0.0,0.0,0.0,0.0,0.0,0.0,0.0,0.0,0.0,0.0,0.0,0.0,0.0,0.0
0.0,0.0,0.0,0.0,0.0,0.0,0.0,0.0,0.0,0.0,0.0,0.0,0.0,0.0,0.0,0.0,0.0,0.0,0.0,0.0,0.0,0.0,0.0,0.0,0.0,0.0,0.0,0.0,0.0,0.0,0.0,0.0,152.0,103870.8,79162.5,187587.4,156443.7,11946.8,11742.9,7400.1,12470.3,43402.3,3226.7,11173.8,18038.2,34087.4,22317.6,16362.8,27514.1,19275.2,71507.3,92620.1,9155.4,42120.1,11962.0,12942.6,79419.1,97320.8,866203.9,638850.7,22218.1,35704.0,20539.8,8075.4,11904.4,47743.6,108440.3,114240.7,37336.9,18636.6,30956.3,21382.8,24056.1,26732.8,9211.6,10889.0,46971.1,19613.0,5184.6,2042.3,3647.9,15015.8,4.6,0.0,0.0,672.2,556.6,625.9,47.3,0.8,4.7,5.1,0.1,0.0,0.0,0.0,0.0,0.0,0.0,0.0,0.0,0.0,0.0,0.0,0.0,0.0,0.0,0.0,0.0,0.0,0.0,0.0,0.0,0.0,0.0,0.0,0.0,0.0,0.0,0.0,0.0,0.0,0.0,0.0,0.0,0.0,0.0,0.0,0.0
0.0,0.0,0.0,0.0,0.0,0.0,0.0,0.0,0.0,0.0,0.0,0.0,0.0,0.0,0.0,0.0,0.0,0.0,0.0,0.0,0.0,0.0,0.0,0.0,0.0,0.0,0.0,0.0,0.0,0.0,0.0,0.0,42.1,46646.5,246422.3,49264.0,162992.0,34994.7,49343.1,41416.7,57214.0,319656.4,37386.9,8020.9,29202.3,9730.4,9463.7,32255.4,249463.1,238945.7,19468.1,21100.7,28290.1,28928.3,14125.6,16878.6,24924.2,34038.8,401068.0,262599.0,25044.0,22444.3,35036.9,13203.8,58030.5,16378.2,23562.2,46030.7,13085.4,44675.5,29970.4,50882.9,52240.3,24618.1,16426.1,95363.0,72708.8,52177.8,13434.8,27673.9,4993.8,1018.2,1038.9,0.0,0.0,466.5,5381.4,105666.3,348.7,9.3,0.4,126.4,0.5,0.0,0.0,0.0,0.0,0.0,0.0,0.0,0.0,0.0,0.0,0.0,0.0,0.0,0.0,0.0,0.0,0.0,0.0,0.0,0.0,0.0,0.0,0.0,0.0,0.0,0.0,0.0,0.0,0.0,0.0,0.0,0.0,0.0,0.0,0.0,0.0
0.0,0.0,0.0,0.0,0.0,0.0,0.0,0.0,0.0,0.0,0.0,0.0,0.0,0.0,0.0,0.0,0.0,0.0,0.0,0.0,0.0,0.0,0.0,0.0,0.0,0.0,0.0,0.0,0.0,0.0,0.0,0.0,1220.5,1506.1,464820.6,158733.0,85709.0,36936.9,29530.0,17654.2,34479.0,116610.2,22501.8,17135.6,14881.1,23297.9,41765.2,31434.2,359480.2,445063.1,54753.4,22766.7,20164.4,18565.6,36178.7,79846.4,15434.3,25290.3,39728.0,36291.4,27533.2,52069.4,137898.9,29540.6,267994.0,44917.6,30184.8,14678.7,54045.8,39008.5,39953.6,454877.2,62066.0,19604.6,22461.3,30757.4,15843.5,18080.3,6711.9,11105.1,4813.1,1700.4,2810.3,155.9,0.0,0.0,220.6,9451.6,133.6,1.7,6.8,85.3,0.0,0.0,0.0,0.0,0.0,0.0,0.0,0.0,0.0,0.0,0.0,0.0,0.0,0.0,0.0,0.0,0.0,0.0,0.0,0.0,0.0,0.0,0.0,0.0,0.0,0.0,0.0,0.0,0.0,0.0,0.0,0.0,0.0,0.0,0.0,0.0,0.0
0.0,0.0,0.0,0.0,0.0,0.0,0.0,0.0,0.0,0.0,0.0,0.0,0.0,0.0,0.0,0.0,0.0,0.0,0.0,0.0,0.0,0.0,0.0,0.0,0.0,0.0,0.0,0.0,0.0,0.0,0.0,0.0,8.2,3797.8,82.7,55092.1,65040.8,22201.0,128920.9,31157.6,18082.0,21855.7,31281.1,12577.5,11262.0,13797.3,33009.7,23112.3,24200.3,29902.9,24119.2,48202.5,29887.0,12574.9,20884.3,21936.5,120725.7,31359.2,55809.5,22778.2,15814.9,23524.8,103641.3,28113.2,168282.5,22902.9,68921.5,23731.4,117102.7,364151.1,151373.8,108469.5,53649.4,43878.5,88034.7,49707.7,33807.4,4249.9,7698.3,1550.4,7833.8,644.7,8540.2,34332.1,1294.9,0.0,0.0,93.0,1504.0,1976.6,201.7,0.9,0.0,0.0,0.0,0.0,0.0,0.0,0.0,0.0,0.0,0.0,0.0,0.0,0.0,0.0,0.0,0.0,0.0,0.0,0.0,0.0,0.0,0.0,0.0,0.0,0.0,0.0,0.0,0.0,0.0,0.0,0.0,0.0,0.0,0.0,0.0,0.0,0.0
0.0,0.0,0.0,0.0,0.0,0.0,0.0,0.0,0.0,0.0,0.0,0.0,0.0,0.0,0.0,0.0,0.0,0.0,0.0,0.0,0.0,0.0,0.0,0.0,0.0,0.0,0.0,0.0,0.0,0.0,0.0,0.0,177.3,39.9,0.2,27348.4,155181.2,20574.2,26340.2,58830.4,11615.7,23015.8,29850.4,17004.4,55565.4,13837.6,84380.5,45335.0,27839.3,20533.4,113970.5,50725.0,38326.8,35546.7,85140.1,12996.4,37735.9,21523.2,14185.3,16662.8,36813.9,33170.7,21904.1,29943.7,15791.7,21971.9,66044.1,624586.5,485283.5,411039.2,127602.8,309872.2,146921.3,86014.0,122405.1,283689.1,70372.3,13250.9,4991.8,23986.8,4814.8,2455.5,685.9,324.2,438.7,0.0,0.0,0.6,54.6,12.3,229.7,45.0,0.0,0.0,0.0,0.0,0.0,0.0,0.0,0.0,0.0,0.0,0.0,0.0,0.0,0.0,0.0,0.0,0.0,0.0,0.0,0.0,0.0,0.0,0.0,0.0,0.0,0.0,0.0,0.0,0.0,0.0,0.0,0.0,0.0,0.0,0.0,0.0,0.0
0.0,0.0,0.0,0.0,0.0,0.0,0.0,0.0,0.0,0.0,0.0,0.0,0.0,0.0,0.0,0.0,0.0,0.0,0.0,0.0,0.0,0.0,0.0,0.0,0.0,0.0,0.0,0.0,0.0,0.0,0.0,0.0,0.0,0.0,0.0,0.0,137022.5,29523.7,12181.1,18383.4,10650.1,72540.8,8614.1,10308.7,61300.1,26616.2,46952.7,37162.9,45826.9,41510.3,32592.2,22196.9,35343.5,48824.5,36922.5,15069.7,11695.4,13227.8,16437.3,18765.4,17537.6,47866.9,23103.8,186801.4,14343.7,17706.9,144583.7,1235264.4,2325989.7,826788.9,336041.7,988788.0,148298.1,112148.5,62387.6,138383.8,22411.7,34035.1,7802.0,7980.0,1378.1,51726.0,1441.4,0.0,0.0,0.0,0.0,0.0,1249.9,9.2,6.1,136.7,0.0,0.0,0.0,0.0,0.0,0.0,0.0,0.0,0.0,0.0,0.0,0.0,0.0,0.0,0.0,0.0,0.0,0.0,0.0,0.0,0.0,0.0,0.0,0.0,0.0,0.0,0.0,0.0,0.0,0.0,0.0,0.0,0.0,0.0,0.0,0.0,0.0
0.0,0.0,0.0,0.0,0.0,0.0,0.0,0.0,0.0,0.0,0.0,0.0,0.0,0.0,0.0,0.0,0.0,0.0,0.0,0.0,0.0,0.0,0.0,0.0,0.0,0.0,0.0,0.0,0.0,0.0,0.0,0.0,0.0,0.0,0.0,1241.7,230912.6,176812.5,14399.8,9779.9,7797.6,6632.3,11046.6,7503.8,14829.0,15840.1,18672.8,13071.5,21695.1,11367.8,16401.1,19446.9,20576.0,15536.7,27030.2,19081.3,30042.1,127165.9,30169.6,38088.0,20599.7,28841.8,16481.7,67352.8,12093.2,19822.5,88147.1,1445109.3,1618247.1,0.0,0.0,0.0,0.0,0.0,8550.8,3831.0,18469.7,7832.1,1462.7,30126.0,5508.6,13209.2,0.0,0.0,0.0,0.0,0.0,0.0,1436.8,3.9,1.2,2195.0,0.0,0.0,0.0,0.0,0.0,0.0,0.0,0.0,0.0,0.0,0.0,0.0,0.0,0.0,0.0,0.0,0.0,0.0,0.0,0.0,0.0,0.0,0.0,0.0,0.0,0.0,0.0,0.0,0.0,0.0,0.0,0.0,0.0,0.0,0.0,0.0,0.0
0.0,0.0,0.0,0.0,0.0,0.0,0.0,0.0,0.0,0.0,0.0,0.0,0.0,0.0,0.0,0.0,0.0,0.0,0.0,0.0,0.0,0.0,0.0,0.0,0.0,0.0,0.0,0.0,0.0,0.0,0.0,0.0,0.0,0.0,0.0,9776.8,147331.6,43903.8,4971.8,13981.5,13797.4,11390.0,15926.4,105288.3,92834.8,19575.6,25688.3,37134.5,119039.6,37994.6,19492.7,47404.1,42507.8,220096.7,51051.1,54320.3,72226.7,158791.5,23005.7,39604.7,37250.4,127471.1,22612.0,23445.4,59030.7,19977.4,55304.3,257851.8,7815.2,0.0,0.0,0.0,0.0,0.0,0.0,0.0,0.0,0.0,752.9,1252.3,1258.8,6416.8,0.1,0.0,0.0,0.0,0.0,0.1,3661.7,2.9,2.4,2085.5,0.6,0.0,0.0,0.0,0.0,0.0,0.0,0.0,0.0,0.0,0.0,0.0,0.0,0.0,0.0,0.0,0.0,0.0,0.0,0.0,0.0,0.0,0.0,0.0,0.0,0.0,0.0,0.0,0.0,0.0,0.0,0.0,0.0,0.0,0.0,0.0,0.0
0.0,0.0,0.0,0.0,0.0,0.0,0.0,0.0,0.0,0.0,0.0,0.0,0.0,0.0,0.0,0.0,0.0,0.0,0.0,0.0,0.0,0.0,0.0,0.0,0.0,0.0,0.0,0.0,0.0,0.0,0.0,0.0,0.0,0.0,0.0,3339.3,271534.2,34737.6,16491.5,18645.3,6722.9,12146.0,7918.7,33226.9,47784.2,60146.2,27743.8,114426.5,77034.6,31175.5,83648.8,224930.8,244102.0,65013.8,27589.1,32468.5,72577.9,37428.9,46033.9,25883.9,76283.1,38149.2,57285.1,73812.0,162472.2,24729.8,34337.2,77207.2,69683.9,46063.7,44.1,9243.9,107339.2,21224.8,26009.9,17084.6,7885.9,37.6,0.0,96.9,6609.0,413.2,474.8,0.0,0.0,0.2,1.0,2.9,26.0,2045.8,1.6,0.9,1.7,0.0,0.0,0.0,0.0,0.0,0.0,0.0,0.0,0.0,0.0,0.0,0.0,0.0,0.0,0.0,0.0,0.0,0.0,0.0,0.0,0.0,0.0,0.0,0.0,0.0,0.0,0.0,0.0,0.0,0.0,0.0,0.0,0.0,0.0,0.0,0.0
0.0,0.0,0.0,0.0,0.0,0.0,0.0,0.0,0.0,0.0,0.0,0.0,0.0,0.0,0.0,0.0,0.0,0.0,0.0,0.0,0.0,0.0,0.0,0.0,0.0,0.0,0.0,0.0,0.0,0.0,0.0,0.0,0.0,0.0,0.0,0.0,164912.3,47516.1,16457.0,11637.8,4270.4,27014.0,16289.0,71504.2,572464.7,239626.3,76269.5,60102.7,388108.3,42005.8,74987.2,381292.8,640186.3,103692.8,136791.6,23410.1,28343.3,17284.5,22236.4,50609.2,110481.0,99846.9,1042627.7,294293.4,92334.4,58042.3,50266.6,291143.5,171975.2,66711.9,55993.3,308049.7,88559.6,26472.4,10561.6,11215.6,76363.4,17835.7,861.1,613.7,1219.9,7141.2,106.8,0.0,0.0,0.2,2.5,2.2,880.0,4.1,14.2,2.0,0.8,0.0,0.0,0.0,0.0,0.0,0.0,0.0,0.0,0.0,0.0,0.0,0.0,0.0,0.0,0.0,0.0,0.0,0.0,0.0,0.0,0.0,0.0,0.0,0.0,0.0,0.0,0.0,0.0,0.0,0.0,0.0,0.0,0.0,0.0,0.0,0.0
0.0,0.0,0.0,0.0,0.0,0.0,0.0,0.0,0.0,0.0,0.0,0.0,0.0,0.0,0.0,0.0,0.0,0.0,0.0,0.0,0.0,0.0,0.0,0.0,0.0,0.0,0.0,0.0,0.0,0.0,0.0,0.0,0.0,0.0,0.0,0.0,133404.1,55839.0,21240.6,12786.3,21847.6,158612.8,129789.0,16275.8,59697.0,107806.3,63116.1,94191.1,42959.0,39730.6,68631.1,103298.7,71443.9,45370.8,52280.2,29422.2,80114.4,164574.8,431115.0,51430.3,74022.3,122208.2,294897.8,230910.9,76675.3,39412.1,83089.1,109520.3,76161.7,256026.1,77921.4,512212.3,108949.5,46732.7,23102.7,39110.1,39841.2,25399.5,17955.7,1815.7,477.6,916.2,507.5,0.0,0.0,0.0,2955.0,2.2,3.2,3.9,1037.7,3.8,0.0,0.0,0.0,0.0,0.0,0.0,0.0,0.0,0.0,0.0,0.0,0.0,0.0,0.0,0.0,0.0,0.0,0.0,0.0,0.0,0.0,0.0,0.0,0.0,0.0,0.0,0.0,0.0,0.0,0.0,0.0,0.0,0.0,0.0,0.0,0.0,0.0
0.0,0.0,0.0,0.0,0.0,0.0,0.0,0.0,0.0,0.0,0.0,0.0,0.0,0.0,0.0,0.0,0.0,0.0,0.0,0.0,0.0,0.0,0.0,0.0,0.0,0.0,0.0,0.0,0.0,0.0,0.0,0.0,0.0,0.0,0.0,0.0,35191.4,34635.1,25516.8,37748.4,32861.5,67429.0,42023.4,36213.5,28170.1,119383.0,99189.3,58479.8,34212.4,33850.3,19120.6,61298.5,79566.0,21996.7,19110.7,34011.6,32693.3,220896.2,481550.6,49719.6,32574.6,40915.0,54403.1,134157.3,40210.1,48304.3,364819.9,74751.4,60863.8,110134.7,60285.5,56753.7,44058.1,70030.2,29686.3,19023.4,16256.9,28882.8,37029.8,14257.5,4926.3,6476.2,5559.5,770.1,5.1,0.0,234.7,636.3,2.4,5.3,9.3,1.7,659.8,0.0,0.0,0.0,0.0,0.0,0.0,0.0,0.0,0.0,0.0,0.0,0.0,0.0,0.0,0.0,0.0,0.0,0.0,0.0,0.0,0.0,0.0,0.0,0.0,0.0,0.0,0.0,0.0,0.0,0.0,0.0,0.0,0.0,0.0,0.0,0.0
0.0,0.0,0.0,0.0,0.0,0.0,0.0,0.0,0.0,0.0,0.0,0.0,0.0,0.0,0.0,0.0,0.0,0.0,0.0,0.0,0.0,0.0,0.0,0.0,0.0,0.0,0.0,0.0,0.0,0.0,0.0,0.0,0.0,0.0,0.0,110428.8,68289.4,33115.7,60938.0,59736.0,13279.6,11005.8,122686.8,11404.0,24563.8,29645.1,42149.1,80691.7,68243.6,386913.3,37759.2,34418.7,49709.4,22462.4,25250.7,38951.0,30165.7,47812.6,86097.8,33592.7,62897.3,74500.0,91834.0,45480.0,34546.6,56385.8,37494.6,43747.4,40577.6,84889.4,103747.8,318346.4,34255.3,69484.9,33263.7,19371.0,8748.3,9364.1,5829.3,13307.1,2629.8,14199.7,91474.3,432.7,0.0,0.0,12.5,35.9,2.3,5.5,2.0,5607.0,226.2,0.0,0.0,0.0,0.0,0.0,0.0,0.0,0.0,0.0,0.0,0.0,0.0,0.0,0.0,0.0,0.0,0.0,0.0,0.0,0.0,0.0,0.0,0.0,0.0,0.0,0.0,0.0,0.0,0.0,0.0,0.0,0.0,0.0,0.0,0.0,0.0
0.0,0.0,0.0,0.0,0.0,0.0,0.0,0.0,0.0,0.0,0.0,0.0,0.0,0.0,0.0,0.0,0.0,0.0,0.0,0.0,0.0,0.0,0.0,0.0,0.0,0.0,0.0,0.0,0.0,0.0,0.0,0.0,0.0,0.0,1359.8,14348.2,16551.8,33342.8,87851.4,21016.7,20427.4,10405.9,249999.0,92132.3,46617.0,194920.9,225534.5,157798.0,176744.7,176176.0,70946.0,46296.2,26144.6,19461.5,29663.2,66764.8,65279.8,386547.8,108963.4,39866.8,683542.1,897865.8,310817.1,171706.5,72439.4,113648.5,26492.1,64346.1,57038.8,119555.6,78352.4,86844.4,63849.6,263886.2,25188.4,18998.5,11005.0,5157.1,8328.6,3560.2,1521.0,4355.2,330.9,22.0,0.0,25.6,2415.4,6.7,2.3,2.5,0.5,808.0,9.3,0.0,0.0,0.0,0.0,0.0,0.0,0.0,0.0,0.0,0.0,0.0,0.0,0.0,0.0,0.0,0.0,0.0,0.0,0.0,0.0,0.0,0.0,0.0,0.0,0.0,0.0,0.0,0.0,0.0,0.0,0.0,0.0,0.0,0.0,0.0,0.0
0.0,0.0,0.0,0.0,0.0,0.0,0.0,0.0,0.0,0.0,0.0,0.0,0.0,0.0,0.0,0.0,0.0,0.0,0.0,0.0,0.0,0.0,0.0,0.0,0.0,0.0,0.0,0.0,0.0,0.0,0.0,0.0,0.0,0.0,7881.3,1142.3,17006.0,27175.3,15645.9,14539.3,8344.4,12238.1,77847.8,29772.4,168706.4,692608.3,1425214.1,249469.6,44453.3,31818.9,65776.1,131348.9,102778.7,47997.6,51025.0,66279.0,47639.2,112382.9,50776.2,20777.8,142198.7,181990.3,422930.8,191974.8,56671.2,41863.7,92906.9,100692.6,392437.8,238748.9,489364.1,270826.3,294462.8,39108.1,6750.7,12447.2,13361.9,9891.2,18972.9,0.0,42.1,1522.3,172.2,20.1,0.0,2.8,44.8,1.0,2.0,2.6,0.5,801.9,10.3,0.0,0.0,0.0,0.0,0.0,0.0,0.0,0.0,0.0,0.0,0.0,0.0,0.0,0.0,0.0,0.0,0.0,0.0,0.0,0.0,0.0,0.0,0.0,0.0,0.0,0.0,0.0,0.0,0.0,0.0,0.0,0.0,0.0,0.0,0.0,0.0
0.0,0.0,0.0,0.0,0.0,0.0,0.0,0.0,0.0,0.0,0.0,0.0,0.0,0.0,0.0,0.0,0.0,0.0,0.0,0.0,0.0,0.0,0.0,0.0,0.0,0.0,0.0,0.0,0.0,0.0,0.0,0.0,0.0,0.0,19.3,12077.4,138966.6,160592.4,35888.1,20558.2,92133.9,38757.0,13744.8,32864.1,156340.6,886428.6,1622915.7,468479.1,52472.8,59781.8,15794.3,212953.3,412599.0,35078.8,49206.3,30563.2,19816.8,29936.2,28804.7,36579.4,35007.0,45500.8,37656.3,57669.5,66919.2,32040.2,64955.7,73484.4,139292.2,317794.6,1943552.9,668688.3,72209.9,24156.0,18799.3,2729.0,0.0,0.0,0.0,0.0,640.4,4328.7,11124.3,2.6,0.2,48.6,6.5,220.6,3.8,3.7,173.9,9223.3,0.4,0.0,0.0,0.0,0.0,0.0,0.0,0.0,0.0,0.0,0.0,0.0,0.0,0.0,0.0,0.0,0.0,0.0,0.0,0.0,0.0,0.0,0.0,0.0,0.0,0.0,0.0,0.0,0.0,0.0,0.0,0.0,0.0,0.0,0.0,0.0,0.0
0.0,0.0,0.0,0.0,0.0,0.0,0.0,0.0,0.0,0.0,0.0,0.0,0.0,0.0,0.0,0.0,0.0,0.0,0.0,0.0,0.0,0.0,0.0,0.0,0.0,0.0,0.0,0.0,0.0,0.0,0.0,0.0,0.0,0.0,0.0,21.5,54427.7,54412.9,58777.7,40447.1,36141.5,37826.4,156947.7,213568.7,40422.9,117003.8,270075.6,230587.0,94648.6,32126.4,42855.7,55204.9,128695.0,71509.8,30526.2,22644.6,24619.3,22732.4,35347.2,17561.4,56637.7,81179.9,57926.7,1136705.8,385109.6,107678.9,32629.9,85654.1,16390.6,79678.6,458404.4,252446.4,110465.5,19571.7,5895.5,123.8,0.0,0.0,0.0,24.9,5085.7,3770.2,65.8,0.2,7.7,12.2,7.3,31.4,111.1,15.6,1425.2,190.2,0.0,0.0,0.0,0.0,0.0,0.0,0.0,0.0,0.0,0.0,0.0,0.0,0.0,0.0,0.0,0.0,0.0,0.0,0.0,0.0,0.0,0.0,0.0,0.0,0.0,0.0,0.0,0.0,0.0,0.0,0.0,0.0,0.0,0.0,0.0,0.0,0.0
0.0,0.0,0.0,0.0,0.0,0.0,0.0,0.0,0.0,0.0,0.0,0.0,0.0,0.0,0.0,0.0,0.0,0.0,0.0,0.0,0.0,0.0,0.0,0.0,0.0,0.0,0.0,0.0,0.0,0.0,0.0,0.0,0.0,0.0,0.0,6858.1,19087.0,21324.6,39434.0,62980.5,27113.5,14938.8,42180.7,34846.8,69043.9,34279.6,164630.0,55391.0,74817.1,32124.7,52408.2,55083.1,59846.1,62367.7,36265.5,35823.5,35003.6,45194.6,28841.5,133317.8,42435.6,38836.1,87952.9,227632.9,106815.2,119538.8,70643.7,136627.9,15955.6,6560.8,60388.9,25022.9,90709.1,1057.4,0.0,0.0,0.0,0.0,147.1,470.2,5173.4,9108.5,1160.8,280.6,11.3,61.0,460.7,72.6,40729.5,36.5,700.8,146.8,0.0,0.0,0.0,0.0,0.0,0.0,0.0,0.0,0.0,0.0,0.0,0.0,0.0,0.0,0.0,0.0,0.0,0.0,0.0,0.0,0.0,0.0,0.0,0.0,0.0,0.0,0.0,0.0,0.0,0.0,0.0,0.0,0.0,0.0,0.0,0.0,0.0
0.0,0.0,0.0,0.0,0.0,0.0,0.0,0.0,0.0,0.0,0.0,0.0,0.0,0.0,0.0,0.0,0.0,0.0,0.0,0.0,0.0,0.0,0.0,0.0,0.0,0.0,0.0,0.0,0.0,0.0,0.0,0.0,0.0,0.0,8212.6,3085.0,32762.1,33584.2,112751.2,20042.7,35105.7,32277.4,41868.5,22791.7,21104.1,10358.6,12385.4,39996.4,191641.3,128819.3,116394.2,259404.8,33619.2,194973.8,106802.4,52298.6,47322.8,36242.6,24077.6,127979.4,43235.6,50699.1,46518.5,97412.2,39742.3,48173.4,117168.0,549878.5,328285.7,0.0,13341.9,19369.0,36251.3,20628.5,27261.5,18313.6,17383.0,3146.9,3138.8,51.9,8.4,356.7,67718.3,25652.9,1.8,20.7,35.2,8.6,1210.2,5292.3,5378.6,2.2,0.0,0.0,0.0,0.0,0.0,0.0,0.0,0.0,0.0,0.0,0.0,0.0,0.0,0.0,0.0,0.0,0.0,0.0,0.0,0.0,0.0,0.0,0.0,0.0,0.0,0.0,0.0,0.0,0.0,0.0,0.0,0.0,0.0,0.0,0.0,0.0,0.0
0.0,0.0,0.0,0.0,0.0,0.0,0.0,0.0,0.0,0.0,0.0,0.0,0.0,0.0,0.0,0.0,0.0,0.0,0.0,0.0,0.0,0.0,0.0,0.0,0.0,0.0,0.0,0.0,0.0,0.0,108100.0,23416.6,15.6,4268.6,29462.0,39851.6,80207.0,4797.9,5930.5,14993.1,28652.6,30312.6,32537.0,22462.1,18734.9,59719.3,21329.7,65130.4,91273.9,553784.9,96553.1,75214.4,39532.3,86710.0,107665.3,34728.4,26220.5,36164.5,34881.9,174020.4,34458.4,77722.5,52975.5,32812.2,40041.7,108018.3,520915.7,599939.6,690776.9,12626.0,0.0,51026.9,442130.7,57973.6,22076.2,34748.8,17888.6,40386.6,872.2,0.0,125.7,1247.5,64101.6,10649.4,5.1,21.8,424.9,550.9,1877.6,314.4,0.0,0.0,0.0,0.0,0.0,0.0,0.0,0.0,0.0,0.0,0.0,0.0,0.0,0.0,0.0,0.0,0.0,0.0,0.0,0.0,0.0,0.0,0.0,0.0,0.0,0.0,0.0,0.0,0.0,0.0,0.0,0.0,0.0,0.0,0.0,0.0,0.0,0.0,0.0
0.0,0.0,0.0,0.0,0.0,0.0,0.0,0.0,0.0,0.0,0.0,0.0,0.0,0.0,0.0,0.0,0.0,0.0,0.0,0.0,0.0,17.8,0.0,0.0,0.0,0.0,0.0,0.0,241779.8,511705.1,1410195.6,582013.9,160151.8,133511.8,59501.4,237407.6,42900.9,10146.2,508.5,58785.0,19850.2,26059.8,30961.1,16835.3,18291.8,397271.5,47970.8,32749.2,41402.1,180829.1,152911.3,60481.2,99227.4,79926.5,36588.2,41171.9,26812.0,29517.5,31364.9,59884.8,15904.5,20398.5,43575.6,16663.0,30647.4,38626.7,115618.9,129074.0,67746.8,78009.3,0.0,21468.2,67221.4,123616.9,291142.4,24773.2,18711.3,14341.7,0.0,1064.4,1279.8,1664.8,5409.9,1065.2,45.7,94.2,4714.1,9921.1,271.8,122.2,0.0,0.0,0.0,0.0,0.0,0.0,0.0,0.0,0.0,0.0,0.0,0.0,0.0,0.0,0.0,0.0,0.0,0.0,0.0,0.0,0.0,0.0,0.0,0.0,0.0,0.0,0.0,0.0,0.0,0.0,0.0,0.0,0.0,0.0,0.0,0.0,0.0,0.0,0.0
0.0,0.0,0.0,0.0,0.0,0.0,0.0,0.0,0.0,0.0,0.0,0.0,0.0,0.0,0.0,0.0,0.0,0.0,0.0,0.0,0.0,0.0,0.0,0.0,0.0,0.0,3636.2,113545.5,213845.1,82608.5,631802.6,257479.0,119561.0,404061.6,78314.3,61133.6,346645.9,131995.5,38057.7,22419.2,32786.0,73290.3,80524.8,25305.1,5768.8,63370.1,49792.4,107250.1,16123.1,40016.7,229417.3,162534.4,184978.2,61002.2,24963.7,29697.6,66276.3,67904.0,40550.2,18224.4,16489.9,13724.6,22093.8,35783.0,116762.1,111806.2,106561.1,370896.8,46407.8,46916.8,25000.5,6612.4,65775.6,364256.1,247711.2,78759.9,46199.4,78210.5,23385.5,14392.9,3449.1,1783.1,11674.0,453.6,822.1,11982.9,10833.6,1588.3,1182.3,6527.1,9951.1,310.8,0.0,0.0,0.0,0.0,0.0,0.0,0.0,0.0,0.0,0.0,0.0,0.0,0.0,0.0,0.0,0.0,0.0,0.0,0.0,0.0,0.0,0.0,0.0,0.0,0.0,0.0,0.0,0.0,0.0,0.0,0.0,0.0,0.0,0.0,0.0,0.0,0.0
0.0,0.0,0.0,0.0,0.0,0.0,0.0,0.0,0.0,0.0,0.0,0.0,0.0,0.0,0.0,0.0,0.0,0.0,0.0,0.0,0.0,41.0,0.0,0.0,0.0,89719.7,539396.0,292812.4,59274.6,27530.8,357427.1,190735.9,487968.7,131886.6,29673.0,67238.1,409872.2,518569.7,64337.1,87510.8,18778.9,144086.6,179717.9,16863.0,21390.2,33047.9,64480.3,604362.8,29364.7,151276.0,1122721.0,534191.6,124988.5,65566.9,77555.3,38996.8,106824.6,21279.8,19792.2,15041.3,9005.6,40561.0,113144.7,20754.1,101143.8,677972.3,268033.3,72218.3,59380.5,49656.4,192783.8,49.7,24036.4,718595.9,2077365.3,1456767.5,372900.6,86449.5,26851.6,26409.9,9322.0,8836.5,67199.7,2575.1,1214.8,2487.3,988.2,1940.7,38347.7,5209.6,757.4,0.0,0.0,0.1,0.0,0.0,0.0,0.0,0.0,0.0,0.0,0.0,0.0,0.0,0.0,0.0,0.0,0.0,0.0,0.0,0.0,0.0,0.0,0.0,0.0,0.0,0.0,0.0,0.0,0.0,0.0,0.0,0.0,0.0,0.0,0.0,0.0,0.0,0.0
0.0,0.0,0.0,0.0,0.0,0.0,0.0,0.0,0.0,0.0,0.0,0.0,0.0,0.0,0.0,0.0,0.0,0.0,0.0,0.0,0.0,30958.6,0.0,0.0,0.0,177791.4,160787.5,52103.7,21076.2,89290.9,35185.3,534803.9,1379790.4,309252.2,230250.7,181969.1,24784.5,0.0,0.0,0.0,0.0,63888.1,150905.3,91730.7,29807.8,41748.3,34049.5,72174.3,51256.0,70130.5,285083.0,234845.5,179464.0,402872.5,37307.1,30665.2,184164.5,13218.9,18076.0,5520.7,7722.3,38485.2,39150.3,131035.0,183107.3,670192.3,166678.9,38752.9,37672.2,30387.7,43414.1,40635.9,45043.7,325809.1,842063.2,1999394.0,80283.6,20949.8,4553.1,9075.0,517.2,16.5,3887.4,55.3,25.6,256.8,426.2,94.3,2038.5,8140.3,931.1,0.0,0.0,0.1,0.0,0.0,0.0,0.0,0.0,0.0,0.0,0.0,0.0,0.0,0.0,0.0,0.0,0.0,0.0,0.0,0.0,0.0,0.0,0.0,0.0,0.0,0.0,0.0,0.0,0.0,0.0,0.0,0.0,0.0,0.0,0.0,0.0,0.0,0.0
0.0,0.0,0.0,0.0,0.0,0.0,0.0,0.0,0.0,0.0,0.0,0.0,0.0,0.0,0.0,0.0,0.0,0.0,0.0,0.0,0.0,8553.5,604.4,0.0,467.5,467.3,2464.9,25780.9,22927.3,13846.5,3176.0,93987.5,169956.7,80563.6,14795.1,0.0,0.0,0.0,0.0,0.0,0.0,0.0,2892.4,17106.6,225454.4,54515.8,33299.2,78597.4,59177.4,32808.3,31493.1,48856.6,203910.0,554530.2,97106.0,69115.2,154331.8,35604.8,25317.2,3799.4,4573.4,6950.8,22196.8,25563.1,36321.8,85261.2,64874.7,37917.1,11933.4,23411.9,48232.8,34372.7,525736.5,492114.4,8495.4,369290.7,36133.6,58140.5,8590.0,7764.3,521.8,3.8,165.3,0.0,0.0,0.0,0.2,579.5,37152.2,13348.9,287.7,0.0,0.0,1736.1,0.0,0.0,0.0,0.0,0.0,0.0,0.0,0.0,0.0,0.0,0.0,0.0,0.0,0.0,0.0,0.0,0.0,0.0,0.0,0.0,0.0,0.0,0.0,0.0,0.0,0.0,0.0,0.0,0.0,0.0,0.0,0.0,0.0,0.0,0.0
0.0,0.0,0.0,0.0,0.0,0.0,0.0,0.0,0.0,0.0,0.0,0.0,0.0,0.0,0.0,0.0,0.0,0.0,0.0,0.0,0.0,579.8,7263.1,16.7,467.6,22.2,5.9,39174.6,18489.9,144096.5,208848.1,265319.6,18323.7,0.0,0.0,0.0,0.0,0.0,0.0,0.0,0.0,0.0,0.0,6567.5,439046.7,49939.5,23169.6,46647.1,119746.7,54428.8,72143.9,76098.7,60259.5,206589.7,68646.5,44203.4,49941.5,158555.0,28740.1,84685.8,52016.6,18554.9,18224.3,97056.3,39730.4,115919.0,50204.4,47364.0,32765.3,14367.2,59270.7,31661.1,65232.1,72963.0,17700.0,7016.8,100598.6,63263.5,3209.1,10595.1,1962.1,163.4,711.3,1.6,0.0,0.0,356.4,85.0,2983.3,4569.9,108.7,519.1,6.3,5.2,0.9,0.0,0.0,0.0,0.0,0.0,0.0,0.0,0.0,0.0,0.0,0.0,0.0,0.0,0.0,0.0,0.0,0.0,0.0,0.0,0.0,0.0,0.0,0.0,0.0,0.0,0.0,0.0,0.0,0.0,0.0,0.0,0.0,0.0,0.0
0.0,0.0,0.0,0.0,0.0,0.0,0.0,0.0,0.0,0.0,0.0,0.0,0.0,0.0,0.0,0.0,0.0,0.0,0.0,0.0,0.0,0.0,6754.3,12996.9,975544.3,2308046.1,1269246.0,938258.9,277455.4,290742.2,534.9,0.0,0.0,0.0,0.0,0.0,0.0,0.0,0.0,0.0,0.0,0.0,0.0,0.0,758.0,9841.9,38316.9,43824.0,55998.7,89437.2,254428.5,157646.2,191668.1,477971.1,50626.9,29869.3,17181.4,24978.7,21257.9,159707.0,107776.4,45741.0,36744.3,18761.7,26538.7,60503.6,91829.0,47053.5,1622.4,13470.9,22409.3,19688.1,47468.4,177406.0,182457.5,0.0,63393.2,31857.1,3037.1,2637.7,8712.5,22575.0,7781.0,0.0,0.0,0.0,0.0,0.5,34.5,63.8,0.6,1940.4,6.0,5.8,1.8,0.0,0.0,0.0,0.0,0.0,0.0,0.0,0.0,0.0,0.0,0.0,0.0,0.0,0.0,0.0,0.0,0.0,0.0,0.0,0.0,0.0,0.0,0.0,0.0,0.0,0.0,0.0,0.0,0.0,0.0,0.0,0.0,0.0,0.0
0.0,0.0,0.0,0.0,0.0,0.0,0.0,0.0,0.0,0.0,0.0,0.0,0.0,0.0,0.0,0.0,0.0,0.0,0.0,0.0,9.0,0.0,0.0,0.0,10498.5,145465.0,110278.6,61876.2,0.9,0.0,0.0,0.0,0.0,0.0,0.0,0.0,0.0,0.0,0.0,0.0,0.0,0.0,0.0,0.0,0.0,11.1,86526.3,222011.8,56961.5,57614.1,119310.1,114920.1,742688.2,525530.1,81650.1,21076.7,22220.2,37185.5,40453.3,84970.6,63159.2,62294.9,169568.3,178374.4,50951.7,22820.6,44458.7,146808.6,6322.3,2935.4,14077.3,39753.1,39084.9,429564.3,100954.0,0.0,69845.1,29206.5,4352.2,1961.4,6921.6,36195.8,1195.8,0.0,0.0,0.0,0.0,0.1,0.6,5.1,0.6,3.0,4.4,1588.3,2.5,0.0,0.0,0.0,0.0,0.0,0.0,0.0,0.0,0.0,0.0,0.0,0.0,0.0,0.0,0.0,0.0,0.0,0.0,0.0,0.0,0.0,0.0,0.0,0.0,0.0,0.0,0.0,0.0,0.0,0.0,0.0,0.0,0.0,0.0
0.0,0.0,0.0,0.0,0.0,0.0,0.0,0.0,0.0,0.0,0.0,0.0,0.0,0.0,0.0,0.0,0.0,0.0,0.0,0.0,33.5,0.0,0.0,0.0,0.0,0.0,0.0,0.0,0.0,0.0,0.0,0.0,0.0,0.0,0.0,0.0,0.0,0.0,0.0,0.0,0.0,0.0,0.0,0.0,0.0,0.0,0.0,72289.5,26544.2,15631.3,42129.1,57256.1,153320.1,104920.6,30987.6,31723.9,20980.1,67219.0,94769.2,55557.6,146080.0,357068.1,449969.2,315711.7,169054.6,71947.7,61551.9,24724.1,60023.3,14027.3,31602.3,63898.1,36627.8,85357.3,22101.1,0.0,2107.8,160759.3,9217.2,6978.4,34677.2,10333.1,1700.2,1394.9,629.8,0.0,0.0,0.0,2.2,4.0,0.6,2.7,4.1,440.4,3.4,0.0,0.0,0.0,0.0,0.0,0.0,0.0,0.0,0.0,0.0,0.0,0.0,0.0,0.0,0.0,0.0,0.0,0.0,0.0,0.0,0.0,0.0,0.0,0.0,0.0,0.0,0.0,0.0,0.0,0.0,0.0,0.0,0.0,0.0
0.0,0.0,0.0,0.0,0.0,0.0,0.0,0.0,0.0,0.0,0.0,0.0,0.0,0.0,0.0,0.0,0.0,0.0,0.0,0.0,0.0,0.0,0.0,6.3,250.7,1352.7,17.6,2659.9,14.9,0.0,0.0,0.0,0.0,0.0,0.0,0.0,0.0,0.0,0.0,0.0,0.0,0.0,0.0,0.0,0.0,0.0,0.0,24139.7,276287.2,69441.3,48385.2,93334.3,106342.3,119724.7,36124.6,35176.0,24376.5,474596.9,595268.9,69637.9,277843.5,1688993.5,1956546.8,230564.1,203863.2,443787.2,137426.0,100836.0,114570.0,10366.3,60349.5,64322.2,102182.7,88931.3,162017.5,28152.8,11124.7,38729.6,14409.7,43517.4,347794.2,134018.8,5720.6,12307.9,9386.0,58.8,2.6,0.0,2.9,6.9,7.6,7.6,3.8,4.1,2658.8,0.0,0.0,0.0,0.0,0.0,0.0,0.0,0.0,0.0,0.0,0.0,0.0,0.0,0.0,0.0,0.0,0.0,0.0,0.0,0.0,0.0,0.0,0.0,0.0,0.0,0.0,0.0,0.0,0.0,0.0,0.0,0.0,0.0,0.0
0.0,0.0,0.0,0.0,0.0,0.0,0.0,0.0,0.0,0.0,0.0,0.0,0.0,0.0,0.0,0.0,0.0,0.0,0.0,0.0,0.0,0.0,0.0,0.1,0.0,0.0,0.0,19451.4,7520.4,89.2,0.0,0.0,0.0,0.0,0.0,0.0,0.0,0.0,0.0,0.0,0.0,0.0,0.0,0.0,0.0,0.0,0.0,0.0,0.0,33694.5,172471.4,33092.4,203697.1,27024.5,26528.7,35570.4,17770.1,40341.0,41725.1,25940.0,89219.9,540262.0,1211670.6,1455986.7,189872.2,497857.9,168280.3,124623.7,82079.2,16090.6,26771.1,153172.4,57752.2,169395.6,232230.3,17640.0,76059.6,23915.8,54902.9,37149.5,565860.4,410834.9,3642.7,2075.7,14969.3,1057.0,5.1,0.3,30.9,8.7,1977.0,6.9,4.1,9.1,8385.4,0.0,0.0,0.0,0.0,0.0,0.0,0.0,0.0,0.0,0.0,0.0,0.0,0.0,0.0,0.0,0.0,0.0,0.0,0.0,0.0,0.0,0.0,0.0,0.0,0.0,0.0,0.0,0.0,0.0,0.0,0.0,0.0,0.0,0.0
0.0,0.0,0.0,0.0,0.0,0.0,0.0,0.0,0.0,0.0,0.0,0.0,0.0,0.0,0.0,0.0,0.0,0.0,0.0,0.0,0.0,0.0,424.9,12.6,10.6,0.0,0.0,4052.7,14060.3,576.5,0.0,0.0,0.0,0.0,0.0,0.0,0.0,0.0,0.0,0.0,0.0,0.0,0.0,0.0,0.0,0.0,0.0,0.0,0.0,0.0,81524.8,83438.8,36562.3,21399.9,28315.9,26384.1,173808.0,396535.6,44831.0,19110.2,115840.1,36597.0,122845.1,191973.0,195344.2,274644.4,374303.7,110043.0,172345.4,304840.3,31445.1,84358.5,36950.5,35726.3,157582.1,15527.4,16251.3,13058.1,23619.0,48132.3,40339.4,30879.1,11644.8,12000.9,6039.5,0.0,2048.2,2.1,116.1,54.7,7.3,3.4,0.9,0.2,186.4,0.0,0.0,0.0,0.0,0.0,0.0,0.0,0.0,0.0,0.0,0.0,0.0,0.0,0.0,0.0,0.0,0.0,0.0,0.0,0.0,0.0,0.0,0.0,0.0,0.0,0.0,0.0,0.0,0.0,0.0,0.0,0.0,0.0,0.0
0.0,0.0,0.0,0.0,0.0,0.0,0.0,0.0,0.0,0.0,0.0,0.0,0.0,0.0,0.0,0.0,0.0,0.0,0.0,0.0,0.0,353.4,1870.5,1505.2,348.4,540.6,0.0,844.7,8199.9,84.9,0.0,0.0,0.0,0.0,0.0,0.0,0.0,0.0,0.0,0.0,0.0,0.0,0.0,0.0,0.0,0.0,0.0,0.0,0.0,0.0,27290.8,6379.8,5096.4,5526.6,40653.2,59779.6,1018988.2,46611.7,7682.9,7711.1,9848.9,75164.5,52208.0,136022.9,595064.8,624345.9,414962.7,606207.4,183442.5,91682.9,34835.1,15788.1,44729.2,25750.6,109808.1,4110.9,2093.0,1557.4,4099.6,21238.5,77223.4,52302.9,44412.2,43870.4,3744.4,188.6,26.3,5.7,1155.1,29.5,1.6,0.0,0.0,0.2,1.3,0.3,0.0,0.0,0.0,0.0,0.0,0.0,0.0,0.0,0.0,0.0,0.0,0.0,0.0,0.0,0.0,0.0,0.0,0.0,0.0,0.0,0.0,0.0,0.0,0.0,0.0,0.0,0.0,0.0,0.0,0.0,0.0,0.0,0.0
0.0,0.0,0.0,0.0,0.0,0.0,0.0,0.0,0.0,0.0,0.0,0.0,0.0,0.0,0.0,0.0,0.0,0.0,0.0,0.0,0.0,1284.0,655.8,115187.4,394.8,125.8,2209.1,1893.1,4497.9,10.8,0.0,0.0,0.0,0.0,0.0,0.0,0.0,0.0,0.0,0.0,0.0,0.0,0.0,0.0,0.0,0.0,0.0,0.0,0.0,0.0,0.0,965.3,1523.3,804.1,32394.3,11101.7,1894.0,0.0,6696.5,20603.2,93440.8,144037.8,111840.0,70866.2,267743.4,2798590.1,818185.5,244388.9,167647.0,77919.7,48677.0,13666.0,17995.7,25956.6,56247.9,1788.8,1240.0,6712.6,13310.7,21392.7,66484.2,529095.3,685841.8,47745.3,4987.8,2108.9,0.0,0.3,3.0,0.3,2.8,2.6,1.0,2.1,2.0,0.7,0.0,0.0,0.0,0.0,0.0,0.0,0.0,0.0,0.0,0.0,0.0,0.0,0.0,0.0,0.0,0.0,0.0,0.0,0.0,0.0,0.0,0.0,0.0,0.0,0.0,0.0,0.0,0.0,0.0,0.0,0.0,0.0,0.0
0.0,0.0,0.0,0.0,0.0,0.0,0.0,0.0,0.0,0.0,0.0,0.0,0.0,0.0,0.0,0.0,0.0,0.0,0.0,0.0,0.0,12.2,0.0,133357.3,38473.5,0.0,3530.2,7538.3,1294.3,0.0,0.0,0.0,0.0,0.0,0.0,0.0,0.0,0.0,0.0,0.0,0.0,0.0,0.0,0.0,0.0,0.0,0.0,0.0,0.0,0.0,0.0,0.3,4067.1,2500.6,5577.6,0.0,0.0,0.0,0.0,0.1,9542.9,72595.1,49002.4,91398.3,200111.9,327761.4,678055.0,979980.0,660390.1,226524.5,133363.1,37890.2,25406.6,91475.2,200059.2,21558.4,13537.8,1793.6,13261.9,51739.0,29259.1,1851362.0,1214748.6,137298.3,19950.3,386.3,37.3,87.7,273.4,2.5,15.7,2279.5,5864.9,14.2,2.1,1.1,0.0,0.0,0.0,0.0,0.0,0.0,0.0,0.0,0.0,0.0,0.0,0.0,0.0,0.0,0.0,0.0,0.0,0.0,0.0,0.0,0.0,0.0,0.0,0.0,0.0,0.0,0.0,0.0,0.0,0.0,0.0,0.0,0.0
0.0,0.0,0.0,0.0,0.0,0.0,0.0,0.0,0.0,0.0,0.0,0.0,0.0,0.0,0.0,0.0,0.0,0.0,0.0,0.0,0.0,1.0,538.3,328.7,147.2,5760.4,0.0,0.0,0.0,0.0,0.0,0.0,0.0,0.0,0.0,0.0,0.0,0.0,0.0,0.0,0.0,0.0,0.0,0.0,0.0,0.0,0.0,0.0,0.0,0.0,0.0,0.0,0.0,0.0,0.0,0.0,0.0,0.0,0.0,0.0,0.0,0.0,0.0,12031.9,171260.2,263596.4,750851.5,3190307.3,7573102.6,693062.9,398639.7,137383.3,73142.5,413743.6,172106.8,110341.3,21613.1,27585.4,50198.4,139992.8,47166.5,171740.3,154749.9,66523.7,92878.7,63736.1,3227.1,10220.6,561.7,108.4,2404.5,26354.8,17085.5,14.2,3.3,2.8,0.0,0.0,0.0,0.0,0.0,0.0,0.0,0.0,0.0,0.0,0.0,0.0,0.0,0.0,0.0,0.0,0.0,0.0,0.0,0.0,0.0,0.0,0.0,0.0,0.0,0.0,0.0,0.0,0.0,0.0,0.0,0.0,0.0
0.0,0.0,0.0,0.0,0.0,0.0,0.0,0.0,0.0,0.0,0.0,0.0,0.0,0.0,0.0,0.0,0.0,0.0,0.0,0.0,0.0,597.6,636.6,983.2,749.0,521.1,0.0,0.0,0.0,0.0,0.0,0.0,0.0,0.0,0.0,0.0,0.0,0.0,0.0,0.0,0.0,0.0,0.0,0.0,0.0,0.0,0.0,0.0,0.0,0.0,0.0,0.0,0.0,0.0,0.0,0.0,0.0,0.0,0.0,0.0,0.0,0.0,0.0,0.0,0.0,0.0,0.0,365491.1,2559917.2,500207.7,282583.4,57286.0,35652.1,92232.9,42792.2,18033.7,42008.1,15398.1,35288.2,34790.3,16844.3,129649.8,33935.2,106499.7,115969.4,22874.6,4736.9,84.5,29.0,57.5,5570.2,49315.3,1699.7,8.0,3.5,2.5,0.0,0.0,0.0,0.0,0.0,0.0,0.0,0.0,0.0,0.0,0.0,0.0,0.0,0.0,0.0,0.0,0.0,0.0,0.0,0.0,0.0,0.0,0.0,0.0,0.0,0.0,0.0,0.0,0.0,0.0,0.0,0.0,0.0
0.0,0.0,0.0,0.0,0.0,0.0,0.0,0.0,0.0,0.0,0.0,0.0,0.0,0.0,0.0,0.0,0.0,0.0,0.0,0.0,0.0,0.0,0.0,2276.7,1451.3,0.0,0.0,0.0,0.0,0.0,0.0,0.0,0.0,0.0,0.0,0.0,0.0,0.0,0.0,0.0,0.0,0.0,0.0,0.0,0.0,0.0,0.0,0.0,0.0,0.0,0.0,0.0,0.0,0.0,0.0,0.0,0.0,0.0,0.0,0.0,0.0,0.0,0.0,0.0,0.0,0.0,0.0,58.5,987263.0,489048.9,824283.7,631810.6,283803.4,111863.3,41756.5,38506.3,41093.4,48236.9,44093.9,17775.5,27158.4,60037.4,187814.8,37734.0,66422.0,34132.7,59269.7,1991.0,0.0,0.0,5006.3,127527.0,781.8,0.0,0.0,0.0,0.0,0.0,0.0,0.0,0.0,0.0,0.0,0.0,0.0,0.0,0.0,0.0,0.0,0.0,0.0,0.0,0.0,0.0,0.0,0.0,0.0,0.0,0.0,0.0,0.0,0.0,0.0,0.0,0.0,0.0,0.0,0.0,0.0
0.0,0.0,0.0,0.0,0.0,0.0,0.0,0.0,0.0,0.0,0.0,0.0,0.0,0.0,0.0,0.0,0.0,0.0,0.0,0.0,0.0,0.0,101.1,435.2,0.0,0.0,0.0,0.0,0.0,0.0,0.0,0.0,0.0,0.0,0.0,0.0,0.0,0.0,0.0,0.0,0.0,0.0,0.0,0.0,0.0,0.0,0.0,0.0,0.0,0.0,0.0,0.0,0.0,0.0,0.0,0.0,0.0,0.0,0.0,0.0,0.0,0.0,0.0,0.0,0.0,0.0,0.0,0.0,107385.3,78055.3,213558.6,404294.0,353220.0,72925.9,93174.2,29922.6,43921.3,20163.9,19890.5,33997.7,5704.2,19722.3,15918.9,11501.4,35737.3,52879.6,794414.2,20557.2,16.2,0.0,11064.4,23344.3,12.5,0.0,0.0,0.0,0.0,0.0,0.0,0.0,0.0,0.0,0.0,0.0,0.0,0.0,0.0,0.0,0.0,0.0,0.0,0.0,0.0,0.0,0.0,0.0,0.0,0.0,0.0,0.0,0.0,0.0,0.0,0.0,0.0,0.0,0.0,0.0,0.0
0.0,0.0,0.0,0.0,0.0,0.0,0.0,0.0,0.0,0.0,0.0,0.0,0.0,0.0,0.0,0.0,0.0,0.0,0.0,0.0,0.0,0.0,835.8,0.0,0.0,0.0,0.0,0.0,0.0,0.0,0.0,0.0,0.0,0.0,0.0,0.0,0.0,0.0,0.0,0.0,0.0,0.0,0.0,0.0,0.0,0.0,0.0,0.0,0.0,0.0,0.0,0.0,0.0,0.0,0.0,0.0,0.0,0.0,0.0,0.0,0.0,0.0,0.0,0.0,0.0,0.0,0.0,0.0,0.0,34207.6,206347.0,123796.6,187135.0,464338.0,211368.7,247510.5,100592.2,47567.3,5208.2,17956.8,3105.8,948.9,4662.3,15598.3,43697.2,42555.3,24132.1,21744.0,12091.8,7451.0,1179.5,923.2,0.0,0.0,0.0,0.0,0.0,0.0,0.0,0.0,0.0,0.0,0.0,0.0,0.0,0.0,0.0,0.0,0.0,0.0,0.0,0.0,0.0,0.0,0.0,0.0,0.0,0.0,0.0,0.0,0.0,0.0,0.0,0.0,0.0,0.0,0.0,0.0,0.0
0.0,0.0,0.0,0.0,0.0,0.0,0.0,0.0,0.0,0.0,0.0,0.0,0.0,0.0,0.0,0.0,0.0,0.0,0.0,0.0,0.0,0.0,0.0,0.0,0.0,0.0,0.0,0.0,0.0,0.0,0.0,0.0,0.0,0.0,0.0,0.0,0.0,0.0,0.0,0.0,0.0,0.0,0.0,0.0,0.0,0.0,0.0,0.0,0.0,0.0,0.0,0.0,0.0,0.0,0.0,0.0,0.0,0.0,0.0,0.0,0.0,0.0,0.0,0.0,0.0,0.0,0.0,0.0,0.0,119.2,54321.1,377967.2,800818.7,1032084.9,921541.0,204814.2,130532.5,36508.9,29712.2,8847.1,8120.2,2093.8,1059.0,5334.9,27059.6,11567.8,5732.0,11447.0,14805.4,12925.7,2451.6,2292.4,43.8,0.0,0.0,0.0,0.0,0.0,0.0,0.0,0.0,0.0,0.0,0.0,0.0,0.0,0.0,0.0,0.0,0.0,0.0,0.0,0.0,0.0,0.0,0.0,0.0,0.0,0.0,0.0,0.0,0.0,0.0,0.0,0.0,0.0,0.0,0.0,0.0
0.0,0.0,0.0,0.0,0.0,0.0,0.0,0.0,0.0,0.0,0.0,0.0,0.0,0.0,0.0,0.0,0.0,0.0,0.0,0.0,0.0,0.0,639.1,0.0,0.0,0.0,0.0,0.0,0.0,0.0,0.0,0.0,0.0,0.0,0.0,0.0,0.0,0.0,0.0,0.0,0.0,0.0,0.0,0.0,0.0,0.0,0.0,0.0,0.0,0.0,0.0,0.0,0.0,0.0,0.0,0.0,0.0,0.0,0.0,0.0,0.0,0.0,0.0,0.0,0.0,0.0,0.0,0.0,0.0,0.0,0.0,335712.2,377384.4,1417653.2,414997.5,147792.0,103840.4,171094.4,77108.9,78212.9,31532.9,6576.9,303.7,996.5,22.5,18.6,118.0,3762.9,696.5,22983.0,16757.8,6857.1,4430.8,542.3,0.0,0.0,2.2,0.0,0.0,0.0,0.0,0.0,0.0,0.0,0.0,0.0,0.0,0.0,0.0,0.0,0.0,0.0,0.0,0.0,0.0,0.0,0.0,0.0,0.0,0.0,0.0,0.0,0.0,0.0,0.0,0.0,0.0,0.0,0.0
0.0,0.0,0.0,0.0,0.0,0.0,0.0,0.0,0.0,0.0,0.0,0.0,0.0,0.0,0.0,0.0,0.0,0.0,0.0,0.0,0.0,0.0,0.0,0.0,0.0,0.0,0.0,0.0,0.0,0.0,0.0,0.0,0.0,0.0,0.0,0.0,0.0,0.0,0.0,0.0,0.0,0.0,0.0,0.0,0.0,0.0,0.0,0.0,0.0,0.0,0.0,0.0,0.0,0.0,0.0,0.0,0.0,0.0,0.0,0.0,0.0,0.0,0.0,0.0,0.0,0.0,0.0,0.0,0.0,0.0,486.2,65077.2,151078.8,5303.0,0.0,0.0,0.0,93497.9,100044.0,79152.5,60060.1,25860.6,2987.1,2028.8,13.0,2.0,0.0,30.0,1269.4,10418.1,6687.7,5940.8,45233.6,2614.4,16062.7,37.6,1.2,0.0,0.0,0.0,0.0,0.0,0.0,0.0,0.0,0.0,0.0,0.0,0.0,0.0,0.0,0.0,0.0,0.0,0.0,0.0,0.0,0.0,0.0,0.0,0.0,0.0,0.0,0.0,0.0,0.0,0.0,0.0,0.0
0.0,0.0,0.0,0.0,0.0,0.0,0.0,0.0,0.0,0.0,0.0,0.0,0.0,0.0,0.0,0.0,0.0,0.0,0.0,0.0,0.0,0.0,0.0,0.0,0.0,0.0,0.0,0.0,0.0,0.0,0.0,0.0,0.0,0.0,0.0,0.0,0.0,0.0,0.0,0.0,0.0,0.0,0.0,0.0,0.0,0.0,0.0,0.0,0.0,0.0,0.0,0.0,0.0,0.0,0.0,0.0,0.0,0.0,0.0,0.0,0.0,0.0,0.0,0.0,0.0,0.0,0.0,0.0,0.0,0.0,243.8,25659.8,74888.4,4669.2,0.0,0.0,0.0,0.0,16160.5,33204.3,26069.0,30703.1,18310.2,1166.5,169.0,9.3,4.4,539.1,10132.4,24491.1,997.3,3679.8,21766.0,1572.8,11156.7,190.1,0.0,0.0,0.0,0.0,0.0,0.0,0.0,0.0,0.0,0.0,0.0,0.0,0.0,0.0,0.0,0.0,0.0,0.0,0.0,0.0,0.0,0.0,0.0,0.0,0.0,0.0,0.0,0.0,0.0,0.0,0.0,0.0,0.0
0.0,0.0,0.0,0.0,0.0,0.0,0.0,0.0,0.0,0.0,0.0,0.0,0.0,0.0,0.0,0.0,0.0,0.0,0.0,0.0,0.0,0.0,0.0,0.0,0.0,0.0,0.0,0.0,0.0,0.0,0.0,0.0,0.0,0.0,0.0,0.0,0.0,0.0,0.0,0.0,0.0,0.0,0.0,0.0,0.0,0.0,0.0,0.0,0.0,0.0,0.0,0.0,0.0,0.0,0.0,0.0,0.0,0.0,0.0,0.0,0.0,0.0,0.0,0.0,0.0,0.0,0.0,0.0,0.0,0.0,0.0,0.0,0.0,0.0,0.0,0.0,0.0,0.0,1223.2,26866.4,28586.4,102793.8,19383.9,12811.9,4659.6,2952.5,1369.4,19191.6,10000.5,7030.0,13.8,10.1,6192.2,17707.8,1127.5,657.9,514.2,28.3,0.0,0.0,0.0,0.0,0.0,0.0,0.0,0.0,0.0,0.0,0.0,0.0,0.0,0.0,0.0,0.0,0.0,0.0,0.0,0.0,0.0,0.0,0.0,0.0,0.0,0.0,0.0,0.0,0.0,0.0,0.0
0.0,0.0,0.0,0.0,0.0,0.0,0.0,0.0,0.0,0.0,0.0,0.0,0.0,0.0,0.0,0.0,0.0,0.0,0.0,0.0,0.0,0.0,0.0,0.0,0.0,0.0,0.0,0.0,0.0,0.0,0.0,0.0,0.0,0.0,0.0,0.0,0.0,0.0,0.0,0.0,0.0,0.0,0.0,0.0,0.0,0.0,0.0,0.0,0.0,0.0,0.0,0.0,0.0,0.0,0.0,0.0,0.0,0.0,0.0,0.0,0.0,0.0,0.0,0.0,0.0,0.0,0.0,0.0,0.0,0.0,0.0,0.0,0.0,0.0,0.0,0.0,0.0,0.0,0.0,2964.7,24555.9,11198.5,416.0,2451.5,1386.6,11965.9,10450.7,17226.6,14344.3,600.7,5082.4,1132.4,11034.9,1318.1,1918.6,0.0,0.8,84.9,0.0,0.0,0.0,0.0,0.0,0.0,0.0,0.0,0.0,0.0,0.0,0.0,0.0,0.0,0.0,0.0,0.0,0.0,0.0,0.0,0.0,0.0,0.0,0.0,0.0,0.0,0.0,0.0,0.0,0.0,0.0
0.0,0.0,0.0,0.0,0.0,0.0,0.0,0.0,0.0,0.0,0.0,0.0,0.0,0.0,0.0,0.0,0.0,0.0,0.0,0.0,0.0,0.0,0.0,0.0,0.0,0.0,0.0,0.0,0.0,0.0,0.0,0.0,0.0,0.0,0.0,0.0,0.0,0.0,0.0,0.0,0.0,0.0,0.0,0.0,0.0,0.0,0.0,0.0,0.0,0.0,0.0,0.0,0.0,0.0,0.0,0.0,0.0,0.0,0.0,0.0,0.0,0.0,0.0,0.0,0.0,0.0,0.0,0.0,0.0,0.0,0.0,0.0,0.0,0.0,0.0,0.0,0.0,0.0,0.0,0.0,2876.5,7021.5,482.5,2787.4,2089.7,13665.9,8571.8,999.3,1701.6,110.1,64.0,17591.9,429.7,0.0,4029.1,5291.0,0.0,0.0,0.0,0.0,0.0,0.0,0.0,0.0,0.0,0.0,0.0,0.0,0.0,0.0,0.0,0.0,0.0,0.0,0.0,0.0,0.0,0.0,0.0,0.0,0.0,0.0,0.0,0.0,0.0,0.0,0.0,0.0,0.0
0.0,0.0,0.0,0.0,0.0,0.0,0.0,0.0,0.0,0.0,0.0,0.0,0.0,0.0,0.0,0.0,0.0,0.0,0.0,0.0,0.0,0.0,0.0,0.0,0.0,0.0,0.0,0.0,0.0,0.0,0.0,0.0,0.0,0.0,0.0,0.0,0.0,0.0,0.0,0.0,0.0,0.0,0.0,0.0,0.0,0.0,0.0,0.0,0.0,0.0,0.0,0.0,0.0,0.0,0.0,0.0,0.0,0.0,0.0,0.0,0.0,0.0,0.0,0.0,0.0,0.0,0.0,0.0,0.0,0.0,0.0,0.0,0.0,0.0,0.0,0.0,0.0,0.0,0.0,0.0,3.9,6981.6,6161.9,18135.4,2329.9,22486.8,4746.3,451.2,144.1,64.7,0.4,10857.5,7198.4,0.0,10.7,395.6,0.0,0.0,0.0,0.0,0.0,0.0,0.0,0.0,0.0,0.0,0.0,0.0,0.0,0.0,0.0,0.0,0.0,0.0,0.0,0.0,0.0,0.0,0.0,0.0,0.0,0.0,0.0,0.0,0.0,0.0,0.0,0.0,0.0
0.0,0.0,0.0,0.0,0.0,0.0,0.0,0.0,0.0,0.0,0.0,0.0,0.0,0.0,0.0,0.0,0.0,0.0,0.0,0.0,0.0,0.0,0.0,0.0,0.0,0.0,0.0,0.0,0.0,0.0,0.0,0.0,0.0,0.0,0.0,0.0,0.0,0.0,0.0,0.0,0.0,0.0,0.0,0.0,0.0,0.0,0.0,0.0,0.0,0.0,0.0,0.0,0.0,0.0,0.0,0.0,0.0,0.0,0.0,0.0,0.0,0.0,0.0,0.0,0.0,0.0,0.0,0.0,0.0,0.0,0.0,0.0,0.0,0.0,0.0,0.0,0.0,0.0,0.0,0.0,0.0,473.4,5498.5,7948.4,3488.5,99849.3,3060.9,2815.8,236.2,104.0,89.9,989.2,0.0,0.0,0.0,0.0,0.0,0.0,0.0,0.0,0.0,0.0,0.0,0.0,0.0,0.0,0.0,0.0,0.0,0.0,0.0,0.0,0.0,0.0,0.0,0.0,0.0,0.0,0.0,0.0,0.0,0.0,0.0,0.0,0.0,0.0,0.0,0.0,0.0
0.0,0.0,0.0,0.0,0.0,0.0,0.0,0.0,0.0,0.0,0.0,0.0,0.0,0.0,0.0,0.0,0.0,0.0,0.0,0.0,0.0,0.0,0.0,0.0,0.0,0.0,0.0,0.0,0.0,0.0,0.0,0.0,0.0,0.0,0.0,0.0,0.0,0.0,0.0,0.0,0.0,0.0,0.0,0.0,0.0,0.0,0.0,0.0,0.0,0.0,0.0,0.0,0.0,0.0,0.0,0.0,0.0,0.0,0.0,0.0,0.0,0.0,0.0,0.0,0.0,0.0,0.0,0.0,0.0,0.0,0.0,0.0,0.0,0.0,0.0,0.0,0.0,0.0,0.0,0.0,1.9,795.1,0.0,9871.6,66580.8,2850.8,3275.6,33.3,0.0,0.0,0.0,0.0,0.0,0.0,0.0,0.0,0.0,0.0,0.0,0.0,0.0,0.0,0.0,0.0,0.0,0.0,0.0,0.0,0.0,0.0,0.0,0.0,0.0,0.0,0.0,0.0,0.0,0.0,0.0,0.0,0.0,0.0,0.0,0.0,0.0,0.0,0.0,0.0,0.0
0.0,0.0,0.0,0.0,0.0,0.0,0.0,0.0,0.0,0.0,0.0,0.0,0.0,0.0,0.0,0.0,0.0,0.0,0.0,0.0,0.0,0.0,0.0,0.0,0.0,0.0,0.0,0.0,0.0,0.0,0.0,0.0,0.0,0.0,0.0,0.0,0.0,0.0,0.0,0.0,0.0,0.0,0.0,0.0,0.0,0.0,0.0,0.0,0.0,0.0,0.0,0.0,0.0,0.0,0.0,0.0,0.0,0.0,0.0,0.0,0.0,0.0,0.0,0.0,0.0,0.0,0.0,0.0,0.0,0.0,0.0,0.0,0.0,0.0,0.0,0.0,0.0,0.0,0.0,5504.3,12902.1,4203.1,40.5,0.0,0.0,0.0,0.0,0.0,0.0,0.0,0.0,0.0,0.0,0.0,0.0,0.0,0.0,0.0,0.0,0.0,0.0,0.0,0.0,0.0,0.0,0.0,0.0,0.0,0.0,0.0,0.0,0.0,0.0,0.0,0.0,0.0,0.0,0.0,0.0,0.0,0.0,0.0,0.0,0.0,0.0,0.0,0.0,0.0,0.0
0.0,0.0,0.0,0.0,0.0,0.0,0.0,0.0,0.0,0.0,0.0,0.0,0.0,0.0,0.0,0.0,0.0,0.0,0.0,0.0,0.0,0.0,0.0,0.0,0.0,0.0,0.0,0.0,0.0,0.0,0.0,0.0,0.0,0.0,0.0,0.0,0.0,0.0,0.0,0.0,0.0,0.0,0.0,0.0,0.0,0.0,0.0,0.0,0.0,0.0,0.0,0.0,0.0,0.0,0.0,0.0,0.0,0.0,0.0,0.0,0.0,0.0,0.0,0.0,0.0,0.0,0.0,0.0,0.0,0.0,0.0,0.0,0.0,0.0,0.0,0.0,0.0,0.0,0.0,0.0,0.0,0.0,0.0,0.0,0.0,0.0,0.0,0.0,0.0,0.0,0.0,0.0,0.0,0.0,0.0,0.0,0.0,0.0,0.0,0.0,0.0,0.0,0.0,0.0,0.0,0.0,0.0,0.0,0.0,0.0,0.0,0.0,0.0,0.0,0.0,0.0,0.0,0.0,0.0,0.0,0.0,0.0,0.0,0.0,0.0,0.0,0.0,0.0,0.0
0.0,0.0,0.0,0.0,0.0,0.0,0.0,0.0,0.0,0.0,0.0,0.0,0.0,0.0,0.0,0.0,0.0,0.0,0.0,0.0,0.0,0.0,0.0,0.0,0.0,0.0,0.0,0.0,0.0,0.0,0.0,0.0,0.0,0.0,0.0,0.0,0.0,0.0,0.0,0.0,0.0,0.0,0.0,0.0,0.0,0.0,0.0,0.0,0.0,0.0,0.0,0.0,0.0,0.0,0.0,0.0,0.0,0.0,0.0,0.0,0.0,0.0,0.0,0.0,0.0,0.0,0.0,0.0,0.0,0.0,0.0,0.0,0.0,0.0,0.0,0.0,0.0,0.0,0.0,0.0,0.0,0.0,0.0,0.0,0.0,0.0,0.0,0.0,0.0,0.0,0.0,0.0,0.0,0.0,0.0,0.0,0.0,0.0,0.0,0.0,0.0,0.0,0.0,0.0,0.0,0.0,0.0,0.0,0.0,0.0,0.0,0.0,0.0,0.0,0.0,0.0,0.0,0.0,0.0,0.0,0.0,0.0,0.0,0.0,0.0,0.0,0.0,0.0,0.0
0.0,0.0,0.0,0.0,0.0,0.0,0.0,0.0,0.0,0.0,0.0,0.0,0.0,0.0,0.0,0.0,0.0,0.0,0.0,0.0,0.0,0.0,0.0,0.0,0.0,0.0,0.0,0.0,0.0,0.0,0.0,0.0,0.0,0.0,0.0,0.0,0.0,0.0,0.0,0.0,0.0,0.0,0.0,0.0,0.0,0.0,0.0,0.0,0.0,0.0,0.0,0.0,0.0,0.0,0.0,0.0,0.0,0.0,0.0,0.0,0.0,0.0,0.0,0.0,0.0,0.0,0.0,0.0,0.0,0.0,0.0,0.0,0.0,0.0,0.0,0.0,0.0,0.0,0.0,0.0,0.0,0.0,0.0,0.0,0.0,0.0,0.0,0.0,0.0,0.0,0.0,0.0,0.0,0.0,0.0,0.0,0.0,0.0,0.0,0.0,0.0,0.0,0.0,0.0,0.0,0.0,0.0,0.0,0.0,0.0,0.0,0.0,0.0,0.0,0.0,0.0,0.0,0.0,0.0,0.0,0.0,0.0,0.0,0.0,0.0,0.0,0.0,0.0,0.0
0.0,0.0,0.0,0.0,0.0,0.0,0.0,0.0,0.0,0.0,0.0,0.0,0.0,0.0,0.0,0.0,0.0,0.0,0.0,0.0,0.0,0.0,0.0,0.0,0.0,0.0,0.0,0.0,0.0,0.0,0.0,0.0,0.0,0.0,0.0,0.0,0.0,0.0,0.0,0.0,0.0,0.0,0.0,0.0,0.0,0.0,0.0,0.0,0.0,0.0,0.0,0.0,0.0,0.0,0.0,0.0,0.0,0.0,0.0,0.0,0.0,0.0,0.0,0.0,0.0,0.0,0.0,0.0,0.0,0.0,0.0,0.0,0.0,0.0,0.0,0.0,0.0,0.0,0.0,0.0,0.0,0.0,0.0,0.0,0.0,0.0,0.0,0.0,0.0,0.0,0.0,0.0,0.0,0.0,0.0,0.0,0.0,0.0,0.0,0.0,0.0,0.0,0.0,0.0,0.0,0.0,0.0,0.0,0.0,0.0,0.0,0.0,0.0,0.0,0.0,0.0,0.0,0.0,0.0,0.0,0.0,0.0,0.0,0.0,0.0,0.0,0.0,0.0,0.0
0.0,0.0,0.0,0.0,0.0,0.0,0.0,0.0,0.0,0.0,0.0,0.0,0.0,0.0,0.0,0.0,0.0,0.0,0.0,0.0,0.0,0.0,0.0,0.0,0.0,0.0,0.0,0.0,0.0,0.0,0.0,0.0,0.0,0.0,0.0,0.0,0.0,0.0,0.0,0.0,0.0,0.0,0.0,0.0,0.0,0.0,0.0,0.0,0.0,0.0,0.0,0.0,0.0,0.0,0.0,0.0,0.0,0.0,0.0,0.0,0.0,0.0,0.0,0.0,0.0,0.0,0.0,0.0,0.0,0.0,0.0,0.0,0.0,0.0,0.0,0.0,0.0,0.0,0.0,0.0,0.0,0.0,0.0,0.0,0.0,0.0,0.0,0.0,0.0,0.0,0.0,0.0,0.0,0.0,0.0,0.0,0.0,0.0,0.0,0.0,0.0,0.0,0.0,0.0,0.0,0.0,0.0,0.0,0.0,0.0,0.0,0.0,0.0,0.0,0.0,0.0,0.0,0.0,0.0,0.0,0.0,0.0,0.0,0.0,0.0,0.0,0.0,0.0,0.0
0.0,0.0,0.0,0.0,0.0,0.0,0.0,0.0,0.0,0.0,0.0,0.0,0.0,0.0,0.0,0.0,0.0,0.0,0.0,0.0,0.0,0.0,0.0,0.0,0.0,0.0,0.0,0.0,0.0,0.0,0.0,0.0,0.0,0.0,0.0,0.0,0.0,0.0,0.0,0.0,0.0,0.0,0.0,0.0,0.0,0.0,0.0,0.0,0.0,0.0,0.0,0.0,0.0,0.0,0.0,0.0,0.0,0.0,0.0,0.0,0.0,0.0,0.0,0.0,0.0,0.0,0.0,0.0,0.0,0.0,0.0,0.0,0.0,0.0,0.0,0.0,0.0,0.0,0.0,0.0,0.0,0.0,0.0,0.0,0.0,0.0,0.0,0.0,0.0,0.0,0.0,0.0,0.0,0.0,0.0,0.0,0.0,0.0,0.0,0.0,0.0,0.0,0.0,0.0,0.0,0.0,0.0,0.0,0.0,0.0,0.0,0.0,0.0,0.0,0.0,0.0,0.0,0.0,0.0,0.0,0.0,0.0,0.0,0.0,0.0,0.0,0.0,0.0,0.0
0.0,0.0,0.0,0.0,0.0,0.0,0.0,0.0,0.0,0.0,0.0,0.0,0.0,0.0,0.0,0.0,0.0,0.0,0.0,0.0,0.0,0.0,0.0,0.0,0.0,0.0,0.0,0.0,0.0,0.0,0.0,0.0,0.0,0.0,0.0,0.0,0.0,0.0,0.0,0.0,0.0,0.0,0.0,0.0,0.0,0.0,0.0,0.0,0.0,0.0,0.0,0.0,0.0,0.0,0.0,0.0,0.0,0.0,0.0,0.0,0.0,0.0,0.0,0.0,0.0,0.0,0.0,0.0,0.0,0.0,0.0,0.0,0.0,0.0,0.0,0.0,0.0,0.0,0.0,0.0,0.0,0.0,0.0,0.0,0.0,0.0,0.0,0.0,0.0,0.0,0.0,0.0,0.0,0.0,0.0,0.0,0.0,0.0,0.0,0.0,0.0,0.0,0.0,0.0,0.0,0.0,0.0,0.0,0.0,0.0,0.0,0.0,0.0,0.0,0.0,0.0,0.0,0.0,0.0,0.0,0.0,0.0,0.0,0.0,0.0,0.0,0.0,0.0,0.0
0.0,0.0,0.0,0.0,0.0,0.0,0.0,0.0,0.0,0.0,0.0,0.0,0.0,0.0,0.0,0.0,0.0,0.0,0.0,0.0,0.0,0.0,0.0,0.0,0.0,0.0,0.0,0.0,0.0,0.0,0.0,0.0,0.0,0.0,0.0,0.0,0.0,0.0,0.0,0.0,0.0,0.0,0.0,0.0,0.0,0.0,0.0,0.0,0.0,0.0,0.0,0.0,0.0,0.0,0.0,0.0,0.0,0.0,0.0,0.0,0.0,0.0,0.0,0.0,0.0,0.0,0.0,0.0,0.0,0.0,0.0,0.0,0.0,0.0,0.0,0.0,0.0,0.0,0.0,0.0,0.0,0.0,0.0,0.0,0.0,0.0,0.0,0.0,0.0,0.0,0.0,0.0,0.0,0.0,0.0,0.0,0.0,0.0,0.0,0.0,0.0,0.0,0.0,0.0,0.0,0.0,0.0,0.0,0.0,0.0,0.0,0.0,0.0,0.0,0.0,0.0,0.0,0.0,0.0,0.0,0.0,0.0,0.0,0.0,0.0,0.0,0.0,0.0,0.0
0.0,0.0,0.0,0.0,0.0,0.0,0.0,0.0,0.0,0.0,0.0,0.0,0.0,0.0,0.0,0.0,0.0,0.0,0.0,0.0,0.0,0.0,0.0,0.0,0.0,0.0,0.0,0.0,0.0,0.0,0.0,0.0,0.0,0.0,0.0,0.0,0.0,0.0,0.0,0.0,0.0,0.0,0.0,0.0,0.0,0.0,0.0,0.0,0.0,0.0,0.0,0.0,0.0,0.0,0.0,0.0,0.0,0.0,0.0,0.0,0.0,0.0,0.0,0.0,0.0,0.0,0.0,0.0,0.0,0.0,0.0,0.0,0.0,0.0,0.0,0.0,0.0,0.0,0.0,0.0,0.0,0.0,0.0,0.0,0.0,0.0,0.0,0.0,0.0,0.0,0.0,0.0,0.0,0.0,0.0,0.0,0.0,0.0,0.0,0.0,0.0,0.0,0.0,0.0,0.0,0.0,0.0,0.0,0.0,0.0,0.0,0.0,0.0,0.0,0.0,0.0,0.0,0.0,0.0,0.0,0.0,0.0,0.0,0.0,0.0,0.0,0.0,0.0,0.0
0.0,0.0,0.0,0.0,0.0,0.0,0.0,0.0,0.0,0.0,0.0,0.0,0.0,0.0,0.0,0.0,0.0,0.0,0.0,0.0,0.0,0.0,0.0,0.0,0.0,0.0,0.0,0.0,0.0,0.0,0.0,0.0,0.0,0.0,0.0,0.0,0.0,0.0,0.0,0.0,0.0,0.0,0.0,0.0,0.0,0.0,0.0,0.0,0.0,0.0,0.0,0.0,0.0,0.0,0.0,0.0,0.0,0.0,0.0,0.0,0.0,0.0,0.0,0.0,0.0,0.0,0.0,0.0,0.0,0.0,0.0,0.0,0.0,0.0,0.0,0.0,0.0,0.0,0.0,0.0,0.0,0.0,0.0,0.0,0.0,0.0,0.0,0.0,0.0,0.0,0.0,0.0,0.0,0.0,0.0,0.0,0.0,0.0,0.0,0.0,0.0,0.0,0.0,0.0,0.0,0.0,0.0,0.0,0.0,0.0,0.0,0.0,0.0,0.0,0.0,0.0,0.0,0.0,0.0,0.0,0.0,0.0,0.0,0.0,0.0,0.0,0.0,0.0,0.0
0.0,0.0,0.0,0.0,0.0,0.0,0.0,0.0,0.0,0.0,0.0,0.0,0.0,0.0,0.0,0.0,0.0,0.0,0.0,0.0,0.0,0.0,0.0,0.0,0.0,0.0,0.0,0.0,0.0,0.0,0.0,0.0,0.0,0.0,0.0,0.0,0.0,0.0,0.0,0.0,0.0,0.0,0.0,0.0,0.0,0.0,0.0,0.0,0.0,0.0,0.0,0.0,0.0,0.0,0.0,0.0,0.0,0.0,0.0,0.0,0.0,0.0,0.0,0.0,0.0,0.0,0.0,0.0,0.0,0.0,0.0,0.0,0.0,0.0,0.0,0.0,0.0,0.0,0.0,0.0,0.0,0.0,0.0,0.0,0.0,0.0,0.0,0.0,0.0,0.0,0.0,0.0,0.0,0.0,0.0,0.0,0.0,0.0,0.0,0.0,0.0,0.0,0.0,0.0,0.0,0.0,0.0,0.0,0.0,0.0,0.0,0.0,0.0,0.0,0.0,0.0,0.0,0.0,0.0,0.0,0.0,0.0,0.0,0.0,0.0,0.0,0.0,0.0,0.0
0.0,0.0,0.0,0.0,0.0,0.0,0.0,0.0,0.0,0.0,0.0,0.0,0.0,0.0,0.0,0.0,0.0,0.0,0.0,0.0,0.0,0.0,0.0,0.0,0.0,0.0,0.0,0.0,0.0,0.0,0.0,0.0,0.0,0.0,0.0,0.0,0.0,0.0,0.0,0.0,0.0,0.0,0.0,0.0,0.0,0.0,0.0,0.0,0.0,0.0,0.0,0.0,0.0,0.0,0.0,0.0,0.0,0.0,0.0,0.0,0.0,0.0,0.0,0.0,0.0,0.0,0.0,0.0,0.0,0.0,0.0,0.0,0.0,0.0,0.0,0.0,0.0,0.0,0.0,0.0,0.0,0.0,0.0,0.0,0.0,0.0,0.0,0.0,0.0,0.0,0.0,0.0,0.0,0.0,0.0,0.0,0.0,0.0,0.0,0.0,0.0,0.0,0.0,0.0,0.0,0.0,0.0,0.0,0.0,0.0,0.0,0.0,0.0,0.0,0.0,0.0,0.0,0.0,0.0,0.0,0.0,0.0,0.0,0.0,0.0,0.0,0.0,0.0,0.0
0.0,0.0,0.0,0.0,0.0,0.0,0.0,0.0,0.0,0.0,0.0,0.0,0.0,0.0,0.0,0.0,0.0,0.0,0.0,0.0,0.0,0.0,0.0,0.0,0.0,0.0,0.0,0.0,0.0,0.0,0.0,0.0,0.0,0.0,0.0,0.0,0.0,0.0,0.0,0.0,0.0,0.0,0.0,0.0,0.0,0.0,0.0,0.0,0.0,0.0,0.0,0.0,0.0,0.0,0.0,0.0,0.0,0.0,0.0,0.0,0.0,0.0,0.0,0.0,0.0,0.0,0.0,0.0,0.0,0.0,0.0,0.0,0.0,0.0,0.0,0.0,0.0,0.0,0.0,0.0,0.0,0.0,0.0,0.0,0.0,0.0,0.0,0.0,0.0,0.0,0.0,0.0,0.0,0.0,0.0,0.0,0.0,0.0,0.0,0.0,0.0,0.0,0.0,0.0,0.0,0.0,0.0,0.0,0.0,0.0,0.0,0.0,0.0,0.0,0.0,0.0,0.0,0.0,0.0,0.0,0.0,0.0,0.0,0.0,0.0,0.0,0.0,0.0,0.0
0.0,0.0,0.0,0.0,0.0,0.0,0.0,0.0,0.0,0.0,0.0,0.0,0.0,0.0,0.0,0.0,0.0,0.0,0.0,0.0,0.0,0.0,0.0,0.0,0.0,0.0,0.0,0.0,0.0,0.0,0.0,0.0,0.0,0.0,0.0,0.0,0.0,0.0,0.0,0.0,0.0,0.0,0.0,0.0,0.0,0.0,0.0,0.0,0.0,0.0,0.0,0.0,0.0,0.0,0.0,0.0,0.0,0.0,0.0,0.0,0.0,0.0,0.0,0.0,0.0,0.0,0.0,0.0,0.0,0.0,0.0,0.0,0.0,0.0,0.0,0.0,0.0,0.0,0.0,0.0,0.0,0.0,0.0,0.0,0.0,0.0,0.0,0.0,0.0,0.0,0.0,0.0,0.0,0.0,0.0,0.0,0.0,0.0,0.0,0.0,0.0,0.0,0.0,0.0,0.0,0.0,0.0,0.0,0.0,0.0,0.0,0.0,0.0,0.0,0.0,0.0,0.0,0.0,0.0,0.0,0.0,0.0,0.0,0.0,0.0,0.0,0.0,0.0,0.0
0.0,0.0,0.0,0.0,0.0,0.0,0.0,0.0,0.0,0.0,0.0,0.0,0.0,0.0,0.0,0.0,0.0,0.0,0.0,0.0,0.0,0.0,0.0,0.0,0.0,0.0,0.0,0.0,0.0,0.0,0.0,0.0,0.0,0.0,0.0,0.0,0.0,0.0,0.0,0.0,0.0,0.0,0.0,0.0,0.0,0.0,0.0,0.0,0.0,0.0,0.0,0.0,0.0,0.0,0.0,0.0,0.0,0.0,0.0,0.0,0.0,0.0,0.0,0.0,0.0,0.0,0.0,0.0,0.0,0.0,0.0,0.0,0.0,0.0,0.0,0.0,0.0,0.0,0.0,0.0,0.0,0.0,0.0,0.0,0.0,0.0,0.0,0.0,0.0,0.0,0.0,0.0,0.0,0.0,0.0,0.0,0.0,0.0,0.0,0.0,0.0,0.0,0.0,0.0,0.0,0.0,0.0,0.0,0.0,0.0,0.0,0.0,0.0,0.0,0.0,0.0,0.0,0.0,0.0,0.0,0.0,0.0,0.0,0.0,0.0,0.0,0.0,0.0,0.0
0.0,0.0,0.0,0.0,0.0,0.0,0.0,0.0,0.0,0.0,0.0,0.0,0.0,0.0,0.0,0.0,0.0,0.0,0.0,0.0,0.0,0.0,0.0,0.0,0.0,0.0,0.0,0.0,0.0,0.0,0.0,0.0,0.0,0.0,0.0,0.0,0.0,0.0,0.0,0.0,0.0,0.0,0.0,0.0,0.0,0.0,0.0,0.0,0.0,0.0,0.0,0.0,0.0,0.0,0.0,0.0,0.0,0.0,0.0,0.0,0.0,0.0,0.0,0.0,0.0,0.0,0.0,0.0,0.0,0.0,0.0,0.0,0.0,0.0,0.0,0.0,0.0,0.0,0.0,0.0,0.0,0.0,0.0,0.0,0.0,0.0,0.0,0.0,0.0,0.0,0.0,0.0,0.0,0.0,0.0,0.0,0.0,0.0,0.0,0.0,0.0,0.0,0.0,0.0,0.0,0.0,0.0,0.0,0.0,0.0,0.0,0.0,0.0,0.0,0.0,0.0,0.0,0.0,0.0,0.0,0.0,0.0,0.0,0.0,0.0,0.0,0.0,0.0,0.0
0.0,0.0,0.0,0.0,0.0,0.0,0.0,0.0,0.0,0.0,0.0,0.0,0.0,0.0,0.0,0.0,0.0,0.0,0.0,0.0,0.0,0.0,0.0,0.0,0.0,0.0,0.0,0.0,0.0,0.0,0.0,0.0,0.0,0.0,0.0,0.0,0.0,0.0,0.0,0.0,0.0,0.0,0.0,0.0,0.0,0.0,0.0,0.0,0.0,0.0,0.0,0.0,0.0,0.0,0.0,0.0,0.0,0.0,0.0,0.0,0.0,0.0,0.0,0.0,0.0,0.0,0.0,0.0,0.0,0.0,0.0,0.0,0.0,0.0,0.0,0.0,0.0,0.0,0.0,0.0,0.0,0.0,0.0,0.0,0.0,0.0,0.0,0.0,0.0,0.0,0.0,0.0,0.0,0.0,0.0,0.0,0.0,0.0,0.0,0.0,0.0,0.0,0.0,0.0,0.0,0.0,0.0,0.0,0.0,0.0,0.0,0.0,0.0,0.0,0.0,0.0,0.0,0.0,0.0,0.0,0.0,0.0,0.0,0.0,0.0,0.0,0.0,0.0,0.0
0.0,0.0,0.0,0.0,0.0,0.0,0.0,0.0,0.0,0.0,0.0,0.0,0.0,0.0,0.0,0.0,0.0,0.0,0.0,0.0,0.0,0.0,0.0,0.0,0.0,0.0,0.0,0.0,0.0,0.0,0.0,0.0,0.0,0.0,0.0,0.0,0.0,0.0,0.0,0.0,0.0,0.0,0.0,0.0,0.0,0.0,0.0,0.0,0.0,0.0,0.0,0.0,0.0,0.0,0.0,0.0,0.0,0.0,0.0,0.0,0.0,0.0,0.0,0.0,0.0,0.0,0.0,0.0,0.0,0.0,0.0,0.0,0.0,0.0,0.0,0.0,0.0,0.0,0.0,0.0,0.0,0.0,0.0,0.0,0.0,0.0,0.0,0.0,0.0,0.0,0.0,0.0,0.0,0.0,0.0,0.0,0.0,0.0,0.0,0.0,0.0,0.0,0.0,0.0,0.0,0.0,0.0,0.0,0.0,0.0,0.0,0.0,0.0,0.0,0.0,0.0,0.0,0.0,0.0,0.0,0.0,0.0,0.0,0.0,0.0,0.0,0.0,0.0,0.0
0.0,0.0,0.0,0.0,0.0,0.0,0.0,0.0,0.0,0.0,0.0,0.0,0.0,0.0,0.0,0.0,0.0,0.0,0.0,0.0,0.0,0.0,0.0,0.0,0.0,0.0,0.0,0.0,0.0,0.0,0.0,0.0,0.0,0.0,0.0,0.0,0.0,0.0,0.0,0.0,0.0,0.0,0.0,0.0,0.0,0.0,0.0,0.0,0.0,0.0,0.0,0.0,0.0,0.0,0.0,0.0,0.0,0.0,0.0,0.0,0.0,0.0,0.0,0.0,0.0,0.0,0.0,0.0,0.0,0.0,0.0,0.0,0.0,0.0,0.0,0.0,0.0,0.0,0.0,0.0,0.0,0.0,0.0,0.0,0.0,0.0,0.0,0.0,0.0,0.0,0.0,0.0,0.0,0.0,0.0,0.0,0.0,0.0,0.0,0.0,0.0,0.0,0.0,0.0,0.0,0.0,0.0,0.0,0.0,0.0,0.0,0.0,0.0,0.0,0.0,0.0,0.0,0.0,0.0,0.0,0.0,0.0,0.0,0.0,0.0,0.0,0.0,0.0,0.0
0.0,0.0,0.0,0.0,0.0,0.0,0.0,0.0,0.0,0.0,0.0,0.0,0.0,0.0,0.0,0.0,0.0,0.0,0.0,0.0,0.0,0.0,0.0,0.0,0.0,0.0,0.0,0.0,0.0,0.0,0.0,0.0,0.0,0.0,0.0,0.0,0.0,0.0,0.0,0.0,0.0,0.0,0.0,0.0,0.0,0.0,0.0,0.0,0.0,0.0,0.0,0.0,0.0,0.0,0.0,0.0,0.0,0.0,0.0,0.0,0.0,0.0,0.0,0.0,0.0,0.0,0.0,0.0,0.0,0.0,0.0,0.0,0.0,0.0,0.0,0.0,0.0,0.0,0.0,0.0,0.0,0.0,0.0,0.0,0.0,0.0,0.0,0.0,0.0,0.0,0.0,0.0,0.0,0.0,0.0,0.0,0.0,0.0,0.0,0.0,0.0,0.0,0.0,0.0,0.0,0.0,0.0,0.0,0.0,0.0,0.0,0.0,0.0,0.0,0.0,0.0,0.0,0.0,0.0,0.0,0.0,0.0,0.0,0.0,0.0,0.0,0.0,0.0,0.0
